{
	"credit": "Made with Blockbench",
	"textures": {
		"0": "block/book_cover_1",
		"1": "block/book_pages_1",
		"2": "block/book_cover_1a",
		"particle": "book_cover_1"
	},
	"elements": [
		{
			"from": [5, 0.1, 3],
			"to": [10, 0.25, 10],
			"faces": {
				"north": {"uv": [0, 0, 5, 0.15], "texture": "#0"},
				"east": {"uv": [0, 0, 7, 0.15], "texture": "#0"},
				"south": {"uv": [0, 0, 5, 0.15], "texture": "#0"},
				"west": {"uv": [0, 0, 7, 0.15], "texture": "#0"},
				"up": {"uv": [0, 0, 5, 7], "rotation": 180, "texture": "#0"},
				"down": {"uv": [5, 0, 10, 7], "rotation": 180, "texture": "#0"}
			}
		},
		{
			"from": [5, 1.1, 3],
			"to": [10, 1.25, 10],
			"faces": {
				"north": {"uv": [0, 8, 5, 8.5], "texture": "#0"},
				"east": {"uv": [0, 7, 7, 7.5], "texture": "#0"},
				"south": {"uv": [5, 8, 10, 8.5], "texture": "#0"},
				"west": {"uv": [7, 7, 14, 7.5], "texture": "#0"},
				"up": {"uv": [10, 7, 5, 0], "texture": "#0"},
				"down": {"uv": [10, 0, 5, 7], "texture": "#0"}
			}
		},
		{
			"from": [9.95, 0.2, 3],
			"to": [10.1, 1.2, 10],
			"faces": {
				"north": {"uv": [2, 2, 2.5, 3], "texture": "#2"},
				"east": {"uv": [0, 0, 7, 1], "texture": "#2"},
				"south": {"uv": [2, 3, 2.5, 4], "texture": "#2"},
				"west": {"uv": [0, 1, 7, 2], "texture": "#2"},
				"up": {"uv": [0.5, 9, 0, 2], "texture": "#2"},
				"down": {"uv": [1.5, 2, 1, 9], "texture": "#2"}
			}
		},
		{
			"from": [5.25, 0.2, 3.25],
			"to": [10, 1.2, 9.75],
			"faces": {
				"north": {"uv": [0, 8, 5, 9], "texture": "#1"},
				"east": {"uv": [0, 7, 6.5, 8], "texture": "#1"},
				"south": {"uv": [5, 8, 10, 9], "texture": "#1"},
				"west": {"uv": [7, 7, 13.5, 8], "texture": "#1"},
				"up": {"uv": [5, 6.5, 0, 0], "texture": "#1"},
				"down": {"uv": [10, 0, 5, 6.5], "texture": "#1"}
			}
		}
	],
	"display": {
		"thirdperson_righthand": {
			"rotation": [-24, 0, 0],
			"translation": [0, 7.25, -1]
		},
		"thirdperson_lefthand": {
			"rotation": [-24, 0, 0],
			"translation": [0, 7.25, -1]
		},
		"firstperson_righthand": {
			"translation": [0, 8.5, 0]
		},
		"firstperson_lefthand": {
			"translation": [0, 8.5, 0]
		},
		"ground": {
			"translation": [0, 4.5, 0]
		},
		"gui": {
			"rotation": [77, 0, 0],
			"translation": [0.5, -0.25, 0],
			"scale": [1.51, 1, 1.51]
		},
		"head": {
			"translation": [0.75, 29.5, 2],
			"scale": [1.63, 2.94, 1.41]
		},
		"fixed": {
			"rotation": [-90, 0, 0],
			"translation": [0, 4.25, -30.25],
			"scale": [3.31, 3.84, 2.8]
		}
	},
	"groups": [
		{
			"name": "group",
			"origin": [0, 0, 0],
			"color": 0,
			"children": [0, 1, 2, 3]
		}
	]
}