{
	"credit": "Made with Blockbench",
	"textures": {
		"2": "block/book_pages_1",
		"3": "block/book_cover_2a",
		"5": "block/book_cover_3",
		"6": "block/book_pages_2",
		"7": "block/book_cover_5",
		"particle": "block/book_cover_4"
	},
	"elements": [
		{
			"from": [2.7, 1.8, 7],
			"to": [7.7, 1.95, 14],
			"rotation": {"angle": 22.5, "axis": "y", "origin": [0, 0, 1]},
			"faces": {
				"north": {"uv": [1, 6, 3.5, 6.25], "texture": "#3"},
				"east": {"uv": [0.5, 6.5, 4, 6.75], "texture": "#3"},
				"south": {"uv": [1, 6, 3.5, 6.25], "texture": "#3"},
				"west": {"uv": [0.5, 6.5, 4, 6.75], "texture": "#3"},
				"up": {"uv": [5, 7, 0, 0], "texture": "#3"},
				"down": {"uv": [10, 0, 5, 6.5], "texture": "#3"}
			}
		},
		{
			"from": [2.7, 0.8, 7],
			"to": [7.7, 0.95, 14],
			"rotation": {"angle": 22.5, "axis": "y", "origin": [0, 0, 1]},
			"faces": {
				"north": {"uv": [1, 6, 3.5, 6.25], "texture": "#3"},
				"east": {"uv": [0.5, 6.5, 4, 6.75], "texture": "#3"},
				"south": {"uv": [1, 6, 3.5, 6.25], "texture": "#3"},
				"west": {"uv": [0.5, 6.5, 4, 6.75], "texture": "#3"},
				"up": {"uv": [10, 7, 5, 0], "texture": "#3"},
				"down": {"uv": [10, 0, 5, 6.5], "texture": "#3"}
			}
		},
		{
			"from": [7.65, 0.9, 7],
			"to": [7.8, 1.9, 14],
			"rotation": {"angle": 22.5, "axis": "y", "origin": [0, 0, 1]},
			"faces": {
				"north": {"uv": [5.5, 5, 5.75, 5.5], "texture": "#3"},
				"east": {"uv": [0, 0, 7, 1], "texture": "#3"},
				"south": {"uv": [5.5, 5.5, 5.75, 6], "texture": "#3"},
				"west": {"uv": [5.5, 1, 9, 1.5], "texture": "#3"},
				"up": {"uv": [7.25, 6.5, 7, 3], "texture": "#3"},
				"down": {"uv": [6.75, 2, 6.5, 5.5], "texture": "#3"}
			}
		},
		{
			"from": [2.95, 0.9, 7.25],
			"to": [7.7, 1.9, 13.75],
			"rotation": {"angle": 22.5, "axis": "y", "origin": [0, 0, 1]},
			"faces": {
				"north": {"uv": [0, 9, 3.5, 10], "texture": "#6"},
				"east": {"uv": [0, 9, 3.75, 10], "texture": "#6"},
				"south": {"uv": [0, 9, 3.5, 10], "texture": "#6"},
				"west": {"uv": [0, 9, 4.75, 10], "texture": "#6"},
				"up": {"uv": [3.5, 3.75, 1, 0.5], "texture": "#6"},
				"down": {"uv": [5, 0, 2.5, 3.25], "texture": "#6"}
			}
		},
		{
			"from": [1.4, 1.9, 6],
			"to": [8.4, 2.05, 11],
			"rotation": {"angle": 22.5, "axis": "y", "origin": [0, 0, 1]},
			"faces": {
				"north": {"uv": [4.5, 8, 8, 8.25], "texture": "#5"},
				"east": {"uv": [1, 8, 3.5, 8.25], "texture": "#5"},
				"south": {"uv": [4.5, 8, 8, 8.25], "texture": "#5"},
				"west": {"uv": [2, 8, 4.5, 8.25], "texture": "#5"},
				"up": {"uv": [10, 7, 5.5, 0], "rotation": 90, "texture": "#5"},
				"down": {"uv": [10, 0, 5, 7], "rotation": 270, "texture": "#5"}
			}
		},
		{
			"from": [1.4, 2.4, 6],
			"to": [8.4, 2.55, 11],
			"rotation": {"angle": 22.5, "axis": "y", "origin": [0, 0, 1]},
			"faces": {
				"north": {"uv": [1, 6.5, 8, 7], "texture": "#5"},
				"east": {"uv": [2, 6.5, 7, 7], "texture": "#5"},
				"south": {"uv": [1, 6.5, 8, 7], "texture": "#5"},
				"west": {"uv": [2, 6.5, 7, 7], "texture": "#5"},
				"up": {"uv": [5, 7, 0, 0], "texture": "#5"},
				"down": {"uv": [10, 0, 5, 7], "texture": "#5"}
			}
		},
		{
			"from": [1.4, 2, 10.95],
			"to": [8.4, 2.5, 11.1],
			"rotation": {"angle": 22.5, "axis": "y", "origin": [0, 0, 1]},
			"faces": {
				"north": {"uv": [4.75, 6.75, 8.25, 7.25], "texture": "#5"},
				"east": {"uv": [2.5, 5.75, 2.75, 6.25], "texture": "#5"},
				"south": {"uv": [0.1, 10.1, 13.95, 11], "texture": "#5"},
				"west": {"uv": [1, 5.25, 1.25, 5.75], "texture": "#5"},
				"up": {"uv": [9.75, 4, 9.5, 0.5], "rotation": 90, "texture": "#5"},
				"down": {"uv": [9, 0.5, 8.75, 4], "rotation": 270, "texture": "#5"}
			}
		},
		{
			"from": [1.65, 2, 6.25],
			"to": [8.15, 2.5, 11],
			"rotation": {"angle": 22.5, "axis": "y", "origin": [0, 0, 1]},
			"faces": {
				"north": {"uv": [0, 8, 5.875, 9], "texture": "#2"},
				"east": {"uv": [7, 7, 11.75, 8], "texture": "#2"},
				"south": {"uv": [7, 7, 10.625, 8], "texture": "#2"},
				"west": {"uv": [5.5, 8, 9.25, 9], "texture": "#2"},
				"up": {"uv": [2.25, 3.125, 0, 0], "rotation": 90, "texture": "#2"},
				"down": {"uv": [5, 0, 2.75, 3.125], "rotation": 270, "texture": "#2"}
			}
		},
		{
			"from": [4.4, 0.1, 5],
			"to": [11.4, 0.25, 10],
			"rotation": {"angle": 0, "axis": "y", "origin": [0, 0, 1]},
			"faces": {
				"north": {"uv": [4.5, 8, 8, 8.25], "texture": "#7"},
				"east": {"uv": [1, 8, 3.5, 8.25], "texture": "#7"},
				"south": {"uv": [4.5, 8, 8, 8.25], "texture": "#7"},
				"west": {"uv": [2, 8, 4.5, 8.25], "texture": "#7"},
				"up": {"uv": [10, 7, 5.5, 0], "rotation": 90, "texture": "#7"},
				"down": {"uv": [10, 0, 5, 7], "rotation": 270, "texture": "#7"}
			}
		},
		{
			"from": [4.4, 0.6, 5],
			"to": [11.4, 0.75, 10],
			"rotation": {"angle": 0, "axis": "y", "origin": [0, 0, 1]},
			"faces": {
				"north": {"uv": [7, 0, 14, 0.5], "texture": "#7"},
				"east": {"uv": [7, 2, 12, 2.5], "texture": "#7"},
				"south": {"uv": [7, 1, 14, 1.5], "texture": "#7"},
				"west": {"uv": [7, 3, 12, 3.5], "texture": "#7"},
				"up": {"uv": [7, 5, 0, 0], "texture": "#7"},
				"down": {"uv": [7, 5, 0, 10], "texture": "#7"}
			}
		},
		{
			"from": [4.4, 0.2, 9.95],
			"to": [11.4, 0.7, 10.1],
			"rotation": {"angle": 0, "axis": "y", "origin": [0, 0, 1]},
			"faces": {
				"north": {"uv": [4.75, 6.75, 8.25, 7.25], "texture": "#7"},
				"east": {"uv": [2.5, 5.75, 2.75, 6.25], "texture": "#7"},
				"south": {"uv": [0.1, 10.1, 13.95, 11], "texture": "#7"},
				"west": {"uv": [1, 5.25, 1.25, 5.75], "texture": "#7"},
				"up": {"uv": [9.75, 4, 9.5, 0.5], "rotation": 90, "texture": "#7"},
				"down": {"uv": [9, 0.5, 8.75, 4], "rotation": 270, "texture": "#7"}
			}
		},
		{
			"from": [4.65, 0.2, 5.25],
			"to": [11.15, 0.7, 10],
			"rotation": {"angle": 0, "axis": "y", "origin": [0, 0, 1]},
			"faces": {
				"north": {"uv": [0, 8, 4.875, 9], "texture": "#6"},
				"east": {"uv": [0.5, 8, 4.25, 9], "texture": "#6"},
				"south": {"uv": [0.5, 8, 4.125, 9], "texture": "#6"},
				"west": {"uv": [0.5, 8, 4.25, 9], "texture": "#6"},
				"up": {"uv": [3.25, 4.125, 1, 1], "rotation": 90, "texture": "#6"},
				"down": {"uv": [7.5, 0, 5.25, 3.125], "rotation": 270, "texture": "#6"}
			}
		}
	],
	"display": {
		"thirdperson_righthand": {
			"translation": [0, 8, 0]
		},
		"thirdperson_lefthand": {
			"translation": [0, 8, 0]
		},
		"firstperson_righthand": {
			"translation": [0, 8, 0]
		},
		"firstperson_lefthand": {
			"translation": [0, 8, 0]
		},
		"ground": {
			"translation": [0, 7, 0]
		},
		"gui": {
			"rotation": [32, 0, 0],
			"translation": [0, 4.25, 0],
			"scale": [1.47, 1, 1.43]
		},
		"head": {
			"translation": [0, 14.5, 0]
		},
		"fixed": {
			"rotation": [-90, 0, 0],
			"translation": [0, 0, -30.25],
			"scale": [2.47, 3.84, 2.47]
		}
	},
	"groups": [
		{
			"name": "group",
			"origin": [0, 0, 0],
			"color": 0,
			"children": [0, 1, 2, 3]
		},
		{
			"name": "group",
			"origin": [0, 0, 0],
			"color": 0,
			"children": [4, 5, 6, 7]
		},
		{
			"name": "group",
			"origin": [0, 0, 0],
			"color": 0,
			"children": [8, 9, 10, 11]
		}
	]
}