{
	"credit": "Made with Blockbench",
	"textures": {
		"0": "block/book_cover_4",
		"1": "block/book_pages_1",
		"particle": "block/book_cover_4"
	},
	"elements": [
		{
			"from": [5, 0.1, 3],
			"to": [10, 0.25, 10],
			"faces": {
				"north": {"uv": [0, 8, 5, 8.5], "texture": "#0"},
				"east": {"uv": [0, 7, 7, 7.5], "texture": "#0"},
				"south": {"uv": [5, 8, 10, 8.5], "texture": "#0"},
				"west": {"uv": [7, 7, 14, 7.5], "texture": "#0"},
				"up": {"uv": [5, 7, 0, 0], "texture": "#0"},
				"down": {"uv": [10, 0, 5, 7], "texture": "#0"}
			}
		},
		{
			"from": [5, 0.6, 3],
			"to": [10, 0.75, 10],
			"faces": {
				"north": {"uv": [0, 8, 5, 8.5], "texture": "#0"},
				"east": {"uv": [0, 7, 7, 7.5], "texture": "#0"},
				"south": {"uv": [5, 8, 10, 8.5], "texture": "#0"},
				"west": {"uv": [7, 7, 14, 7.5], "texture": "#0"},
				"up": {"uv": [5, 7, 0, 0], "texture": "#0"},
				"down": {"uv": [10, 0, 5, 7], "texture": "#0"}
			}
		},
		{
			"from": [9.95, 0.2, 3],
			"to": [10.1, 0.7, 10],
			"faces": {
				"north": {"uv": [2, 9.5, 2.5, 10.5], "texture": "#0"},
				"east": {"uv": [2.5, 9.5, 9.5, 10.5], "texture": "#0"},
				"south": {"uv": [2, 10.5, 2.5, 11.5], "texture": "#0"},
				"west": {"uv": [2.5, 10.5, 9.5, 11.5], "texture": "#0"},
				"up": {"uv": [1.5, 16, 1, 9], "texture": "#0"},
				"down": {"uv": [1, 9, 0.5, 16], "texture": "#0"}
			}
		},
		{
			"from": [5.25, 0.2, 3.25],
			"to": [10, 0.7, 9.75],
			"faces": {
				"north": {"uv": [7, 7, 13.5, 8], "texture": "#1"},
				"east": {"uv": [0, 7, 6.25, 8], "texture": "#1"},
				"south": {"uv": [7, 7, 13.5, 8], "texture": "#1"},
				"west": {"uv": [0, 8, 9.75, 9], "texture": "#1"},
				"up": {"uv": [4.5, 6.25, 0, 0], "texture": "#1"},
				"down": {"uv": [10, 0, 5.5, 6.25], "texture": "#1"}
			}
		}
	],
	"display": {
		"thirdperson_righthand": {
			"translation": [0, 8, 0]
		},
		"thirdperson_lefthand": {
			"translation": [0, 8, 0]
		},
		"firstperson_righthand": {
			"translation": [0, 8, 0]
		},
		"firstperson_lefthand": {
			"translation": [0, 8, 0]
		},
		"ground": {
			"translation": [0, 4.75, 0]
		},
		"gui": {
			"rotation": [90, 180, 0],
			"translation": [-0.25, 2.5, 0],
			"scale": [1.73, 1, 1.71]
		},
		"head": {
			"translation": [0.75, 34.5, 3.25],
			"scale": [2.08, 3.55, 2.45]
		},
		"fixed": {
			"rotation": [90, 0, 0],
			"translation": [2.5, -4.25, 27.75],
			"scale": [3.33, 3.84, 2.76]
		}
	},
	"groups": [
		{
			"name": "group",
			"origin": [0, 0, 0],
			"color": 0,
			"children": [0, 1, 2, 3]
		}
	]
}