{
	"credit": "Made with Blockbench",
	"textures": {
		"0": "block/book_cover_1",
		"1": "block/book_pages_1",
		"2": "block/book_cover_1a",
		"3": "block/book_pages_2",
		"4": "block/book_cover_3",
		"5": "block/book_cover_6",
		"particle": "block/book_cover_1"
	},
	"elements": [
		{
			"from": [-2, 1.2, 6.9],
			"to": [3, 1.35, 13.9],
			"rotation": {"angle": 22.5, "axis": "y", "origin": [5, 0, -2]},
			"faces": {
				"north": {"uv": [0, 0, 5, 0.15], "texture": "#0"},
				"east": {"uv": [0, 0, 7, 0.15], "texture": "#0"},
				"south": {"uv": [0, 0, 5, 0.15], "texture": "#0"},
				"west": {"uv": [0, 0, 7, 0.15], "texture": "#0"},
				"up": {"uv": [0, 0, 5, 7], "rotation": 180, "texture": "#0"},
				"down": {"uv": [5, 0, 10, 7], "rotation": 180, "texture": "#0"}
			}
		},
		{
			"from": [-2, 2.2, 6.9],
			"to": [3, 2.35, 13.9],
			"rotation": {"angle": 22.5, "axis": "y", "origin": [5, 0, -2]},
			"faces": {
				"north": {"uv": [0, 8, 5, 8.5], "texture": "#0"},
				"east": {"uv": [0, 7, 7, 7.5], "texture": "#0"},
				"south": {"uv": [5, 8, 10, 8.5], "texture": "#0"},
				"west": {"uv": [7, 7, 14, 7.5], "texture": "#0"},
				"up": {"uv": [10, 7, 5, 0], "texture": "#0"},
				"down": {"uv": [10, 0, 5, 7], "texture": "#0"}
			}
		},
		{
			"from": [2.95, 1.3, 6.9],
			"to": [3.1, 2.3, 13.9],
			"rotation": {"angle": 22.5, "axis": "y", "origin": [5, 0, -2]},
			"faces": {
				"north": {"uv": [2, 2, 2.5, 3], "texture": "#2"},
				"east": {"uv": [0, 0, 7, 1], "texture": "#2"},
				"south": {"uv": [2, 3, 2.5, 4], "texture": "#2"},
				"west": {"uv": [0, 1, 7, 2], "texture": "#2"},
				"up": {"uv": [0.5, 9, 0, 2], "texture": "#2"},
				"down": {"uv": [1.5, 2, 1, 9], "texture": "#2"}
			}
		},
		{
			"from": [-1.75, 1.3, 7.15],
			"to": [3, 2.3, 13.65],
			"rotation": {"angle": 22.5, "axis": "y", "origin": [5, 0, -2]},
			"faces": {
				"north": {"uv": [0, 8, 5, 9], "texture": "#1"},
				"east": {"uv": [0, 7, 6.5, 8], "texture": "#1"},
				"south": {"uv": [5, 8, 10, 9], "texture": "#1"},
				"west": {"uv": [7, 7, 13.5, 8], "texture": "#1"},
				"up": {"uv": [5, 6.5, 0, 0], "texture": "#1"},
				"down": {"uv": [10, 0, 5, 6.5], "texture": "#1"}
			}
		},
		{
			"from": [-6, 0.05, 5],
			"to": [-1, 0.2, 12],
			"rotation": {"angle": 45, "axis": "y", "origin": [5, 0, -2]},
			"faces": {
				"north": {"uv": [0, 0, 5, 0.15], "texture": "#0"},
				"east": {"uv": [0, 0, 7, 0.15], "texture": "#0"},
				"south": {"uv": [0, 0, 5, 0.15], "texture": "#0"},
				"west": {"uv": [0, 0, 7, 0.15], "texture": "#0"},
				"up": {"uv": [0, 0, 5, 7], "rotation": 180, "texture": "#0"},
				"down": {"uv": [5, 0, 10, 7], "rotation": 180, "texture": "#0"}
			}
		},
		{
			"from": [-6, 1.05, 5],
			"to": [-1, 1.2, 12],
			"rotation": {"angle": 45, "axis": "y", "origin": [5, 0, -2]},
			"faces": {
				"north": {"uv": [0, 8, 5, 8.5], "texture": "#0"},
				"east": {"uv": [7, 7, 14, 7.5], "texture": "#0"},
				"south": {"uv": [5, 8, 10, 8.5], "texture": "#0"},
				"west": {"uv": [7, 7, 14, 7.5], "texture": "#0"},
				"up": {"uv": [10, 7, 5, 0], "texture": "#0"},
				"down": {"uv": [10, 0, 5, 7], "texture": "#0"}
			}
		},
		{
			"from": [-1.05, 0.15, 5],
			"to": [-0.9, 1.15, 12],
			"rotation": {"angle": 45, "axis": "y", "origin": [5, 0, -2]},
			"faces": {
				"north": {"uv": [2, 2, 2.5, 3], "texture": "#2"},
				"east": {"uv": [0, 1, 5, 2], "texture": "#2"},
				"south": {"uv": [2, 3, 2.5, 4], "texture": "#2"},
				"west": {"uv": [0, 1, 4.5, 2], "texture": "#2"},
				"up": {"uv": [1.5, 9, 1, 2], "texture": "#2"},
				"down": {"uv": [1.5, 2, 1, 9], "texture": "#2"}
			}
		},
		{
			"from": [-5.75, 0.15, 5.25],
			"to": [-1, 1.15, 11.75],
			"rotation": {"angle": 45, "axis": "y", "origin": [5, 0, -2]},
			"faces": {
				"north": {"uv": [0, 8, 4.5, 9], "texture": "#3"},
				"east": {"uv": [0, 8, 4.5, 9], "texture": "#3"},
				"south": {"uv": [0, 8, 4.5, 9], "texture": "#3"},
				"west": {"uv": [0, 8, 4.5, 9], "texture": "#3"},
				"up": {"uv": [5, 6.5, 0, 0], "texture": "#3"},
				"down": {"uv": [10, 0, 5, 6.5], "texture": "#3"}
			}
		},
		{
			"from": [5, 3.3, 5],
			"to": [12, 3.45, 10],
			"rotation": {"angle": -22.5, "axis": "y", "origin": [-2, 0, 2]},
			"faces": {
				"north": {"uv": [0, 6.5, 9.5, 7], "texture": "#4"},
				"east": {"uv": [1, 6.5, 8, 7.5], "texture": "#4"},
				"south": {"uv": [0, 7, 10, 7.5], "texture": "#4"},
				"west": {"uv": [0.5, 6.5, 9, 7.5], "texture": "#4"},
				"up": {"uv": [5, 7, 0, 0], "rotation": 270, "texture": "#4"},
				"down": {"uv": [5.5, 0, 0, 6.5], "rotation": 90, "texture": "#4"}
			}
		},
		{
			"from": [5, 2.3, 5],
			"to": [12, 2.45, 10],
			"rotation": {"angle": -22.5, "axis": "y", "origin": [-2, 0, 2]},
			"faces": {
				"north": {"uv": [0, 6.5, 9.5, 7], "texture": "#4"},
				"east": {"uv": [1, 6.5, 8, 7.5], "texture": "#4"},
				"south": {"uv": [0, 7, 10, 7.5], "texture": "#4"},
				"west": {"uv": [0.5, 6.5, 9, 7.5], "texture": "#4"},
				"up": {"uv": [5, 7, 0, 0], "rotation": 270, "texture": "#4"},
				"down": {"uv": [5.5, 0, 0, 6.5], "rotation": 90, "texture": "#4"}
			}
		},
		{
			"from": [5, 2.4, 4.9],
			"to": [12, 3.4, 5.05],
			"rotation": {"angle": -22.5, "axis": "y", "origin": [-2, 0, 2]},
			"faces": {
				"north": {"uv": [0, 6, 9, 7.5], "texture": "#4"},
				"east": {"uv": [4, 4, 4.5, 6], "texture": "#4"},
				"south": {"uv": [0, 6, 9, 7.5], "texture": "#4"},
				"west": {"uv": [4, 4, 4.5, 6], "texture": "#4"},
				"up": {"uv": [4.5, 6, 4, 0.5], "rotation": 270, "texture": "#4"},
				"down": {"uv": [4.5, 0, 4, 6], "rotation": 90, "texture": "#4"}
			}
		},
		{
			"from": [5.25, 2.4, 5],
			"to": [11.75, 3.4, 9.75],
			"rotation": {"angle": -22.5, "axis": "y", "origin": [-2, 0, 2]},
			"faces": {
				"north": {"uv": [0, 8, 5, 10], "texture": "#3"},
				"east": {"uv": [0, 8, 5, 10], "texture": "#3"},
				"south": {"uv": [0, 8, 5, 10], "texture": "#3"},
				"west": {"uv": [0, 8, 5, 10], "texture": "#3"},
				"up": {"uv": [5, 6.5, 0, 0], "rotation": 270, "texture": "#3"},
				"down": {"uv": [6, 0, 1, 6.5], "rotation": 90, "texture": "#3"}
			}
		},
		{
			"from": [10, 1.4, -3],
			"to": [15, 1.55, 4],
			"rotation": {"angle": -22.5, "axis": "y", "origin": [0, 0, 0]},
			"faces": {
				"north": {"uv": [0, 8, 5, 8.5], "texture": "#5"},
				"east": {"uv": [0, 7, 7, 7.5], "texture": "#5"},
				"south": {"uv": [5, 8, 10, 8.5], "texture": "#5"},
				"west": {"uv": [7, 7, 14, 7.5], "texture": "#5"},
				"up": {"uv": [5, 7, 0, 0], "texture": "#5"},
				"down": {"uv": [10, 0, 5, 7], "texture": "#5"}
			}
		},
		{
			"from": [10, 0.1, -3],
			"to": [15, 0.25, 4],
			"rotation": {"angle": -22.5, "axis": "y", "origin": [0, 0, 0]},
			"faces": {
				"north": {"uv": [0, 8, 5, 8.5], "texture": "#5"},
				"east": {"uv": [0, 7, 7, 7.5], "texture": "#5"},
				"south": {"uv": [5, 8, 10, 8.5], "texture": "#5"},
				"west": {"uv": [7, 7, 14, 7.5], "texture": "#5"},
				"up": {"uv": [10, 7, 5, 0], "texture": "#5"},
				"down": {"uv": [10, 0, 5, 7], "texture": "#5"}
			}
		},
		{
			"from": [14.95, 0.2, -3],
			"to": [15.1, 1.45, 4],
			"rotation": {"angle": -22.5, "axis": "y", "origin": [0, 0, 0]},
			"faces": {
				"north": {"uv": [9.5, 6, 10, 7], "texture": "#5"},
				"east": {"uv": [0, 9, 7, 10], "texture": "#5"},
				"south": {"uv": [9.5, 6, 10, 7], "texture": "#5"},
				"west": {"uv": [0, 10, 7, 11], "texture": "#5"},
				"up": {"uv": [10, 7, 9.5, 0], "texture": "#5"},
				"down": {"uv": [10, 0, 9.5, 7], "texture": "#5"}
			}
		},
		{
			"from": [10.25, 0.2, -2.75],
			"to": [15, 1.45, 3.75],
			"rotation": {"angle": -22.5, "axis": "y", "origin": [0, 0, 0]},
			"faces": {
				"north": {"uv": [0, 8, 5, 10], "texture": "#3"},
				"east": {"uv": [0, 8, 5, 10], "texture": "#3"},
				"south": {"uv": [0, 8, 5, 10], "texture": "#3"},
				"west": {"uv": [0, 8, 5, 10], "texture": "#3"},
				"up": {"uv": [5, 6.5, 0, 0], "texture": "#3"},
				"down": {"uv": [10, 0, 5, 6.5], "texture": "#3"}
			}
		}
	],
	"display": {
		"thirdperson_righthand": {
			"translation": [0, 8, 0]
		},
		"thirdperson_lefthand": {
			"translation": [0, 8, 0]
		},
		"firstperson_righthand": {
			"translation": [0, 8, 0]
		},
		"firstperson_lefthand": {
			"translation": [0, 8, 0]
		},
		"ground": {
			"translation": [0, 4.75, 0]
		},
		"gui": {
			"rotation": [36, 0, 0],
			"translation": [0, 5.75, 0]
		},
		"head": {
			"translation": [0, 14.25, 0]
		},
		"fixed": {
			"rotation": [-90, 0, 0],
			"translation": [0, 0, -30.25],
			"scale": [2.2, 3.84, 2.2]
		}
	},
	"groups": [
		{
			"name": "group",
			"origin": [0, 0, 0],
			"color": 0,
			"children": [0, 1, 2, 3]
		},
		{
			"name": "group",
			"origin": [0, 0, 0],
			"color": 0,
			"children": [4, 5, 6, 7]
		},
		{
			"name": "group",
			"origin": [0, 0, 0],
			"color": 0,
			"children": [8, 9, 10, 11]
		},
		{
			"name": "group",
			"origin": [0, 0, 0],
			"color": 0,
			"children": [12, 13, 14, 15]
		}
	]
}