{
	"credit": "Made with Blockbench",
	"texture_size": [32, 32],
	"textures": {
		"1": "block/book_cover_1",
		"2": "block/book_pages_1",
		"3": "block/book_cover_2a",
		"4": "block/book_cover_1a",
		"particle": "block/book_cover_4"
	},
	"elements": [
		{
			"from": [6.7, 1.1, 3],
			"to": [11.7, 1.25, 10],
			"faces": {
				"north": {"uv": [1, 6, 3.5, 6.25], "texture": "#1"},
				"east": {"uv": [0.5, 6.5, 4, 6.75], "texture": "#1"},
				"south": {"uv": [1, 6, 3.5, 6.25], "texture": "#1"},
				"west": {"uv": [0.5, 6.5, 4, 6.75], "texture": "#1"},
				"up": {"uv": [10, 7, 5, 0], "texture": "#1"},
				"down": {"uv": [10, 0, 5, 6.5], "texture": "#1"}
			}
		},
		{
			"from": [6.7, 0.1, 3],
			"to": [11.7, 0.25, 10],
			"faces": {
				"north": {"uv": [1, 6, 3.5, 6.25], "texture": "#1"},
				"east": {"uv": [0.5, 6.5, 4, 6.75], "texture": "#1"},
				"south": {"uv": [1, 6, 3.5, 6.25], "texture": "#1"},
				"west": {"uv": [0.5, 6.5, 4, 6.75], "texture": "#1"},
				"up": {"uv": [10, 7, 5, 0], "texture": "#1"},
				"down": {"uv": [10, 0, 5, 6.5], "texture": "#1"}
			}
		},
		{
			"from": [11.65, 0.2, 3],
			"to": [11.8, 1.2, 10],
			"faces": {
				"north": {"uv": [2, 3, 2.25, 3.5], "texture": "#4"},
				"east": {"uv": [0, 0, 7, 1], "texture": "#4"},
				"south": {"uv": [2, 2, 2.25, 2.5], "texture": "#4"},
				"west": {"uv": [1, 1, 4.5, 1.5], "texture": "#4"},
				"up": {"uv": [1.25, 7.5, 1, 4], "texture": "#4"},
				"down": {"uv": [1.25, 2, 1, 5.5], "texture": "#4"}
			}
		},
		{
			"from": [6.95, 0.2, 3.25],
			"to": [11.7, 1.2, 9.75],
			"faces": {
				"north": {"uv": [5, 8, 8.5, 9], "texture": "#2"},
				"east": {"uv": [7, 7, 10.75, 8], "texture": "#2"},
				"south": {"uv": [7, 7, 10.5, 8], "texture": "#2"},
				"west": {"uv": [0, 8, 4.75, 9], "texture": "#2"},
				"up": {"uv": [2.5, 3.25, 0, 0], "texture": "#2"},
				"down": {"uv": [5, 0, 2.5, 3.25], "texture": "#2"}
			}
		},
		{
			"from": [3.4, -1.4, 5],
			"to": [10.4, -1.25, 10],
			"rotation": {"angle": 22.5, "axis": "z", "origin": [0, 0, 0]},
			"faces": {
				"north": {"uv": [4.5, 8, 8, 8.25], "texture": "#3"},
				"east": {"uv": [1, 8, 3.5, 8.25], "texture": "#3"},
				"south": {"uv": [4.5, 8, 8, 8.25], "texture": "#3"},
				"west": {"uv": [2, 8, 4.5, 8.25], "texture": "#3"},
				"up": {"uv": [10, 7, 5.5, 0], "rotation": 90, "texture": "#3"},
				"down": {"uv": [10, 0, 5, 7], "rotation": 270, "texture": "#3"}
			}
		},
		{
			"from": [3.4, -0.9, 5],
			"to": [10.4, -0.75, 10],
			"rotation": {"angle": 22.5, "axis": "z", "origin": [0, 0, 0]},
			"faces": {
				"north": {"uv": [2.5, 6.5, 10, 7.25], "texture": "#3"},
				"east": {"uv": [11.5, 7, 14, 7.25], "texture": "#3"},
				"south": {"uv": [0, 8, 10, 8.5], "texture": "#3"},
				"west": {"uv": [11.5, 7, 14, 7.25], "texture": "#3"},
				"up": {"uv": [5, 7, 0, 0], "rotation": 90, "texture": "#3"},
				"down": {"uv": [10, 0, 5, 7], "rotation": 270, "texture": "#3"}
			}
		},
		{
			"from": [3.4, -1.3, 9.95],
			"to": [10.4, -0.8, 10.1],
			"rotation": {"angle": 22.5, "axis": "z", "origin": [0, 0, 0]},
			"faces": {
				"north": {"uv": [4.75, 6.75, 8.25, 7.25], "texture": "#3"},
				"east": {"uv": [2.5, 5.75, 2.75, 6.25], "texture": "#3"},
				"south": {"uv": [2.95, 4.95, 9.95, 5.95], "texture": "#3"},
				"west": {"uv": [1, 5.25, 1.25, 5.75], "texture": "#3"},
				"up": {"uv": [9.75, 4, 9.5, 0.5], "rotation": 90, "texture": "#3"},
				"down": {"uv": [9, 0.5, 8.75, 4], "rotation": 270, "texture": "#3"}
			}
		},
		{
			"from": [3.65, -1.3, 5.25],
			"to": [10.15, -0.8, 10],
			"rotation": {"angle": 22.5, "axis": "z", "origin": [0, 0, 0]},
			"faces": {
				"north": {"uv": [0, 8, 5.875, 9], "texture": "#2"},
				"east": {"uv": [7, 7, 11.75, 8], "texture": "#2"},
				"south": {"uv": [7, 7, 10.625, 8], "texture": "#2"},
				"west": {"uv": [5.5, 8, 9.25, 9], "texture": "#2"},
				"up": {"uv": [2.25, 3.125, 0, 0], "rotation": 90, "texture": "#2"},
				"down": {"uv": [5, 0, 2.75, 3.125], "rotation": 270, "texture": "#2"}
			}
		}
	],
	"display": {
		"thirdperson_righthand": {
			"translation": [0, 8, 0]
		},
		"thirdperson_lefthand": {
			"translation": [0, 8, 0]
		},
		"firstperson_righthand": {
			"translation": [0, 8, 0]
		},
		"firstperson_lefthand": {
			"translation": [0, 8, 0]
		},
		"ground": {
			"translation": [0, 6.25, 0]
		},
		"gui": {
			"rotation": [90, 0, 0],
			"translation": [0.5, -2, 0],
			"scale": [1.35, 1, 1.35]
		},
		"head": {
			"rotation": [0, 38, 0],
			"translation": [0.75, 27.75, 0],
			"scale": [1.59, 2.69, 1.59]
		},
		"fixed": {
			"rotation": [-90, 0, 0],
			"translation": [0, 3.25, -30.25],
			"scale": [2.51, 3.84, 2.51]
		}
	},
	"groups": [
		{
			"name": "group",
			"origin": [0, 0, 0],
			"color": 0,
			"children": [0, 1, 2, 3]
		},
		{
			"name": "group",
			"origin": [0, 0, 0],
			"color": 0,
			"children": [4, 5, 6, 7]
		}
	]
}