{
	"credit": "Made with Blockbench",
	"texture_size": [32, 32],
	"textures": {
		"0": "block/book_cover_4",
		"1": "block/book_cover_1",
		"2": "block/book_pages_1",
		"particle": "block/book_cover_4"
	},
	"elements": [
		{
			"from": [6, 1.1, 5],
			"to": [13, 1.25, 10],
			"rotation": {"angle": -22.5, "axis": "y", "origin": [0, 0, 0]},
			"faces": {
				"north": {"uv": [0.5, 6.5, 4, 6.75], "texture": "#1"},
				"east": {"uv": [1, 6, 3.5, 6.25], "texture": "#1"},
				"south": {"uv": [0.5, 6.5, 4, 6.75], "texture": "#1"},
				"west": {"uv": [1, 6, 3.5, 6.25], "texture": "#1"},
				"up": {"uv": [10, 7, 5, 0], "rotation": 270, "texture": "#1"},
				"down": {"uv": [10, 0, 5, 6.5], "rotation": 90, "texture": "#1"}
			}
		},
		{
			"from": [6, 0.1, 5],
			"to": [13, 0.25, 10],
			"rotation": {"angle": -22.5, "axis": "y", "origin": [0, 0, 0]},
			"faces": {
				"north": {"uv": [0.5, 6.5, 4, 6.75], "texture": "#1"},
				"east": {"uv": [1, 6, 3.5, 6.25], "texture": "#1"},
				"south": {"uv": [0.5, 6.5, 4, 6.75], "texture": "#1"},
				"west": {"uv": [1, 6, 3.5, 6.25], "texture": "#1"},
				"up": {"uv": [10, 7, 5, 0], "rotation": 270, "texture": "#1"},
				"down": {"uv": [10, 0, 5, 6.5], "rotation": 90, "texture": "#1"}
			}
		},
		{
			"from": [6, 0.2, 4.9],
			"to": [13, 1.2, 5.05],
			"rotation": {"angle": -22.5, "axis": "y", "origin": [0, 0, 0]},
			"faces": {
				"north": {"uv": [6, 0, 9.5, 0.5], "texture": "#1"},
				"east": {"uv": [8.5, 2, 8.75, 2.5], "texture": "#1"},
				"south": {"uv": [6, 0, 9.5, 0.5], "texture": "#1"},
				"west": {"uv": [8.5, 1, 8.75, 1.5], "texture": "#1"},
				"up": {"uv": [9.75, 5.5, 9.5, 2], "rotation": 270, "texture": "#1"},
				"down": {"uv": [9.75, 2, 9.5, 5.5], "rotation": 90, "texture": "#1"}
			}
		},
		{
			"from": [6.25, 0.2, 5],
			"to": [12.75, 1.2, 9.75],
			"rotation": {"angle": -22.5, "axis": "y", "origin": [0, 0, 0]},
			"faces": {
				"north": {"uv": [7, 7, 10.75, 8], "texture": "#2"},
				"east": {"uv": [7, 7, 10.5, 8], "texture": "#2"},
				"south": {"uv": [0, 8, 4.75, 9], "texture": "#2"},
				"west": {"uv": [5, 8, 8.5, 9], "texture": "#2"},
				"up": {"uv": [2.5, 3.25, 0, 0], "rotation": 270, "texture": "#2"},
				"down": {"uv": [5, 0, 2.5, 3.25], "rotation": 90, "texture": "#2"}
			}
		},
		{
			"from": [8, 0.1, -7.4],
			"to": [13, 0.25, -0.4],
			"rotation": {"angle": -45, "axis": "y", "origin": [0, 0, 0]},
			"faces": {
				"north": {"uv": [1, 8, 3.5, 8.25], "texture": "#0"},
				"east": {"uv": [4.5, 8, 8, 8.25], "texture": "#0"},
				"south": {"uv": [2, 8, 4.5, 8.25], "texture": "#0"},
				"west": {"uv": [4.5, 8, 8, 8.25], "texture": "#0"},
				"up": {"uv": [4.5, 7, 0, 0], "texture": "#0"},
				"down": {"uv": [10, 0, 5, 7], "texture": "#0"}
			}
		},
		{
			"from": [8, 0.6, -7.4],
			"to": [13, 0.75, -0.4],
			"rotation": {"angle": -45, "axis": "y", "origin": [0, 0, 0]},
			"faces": {
				"north": {"uv": [0.5, 7, 3, 7.25], "texture": "#0"},
				"east": {"uv": [0, 8, 10, 8.5], "texture": "#0"},
				"south": {"uv": [3.5, 7, 6, 7.25], "texture": "#0"},
				"west": {"uv": [2, 9.5, 9.5, 10.25], "texture": "#0"},
				"up": {"uv": [5, 7, 0, 0], "texture": "#0"},
				"down": {"uv": [10, 0, 5, 7], "texture": "#0"}
			}
		},
		{
			"from": [12.95, 0.2, -7.4],
			"to": [13.1, 0.7, -0.4],
			"rotation": {"angle": -45, "axis": "y", "origin": [0, 0, 0]},
			"faces": {
				"north": {"uv": [2.5, 5.75, 2.75, 6.25], "texture": "#0"},
				"east": {"uv": [2.45, 9.45, 9.45, 10.45], "texture": "#0"},
				"south": {"uv": [1, 5.25, 1.25, 5.75], "texture": "#0"},
				"west": {"uv": [4.75, 6.75, 8.25, 7.25], "texture": "#0"},
				"up": {"uv": [0.75, 5, 0.5, 1.5], "texture": "#0"},
				"down": {"uv": [0.5, 2.5, 0.25, 6], "texture": "#0"}
			}
		},
		{
			"from": [8.25, 0.2, -7.15],
			"to": [13, 0.7, -0.65],
			"rotation": {"angle": -45, "axis": "y", "origin": [0, 0, 0]},
			"faces": {
				"north": {"uv": [7, 7, 11.75, 8], "texture": "#2"},
				"east": {"uv": [7, 7, 10.625, 8], "texture": "#2"},
				"south": {"uv": [5.5, 8, 9.25, 9], "texture": "#2"},
				"west": {"uv": [0, 8, 5.875, 9], "texture": "#2"},
				"up": {"uv": [2.25, 3.125, 0, 0], "texture": "#2"},
				"down": {"uv": [5, 0, 2.75, 3.125], "texture": "#2"}
			}
		}
	],
	"display": {
		"thirdperson_righthand": {
			"translation": [0, 8, 0]
		},
		"thirdperson_lefthand": {
			"translation": [0, 8, 0]
		},
		"firstperson_righthand": {
			"translation": [0, 8, 0]
		},
		"firstperson_lefthand": {
			"translation": [0, 8, 0]
		},
		"ground": {
			"translation": [0, 6.5, 0]
		},
		"gui": {
			"rotation": [90, 0, 0],
			"translation": [0.25, -0.5, 0]
		},
		"head": {
			"translation": [0, 31.25, 0],
			"scale": [1, 3.16, 1]
		},
		"fixed": {
			"rotation": [-90, 0, 0],
			"translation": [0, 0, -30.25],
			"scale": [1.88, 3.84, 1.88]
		}
	},
	"groups": [
		{
			"name": "group",
			"origin": [0, 0, 0],
			"color": 0,
			"children": [0, 1, 2, 3]
		},
		{
			"name": "group",
			"origin": [0, 0, 0],
			"color": 0,
			"children": [4, 5, 6, 7]
		}
	]
}