{
	"credit": "Made with Blockbench",
	"texture_size": [32, 32],
	"textures": {
		"0": "block/netherite_block",
		"1": "block/polished_blackstone",
		"2": "block/nether_wart_block",
		"particle": "block/netherite_block"
	},
	"elements": [
		{
			"from": [14, 0, 6],
			"to": [15, 2, 10],
			"faces": {
				"north": {"uv": [6, 2, 6.5, 3], "texture": "#0"},
				"east": {"uv": [0, 0, 2, 1], "texture": "#0"},
				"south": {"uv": [6, 3, 6.5, 4], "texture": "#0"},
				"west": {"uv": [0, 1, 2, 2], "texture": "#0"},
				"up": {"uv": [0.5, 6, 0, 4], "texture": "#0"},
				"down": {"uv": [4.5, 0, 4, 2], "texture": "#0"}
			}
		},
		{
			"from": [6, 0, 1],
			"to": [10, 2, 2],
			"faces": {
				"north": {"uv": [0, 2, 2, 3], "texture": "#0"},
				"east": {"uv": [6, 4, 6.5, 5], "texture": "#0"},
				"south": {"uv": [2, 0, 4, 1], "texture": "#0"},
				"west": {"uv": [4.5, 6, 5, 7], "texture": "#0"},
				"up": {"uv": [2.5, 4.5, 0.5, 4], "texture": "#0"},
				"down": {"uv": [6, 2, 4, 2.5], "texture": "#0"}
			}
		},
		{
			"from": [6, 0, 14],
			"to": [10, 2, 15],
			"faces": {
				"north": {"uv": [2, 1, 4, 2], "texture": "#0"},
				"east": {"uv": [5, 6, 5.5, 7], "texture": "#0"},
				"south": {"uv": [2, 2, 4, 3], "texture": "#0"},
				"west": {"uv": [6, 5, 6.5, 6], "texture": "#0"},
				"up": {"uv": [4.5, 4.5, 2.5, 4], "texture": "#0"},
				"down": {"uv": [6, 2.5, 4, 3], "texture": "#0"}
			}
		},
		{
			"from": [4, 0, 2],
			"to": [6, 2, 3],
			"faces": {
				"north": {"uv": [4, 3, 5, 4], "texture": "#0"},
				"east": {"uv": [5.5, 6, 6, 7], "texture": "#0"},
				"south": {"uv": [4.5, 0, 5.5, 1], "texture": "#0"},
				"west": {"uv": [6, 6, 6.5, 7], "texture": "#0"},
				"up": {"uv": [7.5, 0.5, 6.5, 0], "texture": "#0"},
				"down": {"uv": [1.5, 6.5, 0.5, 7], "texture": "#0"}
			}
		},
		{
			"from": [4, 0, 13],
			"to": [6, 2, 14],
			"faces": {
				"north": {"uv": [0.5, 4.5, 1.5, 5.5], "texture": "#0"},
				"east": {"uv": [6.5, 0.5, 7, 1.5], "texture": "#0"},
				"south": {"uv": [4.5, 1, 5.5, 2], "texture": "#0"},
				"west": {"uv": [1.5, 6.5, 2, 7.5], "texture": "#0"},
				"up": {"uv": [7.5, 2, 6.5, 1.5], "texture": "#0"},
				"down": {"uv": [3, 6.5, 2, 7], "texture": "#0"}
			}
		},
		{
			"from": [10, 0, 2],
			"to": [12, 2, 3],
			"faces": {
				"north": {"uv": [1.5, 4.5, 2.5, 5.5], "texture": "#0"},
				"east": {"uv": [6.5, 2, 7, 3], "texture": "#0"},
				"south": {"uv": [2.5, 4.5, 3.5, 5.5], "texture": "#0"},
				"west": {"uv": [3, 6.5, 3.5, 7.5], "texture": "#0"},
				"up": {"uv": [7.5, 3.5, 6.5, 3], "texture": "#0"},
				"down": {"uv": [4.5, 6.5, 3.5, 7], "texture": "#0"}
			}
		},
		{
			"from": [10, 0, 13],
			"to": [12, 2, 14],
			"faces": {
				"north": {"uv": [3.5, 4.5, 4.5, 5.5], "texture": "#0"},
				"east": {"uv": [6.5, 3.5, 7, 4.5], "texture": "#0"},
				"south": {"uv": [4.5, 4, 5.5, 5], "texture": "#0"},
				"west": {"uv": [6.5, 4.5, 7, 5.5], "texture": "#0"},
				"up": {"uv": [7.5, 6, 6.5, 5.5], "texture": "#0"},
				"down": {"uv": [7.5, 6, 6.5, 6.5], "texture": "#0"}
			}
		},
		{
			"from": [12, 0, 3],
			"to": [13, 2, 4],
			"faces": {
				"north": {"uv": [6.5, 6.5, 7, 7.5], "texture": "#0"},
				"east": {"uv": [0.5, 7, 1, 8], "texture": "#0"},
				"south": {"uv": [7, 0.5, 7.5, 1.5], "texture": "#0"},
				"west": {"uv": [1, 7, 1.5, 8], "texture": "#0"},
				"up": {"uv": [11, 2.5, 10.5, 2], "texture": "#0"},
				"down": {"uv": [11, 2.5, 10.5, 3], "texture": "#0"}
			}
		},
		{
			"from": [12, 0, 12],
			"to": [13, 2, 13],
			"faces": {
				"north": {"uv": [2, 7, 2.5, 8], "texture": "#0"},
				"east": {"uv": [7, 2, 7.5, 3], "texture": "#0"},
				"south": {"uv": [2.5, 7, 3, 8], "texture": "#0"},
				"west": {"uv": [3.5, 7, 4, 8], "texture": "#0"},
				"up": {"uv": [3.5, 11, 3, 10.5], "texture": "#0"},
				"down": {"uv": [11, 3, 10.5, 3.5], "texture": "#0"}
			}
		},
		{
			"from": [14, -0.5, 5],
			"to": [14.5, 2.5, 6],
			"faces": {
				"north": {"uv": [7, 3.5, 7.5, 4.5], "texture": "#0"},
				"east": {"uv": [4, 7, 4.5, 8], "texture": "#0"},
				"south": {"uv": [4.5, 7, 5, 8], "texture": "#0"},
				"west": {"uv": [7, 4.5, 7.5, 5.5], "texture": "#0"},
				"up": {"uv": [11, 4, 10.5, 3.5], "texture": "#0"},
				"down": {"uv": [11, 4, 10.5, 4.5], "texture": "#0"}
			}
		},
		{
			"from": [3, 0, 4],
			"to": [3.5, 2, 5],
			"faces": {
				"north": {"uv": [5, 7, 5.5, 8], "texture": "#0"},
				"east": {"uv": [5.5, 7, 6, 8], "texture": "#0"},
				"south": {"uv": [6, 7, 6.5, 8], "texture": "#0"},
				"west": {"uv": [7, 6.5, 7.5, 7.5], "texture": "#0"},
				"up": {"uv": [11, 5, 10.5, 4.5], "texture": "#0"},
				"down": {"uv": [11, 5, 10.5, 5.5], "texture": "#0"}
			}
		},
		{
			"from": [3, 0, 11],
			"to": [3.5, 2, 12],
			"faces": {
				"north": {"uv": [7.5, 0, 8, 1], "texture": "#0"},
				"east": {"uv": [7.5, 1, 8, 2], "texture": "#0"},
				"south": {"uv": [1.5, 7.5, 2, 8.5], "texture": "#0"},
				"west": {"uv": [7.5, 2, 8, 3], "texture": "#0"},
				"up": {"uv": [11, 6, 10.5, 5.5], "texture": "#0"},
				"down": {"uv": [11, 6, 10.5, 6.5], "texture": "#0"}
			}
		},
		{
			"from": [2, 0, 6],
			"to": [2.5, 2, 7],
			"faces": {
				"north": {"uv": [3, 7.5, 3.5, 8.5], "texture": "#0"},
				"east": {"uv": [7.5, 3, 8, 4], "texture": "#0"},
				"south": {"uv": [7.5, 4, 8, 5], "texture": "#0"},
				"west": {"uv": [7.5, 5, 8, 6], "texture": "#0"},
				"up": {"uv": [7, 11, 6.5, 10.5], "texture": "#0"},
				"down": {"uv": [11, 6.5, 10.5, 7], "texture": "#0"}
			}
		},
		{
			"from": [2, 0, 9],
			"to": [2.5, 2, 10],
			"faces": {
				"north": {"uv": [7.5, 6, 8, 7], "texture": "#0"},
				"east": {"uv": [6.5, 7.5, 7, 8.5], "texture": "#0"},
				"south": {"uv": [7, 7.5, 7.5, 8.5], "texture": "#0"},
				"west": {"uv": [7.5, 7, 8, 8], "texture": "#0"},
				"up": {"uv": [7.5, 11, 7, 10.5], "texture": "#0"},
				"down": {"uv": [11, 7, 10.5, 7.5], "texture": "#0"}
			}
		},
		{
			"from": [1.5, -0.5, 5],
			"to": [2, 2.5, 6],
			"faces": {
				"north": {"uv": [0, 8, 0.5, 9], "texture": "#0"},
				"east": {"uv": [8, 0, 8.5, 1], "texture": "#0"},
				"south": {"uv": [0.5, 8, 1, 9], "texture": "#0"},
				"west": {"uv": [1, 8, 1.5, 9], "texture": "#0"},
				"up": {"uv": [11, 8, 10.5, 7.5], "texture": "#0"},
				"down": {"uv": [11, 8, 10.5, 8.5], "texture": "#0"}
			}
		},
		{
			"from": [12.5, 0, 4],
			"to": [13, 2, 5],
			"faces": {
				"north": {"uv": [8, 1, 8.5, 2], "texture": "#0"},
				"east": {"uv": [2, 8, 2.5, 9], "texture": "#0"},
				"south": {"uv": [8, 2, 8.5, 3], "texture": "#0"},
				"west": {"uv": [2.5, 8, 3, 9], "texture": "#0"},
				"up": {"uv": [11, 9, 10.5, 8.5], "texture": "#0"},
				"down": {"uv": [11, 9, 10.5, 9.5], "texture": "#0"}
			}
		},
		{
			"from": [13.5, 0, 6],
			"to": [14, 2, 7],
			"faces": {
				"north": {"uv": [8, 3, 8.5, 4], "texture": "#0"},
				"east": {"uv": [3.5, 8, 4, 9], "texture": "#0"},
				"south": {"uv": [4, 8, 4.5, 9], "texture": "#0"},
				"west": {"uv": [8, 4, 8.5, 5], "texture": "#0"},
				"up": {"uv": [11, 10, 10.5, 9.5], "texture": "#0"},
				"down": {"uv": [11, 10, 10.5, 10.5], "texture": "#0"}
			}
		},
		{
			"from": [13.5, 0, 9],
			"to": [14, 2, 10],
			"faces": {
				"north": {"uv": [4.5, 8, 5, 9], "texture": "#0"},
				"east": {"uv": [5, 8, 5.5, 9], "texture": "#0"},
				"south": {"uv": [8, 5, 8.5, 6], "texture": "#0"},
				"west": {"uv": [5.5, 8, 6, 9], "texture": "#0"},
				"up": {"uv": [11, 11, 10.5, 10.5], "texture": "#0"},
				"down": {"uv": [0.5, 11, 0, 11.5], "texture": "#0"}
			}
		},
		{
			"from": [12.5, 0, 11],
			"to": [13, 2, 12],
			"faces": {
				"north": {"uv": [6, 8, 6.5, 9], "texture": "#0"},
				"east": {"uv": [8, 6, 8.5, 7], "texture": "#0"},
				"south": {"uv": [8, 7, 8.5, 8], "texture": "#0"},
				"west": {"uv": [7.5, 8, 8, 9], "texture": "#0"},
				"up": {"uv": [11.5, 0.5, 11, 0], "texture": "#0"},
				"down": {"uv": [1, 11, 0.5, 11.5], "texture": "#0"}
			}
		},
		{
			"from": [1.5, -0.5, 10],
			"to": [2, 2.5, 11],
			"faces": {
				"north": {"uv": [8, 8, 8.5, 9], "texture": "#0"},
				"east": {"uv": [8.5, 0, 9, 1], "texture": "#0"},
				"south": {"uv": [8.5, 1, 9, 2], "texture": "#0"},
				"west": {"uv": [1.5, 8.5, 2, 9.5], "texture": "#0"},
				"up": {"uv": [11.5, 1, 11, 0.5], "texture": "#0"},
				"down": {"uv": [1.5, 11, 1, 11.5], "texture": "#0"}
			}
		},
		{
			"from": [14, -0.5, 10],
			"to": [14.5, 2.5, 11],
			"faces": {
				"north": {"uv": [8.5, 2, 9, 3], "texture": "#0"},
				"east": {"uv": [3, 8.5, 3.5, 9.5], "texture": "#0"},
				"south": {"uv": [8.5, 3, 9, 4], "texture": "#0"},
				"west": {"uv": [8.5, 4, 9, 5], "texture": "#0"},
				"up": {"uv": [11.5, 1.5, 11, 1], "texture": "#0"},
				"down": {"uv": [11.5, 1.5, 11, 2], "texture": "#0"}
			}
		},
		{
			"from": [3, 0, 3],
			"to": [4, 2, 4],
			"faces": {
				"north": {"uv": [8.5, 5, 9, 6], "texture": "#0"},
				"east": {"uv": [8.5, 6, 9, 7], "texture": "#0"},
				"south": {"uv": [6.5, 8.5, 7, 9.5], "texture": "#0"},
				"west": {"uv": [7, 8.5, 7.5, 9.5], "texture": "#0"},
				"up": {"uv": [2.5, 11.5, 2, 11], "texture": "#0"},
				"down": {"uv": [11.5, 2, 11, 2.5], "texture": "#0"}
			}
		},
		{
			"from": [10, -0.5, 1.5],
			"to": [11, 2.5, 2],
			"faces": {
				"north": {"uv": [8.5, 7, 9, 8], "texture": "#0"},
				"east": {"uv": [8.5, 8, 9, 9], "texture": "#0"},
				"south": {"uv": [0, 9, 0.5, 10], "texture": "#0"},
				"west": {"uv": [9, 0, 9.5, 1], "texture": "#0"},
				"up": {"uv": [3, 11.5, 2.5, 11], "texture": "#0"},
				"down": {"uv": [11.5, 2.5, 11, 3], "texture": "#0"}
			}
		},
		{
			"from": [9, 0, 13.5],
			"to": [10, 2, 14],
			"faces": {
				"north": {"uv": [0.5, 9, 1, 10], "texture": "#0"},
				"east": {"uv": [1, 9, 1.5, 10], "texture": "#0"},
				"south": {"uv": [9, 1, 9.5, 2], "texture": "#0"},
				"west": {"uv": [2, 9, 2.5, 10], "texture": "#0"},
				"up": {"uv": [3.5, 11.5, 3, 11], "texture": "#0"},
				"down": {"uv": [11.5, 3, 11, 3.5], "texture": "#0"}
			}
		},
		{
			"from": [6, 0, 13.5],
			"to": [7, 2, 14],
			"faces": {
				"north": {"uv": [9, 2, 9.5, 3], "texture": "#0"},
				"east": {"uv": [2.5, 9, 3, 10], "texture": "#0"},
				"south": {"uv": [9, 3, 9.5, 4], "texture": "#0"},
				"west": {"uv": [3.5, 9, 4, 10], "texture": "#0"},
				"up": {"uv": [4, 11.5, 3.5, 11], "texture": "#0"},
				"down": {"uv": [11.5, 3.5, 11, 4], "texture": "#0"}
			}
		},
		{
			"from": [4, 0, 12.5],
			"to": [5, 2, 13],
			"faces": {
				"north": {"uv": [4, 9, 4.5, 10], "texture": "#0"},
				"east": {"uv": [9, 4, 9.5, 5], "texture": "#0"},
				"south": {"uv": [4.5, 9, 5, 10], "texture": "#0"},
				"west": {"uv": [5, 9, 5.5, 10], "texture": "#0"},
				"up": {"uv": [4.5, 11.5, 4, 11], "texture": "#0"},
				"down": {"uv": [11.5, 4, 11, 4.5], "texture": "#0"}
			}
		},
		{
			"from": [11, 0, 12.5],
			"to": [12, 2, 13],
			"faces": {
				"north": {"uv": [9, 5, 9.5, 6], "texture": "#0"},
				"east": {"uv": [5.5, 9, 6, 10], "texture": "#0"},
				"south": {"uv": [6, 9, 6.5, 10], "texture": "#0"},
				"west": {"uv": [9, 6, 9.5, 7], "texture": "#0"},
				"up": {"uv": [5, 11.5, 4.5, 11], "texture": "#0"},
				"down": {"uv": [11.5, 4.5, 11, 5], "texture": "#0"}
			}
		},
		{
			"from": [10, -0.5, 14],
			"to": [11, 2.5, 14.5],
			"faces": {
				"north": {"uv": [9, 7, 9.5, 8], "texture": "#0"},
				"east": {"uv": [7.5, 9, 8, 10], "texture": "#0"},
				"south": {"uv": [8, 9, 8.5, 10], "texture": "#0"},
				"west": {"uv": [9, 8, 9.5, 9], "texture": "#0"},
				"up": {"uv": [5.5, 11.5, 5, 11], "texture": "#0"},
				"down": {"uv": [11.5, 5, 11, 5.5], "texture": "#0"}
			}
		},
		{
			"from": [5, -0.5, 14],
			"to": [6, 2.5, 14.5],
			"faces": {
				"north": {"uv": [8.5, 9, 9, 10], "texture": "#0"},
				"east": {"uv": [9, 9, 9.5, 10], "texture": "#0"},
				"south": {"uv": [9.5, 0, 10, 1], "texture": "#0"},
				"west": {"uv": [9.5, 1, 10, 2], "texture": "#0"},
				"up": {"uv": [6, 11.5, 5.5, 11], "texture": "#0"},
				"down": {"uv": [11.5, 5.5, 11, 6], "texture": "#0"}
			}
		},
		{
			"from": [6, 0, 2],
			"to": [7, 2, 2.5],
			"faces": {
				"north": {"uv": [1.5, 9.5, 2, 10.5], "texture": "#0"},
				"east": {"uv": [9.5, 2, 10, 3], "texture": "#0"},
				"south": {"uv": [3, 9.5, 3.5, 10.5], "texture": "#0"},
				"west": {"uv": [9.5, 3, 10, 4], "texture": "#0"},
				"up": {"uv": [6.5, 11.5, 6, 11], "texture": "#0"},
				"down": {"uv": [11.5, 6, 11, 6.5], "texture": "#0"}
			}
		},
		{
			"from": [9, 0, 2],
			"to": [10, 2, 2.5],
			"faces": {
				"north": {"uv": [9.5, 4, 10, 5], "texture": "#0"},
				"east": {"uv": [9.5, 5, 10, 6], "texture": "#0"},
				"south": {"uv": [9.5, 6, 10, 7], "texture": "#0"},
				"west": {"uv": [6.5, 9.5, 7, 10.5], "texture": "#0"},
				"up": {"uv": [7, 11.5, 6.5, 11], "texture": "#0"},
				"down": {"uv": [11.5, 6.5, 11, 7], "texture": "#0"}
			}
		},
		{
			"from": [11, 0, 3],
			"to": [12, 2, 3.5],
			"faces": {
				"north": {"uv": [7, 9.5, 7.5, 10.5], "texture": "#0"},
				"east": {"uv": [9.5, 7, 10, 8], "texture": "#0"},
				"south": {"uv": [9.5, 8, 10, 9], "texture": "#0"},
				"west": {"uv": [9.5, 9, 10, 10], "texture": "#0"},
				"up": {"uv": [7.5, 11.5, 7, 11], "texture": "#0"},
				"down": {"uv": [11.5, 7, 11, 7.5], "texture": "#0"}
			}
		},
		{
			"from": [12, 0, 2.5],
			"to": [12.5, 2, 3],
			"faces": {
				"north": {"uv": [7, 9.5, 7.5, 10.5], "texture": "#0"},
				"east": {"uv": [9.5, 7, 10, 8], "texture": "#0"},
				"south": {"uv": [9.5, 8, 10, 9], "texture": "#0"},
				"west": {"uv": [9.5, 9, 10, 10], "texture": "#0"},
				"up": {"uv": [7.5, 11.5, 7, 11], "texture": "#0"},
				"down": {"uv": [11.5, 7, 11, 7.5], "texture": "#0"}
			}
		},
		{
			"from": [13, 0, 3.5],
			"to": [13.5, 2, 4],
			"faces": {
				"north": {"uv": [7, 9.5, 7.5, 10.5], "texture": "#0"},
				"east": {"uv": [9.5, 7, 10, 8], "texture": "#0"},
				"south": {"uv": [9.5, 8, 10, 9], "texture": "#0"},
				"west": {"uv": [9.5, 9, 10, 10], "texture": "#0"},
				"up": {"uv": [7.5, 11.5, 7, 11], "texture": "#0"},
				"down": {"uv": [11.5, 7, 11, 7.5], "texture": "#0"}
			}
		},
		{
			"from": [13, 0, 12],
			"to": [13.5, 2, 12.5],
			"faces": {
				"north": {"uv": [7, 9.5, 7.5, 10.5], "texture": "#0"},
				"east": {"uv": [9.5, 7, 10, 8], "texture": "#0"},
				"south": {"uv": [9.5, 8, 10, 9], "texture": "#0"},
				"west": {"uv": [9.5, 9, 10, 10], "texture": "#0"},
				"up": {"uv": [7.5, 11.5, 7, 11], "texture": "#0"},
				"down": {"uv": [11.5, 7, 11, 7.5], "texture": "#0"}
			}
		},
		{
			"from": [12, 0, 13],
			"to": [12.5, 2, 13.5],
			"faces": {
				"north": {"uv": [7, 9.5, 7.5, 10.5], "texture": "#0"},
				"east": {"uv": [9.5, 7, 10, 8], "texture": "#0"},
				"south": {"uv": [9.5, 8, 10, 9], "texture": "#0"},
				"west": {"uv": [9.5, 9, 10, 10], "texture": "#0"},
				"up": {"uv": [7.5, 11.5, 7, 11], "texture": "#0"},
				"down": {"uv": [11.5, 7, 11, 7.5], "texture": "#0"}
			}
		},
		{
			"from": [3.5, 0, 13],
			"to": [4, 2, 13.5],
			"faces": {
				"north": {"uv": [7, 9.5, 7.5, 10.5], "texture": "#0"},
				"east": {"uv": [9.5, 7, 10, 8], "texture": "#0"},
				"south": {"uv": [9.5, 8, 10, 9], "texture": "#0"},
				"west": {"uv": [9.5, 9, 10, 10], "texture": "#0"},
				"up": {"uv": [7.5, 11.5, 7, 11], "texture": "#0"},
				"down": {"uv": [11.5, 7, 11, 7.5], "texture": "#0"}
			}
		},
		{
			"from": [2.5, 0, 12],
			"to": [3, 2, 12.5],
			"faces": {
				"north": {"uv": [7, 9.5, 7.5, 10.5], "texture": "#0"},
				"east": {"uv": [9.5, 7, 10, 8], "texture": "#0"},
				"south": {"uv": [9.5, 8, 10, 9], "texture": "#0"},
				"west": {"uv": [9.5, 9, 10, 10], "texture": "#0"},
				"up": {"uv": [7.5, 11.5, 7, 11], "texture": "#0"},
				"down": {"uv": [11.5, 7, 11, 7.5], "texture": "#0"}
			}
		},
		{
			"from": [2.5, 0, 3.5],
			"to": [3, 2, 4],
			"faces": {
				"north": {"uv": [7, 9.5, 7.5, 10.5], "texture": "#0"},
				"east": {"uv": [9.5, 7, 10, 8], "texture": "#0"},
				"south": {"uv": [9.5, 8, 10, 9], "texture": "#0"},
				"west": {"uv": [9.5, 9, 10, 10], "texture": "#0"},
				"up": {"uv": [7.5, 11.5, 7, 11], "texture": "#0"},
				"down": {"uv": [11.5, 7, 11, 7.5], "texture": "#0"}
			}
		},
		{
			"from": [3.5, 0, 2.5],
			"to": [4, 2, 3],
			"faces": {
				"north": {"uv": [7, 9.5, 7.5, 10.5], "texture": "#0"},
				"east": {"uv": [9.5, 7, 10, 8], "texture": "#0"},
				"south": {"uv": [9.5, 8, 10, 9], "texture": "#0"},
				"west": {"uv": [9.5, 9, 10, 10], "texture": "#0"},
				"up": {"uv": [7.5, 11.5, 7, 11], "texture": "#0"},
				"down": {"uv": [11.5, 7, 11, 7.5], "texture": "#0"}
			}
		},
		{
			"from": [4, 0, 3],
			"to": [5, 2, 3.5],
			"faces": {
				"north": {"uv": [0, 10, 0.5, 11], "texture": "#0"},
				"east": {"uv": [10, 0, 10.5, 1], "texture": "#0"},
				"south": {"uv": [0.5, 10, 1, 11], "texture": "#0"},
				"west": {"uv": [1, 10, 1.5, 11], "texture": "#0"},
				"up": {"uv": [8, 11.5, 7.5, 11], "texture": "#0"},
				"down": {"uv": [11.5, 7.5, 11, 8], "texture": "#0"}
			}
		},
		{
			"from": [5, -0.5, 1.5],
			"to": [6, 2.5, 2],
			"faces": {
				"north": {"uv": [10, 1, 10.5, 2], "texture": "#0"},
				"east": {"uv": [2, 10, 2.5, 11], "texture": "#0"},
				"south": {"uv": [10, 2, 10.5, 3], "texture": "#0"},
				"west": {"uv": [2.5, 10, 3, 11], "texture": "#0"},
				"up": {"uv": [8.5, 11.5, 8, 11], "texture": "#0"},
				"down": {"uv": [11.5, 8, 11, 8.5], "texture": "#0"}
			}
		},
		{
			"from": [3, 0, 12],
			"to": [4, 2, 13],
			"faces": {
				"north": {"uv": [10, 3, 10.5, 4], "texture": "#0"},
				"east": {"uv": [3.5, 10, 4, 11], "texture": "#0"},
				"south": {"uv": [4, 10, 4.5, 11], "texture": "#0"},
				"west": {"uv": [10, 4, 10.5, 5], "texture": "#0"},
				"up": {"uv": [9, 11.5, 8.5, 11], "texture": "#0"},
				"down": {"uv": [11.5, 8.5, 11, 9], "texture": "#0"}
			}
		},
		{
			"from": [2, 0, 4],
			"to": [3, 2, 6],
			"faces": {
				"north": {"uv": [4.5, 10, 5, 11], "texture": "#0"},
				"east": {"uv": [5, 3, 6, 4], "texture": "#0"},
				"south": {"uv": [5, 10, 5.5, 11], "texture": "#0"},
				"west": {"uv": [4.5, 5, 5.5, 6], "texture": "#0"},
				"up": {"uv": [10.5, 6, 10, 5], "texture": "#0"},
				"down": {"uv": [6, 10, 5.5, 11], "texture": "#0"}
			}
		},
		{
			"from": [2, 0, 10],
			"to": [3, 2, 12],
			"faces": {
				"north": {"uv": [6, 10, 6.5, 11], "texture": "#0"},
				"east": {"uv": [5.5, 0, 6.5, 1], "texture": "#0"},
				"south": {"uv": [10, 6, 10.5, 7], "texture": "#0"},
				"west": {"uv": [0.5, 5.5, 1.5, 6.5], "texture": "#0"},
				"up": {"uv": [10.5, 8, 10, 7], "texture": "#0"},
				"down": {"uv": [8, 10, 7.5, 11], "texture": "#0"}
			}
		},
		{
			"from": [13, 0, 4],
			"to": [14, 2, 6],
			"faces": {
				"north": {"uv": [8, 10, 8.5, 11], "texture": "#0"},
				"east": {"uv": [5.5, 1, 6.5, 2], "texture": "#0"},
				"south": {"uv": [10, 8, 10.5, 9], "texture": "#0"},
				"west": {"uv": [1.5, 5.5, 2.5, 6.5], "texture": "#0"},
				"up": {"uv": [9, 11, 8.5, 10], "texture": "#0"},
				"down": {"uv": [9.5, 10, 9, 11], "texture": "#0"}
			}
		},
		{
			"from": [13, 0, 10],
			"to": [14, 2, 12],
			"faces": {
				"north": {"uv": [10, 9, 10.5, 10], "texture": "#0"},
				"east": {"uv": [2.5, 5.5, 3.5, 6.5], "texture": "#0"},
				"south": {"uv": [9.5, 10, 10, 11], "texture": "#0"},
				"west": {"uv": [3.5, 5.5, 4.5, 6.5], "texture": "#0"},
				"up": {"uv": [10.5, 11, 10, 10], "texture": "#0"},
				"down": {"uv": [11, 0, 10.5, 1], "texture": "#0"}
			}
		},
		{
			"from": [1, 0, 6],
			"to": [2, 2, 10],
			"faces": {
				"north": {"uv": [10.5, 1, 11, 2], "texture": "#0"},
				"east": {"uv": [0, 3, 2, 4], "texture": "#0"},
				"south": {"uv": [1.5, 10.5, 2, 11.5], "texture": "#0"},
				"west": {"uv": [2, 3, 4, 4], "texture": "#0"},
				"up": {"uv": [6, 6, 5.5, 4], "texture": "#0"},
				"down": {"uv": [0.5, 6, 0, 8], "texture": "#0"}
			}
		},
		{
			"from": [6.5, -0.5, 14.75],
			"to": [9.5, 2.5, 15.25],
			"faces": {
				"north": {"uv": [0, 0, 1.5, 1.5], "texture": "#1"},
				"east": {"uv": [0, 6, 0.5, 7.5], "texture": "#1"},
				"south": {"uv": [0, 1.5, 1.5, 3], "texture": "#1"},
				"west": {"uv": [6, 0, 6.5, 1.5], "texture": "#1"},
				"up": {"uv": [2, 6.5, 0.5, 6], "texture": "#1"},
				"down": {"uv": [7.5, 1.5, 6, 2], "texture": "#1"}
			}
		},
		{
			"from": [9.75, -0.5, 8.75],
			"to": [12.75, 2.5, 9.25],
			"rotation": {"angle": 45, "axis": "y", "origin": [0, 0, 16]},
			"faces": {
				"north": {"uv": [1.5, 0, 3, 1.5], "texture": "#1"},
				"east": {"uv": [2, 6, 2.5, 7.5], "texture": "#1"},
				"south": {"uv": [1.5, 1.5, 3, 3], "texture": "#1"},
				"west": {"uv": [6, 2, 6.5, 3.5], "texture": "#1"},
				"up": {"uv": [4, 6.5, 2.5, 6], "texture": "#1"},
				"down": {"uv": [7.5, 3.5, 6, 4], "texture": "#1"}
			}
		},
		{
			"from": [6.5, -0.5, 0.75],
			"to": [9.5, 2.5, 1.25],
			"rotation": {"angle": 0, "axis": "y", "origin": [0, 0, 16]},
			"faces": {
				"north": {"uv": [0, 3, 1.5, 4.5], "texture": "#1"},
				"east": {"uv": [4, 6, 4.5, 7.5], "texture": "#1"},
				"south": {"uv": [3, 0, 4.5, 1.5], "texture": "#1"},
				"west": {"uv": [6, 4, 6.5, 5.5], "texture": "#1"},
				"up": {"uv": [6, 6.5, 4.5, 6], "texture": "#1"},
				"down": {"uv": [7.5, 5.5, 6, 6], "texture": "#1"}
			}
		},
		{
			"from": [-1.5, -0.5, 18],
			"to": [1.5, 2.5, 18.5],
			"rotation": {"angle": 45, "axis": "y", "origin": [0, 0, 0]},
			"faces": {
				"north": {"uv": [1.5, 3, 3, 4.5], "texture": "#1"},
				"east": {"uv": [6, 6, 6.5, 7.5], "texture": "#1"},
				"south": {"uv": [3, 1.5, 4.5, 3], "texture": "#1"},
				"west": {"uv": [6.5, 0, 7, 1.5], "texture": "#1"},
				"up": {"uv": [2, 7, 0.5, 6.5], "texture": "#1"},
				"down": {"uv": [8, 2, 6.5, 2.5], "texture": "#1"}
			}
		},
		{
			"from": [0.75, -0.5, 6.5],
			"to": [1.25, 2.5, 9.5],
			"faces": {
				"north": {"uv": [2.5, 6.5, 3, 8], "texture": "#1"},
				"east": {"uv": [3, 3, 4.5, 4.5], "texture": "#1"},
				"south": {"uv": [3, 6.5, 3.5, 8], "texture": "#1"},
				"west": {"uv": [0, 4.5, 1.5, 6], "texture": "#1"},
				"up": {"uv": [4, 8, 3.5, 6.5], "texture": "#1"},
				"down": {"uv": [7, 4, 6.5, 5.5], "texture": "#1"}
			}
		},
		{
			"from": [-7.25, -0.5, 9.75],
			"to": [-6.75, 2.5, 12.75],
			"rotation": {"angle": 45, "axis": "y", "origin": [0, 0, 0]},
			"faces": {
				"north": {"uv": [4.5, 6.5, 5, 8], "texture": "#1"},
				"east": {"uv": [4.5, 0, 6, 1.5], "texture": "#1"},
				"south": {"uv": [5, 6.5, 5.5, 8], "texture": "#1"},
				"west": {"uv": [1.5, 4.5, 3, 6], "texture": "#1"},
				"up": {"uv": [6, 8, 5.5, 6.5], "texture": "#1"},
				"down": {"uv": [7, 6, 6.5, 7.5], "texture": "#1"}
			}
		},
		{
			"from": [14.75, -0.5, 6.5],
			"to": [15.25, 2.5, 9.5],
			"rotation": {"angle": 0, "axis": "y", "origin": [16, 0, 0]},
			"faces": {
				"north": {"uv": [7, 0, 7.5, 1.5], "texture": "#1"},
				"east": {"uv": [4.5, 1.5, 6, 3], "texture": "#1"},
				"south": {"uv": [0.5, 7, 1, 8.5], "texture": "#1"},
				"west": {"uv": [3, 4.5, 4.5, 6], "texture": "#1"},
				"up": {"uv": [1.5, 8.5, 1, 7], "texture": "#1"},
				"down": {"uv": [2, 7, 1.5, 8.5], "texture": "#1"}
			}
		},
		{
			"from": [11.35, -0.5, -1.5],
			"to": [11.85, 2.5, 1.5],
			"rotation": {"angle": 45, "axis": "y", "origin": [16, 0, 0]},
			"faces": {
				"north": {"uv": [7, 4, 7.5, 5.5], "texture": "#1"},
				"east": {"uv": [4.5, 3, 6, 4.5], "texture": "#1"},
				"south": {"uv": [7, 6, 7.5, 7.5], "texture": "#1"},
				"west": {"uv": [4.5, 4.5, 6, 6], "texture": "#1"},
				"up": {"uv": [0.5, 9, 0, 7.5], "texture": "#1"},
				"down": {"uv": [8, 0, 7.5, 1.5], "texture": "#1"}
			}
		},
		{
			"from": [15, -0.25, 6.75],
			"to": [15.5, 2.25, 9.25],
			"rotation": {"angle": 0, "axis": "y", "origin": [16, 0, 0]},
			"faces": {
				"north": {"uv": [0, 6, 0.5, 7.5], "texture": "#2"},
				"east": {"uv": [0, 0, 1.5, 1.5], "texture": "#2"},
				"south": {"uv": [6, 0, 6.5, 1.5], "texture": "#2"},
				"west": {"uv": [0, 1.5, 1.5, 3], "texture": "#2"},
				"up": {"uv": [1, 7.5, 0.5, 6], "texture": "#2"},
				"down": {"uv": [1.5, 6, 1, 7.5], "texture": "#2"}
			}
		},
		{
			"from": [6.75, -0.25, 0.5],
			"to": [9.25, 2.25, 1],
			"rotation": {"angle": 0, "axis": "y", "origin": [0, 0, 16]},
			"faces": {
				"north": {"uv": [1.5, 0, 3, 1.5], "texture": "#2"},
				"east": {"uv": [1.5, 6, 2, 7.5], "texture": "#2"},
				"south": {"uv": [1.5, 1.5, 3, 3], "texture": "#2"},
				"west": {"uv": [6, 1.5, 6.5, 3], "texture": "#2"},
				"up": {"uv": [3.5, 6.5, 2, 6], "texture": "#2"},
				"down": {"uv": [7.5, 3, 6, 3.5], "texture": "#2"}
			}
		},
		{
			"from": [10, -0.25, 8.5],
			"to": [12.5, 2.25, 9],
			"rotation": {"angle": 45, "axis": "y", "origin": [0, 0, 16]},
			"faces": {
				"north": {"uv": [0, 3, 1.5, 4.5], "texture": "#2"},
				"east": {"uv": [3.5, 6, 4, 7.5], "texture": "#2"},
				"south": {"uv": [3, 0, 4.5, 1.5], "texture": "#2"},
				"west": {"uv": [6, 3.5, 6.5, 5], "texture": "#2"},
				"up": {"uv": [5.5, 6.5, 4, 6], "texture": "#2"},
				"down": {"uv": [7.5, 5, 6, 5.5], "texture": "#2"}
			}
		},
		{
			"from": [-1.25, -0.25, 18.25],
			"to": [1.25, 2.25, 18.75],
			"rotation": {"angle": 45, "axis": "y", "origin": [0, 0, 0]},
			"faces": {
				"north": {"uv": [1.5, 3, 3, 4.5], "texture": "#2"},
				"east": {"uv": [5.5, 6, 6, 7.5], "texture": "#2"},
				"south": {"uv": [3, 1.5, 4.5, 3], "texture": "#2"},
				"west": {"uv": [6, 5.5, 6.5, 7], "texture": "#2"},
				"up": {"uv": [8, 0.5, 6.5, 0], "texture": "#2"},
				"down": {"uv": [8, 0.5, 6.5, 1], "texture": "#2"}
			}
		},
		{
			"from": [6.75, -0.25, 15],
			"to": [9.25, 2.25, 15.5],
			"faces": {
				"north": {"uv": [3, 3, 4.5, 4.5], "texture": "#2"},
				"east": {"uv": [6.5, 1, 7, 2.5], "texture": "#2"},
				"south": {"uv": [0, 4.5, 1.5, 6], "texture": "#2"},
				"west": {"uv": [2, 6.5, 2.5, 8], "texture": "#2"},
				"up": {"uv": [8, 3, 6.5, 2.5], "texture": "#2"},
				"down": {"uv": [8, 3.5, 6.5, 4], "texture": "#2"}
			}
		},
		{
			"from": [0.5, -0.25, 6.75],
			"to": [1, 2.25, 9.25],
			"faces": {
				"north": {"uv": [2.5, 6.5, 3, 8], "texture": "#2"},
				"east": {"uv": [4.5, 0, 6, 1.5], "texture": "#2"},
				"south": {"uv": [3, 6.5, 3.5, 8], "texture": "#2"},
				"west": {"uv": [1.5, 4.5, 3, 6], "texture": "#2"},
				"up": {"uv": [4.5, 8, 4, 6.5], "texture": "#2"},
				"down": {"uv": [5, 6.5, 4.5, 8], "texture": "#2"}
			}
		},
		{
			"from": [-7.5, -0.25, 10],
			"to": [-7, 2.25, 12.5],
			"rotation": {"angle": 45, "axis": "y", "origin": [0, 0, 0]},
			"faces": {
				"north": {"uv": [5, 6.5, 5.5, 8], "texture": "#2"},
				"east": {"uv": [4.5, 1.5, 6, 3], "texture": "#2"},
				"south": {"uv": [6.5, 5.5, 7, 7], "texture": "#2"},
				"west": {"uv": [3, 4.5, 4.5, 6], "texture": "#2"},
				"up": {"uv": [7.5, 2.5, 7, 1], "texture": "#2"},
				"down": {"uv": [7.5, 5.5, 7, 7], "texture": "#2"}
			}
		},
		{
			"from": [11.6, -0.25, -1.25],
			"to": [12.1, 2.25, 1.25],
			"rotation": {"angle": 45, "axis": "y", "origin": [16, 0, 0]},
			"faces": {
				"north": {"uv": [6, 7, 6.5, 8.5], "texture": "#2"},
				"east": {"uv": [4.5, 3, 6, 4.5], "texture": "#2"},
				"south": {"uv": [6.5, 7, 7, 8.5], "texture": "#2"},
				"west": {"uv": [4.5, 4.5, 6, 6], "texture": "#2"},
				"up": {"uv": [7.5, 8.5, 7, 7], "texture": "#2"},
				"down": {"uv": [0.5, 7.5, 0, 9], "texture": "#2"}
			}
		}
	],
	"display": {
		"thirdperson_righthand": {
			"translation": [0, 4, 0],
			"scale": [0.5, 0.5, 0.5]
		},
		"thirdperson_lefthand": {
			"translation": [0, 4, 0],
			"scale": [0.5, 0.5, 0.5]
		},
		"firstperson_righthand": {
			"translation": [0, 6.5, 0],
			"scale": [0.98, 1, 1]
		},
		"firstperson_lefthand": {
			"translation": [0, 6.5, 0]
		},
		"ground": {
			"translation": [0, 4.75, 0],
			"scale": [0.8, 0.8, 0.8]
		},
		"gui": {
			"rotation": [26, 0, 0],
			"translation": [0, 5.25, 0]
		},
		"head": {
			"translation": [0, 15.75, 0],
			"scale": [1.31, 1.31, 1.31]
		},
		"fixed": {
			"rotation": [-90, 0, 0],
			"translation": [0, 0, -17.25],
			"scale": [2, 2, 2]
		}
	},
	"groups": [
		{
			"name": "group",
			"origin": [0, 0, 0],
			"color": 0,
			"children": [
				0,
				1,
				2,
				3,
				4,
				5,
				6,
				7,
				8,
				9,
				10,
				11,
				12,
				13,
				14,
				15,
				16,
				17,
				18,
				19,
				20,
				21,
				22,
				23,
				24,
				25,
				26,
				27,
				28,
				29,
				30,
				31,
				32,
				33,
				34,
				35,
				36,
				37,
				38,
				39,
				40,
				41,
				42,
				43,
				44,
				45,
				46,
				47
			]
		},
		{
			"name": "group",
			"origin": [16, 0, 0],
			"color": 0,
			"children": [48, 49, 50, 51, 52, 53, 54, 55]
		},
		{
			"name": "group",
			"origin": [16, 0, 0],
			"color": 0,
			"children": [56, 57, 58, 59, 60, 61, 62, 63]
		}
	]
}