{
	"credit": "Made with Blockbench",
	"textures": {
		"0": "block/oak_log",
		"1": "block/cyan_terracotta",
		"2": "block/light_gray_concrete",
		"particle": "block/oak_log"
	},
	"elements": [
		{
			"from": [7.5, -2, 7.25],
			"to": [9, 25, 8.75],
			"rotation": {"angle": 0, "axis": "y", "origin": [7.25, 7, 7]},
			"faces": {
				"north": {"uv": [0, 0, 1, 13.5], "texture": "#0"},
				"east": {"uv": [1, 0, 2, 13.5], "texture": "#0"},
				"south": {"uv": [2, 0, 3, 13.5], "texture": "#0"},
				"west": {"uv": [3, 0, 4, 13.5], "texture": "#0"},
				"up": {"uv": [5, 1, 4, 0], "texture": "#0"},
				"down": {"uv": [5, 1, 4, 2], "texture": "#0"}
			}
		},
		{
			"from": [6.75, 17, 6.5],
			"to": [10.25, 24, 9.5],
			"rotation": {"angle": 0, "axis": "y", "origin": [8.25, 22, 7]},
			"faces": {
				"north": {"uv": [0, 0, 2, 3.5], "texture": "#1"},
				"east": {"uv": [3, 3.5, 4.5, 7], "texture": "#1"},
				"south": {"uv": [2, 0, 4, 3.5], "texture": "#1"},
				"west": {"uv": [4, 0, 5.5, 3.5], "texture": "#1"},
				"up": {"uv": [2, 9, 0, 7.5], "texture": "#1"},
				"down": {"uv": [9.5, 0, 7.5, 1.5], "texture": "#1"}
			}
		},
		{
			"from": [10.25, 16.75, 6.75],
			"to": [11.25, 24.25, 9.25],
			"rotation": {"angle": 0, "axis": "y", "origin": [10.25, 22, 7]},
			"faces": {
				"north": {"uv": [5.5, 8.5, 6, 12.5], "texture": "#1"},
				"east": {"uv": [0, 3.5, 1.5, 7.5], "texture": "#1"},
				"south": {"uv": [8.5, 5.5, 9, 9.5], "texture": "#1"},
				"west": {"uv": [1.5, 3.5, 3, 7.5], "texture": "#1"},
				"up": {"uv": [1, 10.5, 0.5, 9], "texture": "#1"},
				"down": {"uv": [1.5, 9, 1, 10.5], "texture": "#1"}
			}
		},
		{
			"from": [6.25, 17, 7],
			"to": [6.75, 24, 9],
			"rotation": {"angle": 0, "axis": "y", "origin": [5.75, 22, 7]},
			"faces": {
				"north": {"uv": [6, 8.5, 6.5, 12], "texture": "#1"},
				"east": {"uv": [6.5, 4, 7.5, 7.5], "texture": "#1"},
				"south": {"uv": [0, 9, 0.5, 12.5], "texture": "#1"},
				"west": {"uv": [3, 7, 4, 10.5], "texture": "#1"},
				"up": {"uv": [9.5, 5.5, 9, 4.5], "texture": "#1"},
				"down": {"uv": [9.5, 5.5, 9, 6.5], "texture": "#1"}
			}
		},
		{
			"from": [11.25, 16.5, 7],
			"to": [12.25, 24.5, 9],
			"rotation": {"angle": 0, "axis": "y", "origin": [11.25, 22, 7]},
			"faces": {
				"north": {"uv": [8, 6.5, 8.5, 10.5], "texture": "#1"},
				"east": {"uv": [5.5, 4.5, 6.5, 8.5], "texture": "#1"},
				"south": {"uv": [8.5, 1.5, 9, 5.5], "texture": "#1"},
				"west": {"uv": [6.5, 0, 7.5, 4], "texture": "#1"},
				"up": {"uv": [9.5, 3.5, 9, 2.5], "texture": "#1"},
				"down": {"uv": [9.5, 3.5, 9, 4.5], "texture": "#1"}
			}
		},
		{
			"from": [12.25, 16.25, 7.25],
			"to": [13.25, 24.75, 8.75],
			"rotation": {"angle": 0, "axis": "y", "origin": [12.25, 22, 7]},
			"faces": {
				"north": {"uv": [4.5, 8, 5, 12.5], "texture": "#1"},
				"east": {"uv": [4.5, 3.5, 5.5, 8], "texture": "#1"},
				"south": {"uv": [5, 8, 5.5, 12.5], "texture": "#1"},
				"west": {"uv": [5.5, 0, 6.5, 4.5], "texture": "#1"},
				"up": {"uv": [2, 10, 1.5, 9], "texture": "#1"},
				"down": {"uv": [9.5, 1.5, 9, 2.5], "texture": "#1"}
			}
		},
		{
			"from": [13.25, 15.75, 7.5],
			"to": [14.25, 25.25, 8.5],
			"rotation": {"angle": 0, "axis": "y", "origin": [13.25, 22, 7]},
			"faces": {
				"north": {"uv": [6.5, 7.5, 7, 12.5], "texture": "#1"},
				"east": {"uv": [7, 7.5, 7.5, 12.5], "texture": "#1"},
				"south": {"uv": [7.5, 7, 8, 12], "texture": "#1"},
				"west": {"uv": [8, 1.5, 8.5, 6.5], "texture": "#1"},
				"up": {"uv": [9.5, 8, 9, 7.5], "texture": "#1"},
				"down": {"uv": [9.5, 8, 9, 8.5], "texture": "#1"}
			}
		},
		{
			"from": [14.25, 15.25, 7.75],
			"to": [15.25, 25.75, 8.25],
			"rotation": {"angle": 0, "axis": "y", "origin": [14.25, 22, 7]},
			"faces": {
				"north": {"uv": [4, 7, 4.5, 12.5], "texture": "#1"},
				"east": {"uv": [7.5, 1.5, 8, 7], "texture": "#1"},
				"south": {"uv": [2, 7.5, 2.5, 13], "texture": "#1"},
				"west": {"uv": [2.5, 7.5, 3, 13], "texture": "#1"},
				"up": {"uv": [9.5, 7, 9, 6.5], "texture": "#1"},
				"down": {"uv": [9.5, 7, 9, 7.5], "texture": "#1"}
			}
		},
		{
			"from": [15.25, 15.75, 7.9],
			"to": [16.25, 25.25, 8.1],
			"rotation": {"angle": 0, "axis": "y", "origin": [15.25, 22, 7]},
			"faces": {
				"north": {"uv": [0, 0, 1, 10], "texture": "#2"},
				"east": {"uv": [1, 0, 2, 10], "texture": "#2"},
				"south": {"uv": [2, 0, 3, 10], "texture": "#2"},
				"west": {"uv": [3, 0, 4, 10], "texture": "#2"},
				"up": {"uv": [9, 5, 8, 4], "texture": "#2"},
				"down": {"uv": [6, 8, 5, 9], "texture": "#2"}
			}
		},
		{
			"from": [16.25, 17.75, 7.9],
			"to": [16.75, 23.25, 8.1],
			"rotation": {"angle": 0, "axis": "y", "origin": [16.25, 22, 7]},
			"faces": {
				"north": {"uv": [4, 0, 5, 6], "texture": "#2"},
				"east": {"uv": [5, 0, 6, 6], "texture": "#2"},
				"south": {"uv": [6, 0, 7, 6], "texture": "#2"},
				"west": {"uv": [4, 6, 5, 12], "texture": "#2"},
				"up": {"uv": [9, 7, 8, 6], "texture": "#2"},
				"down": {"uv": [8, 8, 7, 9], "texture": "#2"}
			}
		},
		{
			"from": [15, 25.25, 7.9],
			"to": [16, 26.75, 8.1],
			"rotation": {"angle": 0, "axis": "y", "origin": [15, 30, 7]},
			"faces": {
				"north": {"uv": [7, 4, 8, 6], "texture": "#2"},
				"east": {"uv": [7, 6, 8, 8], "texture": "#2"},
				"south": {"uv": [8, 0, 9, 2], "texture": "#2"},
				"west": {"uv": [8, 2, 9, 4], "texture": "#2"},
				"up": {"uv": [9, 8, 8, 7], "texture": "#2"},
				"down": {"uv": [9, 8, 8, 9], "texture": "#2"}
			}
		},
		{
			"from": [15, 14.25, 7.9],
			"to": [16, 15.75, 8.1],
			"rotation": {"angle": 0, "axis": "y", "origin": [15, 19, 7]},
			"faces": {
				"north": {"uv": [5, 6, 6, 8], "texture": "#2"},
				"east": {"uv": [6, 6, 7, 8], "texture": "#2"},
				"south": {"uv": [7, 0, 8, 2], "texture": "#2"},
				"west": {"uv": [7, 2, 8, 4], "texture": "#2"},
				"up": {"uv": [9, 6, 8, 5], "texture": "#2"},
				"down": {"uv": [7, 8, 6, 9], "texture": "#2"}
			}
		}
	],
	"display": {
		"thirdperson_righthand": {
			"rotation": [0, 90, 0],
			"scale": [0.65, 0.65, 0.65]
		},
		"thirdperson_lefthand": {
			"rotation": [0, -90, 0],
			"scale": [0.65, 0.65, 0.65]
		},
		"firstperson_righthand": {
			"rotation": [0, 90, 0],
			"scale": [0.65, 0.65, 0.65]
		},
		"firstperson_lefthand": {
			"rotation": [0, -90, 0],
			"scale": [0.65, 0.65, 0.65]
		},
		"ground": {
			"rotation": [90, 0, 0],
			"translation": [0, 0.75, 0]
		},
		"gui": {
			"rotation": [0, 0, -33],
			"translation": [-2, -1.5, 0],
			"scale": [0.5, 0.5, 0.5]
		},
		"head": {
			"rotation": [0, 0, -45],
			"translation": [-20.25, 1.5, 0]
		},
		"fixed": {
			"rotation": [0, -90, -18],
			"translation": [0, -16.75, -20.25],
			"scale": [1.7, 1.7, 1.7]
		}
	}
}