{
	"credit": "Made with Blockbench",
	"textures": {
		"0": "block/white_wool",
		"1": "block/black_wool",
		"particle": "block/white_wool"
	},
	"elements": [
		{
			"from": [1, -0.75, 3.25],
			"to": [7.5, 3.75, 9.75],
			"rotation": {"angle": 0, "axis": "x", "origin": [-0.25, 0, 0]},
			"faces": {
				"north": {"uv": [0, 0, 6.5, 4.5], "texture": "#1"},
				"east": {"uv": [0, 0, 6.5, 4.5], "texture": "#1"},
				"south": {"uv": [0, 0, 6.5, 4.5], "texture": "#1"},
				"west": {"uv": [0, 0, 6.5, 4.5], "texture": "#1"},
				"up": {"uv": [0, 0, 6.5, 6.5], "texture": "#1"},
				"down": {"uv": [0, 0, 6.5, 6.5], "texture": "#1"}
			}
		},
		{
			"from": [1.5, 3.5, 2.5],
			"to": [7, 8.5, 8.25],
			"rotation": {"angle": 22.5, "axis": "x", "origin": [-0.25, 0, 0]},
			"faces": {
				"north": {"uv": [0, 0, 5.5, 5], "texture": "#0"},
				"east": {"uv": [0, 0, 5.75, 5], "texture": "#0"},
				"south": {"uv": [0, 0, 5.5, 5], "texture": "#0"},
				"west": {"uv": [0, 0, 5.75, 5], "texture": "#0"},
				"up": {"uv": [0, 0, 5.5, 5.75], "texture": "#0"},
				"down": {"uv": [0, 0, 5.5, 5.75], "texture": "#0"}
			}
		},
		{
			"from": [1.75, -4.75, 8.25],
			"to": [6.75, 0.5, 12.5],
			"rotation": {"angle": -45, "axis": "x", "origin": [-0.25, 0, 0]},
			"faces": {
				"north": {"uv": [0, 0, 5, 5.25], "rotation": 180, "texture": "#1"},
				"east": {"uv": [0, 0, 5.25, 4.25], "rotation": 270, "texture": "#1"},
				"south": {"uv": [0, 0, 5, 5.25], "texture": "#1"},
				"west": {"uv": [0, 0, 5.25, 4.25], "rotation": 90, "texture": "#1"},
				"up": {"uv": [0, 0, 5, 4.25], "rotation": 180, "texture": "#1"},
				"down": {"uv": [0, 0, 5, 4.25], "texture": "#1"}
			}
		},
		{
			"from": [2.25, 0.75, 10.75],
			"to": [6.25, 5, 15.75],
			"rotation": {"angle": -22.5, "axis": "x", "origin": [-0.25, 0, 0]},
			"faces": {
				"north": {"uv": [0, 0, 4, 4.25], "rotation": 180, "texture": "#0"},
				"east": {"uv": [0, 0, 4.25, 5], "rotation": 270, "texture": "#0"},
				"south": {"uv": [0, 0, 4, 4.25], "texture": "#0"},
				"west": {"uv": [0, 0, 4.25, 5], "rotation": 90, "texture": "#0"},
				"up": {"uv": [0, 0, 4, 5], "rotation": 180, "texture": "#0"},
				"down": {"uv": [0, 0, 4, 5], "texture": "#0"}
			}
		},
		{
			"from": [2.5, 7, 12.5],
			"to": [6, 10.5, 16.75],
			"rotation": {"angle": 0, "axis": "x", "origin": [-0.25, 0, 0]},
			"faces": {
				"north": {"uv": [0, 0, 3.5, 3.5], "rotation": 180, "texture": "#1"},
				"east": {"uv": [0, 0, 3.5, 4.25], "rotation": 270, "texture": "#1"},
				"south": {"uv": [0, 0, 3.5, 3.5], "texture": "#1"},
				"west": {"uv": [0, 0, 3.5, 4.25], "rotation": 90, "texture": "#1"},
				"up": {"uv": [0, 0, 3.5, 4.25], "rotation": 180, "texture": "#1"},
				"down": {"uv": [0, 0, 3.5, 4.25], "texture": "#1"}
			}
		},
		{
			"from": [3, 13.25, 11.5],
			"to": [5.5, 15.75, 15.5],
			"rotation": {"angle": 22.5, "axis": "x", "origin": [-0.25, 0, 0]},
			"faces": {
				"north": {"uv": [0, 0, 2.5, 2.5], "rotation": 180, "texture": "#0"},
				"east": {"uv": [0, 0, 2.5, 4], "rotation": 270, "texture": "#0"},
				"south": {"uv": [0, 0, 2.5, 2.5], "texture": "#0"},
				"west": {"uv": [0, 0, 2.5, 4], "rotation": 90, "texture": "#0"},
				"up": {"uv": [0, 0, 2.5, 4], "rotation": 180, "texture": "#0"},
				"down": {"uv": [0, 0, 2.5, 4], "texture": "#0"}
			}
		},
		{
			"from": [3.5, -11.25, 18.25],
			"to": [5, -8.25, 20.25],
			"rotation": {"angle": -45, "axis": "x", "origin": [-0.25, 0, 0]},
			"faces": {
				"north": {"uv": [0, 0, 1.5, 3], "rotation": 180, "texture": "#1"},
				"east": {"uv": [0, 0, 2, 3], "rotation": 180, "texture": "#1"},
				"south": {"uv": [0, 0, 1.5, 3], "rotation": 180, "texture": "#1"},
				"west": {"uv": [0, 0, 2, 3], "rotation": 180, "texture": "#1"},
				"up": {"uv": [0, 0, 1.5, 2], "texture": "#1"},
				"down": {"uv": [0, 0, 1.5, 2], "texture": "#1"}
			}
		},
		{
			"from": [4, -12.75, 18.75],
			"to": [4.5, -10.75, 19.75],
			"rotation": {"angle": -45, "axis": "x", "origin": [-0.25, 0, 0]},
			"faces": {
				"north": {"uv": [0, 0, 0.5, 2], "rotation": 180, "texture": "#0"},
				"east": {"uv": [0, 0, 1, 2], "rotation": 180, "texture": "#0"},
				"south": {"uv": [0, 0, 0.5, 2], "rotation": 180, "texture": "#0"},
				"west": {"uv": [0, 0, 1, 2], "rotation": 180, "texture": "#0"},
				"up": {"uv": [0, 0, 0.5, 1], "texture": "#0"},
				"down": {"uv": [0, 0, 0.5, 1], "texture": "#0"}
			}
		},
		{
			"from": [8.5, -0.75, 3.25],
			"to": [15, 3.75, 9.75],
			"rotation": {"angle": 0, "axis": "x", "origin": [7.25, 0, 0]},
			"faces": {
				"north": {"uv": [0, 0, 6.5, 4.5], "texture": "#1"},
				"east": {"uv": [0, 0, 6.5, 4.5], "texture": "#1"},
				"south": {"uv": [0, 0, 6.5, 4.5], "texture": "#1"},
				"west": {"uv": [0, 0, 6.5, 4.5], "texture": "#1"},
				"up": {"uv": [0, 0, 6.5, 6.5], "texture": "#1"},
				"down": {"uv": [0, 0, 6.5, 6.5], "texture": "#1"}
			}
		},
		{
			"from": [9, 3.5, 2.5],
			"to": [14.5, 8.5, 8.25],
			"rotation": {"angle": 22.5, "axis": "x", "origin": [7.25, 0, 0]},
			"faces": {
				"north": {"uv": [0, 0, 5.5, 5], "texture": "#0"},
				"east": {"uv": [0, 0, 5.75, 5], "texture": "#0"},
				"south": {"uv": [0, 0, 5.5, 5], "texture": "#0"},
				"west": {"uv": [0, 0, 5.75, 5], "texture": "#0"},
				"up": {"uv": [0, 0, 5.5, 5.75], "texture": "#0"},
				"down": {"uv": [0, 0, 5.5, 5.75], "texture": "#0"}
			}
		},
		{
			"from": [9.25, -4.75, 8.25],
			"to": [14.25, 0.5, 12.5],
			"rotation": {"angle": -45, "axis": "x", "origin": [7.25, 0, 0]},
			"faces": {
				"north": {"uv": [0, 0, 5, 5.25], "rotation": 180, "texture": "#1"},
				"east": {"uv": [0, 0, 5.25, 4.25], "rotation": 270, "texture": "#1"},
				"south": {"uv": [0, 0, 5, 5.25], "texture": "#1"},
				"west": {"uv": [0, 0, 5.25, 4.25], "rotation": 90, "texture": "#1"},
				"up": {"uv": [0, 0, 5, 4.25], "rotation": 180, "texture": "#1"},
				"down": {"uv": [0, 0, 5, 4.25], "texture": "#1"}
			}
		},
		{
			"from": [9.75, 0.75, 10.75],
			"to": [13.75, 5, 15.75],
			"rotation": {"angle": -22.5, "axis": "x", "origin": [7.25, 0, 0]},
			"faces": {
				"north": {"uv": [0, 0, 4, 4.25], "rotation": 180, "texture": "#0"},
				"east": {"uv": [0, 0, 4.25, 5], "rotation": 270, "texture": "#0"},
				"south": {"uv": [0, 0, 4, 4.25], "texture": "#0"},
				"west": {"uv": [0, 0, 4.25, 5], "rotation": 90, "texture": "#0"},
				"up": {"uv": [0, 0, 4, 5], "rotation": 180, "texture": "#0"},
				"down": {"uv": [0, 0, 4, 5], "texture": "#0"}
			}
		},
		{
			"from": [10, 7, 12.5],
			"to": [13.5, 10.5, 16.75],
			"rotation": {"angle": 0, "axis": "x", "origin": [7.25, 0, 0]},
			"faces": {
				"north": {"uv": [0, 0, 3.5, 3.5], "rotation": 180, "texture": "#1"},
				"east": {"uv": [0, 0, 3.5, 4.25], "rotation": 270, "texture": "#1"},
				"south": {"uv": [0, 0, 3.5, 3.5], "texture": "#1"},
				"west": {"uv": [0, 0, 3.5, 4.25], "rotation": 90, "texture": "#1"},
				"up": {"uv": [0, 0, 3.5, 4.25], "rotation": 180, "texture": "#1"},
				"down": {"uv": [0, 0, 3.5, 4.25], "texture": "#1"}
			}
		},
		{
			"from": [10.5, 13.25, 11.5],
			"to": [13, 15.75, 15.5],
			"rotation": {"angle": 22.5, "axis": "x", "origin": [7.25, 0, 0]},
			"faces": {
				"north": {"uv": [0, 0, 2.5, 2.5], "rotation": 180, "texture": "#0"},
				"east": {"uv": [0, 0, 2.5, 4], "rotation": 270, "texture": "#0"},
				"south": {"uv": [0, 0, 2.5, 2.5], "texture": "#0"},
				"west": {"uv": [0, 0, 2.5, 4], "rotation": 90, "texture": "#0"},
				"up": {"uv": [0, 0, 2.5, 4], "rotation": 180, "texture": "#0"},
				"down": {"uv": [0, 0, 2.5, 4], "texture": "#0"}
			}
		},
		{
			"from": [11, -11.25, 18.25],
			"to": [12.5, -8.25, 20.25],
			"rotation": {"angle": -45, "axis": "x", "origin": [7.25, 0, 0]},
			"faces": {
				"north": {"uv": [0, 0, 1.5, 3], "rotation": 180, "texture": "#1"},
				"east": {"uv": [0, 0, 2, 3], "rotation": 180, "texture": "#1"},
				"south": {"uv": [0, 0, 1.5, 3], "rotation": 180, "texture": "#1"},
				"west": {"uv": [0, 0, 2, 3], "rotation": 180, "texture": "#1"},
				"up": {"uv": [0, 0, 1.5, 2], "texture": "#1"},
				"down": {"uv": [0, 0, 1.5, 2], "texture": "#1"}
			}
		},
		{
			"from": [11.5, -12.75, 18.75],
			"to": [12, -10.75, 19.75],
			"rotation": {"angle": -45, "axis": "x", "origin": [7.25, 0, 0]},
			"faces": {
				"north": {"uv": [0, 0, 0.5, 2], "rotation": 180, "texture": "#0"},
				"east": {"uv": [0, 0, 1, 2], "rotation": 180, "texture": "#0"},
				"south": {"uv": [0, 0, 0.5, 2], "rotation": 180, "texture": "#0"},
				"west": {"uv": [0, 0, 1, 2], "rotation": 180, "texture": "#0"},
				"up": {"uv": [0, 0, 0.5, 1], "texture": "#0"},
				"down": {"uv": [0, 0, 0.5, 1], "texture": "#0"}
			}
		}
	],
	"display": {
		"thirdperson_righthand": {
			"translation": [0, 3.75, 0],
			"scale": [0.5, 0.5, 0.5]
		},
		"thirdperson_lefthand": {
			"translation": [0, 3.25, 0],
			"scale": [0.5, 0.5, 0.5]
		},
		"firstperson_righthand": {
			"translation": [0, 3.75, 0],
			"scale": [0.5, 0.5, 0.5]
		},
		"firstperson_lefthand": {
			"translation": [0, 3.75, 0],
			"scale": [0.5, 0.5, 0.5]
		},
		"ground": {
			"translation": [0, 0.25, 0],
			"scale": [0.5, 0.5, 0.5]
		},
		"gui": {
			"rotation": [1, 142, 0],
			"translation": [-1, 2, 0],
			"scale": [0.8, 0.8, 0.8]
		},
		"head": {
			"rotation": [11, 0, 0],
			"translation": [0, 12.75, 1],
			"scale": [0.9, 1, 1]
		},
		"fixed": {
			"rotation": [-90, 0, 0],
			"translation": [0, 0, -16],
			"scale": [2, 2, 2]
		}
	},
	"groups": [
		{
			"name": "group",
			"origin": [0, 0, 0],
			"color": 0,
			"children": [0, 1, 2, 3, 4, 5, 6, 7]
		},
		{
			"name": "group",
			"origin": [0, 0, 0],
			"color": 0,
			"children": [8, 9, 10, 11, 12, 13, 14, 15]
		}
	]
}