{
	"credit": "Made with Blockbench",
	"textures": {
		"0": "block/red_sandstone",
		"1": "block/redstone_block",
		"particle": "block/smooth_red_sandstone"
	},
	"elements": [
		{
			"from": [6, 10, 4],
			"to": [8, 11, 5],
			"faces": {
				"north": {"uv": [3, 8, 4, 8.5], "texture": "#0"},
				"east": {"uv": [5, 11, 5.5, 11.5], "texture": "#0"},
				"south": {"uv": [3, 8.5, 4, 9], "texture": "#0"},
				"west": {"uv": [11, 5, 11.5, 5.5], "texture": "#0"},
				"up": {"uv": [11, 0.5, 10, 0], "texture": "#0"},
				"down": {"uv": [11, 0.5, 10, 1], "texture": "#0"}
			}
		},
		{
			"from": [5, 6, 5],
			"to": [11, 8, 11],
			"faces": {
				"north": {"uv": [7, 7, 10, 8], "texture": "#0"},
				"east": {"uv": [0, 8, 3, 9], "texture": "#0"},
				"south": {"uv": [7, 8, 10, 9], "texture": "#0"},
				"west": {"uv": [0, 9, 3, 10], "texture": "#0"},
				"up": {"uv": [7, 3, 4, 0], "texture": "#0"},
				"down": {"uv": [7, 3, 4, 6], "texture": "#0"}
			}
		},
		{
			"from": [4, 8, 4],
			"to": [12, 10, 12],
			"faces": {
				"north": {"uv": [7, 3, 11, 4], "texture": "#0"},
				"east": {"uv": [7, 4, 11, 5], "texture": "#0"},
				"south": {"uv": [7, 5, 11, 6], "texture": "#0"},
				"west": {"uv": [7, 6, 11, 7], "texture": "#0"},
				"up": {"uv": [4, 4, 0, 0], "texture": "#0"},
				"down": {"uv": [4, 4, 0, 8], "texture": "#0"}
			}
		},
		{
			"from": [5, 10, 5],
			"to": [11, 12, 11],
			"faces": {
				"north": {"uv": [3, 9, 6, 10], "texture": "#0"},
				"east": {"uv": [6, 9, 9, 10], "texture": "#0"},
				"south": {"uv": [9, 9, 12, 10], "texture": "#0"},
				"west": {"uv": [0, 10, 3, 11], "texture": "#0"},
				"up": {"uv": [7, 9, 4, 6], "texture": "#0"},
				"down": {"uv": [10, 0, 7, 3], "texture": "#0"}
			}
		},
		{
			"from": [9, 10, 4],
			"to": [10, 11, 5],
			"faces": {
				"north": {"uv": [5.5, 11, 6, 11.5], "texture": "#0"},
				"east": {"uv": [11, 5.5, 11.5, 6], "texture": "#0"},
				"south": {"uv": [6, 11, 6.5, 11.5], "texture": "#0"},
				"west": {"uv": [11, 6, 11.5, 6.5], "texture": "#0"},
				"up": {"uv": [7, 11.5, 6.5, 11], "texture": "#0"},
				"down": {"uv": [11.5, 6.5, 11, 7], "texture": "#0"}
			}
		},
		{
			"from": [7, 11, 4],
			"to": [8, 12, 5],
			"faces": {
				"north": {"uv": [7, 11, 7.5, 11.5], "texture": "#0"},
				"east": {"uv": [11, 7, 11.5, 7.5], "texture": "#0"},
				"south": {"uv": [7.5, 11, 8, 11.5], "texture": "#0"},
				"west": {"uv": [11, 7.5, 11.5, 8], "texture": "#0"},
				"up": {"uv": [11.5, 8.5, 11, 8], "texture": "#0"},
				"down": {"uv": [11.5, 8.5, 11, 9], "texture": "#0"}
			}
		},
		{
			"from": [11, 11, 4],
			"to": [12, 12, 5],
			"faces": {
				"north": {"uv": [9, 11, 9.5, 11.5], "texture": "#0"},
				"east": {"uv": [9.5, 11, 10, 11.5], "texture": "#0"},
				"south": {"uv": [10, 11, 10.5, 11.5], "texture": "#0"},
				"west": {"uv": [11, 10, 11.5, 10.5], "texture": "#0"},
				"up": {"uv": [11, 11.5, 10.5, 11], "texture": "#0"},
				"down": {"uv": [11.5, 10.5, 11, 11], "texture": "#0"}
			}
		},
		{
			"from": [8, 9, 3],
			"to": [9, 10, 4],
			"faces": {
				"north": {"uv": [11, 11, 11.5, 11.5], "texture": "#0"},
				"east": {"uv": [0, 11.5, 0.5, 12], "texture": "#0"},
				"south": {"uv": [0.5, 11.5, 1, 12], "texture": "#0"},
				"west": {"uv": [1, 11.5, 1.5, 12], "texture": "#0"},
				"up": {"uv": [2, 12, 1.5, 11.5], "texture": "#0"},
				"down": {"uv": [2.5, 11.5, 2, 12], "texture": "#0"}
			}
		},
		{
			"from": [6, 7, 4],
			"to": [7, 8, 5],
			"faces": {
				"north": {"uv": [2.5, 11.5, 3, 12], "texture": "#0"},
				"east": {"uv": [11.5, 3, 12, 3.5], "texture": "#0"},
				"south": {"uv": [11.5, 3.5, 12, 4], "texture": "#0"},
				"west": {"uv": [11.5, 4, 12, 4.5], "texture": "#0"},
				"up": {"uv": [12, 5, 11.5, 4.5], "texture": "#0"},
				"down": {"uv": [5.5, 11.5, 5, 12], "texture": "#0"}
			}
		},
		{
			"from": [8, 7, 4],
			"to": [10, 8, 5],
			"faces": {
				"north": {"uv": [10, 1, 11, 1.5], "texture": "#0"},
				"east": {"uv": [11.5, 5, 12, 5.5], "texture": "#0"},
				"south": {"uv": [10, 1.5, 11, 2], "texture": "#0"},
				"west": {"uv": [5.5, 11.5, 6, 12], "texture": "#0"},
				"up": {"uv": [11, 2.5, 10, 2], "texture": "#0"},
				"down": {"uv": [11, 2.5, 10, 3], "texture": "#0"}
			}
		},
		{
			"from": [7, 6, 4],
			"to": [8, 7, 5],
			"faces": {
				"north": {"uv": [11.5, 5.5, 12, 6], "texture": "#0"},
				"east": {"uv": [6, 11.5, 6.5, 12], "texture": "#0"},
				"south": {"uv": [11.5, 6, 12, 6.5], "texture": "#0"},
				"west": {"uv": [6.5, 11.5, 7, 12], "texture": "#0"},
				"up": {"uv": [12, 7, 11.5, 6.5], "texture": "#0"},
				"down": {"uv": [7.5, 11.5, 7, 12], "texture": "#0"}
			}
		},
		{
			"from": [10, 6, 4],
			"to": [11, 7, 5],
			"faces": {
				"north": {"uv": [11.5, 7, 12, 7.5], "texture": "#0"},
				"east": {"uv": [7.5, 11.5, 8, 12], "texture": "#0"},
				"south": {"uv": [11.5, 7.5, 12, 8], "texture": "#0"},
				"west": {"uv": [8, 11.5, 8.5, 12], "texture": "#0"},
				"up": {"uv": [12, 8.5, 11.5, 8], "texture": "#0"},
				"down": {"uv": [9, 11.5, 8.5, 12], "texture": "#0"}
			}
		},
		{
			"from": [5, 12, 8],
			"to": [6, 13, 9],
			"faces": {
				"north": {"uv": [11.5, 8.5, 12, 9], "texture": "#0"},
				"east": {"uv": [9, 11.5, 9.5, 12], "texture": "#0"},
				"south": {"uv": [9.5, 11.5, 10, 12], "texture": "#0"},
				"west": {"uv": [10, 11.5, 10.5, 12], "texture": "#0"},
				"up": {"uv": [12, 10.5, 11.5, 10], "texture": "#0"},
				"down": {"uv": [11, 11.5, 10.5, 12], "texture": "#0"}
			}
		},
		{
			"from": [9, 12, 7],
			"to": [10, 13, 9],
			"faces": {
				"north": {"uv": [11.5, 10.5, 12, 11], "texture": "#0"},
				"east": {"uv": [3, 10, 4, 10.5], "texture": "#0"},
				"south": {"uv": [11, 11.5, 11.5, 12], "texture": "#0"},
				"west": {"uv": [4, 10, 5, 10.5], "texture": "#0"},
				"up": {"uv": [5.5, 11, 5, 10], "texture": "#0"},
				"down": {"uv": [6, 10, 5.5, 11], "texture": "#0"}
			}
		},
		{
			"from": [8, 12, 9],
			"to": [9, 13, 10],
			"faces": {
				"north": {"uv": [11.5, 11, 12, 11.5], "texture": "#0"},
				"east": {"uv": [11.5, 11.5, 12, 12], "texture": "#0"},
				"south": {"uv": [0, 12, 0.5, 12.5], "texture": "#0"},
				"west": {"uv": [12, 0, 12.5, 0.5], "texture": "#0"},
				"up": {"uv": [1, 12.5, 0.5, 12], "texture": "#0"},
				"down": {"uv": [12.5, 0.5, 12, 1], "texture": "#0"}
			}
		},
		{
			"from": [9, 12, 10],
			"to": [10, 13, 11],
			"faces": {
				"north": {"uv": [1, 12, 1.5, 12.5], "texture": "#0"},
				"east": {"uv": [12, 1, 12.5, 1.5], "texture": "#0"},
				"south": {"uv": [1.5, 12, 2, 12.5], "texture": "#0"},
				"west": {"uv": [12, 1.5, 12.5, 2], "texture": "#0"},
				"up": {"uv": [2.5, 12.5, 2, 12], "texture": "#0"},
				"down": {"uv": [12.5, 2, 12, 2.5], "texture": "#0"}
			}
		},
		{
			"from": [10, 12, 8],
			"to": [11, 13, 9],
			"faces": {
				"north": {"uv": [2.5, 12, 3, 12.5], "texture": "#0"},
				"east": {"uv": [12, 2.5, 12.5, 3], "texture": "#0"},
				"south": {"uv": [3, 12, 3.5, 12.5], "texture": "#0"},
				"west": {"uv": [12, 3, 12.5, 3.5], "texture": "#0"},
				"up": {"uv": [4, 12.5, 3.5, 12], "texture": "#0"},
				"down": {"uv": [12.5, 3.5, 12, 4], "texture": "#0"}
			}
		},
		{
			"from": [6, 12, 9],
			"to": [7, 13, 10],
			"faces": {
				"north": {"uv": [4, 12, 4.5, 12.5], "texture": "#0"},
				"east": {"uv": [12, 4, 12.5, 4.5], "texture": "#0"},
				"south": {"uv": [4.5, 12, 5, 12.5], "texture": "#0"},
				"west": {"uv": [12, 4.5, 12.5, 5], "texture": "#0"},
				"up": {"uv": [5.5, 12.5, 5, 12], "texture": "#0"},
				"down": {"uv": [12.5, 5, 12, 5.5], "texture": "#0"}
			}
		},
		{
			"from": [7, 12, 6],
			"to": [8, 13, 7],
			"faces": {
				"north": {"uv": [5.5, 12, 6, 12.5], "texture": "#0"},
				"east": {"uv": [12, 5.5, 12.5, 6], "texture": "#0"},
				"south": {"uv": [6, 12, 6.5, 12.5], "texture": "#0"},
				"west": {"uv": [12, 6, 12.5, 6.5], "texture": "#0"},
				"up": {"uv": [7, 12.5, 6.5, 12], "texture": "#0"},
				"down": {"uv": [12.5, 6.5, 12, 7], "texture": "#0"}
			}
		},
		{
			"from": [7, 12, 11],
			"to": [8, 13, 12],
			"faces": {
				"north": {"uv": [7, 12, 7.5, 12.5], "texture": "#0"},
				"east": {"uv": [12, 7, 12.5, 7.5], "texture": "#0"},
				"south": {"uv": [7.5, 12, 8, 12.5], "texture": "#0"},
				"west": {"uv": [12, 7.5, 12.5, 8], "texture": "#0"},
				"up": {"uv": [8.5, 12.5, 8, 12], "texture": "#0"},
				"down": {"uv": [12.5, 8, 12, 8.5], "texture": "#0"}
			}
		},
		{
			"from": [5, 12, 4],
			"to": [6, 13, 5],
			"faces": {
				"north": {"uv": [8.5, 12, 9, 12.5], "texture": "#0"},
				"east": {"uv": [12, 8.5, 12.5, 9], "texture": "#0"},
				"south": {"uv": [9, 12, 9.5, 12.5], "texture": "#0"},
				"west": {"uv": [12, 9, 12.5, 9.5], "texture": "#0"},
				"up": {"uv": [10, 12.5, 9.5, 12], "texture": "#0"},
				"down": {"uv": [12.5, 9.5, 12, 10], "texture": "#0"}
			}
		},
		{
			"from": [5, 12, 6],
			"to": [6, 13, 7],
			"faces": {
				"north": {"uv": [10, 12, 10.5, 12.5], "texture": "#0"},
				"east": {"uv": [12, 10, 12.5, 10.5], "texture": "#0"},
				"south": {"uv": [10.5, 12, 11, 12.5], "texture": "#0"},
				"west": {"uv": [12, 10.5, 12.5, 11], "texture": "#0"},
				"up": {"uv": [11.5, 12.5, 11, 12], "texture": "#0"},
				"down": {"uv": [12.5, 11, 12, 11.5], "texture": "#0"}
			}
		},
		{
			"from": [9, 12, 5],
			"to": [10, 13, 6],
			"faces": {
				"north": {"uv": [11.5, 12, 12, 12.5], "texture": "#0"},
				"east": {"uv": [12, 11.5, 12.5, 12], "texture": "#0"},
				"south": {"uv": [12, 12, 12.5, 12.5], "texture": "#0"},
				"west": {"uv": [0, 12.5, 0.5, 13], "texture": "#0"},
				"up": {"uv": [13, 0.5, 12.5, 0], "texture": "#0"},
				"down": {"uv": [1, 12.5, 0.5, 13], "texture": "#0"}
			}
		},
		{
			"from": [8, 12, 4],
			"to": [9, 13, 5],
			"faces": {
				"north": {"uv": [12.5, 0.5, 13, 1], "texture": "#0"},
				"east": {"uv": [1, 12.5, 1.5, 13], "texture": "#0"},
				"south": {"uv": [12.5, 1, 13, 1.5], "texture": "#0"},
				"west": {"uv": [1.5, 12.5, 2, 13], "texture": "#0"},
				"up": {"uv": [13, 2, 12.5, 1.5], "texture": "#0"},
				"down": {"uv": [2.5, 12.5, 2, 13], "texture": "#0"}
			}
		},
		{
			"from": [4, 10, 4],
			"to": [5, 11, 5],
			"faces": {
				"north": {"uv": [12.5, 2, 13, 2.5], "texture": "#0"},
				"east": {"uv": [2.5, 12.5, 3, 13], "texture": "#0"},
				"south": {"uv": [12.5, 2.5, 13, 3], "texture": "#0"},
				"west": {"uv": [3, 12.5, 3.5, 13], "texture": "#0"},
				"up": {"uv": [13, 3.5, 12.5, 3], "texture": "#0"},
				"down": {"uv": [4, 12.5, 3.5, 13], "texture": "#0"}
			}
		},
		{
			"from": [9, 8, 3],
			"to": [11, 9, 4],
			"faces": {
				"north": {"uv": [6, 10, 7, 10.5], "texture": "#0"},
				"east": {"uv": [12.5, 3.5, 13, 4], "texture": "#0"},
				"south": {"uv": [7, 10, 8, 10.5], "texture": "#0"},
				"west": {"uv": [4, 12.5, 4.5, 13], "texture": "#0"},
				"up": {"uv": [11, 7.5, 10, 7], "texture": "#0"},
				"down": {"uv": [11, 7.5, 10, 8], "texture": "#0"}
			}
		},
		{
			"from": [5, 8, 3],
			"to": [6, 9, 4],
			"faces": {
				"north": {"uv": [12.5, 4, 13, 4.5], "texture": "#0"},
				"east": {"uv": [4.5, 12.5, 5, 13], "texture": "#0"},
				"south": {"uv": [12.5, 4.5, 13, 5], "texture": "#0"},
				"west": {"uv": [5, 12.5, 5.5, 13], "texture": "#0"},
				"up": {"uv": [13, 5.5, 12.5, 5], "texture": "#0"},
				"down": {"uv": [6, 12.5, 5.5, 13], "texture": "#0"}
			}
		},
		{
			"from": [3, 8, 7],
			"to": [4, 9, 8],
			"faces": {
				"north": {"uv": [12.5, 5.5, 13, 6], "texture": "#0"},
				"east": {"uv": [6, 12.5, 6.5, 13], "texture": "#0"},
				"south": {"uv": [12.5, 6, 13, 6.5], "texture": "#0"},
				"west": {"uv": [6.5, 12.5, 7, 13], "texture": "#0"},
				"up": {"uv": [13, 7, 12.5, 6.5], "texture": "#0"},
				"down": {"uv": [7.5, 12.5, 7, 13], "texture": "#0"}
			}
		},
		{
			"from": [3, 9, 8],
			"to": [4, 10, 10],
			"faces": {
				"north": {"uv": [12.5, 7, 13, 7.5], "texture": "#0"},
				"east": {"uv": [8, 10, 9, 10.5], "texture": "#0"},
				"south": {"uv": [7.5, 12.5, 8, 13], "texture": "#0"},
				"west": {"uv": [10, 8, 11, 8.5], "texture": "#0"},
				"up": {"uv": [9.5, 11, 9, 10], "texture": "#0"},
				"down": {"uv": [10, 10, 9.5, 11], "texture": "#0"}
			}
		},
		{
			"from": [4, 10, 7],
			"to": [5, 11, 8],
			"faces": {
				"north": {"uv": [12.5, 7.5, 13, 8], "texture": "#0"},
				"east": {"uv": [8, 12.5, 8.5, 13], "texture": "#0"},
				"south": {"uv": [12.5, 8, 13, 8.5], "texture": "#0"},
				"west": {"uv": [8.5, 12.5, 9, 13], "texture": "#0"},
				"up": {"uv": [13, 9, 12.5, 8.5], "texture": "#0"},
				"down": {"uv": [9.5, 12.5, 9, 13], "texture": "#0"}
			}
		},
		{
			"from": [4, 11, 6],
			"to": [5, 12, 7],
			"faces": {
				"north": {"uv": [12.5, 9, 13, 9.5], "texture": "#0"},
				"east": {"uv": [9.5, 12.5, 10, 13], "texture": "#0"},
				"south": {"uv": [12.5, 9.5, 13, 10], "texture": "#0"},
				"west": {"uv": [10, 12.5, 10.5, 13], "texture": "#0"},
				"up": {"uv": [13, 10.5, 12.5, 10], "texture": "#0"},
				"down": {"uv": [11, 12.5, 10.5, 13], "texture": "#0"}
			}
		},
		{
			"from": [3, 9, 5],
			"to": [4, 10, 6],
			"faces": {
				"north": {"uv": [12.5, 10.5, 13, 11], "texture": "#0"},
				"east": {"uv": [11, 12.5, 11.5, 13], "texture": "#0"},
				"south": {"uv": [12.5, 11, 13, 11.5], "texture": "#0"},
				"west": {"uv": [11.5, 12.5, 12, 13], "texture": "#0"},
				"up": {"uv": [13, 12, 12.5, 11.5], "texture": "#0"},
				"down": {"uv": [12.5, 12.5, 12, 13], "texture": "#0"}
			}
		},
		{
			"from": [3, 8, 11],
			"to": [4, 9, 12],
			"faces": {
				"north": {"uv": [12.5, 12, 13, 12.5], "texture": "#0"},
				"east": {"uv": [12.5, 12.5, 13, 13], "texture": "#0"},
				"south": {"uv": [0, 13, 0.5, 13.5], "texture": "#0"},
				"west": {"uv": [13, 0, 13.5, 0.5], "texture": "#0"},
				"up": {"uv": [1, 13.5, 0.5, 13], "texture": "#0"},
				"down": {"uv": [13.5, 0.5, 13, 1], "texture": "#0"}
			}
		},
		{
			"from": [4, 9, 12],
			"to": [5, 10, 13],
			"faces": {
				"north": {"uv": [1, 13, 1.5, 13.5], "texture": "#0"},
				"east": {"uv": [13, 1, 13.5, 1.5], "texture": "#0"},
				"south": {"uv": [1.5, 13, 2, 13.5], "texture": "#0"},
				"west": {"uv": [13, 1.5, 13.5, 2], "texture": "#0"},
				"up": {"uv": [2.5, 13.5, 2, 13], "texture": "#0"},
				"down": {"uv": [13.5, 2, 13, 2.5], "texture": "#0"}
			}
		},
		{
			"from": [8, 8, 12],
			"to": [9, 9, 13],
			"faces": {
				"north": {"uv": [2.5, 13, 3, 13.5], "texture": "#0"},
				"east": {"uv": [13, 2.5, 13.5, 3], "texture": "#0"},
				"south": {"uv": [3, 13, 3.5, 13.5], "texture": "#0"},
				"west": {"uv": [13, 3, 13.5, 3.5], "texture": "#0"},
				"up": {"uv": [4, 13.5, 3.5, 13], "texture": "#0"},
				"down": {"uv": [13.5, 3.5, 13, 4], "texture": "#0"}
			}
		},
		{
			"from": [11, 8, 12],
			"to": [12, 9, 13],
			"faces": {
				"north": {"uv": [4, 13, 4.5, 13.5], "texture": "#0"},
				"east": {"uv": [13, 4, 13.5, 4.5], "texture": "#0"},
				"south": {"uv": [4.5, 13, 5, 13.5], "texture": "#0"},
				"west": {"uv": [13, 4.5, 13.5, 5], "texture": "#0"},
				"up": {"uv": [5.5, 13.5, 5, 13], "texture": "#0"},
				"down": {"uv": [13.5, 5, 13, 5.5], "texture": "#0"}
			}
		},
		{
			"from": [6, 8, 12],
			"to": [7, 9, 13],
			"faces": {
				"north": {"uv": [5.5, 13, 6, 13.5], "texture": "#0"},
				"east": {"uv": [13, 5.5, 13.5, 6], "texture": "#0"},
				"south": {"uv": [6, 13, 6.5, 13.5], "texture": "#0"},
				"west": {"uv": [13, 6, 13.5, 6.5], "texture": "#0"},
				"up": {"uv": [7, 13.5, 6.5, 13], "texture": "#0"},
				"down": {"uv": [13.5, 6.5, 13, 7], "texture": "#0"}
			}
		},
		{
			"from": [8, 10, 11],
			"to": [9, 11, 12],
			"faces": {
				"north": {"uv": [7, 13, 7.5, 13.5], "texture": "#0"},
				"east": {"uv": [13, 7, 13.5, 7.5], "texture": "#0"},
				"south": {"uv": [7.5, 13, 8, 13.5], "texture": "#0"},
				"west": {"uv": [13, 7.5, 13.5, 8], "texture": "#0"},
				"up": {"uv": [8.5, 13.5, 8, 13], "texture": "#0"},
				"down": {"uv": [13.5, 8, 13, 8.5], "texture": "#0"}
			}
		},
		{
			"from": [5, 7, 11],
			"to": [7, 8, 12],
			"faces": {
				"north": {"uv": [10, 8.5, 11, 9], "texture": "#0"},
				"east": {"uv": [8.5, 13, 9, 13.5], "texture": "#0"},
				"south": {"uv": [10, 10, 11, 10.5], "texture": "#0"},
				"west": {"uv": [13, 8.5, 13.5, 9], "texture": "#0"},
				"up": {"uv": [4, 11, 3, 10.5], "texture": "#0"},
				"down": {"uv": [5, 10.5, 4, 11], "texture": "#0"}
			}
		},
		{
			"from": [9, 7, 11],
			"to": [10, 8, 12],
			"faces": {
				"north": {"uv": [9, 13, 9.5, 13.5], "texture": "#0"},
				"east": {"uv": [13, 9, 13.5, 9.5], "texture": "#0"},
				"south": {"uv": [9.5, 13, 10, 13.5], "texture": "#0"},
				"west": {"uv": [13, 9.5, 13.5, 10], "texture": "#0"},
				"up": {"uv": [10.5, 13.5, 10, 13], "texture": "#0"},
				"down": {"uv": [13.5, 10, 13, 10.5], "texture": "#0"}
			}
		},
		{
			"from": [8, 6, 11],
			"to": [9, 7, 12],
			"faces": {
				"north": {"uv": [10.5, 13, 11, 13.5], "texture": "#0"},
				"east": {"uv": [13, 10.5, 13.5, 11], "texture": "#0"},
				"south": {"uv": [11, 13, 11.5, 13.5], "texture": "#0"},
				"west": {"uv": [13, 11, 13.5, 11.5], "texture": "#0"},
				"up": {"uv": [12, 13.5, 11.5, 13], "texture": "#0"},
				"down": {"uv": [13.5, 11.5, 13, 12], "texture": "#0"}
			}
		},
		{
			"from": [6, 6, 11],
			"to": [7, 7, 12],
			"faces": {
				"north": {"uv": [12, 13, 12.5, 13.5], "texture": "#0"},
				"east": {"uv": [13, 12, 13.5, 12.5], "texture": "#0"},
				"south": {"uv": [12.5, 13, 13, 13.5], "texture": "#0"},
				"west": {"uv": [13, 12.5, 13.5, 13], "texture": "#0"},
				"up": {"uv": [13.5, 13.5, 13, 13], "texture": "#0"},
				"down": {"uv": [0.5, 13.5, 0, 14], "texture": "#0"}
			}
		},
		{
			"from": [4, 6, 11],
			"to": [5, 7, 12],
			"faces": {
				"north": {"uv": [13.5, 0, 14, 0.5], "texture": "#0"},
				"east": {"uv": [0.5, 13.5, 1, 14], "texture": "#0"},
				"south": {"uv": [13.5, 0.5, 14, 1], "texture": "#0"},
				"west": {"uv": [1, 13.5, 1.5, 14], "texture": "#0"},
				"up": {"uv": [14, 1.5, 13.5, 1], "texture": "#0"},
				"down": {"uv": [2, 13.5, 1.5, 14], "texture": "#0"}
			}
		},
		{
			"from": [5, 10, 11],
			"to": [6, 11, 12],
			"faces": {
				"north": {"uv": [13.5, 1.5, 14, 2], "texture": "#0"},
				"east": {"uv": [2, 13.5, 2.5, 14], "texture": "#0"},
				"south": {"uv": [13.5, 2, 14, 2.5], "texture": "#0"},
				"west": {"uv": [2.5, 13.5, 3, 14], "texture": "#0"},
				"up": {"uv": [14, 3, 13.5, 2.5], "texture": "#0"},
				"down": {"uv": [3.5, 13.5, 3, 14], "texture": "#0"}
			}
		},
		{
			"from": [6, 11, 11],
			"to": [7, 12, 12],
			"faces": {
				"north": {"uv": [13.5, 3, 14, 3.5], "texture": "#0"},
				"east": {"uv": [3.5, 13.5, 4, 14], "texture": "#0"},
				"south": {"uv": [13.5, 3.5, 14, 4], "texture": "#0"},
				"west": {"uv": [4, 13.5, 4.5, 14], "texture": "#0"},
				"up": {"uv": [14, 4.5, 13.5, 4], "texture": "#0"},
				"down": {"uv": [5, 13.5, 4.5, 14], "texture": "#0"}
			}
		},
		{
			"from": [11, 10, 11],
			"to": [12, 11, 12],
			"faces": {
				"north": {"uv": [13.5, 4.5, 14, 5], "texture": "#0"},
				"east": {"uv": [5, 13.5, 5.5, 14], "texture": "#0"},
				"south": {"uv": [13.5, 5, 14, 5.5], "texture": "#0"},
				"west": {"uv": [5.5, 13.5, 6, 14], "texture": "#0"},
				"up": {"uv": [14, 6, 13.5, 5.5], "texture": "#0"},
				"down": {"uv": [6.5, 13.5, 6, 14], "texture": "#0"}
			}
		},
		{
			"from": [11, 11, 10],
			"to": [12, 12, 11],
			"faces": {
				"north": {"uv": [13.5, 6, 14, 6.5], "texture": "#0"},
				"east": {"uv": [6.5, 13.5, 7, 14], "texture": "#0"},
				"south": {"uv": [13.5, 6.5, 14, 7], "texture": "#0"},
				"west": {"uv": [7, 13.5, 7.5, 14], "texture": "#0"},
				"up": {"uv": [14, 7.5, 13.5, 7], "texture": "#0"},
				"down": {"uv": [8, 13.5, 7.5, 14], "texture": "#0"}
			}
		},
		{
			"from": [11, 6, 10],
			"to": [12, 7, 11],
			"faces": {
				"north": {"uv": [13.5, 7.5, 14, 8], "texture": "#0"},
				"east": {"uv": [8, 13.5, 8.5, 14], "texture": "#0"},
				"south": {"uv": [13.5, 8, 14, 8.5], "texture": "#0"},
				"west": {"uv": [8.5, 13.5, 9, 14], "texture": "#0"},
				"up": {"uv": [14, 9, 13.5, 8.5], "texture": "#0"},
				"down": {"uv": [9.5, 13.5, 9, 14], "texture": "#0"}
			}
		},
		{
			"from": [11, 7, 8],
			"to": [12, 8, 9],
			"faces": {
				"north": {"uv": [13.5, 9, 14, 9.5], "texture": "#0"},
				"east": {"uv": [9.5, 13.5, 10, 14], "texture": "#0"},
				"south": {"uv": [13.5, 9.5, 14, 10], "texture": "#0"},
				"west": {"uv": [10, 13.5, 10.5, 14], "texture": "#0"},
				"up": {"uv": [14, 10.5, 13.5, 10], "texture": "#0"},
				"down": {"uv": [11, 13.5, 10.5, 14], "texture": "#0"}
			}
		},
		{
			"from": [11, 7, 11],
			"to": [12, 8, 12],
			"faces": {
				"north": {"uv": [13.5, 10.5, 14, 11], "texture": "#0"},
				"east": {"uv": [11, 13.5, 11.5, 14], "texture": "#0"},
				"south": {"uv": [13.5, 11, 14, 11.5], "texture": "#0"},
				"west": {"uv": [11.5, 13.5, 12, 14], "texture": "#0"},
				"up": {"uv": [14, 12, 13.5, 11.5], "texture": "#0"},
				"down": {"uv": [12.5, 13.5, 12, 14], "texture": "#0"}
			}
		},
		{
			"from": [11, 6, 6],
			"to": [12, 7, 7],
			"faces": {
				"north": {"uv": [13.5, 12, 14, 12.5], "texture": "#0"},
				"east": {"uv": [12.5, 13.5, 13, 14], "texture": "#0"},
				"south": {"uv": [13.5, 12.5, 14, 13], "texture": "#0"},
				"west": {"uv": [13, 13.5, 13.5, 14], "texture": "#0"},
				"up": {"uv": [14, 13.5, 13.5, 13], "texture": "#0"},
				"down": {"uv": [14, 13.5, 13.5, 14], "texture": "#0"}
			}
		},
		{
			"from": [11, 7, 5],
			"to": [12, 8, 6],
			"faces": {
				"north": {"uv": [0, 14, 0.5, 14.5], "texture": "#0"},
				"east": {"uv": [14, 0, 14.5, 0.5], "texture": "#0"},
				"south": {"uv": [0.5, 14, 1, 14.5], "texture": "#0"},
				"west": {"uv": [14, 0.5, 14.5, 1], "texture": "#0"},
				"up": {"uv": [1.5, 14.5, 1, 14], "texture": "#0"},
				"down": {"uv": [14.5, 1, 14, 1.5], "texture": "#0"}
			}
		},
		{
			"from": [11, 10, 5],
			"to": [12, 11, 6],
			"faces": {
				"north": {"uv": [1.5, 14, 2, 14.5], "texture": "#0"},
				"east": {"uv": [14, 1.5, 14.5, 2], "texture": "#0"},
				"south": {"uv": [2, 14, 2.5, 14.5], "texture": "#0"},
				"west": {"uv": [14, 2, 14.5, 2.5], "texture": "#0"},
				"up": {"uv": [3, 14.5, 2.5, 14], "texture": "#0"},
				"down": {"uv": [14.5, 2.5, 14, 3], "texture": "#0"}
			}
		},
		{
			"from": [11, 10, 7],
			"to": [12, 11, 9],
			"faces": {
				"north": {"uv": [3, 14, 3.5, 14.5], "texture": "#0"},
				"east": {"uv": [6, 10.5, 7, 11], "texture": "#0"},
				"south": {"uv": [14, 3, 14.5, 3.5], "texture": "#0"},
				"west": {"uv": [7, 10.5, 8, 11], "texture": "#0"},
				"up": {"uv": [8.5, 11.5, 8, 10.5], "texture": "#0"},
				"down": {"uv": [9, 10.5, 8.5, 11.5], "texture": "#0"}
			}
		},
		{
			"from": [11, 11, 6],
			"to": [12, 12, 7],
			"faces": {
				"north": {"uv": [3.5, 14, 4, 14.5], "texture": "#0"},
				"east": {"uv": [14, 3.5, 14.5, 4], "texture": "#0"},
				"south": {"uv": [4, 14, 4.5, 14.5], "texture": "#0"},
				"west": {"uv": [14, 4, 14.5, 4.5], "texture": "#0"},
				"up": {"uv": [5, 14.5, 4.5, 14], "texture": "#0"},
				"down": {"uv": [14.5, 4.5, 14, 5], "texture": "#0"}
			}
		},
		{
			"from": [12, 9, 7],
			"to": [13, 10, 8],
			"faces": {
				"north": {"uv": [5, 14, 5.5, 14.5], "texture": "#0"},
				"east": {"uv": [14, 5, 14.5, 5.5], "texture": "#0"},
				"south": {"uv": [5.5, 14, 6, 14.5], "texture": "#0"},
				"west": {"uv": [14, 5.5, 14.5, 6], "texture": "#0"},
				"up": {"uv": [6.5, 14.5, 6, 14], "texture": "#0"},
				"down": {"uv": [14.5, 6, 14, 6.5], "texture": "#0"}
			}
		},
		{
			"from": [12, 8, 10],
			"to": [13, 9, 11],
			"faces": {
				"north": {"uv": [6.5, 14, 7, 14.5], "texture": "#0"},
				"east": {"uv": [14, 6.5, 14.5, 7], "texture": "#0"},
				"south": {"uv": [7, 14, 7.5, 14.5], "texture": "#0"},
				"west": {"uv": [14, 7, 14.5, 7.5], "texture": "#0"},
				"up": {"uv": [8, 14.5, 7.5, 14], "texture": "#0"},
				"down": {"uv": [14.5, 7.5, 14, 8], "texture": "#0"}
			}
		},
		{
			"from": [12, 8, 4],
			"to": [13, 9, 5],
			"faces": {
				"north": {"uv": [8, 14, 8.5, 14.5], "texture": "#0"},
				"east": {"uv": [14, 8, 14.5, 8.5], "texture": "#0"},
				"south": {"uv": [8.5, 14, 9, 14.5], "texture": "#0"},
				"west": {"uv": [14, 8.5, 14.5, 9], "texture": "#0"},
				"up": {"uv": [9.5, 14.5, 9, 14], "texture": "#0"},
				"down": {"uv": [14.5, 9, 14, 9.5], "texture": "#0"}
			}
		},
		{
			"from": [12, 8, 8],
			"to": [13, 9, 9],
			"faces": {
				"north": {"uv": [9.5, 14, 10, 14.5], "texture": "#0"},
				"east": {"uv": [14, 9.5, 14.5, 10], "texture": "#0"},
				"south": {"uv": [10, 14, 10.5, 14.5], "texture": "#0"},
				"west": {"uv": [14, 10, 14.5, 10.5], "texture": "#0"},
				"up": {"uv": [11, 14.5, 10.5, 14], "texture": "#0"},
				"down": {"uv": [14.5, 10.5, 14, 11], "texture": "#0"}
			}
		},
		{
			"from": [9, 11, 11],
			"to": [11, 12, 12],
			"faces": {
				"north": {"uv": [10, 10.5, 11, 11], "texture": "#0"},
				"east": {"uv": [11, 14, 11.5, 14.5], "texture": "#0"},
				"south": {"uv": [0, 11, 1, 11.5], "texture": "#0"},
				"west": {"uv": [14, 11, 14.5, 11.5], "texture": "#0"},
				"up": {"uv": [12, 0.5, 11, 0], "texture": "#0"},
				"down": {"uv": [12, 0.5, 11, 1], "texture": "#0"}
			}
		},
		{
			"from": [9, 9, 12],
			"to": [11, 10, 13],
			"faces": {
				"north": {"uv": [1, 11, 2, 11.5], "texture": "#0"},
				"east": {"uv": [11.5, 14, 12, 14.5], "texture": "#0"},
				"south": {"uv": [11, 1, 12, 1.5], "texture": "#0"},
				"west": {"uv": [14, 11.5, 14.5, 12], "texture": "#0"},
				"up": {"uv": [12, 2, 11, 1.5], "texture": "#0"},
				"down": {"uv": [3, 11, 2, 11.5], "texture": "#0"}
			}
		},
		{
			"from": [4, 10, 10],
			"to": [5, 11, 11],
			"faces": {
				"north": {"uv": [12, 14, 12.5, 14.5], "texture": "#0"},
				"east": {"uv": [14, 12, 14.5, 12.5], "texture": "#0"},
				"south": {"uv": [12.5, 14, 13, 14.5], "texture": "#0"},
				"west": {"uv": [14, 12.5, 14.5, 13], "texture": "#0"},
				"up": {"uv": [13.5, 14.5, 13, 14], "texture": "#0"},
				"down": {"uv": [14.5, 13, 14, 13.5], "texture": "#0"}
			}
		},
		{
			"from": [4, 7, 9],
			"to": [5, 8, 11],
			"faces": {
				"north": {"uv": [13.5, 14, 14, 14.5], "texture": "#0"},
				"east": {"uv": [11, 2, 12, 2.5], "texture": "#0"},
				"south": {"uv": [14, 13.5, 14.5, 14], "texture": "#0"},
				"west": {"uv": [11, 2.5, 12, 3], "texture": "#0"},
				"up": {"uv": [3.5, 12, 3, 11], "texture": "#0"},
				"down": {"uv": [11.5, 3, 11, 4], "texture": "#0"}
			}
		},
		{
			"from": [4, 7, 6],
			"to": [5, 8, 7],
			"faces": {
				"north": {"uv": [14, 14, 14.5, 14.5], "texture": "#0"},
				"east": {"uv": [0, 14.5, 0.5, 15], "texture": "#0"},
				"south": {"uv": [14.5, 0, 15, 0.5], "texture": "#0"},
				"west": {"uv": [0.5, 14.5, 1, 15], "texture": "#0"},
				"up": {"uv": [15, 1, 14.5, 0.5], "texture": "#0"},
				"down": {"uv": [1.5, 14.5, 1, 15], "texture": "#0"}
			}
		},
		{
			"from": [4, 6, 7],
			"to": [5, 7, 8],
			"faces": {
				"north": {"uv": [14.5, 1, 15, 1.5], "texture": "#0"},
				"east": {"uv": [1.5, 14.5, 2, 15], "texture": "#0"},
				"south": {"uv": [14.5, 1.5, 15, 2], "texture": "#0"},
				"west": {"uv": [2, 14.5, 2.5, 15], "texture": "#0"},
				"up": {"uv": [15, 2.5, 14.5, 2], "texture": "#0"},
				"down": {"uv": [3, 14.5, 2.5, 15], "texture": "#0"}
			}
		},
		{
			"from": [4, 11, 9],
			"to": [5, 13, 10],
			"faces": {
				"north": {"uv": [3.5, 11, 4, 12], "texture": "#0"},
				"east": {"uv": [4, 11, 4.5, 12], "texture": "#0"},
				"south": {"uv": [11, 4, 11.5, 5], "texture": "#0"},
				"west": {"uv": [4.5, 11, 5, 12], "texture": "#0"},
				"up": {"uv": [15, 3, 14.5, 2.5], "texture": "#0"},
				"down": {"uv": [3.5, 14.5, 3, 15], "texture": "#0"}
			}
		},
		{
			"from": [7, 3, 3],
			"to": [9, 5, 5],
			"faces": {
				"north": {"uv": [0, 0, 2, 2], "texture": "#1"},
				"east": {"uv": [0, 2, 2, 4], "texture": "#1"},
				"south": {"uv": [2, 0, 4, 2], "texture": "#1"},
				"west": {"uv": [2, 2, 4, 4], "texture": "#1"},
				"up": {"uv": [2, 6, 0, 4], "texture": "#1"},
				"down": {"uv": [6, 0, 4, 2], "texture": "#1"}
			}
		},
		{
			"from": [7.25, 5, 3.25],
			"to": [8.75, 5.25, 4.75],
			"faces": {
				"north": {"uv": [2, 8, 4, 9], "texture": "#1"},
				"east": {"uv": [8, 2, 10, 3], "texture": "#1"},
				"south": {"uv": [8, 3, 10, 4], "texture": "#1"},
				"west": {"uv": [4, 8, 6, 9], "texture": "#1"},
				"up": {"uv": [4, 6, 2, 4], "texture": "#1"},
				"down": {"uv": [6, 2, 4, 4], "texture": "#1"}
			}
		},
		{
			"from": [7.25, 2.75, 3.25],
			"to": [8.75, 3, 4.75],
			"faces": {
				"north": {"uv": [8, 4, 10, 5], "texture": "#1"},
				"east": {"uv": [8, 5, 10, 6], "texture": "#1"},
				"south": {"uv": [6, 8, 8, 9], "texture": "#1"},
				"west": {"uv": [8, 6, 10, 7], "texture": "#1"},
				"up": {"uv": [6, 6, 4, 4], "texture": "#1"},
				"down": {"uv": [2, 6, 0, 8], "texture": "#1"}
			}
		},
		{
			"from": [7.25, 3.25, 2.75],
			"to": [8.75, 4.75, 3],
			"faces": {
				"north": {"uv": [6, 0, 8, 2], "texture": "#1"},
				"east": {"uv": [8, 7, 9, 9], "texture": "#1"},
				"south": {"uv": [2, 6, 4, 8], "texture": "#1"},
				"west": {"uv": [2, 9, 3, 11], "texture": "#1"},
				"up": {"uv": [5, 10, 3, 9], "texture": "#1"},
				"down": {"uv": [7, 9, 5, 10], "texture": "#1"}
			}
		},
		{
			"from": [7.25, 3.25, 5],
			"to": [8.75, 4.75, 5.25],
			"faces": {
				"north": {"uv": [6, 2, 8, 4], "texture": "#1"},
				"east": {"uv": [7, 9, 8, 11], "texture": "#1"},
				"south": {"uv": [4, 6, 6, 8], "texture": "#1"},
				"west": {"uv": [9, 7, 10, 9], "texture": "#1"},
				"up": {"uv": [10, 10, 8, 9], "texture": "#1"},
				"down": {"uv": [2, 10, 0, 11], "texture": "#1"}
			}
		},
		{
			"from": [6.75, 3.25, 3.25],
			"to": [7, 4.75, 4.75],
			"faces": {
				"north": {"uv": [10, 0, 11, 2], "texture": "#1"},
				"east": {"uv": [6, 4, 8, 6], "texture": "#1"},
				"south": {"uv": [10, 2, 11, 4], "texture": "#1"},
				"west": {"uv": [6, 6, 8, 8], "texture": "#1"},
				"up": {"uv": [4, 12, 3, 10], "texture": "#1"},
				"down": {"uv": [5, 10, 4, 12], "texture": "#1"}
			}
		},
		{
			"from": [9, 3.25, 3.25],
			"to": [9.25, 4.75, 4.75],
			"faces": {
				"north": {"uv": [10, 4, 11, 6], "texture": "#1"},
				"east": {"uv": [0, 8, 2, 10], "texture": "#1"},
				"south": {"uv": [5, 10, 6, 12], "texture": "#1"},
				"west": {"uv": [8, 0, 10, 2], "texture": "#1"},
				"up": {"uv": [7, 12, 6, 10], "texture": "#1"},
				"down": {"uv": [11, 6, 10, 8], "texture": "#1"}
			}
		}
	],
	"display": {
		"thirdperson_righthand": {
			"translation": [0, 1, 0]
		},
		"thirdperson_lefthand": {
			"translation": [0, 1, 0]
		},
		"firstperson_righthand": {
			"translation": [0, 2, 0]
		},
		"firstperson_lefthand": {
			"translation": [0, 2, 0]
		},
		"ground": {
			"translation": [0, 6, 0],
			"scale": [1.9, 1.9, 1.9]
		},
		"gui": {
			"rotation": [21, 162, 0]
		},
		"head": {
			"translation": [0, 6.25, 0],
			"scale": [2.16, 2.16, 2.16]
		},
		"fixed": {
			"rotation": [-90, 0, 0],
			"translation": [0, 0, -6.25],
			"scale": [4, 4, 4]
		}
	},
	"groups": [
		{
			"name": "group",
			"origin": [0, 0, 0],
			"color": 0,
			"children": [
				0,
				1,
				2,
				3,
				4,
				5,
				6,
				7,
				8,
				9,
				10,
				11,
				12,
				13,
				14,
				15,
				16,
				17,
				18,
				19,
				20,
				21,
				22,
				23,
				24,
				25,
				26,
				27,
				28,
				29,
				30,
				31,
				32,
				33,
				34,
				35,
				36,
				37,
				38,
				39,
				40,
				41,
				42,
				43,
				44,
				45,
				46,
				47,
				48,
				49,
				50,
				51,
				52,
				53,
				54,
				55,
				56,
				57,
				58,
				59,
				60,
				61,
				62,
				63,
				64,
				65
			]
		},
		{
			"name": "group",
			"origin": [0, 0, 0],
			"color": 0,
			"children": [66, 67, 68, 69, 70, 71, 72]
		}
	]
}