{
	"credit": "Made with Blockbench",
	"textures": {
		"0": "block/gold_block",
		"1": "kolonie:block/book_cover_4",
		"particle": "block/gold_block"
	},
	"elements": [
		{
			"from": [3, 0, 7],
			"to": [4, 2, 11],
			"faces": {
				"north": {"uv": [10.42222, 7.17778, 11.42222, 9.17778], "texture": "#0"},
				"east": {"uv": [4, 8.95556, 8, 10.95556], "texture": "#0"},
				"south": {"uv": [4.33333, 4.48889, 5.33333, 6.48889], "texture": "#0"},
				"west": {"uv": [9.11111, 4.26667, 13.11111, 6.26667], "texture": "#0"},
				"up": {"uv": [0, 0, 1, 4], "texture": "#0"},
				"down": {"uv": [0, 0, 1, 4], "texture": "#0"}
			}
		},
		{
			"from": [12, 0, 7],
			"to": [13, 2, 11],
			"faces": {
				"north": {"uv": [10.42222, 7.17778, 11.42222, 9.17778], "texture": "#0"},
				"east": {"uv": [4, 8.95556, 8, 10.95556], "texture": "#0"},
				"south": {"uv": [4.33333, 4.48889, 5.33333, 6.48889], "texture": "#0"},
				"west": {"uv": [9.11111, 4.26667, 13.11111, 6.26667], "texture": "#0"},
				"up": {"uv": [0, 0, 1, 4], "texture": "#0"},
				"down": {"uv": [0, 0, 1, 4], "texture": "#0"}
			}
		},
		{
			"from": [11, 0, 6],
			"to": [12, 2, 7],
			"faces": {
				"north": {"uv": [10.42222, 7.17778, 11.42222, 9.17778], "texture": "#0"},
				"east": {"uv": [4, 8.95556, 5, 10.95556], "texture": "#0"},
				"south": {"uv": [4.33333, 4.48889, 5.33333, 6.48889], "texture": "#0"},
				"west": {"uv": [9.11111, 4.26667, 10.11111, 6.26667], "texture": "#0"},
				"up": {"uv": [0, 0, 1, 1], "texture": "#0"},
				"down": {"uv": [0, 0, 1, 1], "texture": "#0"}
			}
		},
		{
			"from": [10, 0, 5],
			"to": [11, 2, 6],
			"faces": {
				"north": {"uv": [10.42222, 7.17778, 11.42222, 9.17778], "texture": "#0"},
				"east": {"uv": [4, 8.95556, 5, 10.95556], "texture": "#0"},
				"south": {"uv": [4.33333, 4.48889, 5.33333, 6.48889], "texture": "#0"},
				"west": {"uv": [9.11111, 4.26667, 10.11111, 6.26667], "texture": "#0"},
				"up": {"uv": [0, 0, 1, 1], "texture": "#0"},
				"down": {"uv": [0, 0, 1, 1], "texture": "#0"}
			}
		},
		{
			"from": [5, 0, 5],
			"to": [6, 2, 6],
			"faces": {
				"north": {"uv": [10.42222, 7.17778, 11.42222, 9.17778], "texture": "#0"},
				"east": {"uv": [4, 8.95556, 5, 10.95556], "texture": "#0"},
				"south": {"uv": [4.33333, 4.48889, 5.33333, 6.48889], "texture": "#0"},
				"west": {"uv": [9.11111, 4.26667, 10.11111, 6.26667], "texture": "#0"},
				"up": {"uv": [0, 0, 1, 1], "texture": "#0"},
				"down": {"uv": [0, 0, 1, 1], "texture": "#0"}
			}
		},
		{
			"from": [4, 0, 6],
			"to": [5, 2, 7],
			"faces": {
				"north": {"uv": [10.42222, 7.17778, 11.42222, 9.17778], "texture": "#0"},
				"east": {"uv": [4, 8.95556, 5, 10.95556], "texture": "#0"},
				"south": {"uv": [4.33333, 4.48889, 5.33333, 6.48889], "texture": "#0"},
				"west": {"uv": [9.11111, 4.26667, 10.11111, 6.26667], "texture": "#0"},
				"up": {"uv": [0, 0, 1, 1], "texture": "#0"},
				"down": {"uv": [0, 0, 1, 1], "texture": "#0"}
			}
		},
		{
			"from": [4, 0, 11],
			"to": [5, 2, 12],
			"faces": {
				"north": {"uv": [10.42222, 7.17778, 11.42222, 9.17778], "texture": "#0"},
				"east": {"uv": [4, 8.95556, 5, 10.95556], "texture": "#0"},
				"south": {"uv": [4.33333, 4.48889, 5.33333, 6.48889], "texture": "#0"},
				"west": {"uv": [9.11111, 4.26667, 10.11111, 6.26667], "texture": "#0"},
				"up": {"uv": [0, 0, 1, 1], "texture": "#0"},
				"down": {"uv": [0, 0, 1, 1], "texture": "#0"}
			}
		},
		{
			"from": [5, 0, 12],
			"to": [6, 2, 13],
			"faces": {
				"north": {"uv": [10.42222, 7.17778, 11.42222, 9.17778], "texture": "#0"},
				"east": {"uv": [4, 8.95556, 5, 10.95556], "texture": "#0"},
				"south": {"uv": [4.33333, 4.48889, 5.33333, 6.48889], "texture": "#0"},
				"west": {"uv": [9.11111, 4.26667, 10.11111, 6.26667], "texture": "#0"},
				"up": {"uv": [0, 0, 1, 1], "texture": "#0"},
				"down": {"uv": [0, 0, 1, 1], "texture": "#0"}
			}
		},
		{
			"from": [6, 0, 4],
			"to": [10, 2, 5],
			"faces": {
				"north": {"uv": [10.42222, 7.17778, 14.42222, 9.17778], "texture": "#0"},
				"east": {"uv": [4, 8.95556, 5, 10.95556], "texture": "#0"},
				"south": {"uv": [4.33333, 4.48889, 8.33333, 6.48889], "texture": "#0"},
				"west": {"uv": [9.11111, 4.26667, 10.11111, 6.26667], "texture": "#0"},
				"up": {"uv": [0, 0, 4, 1], "texture": "#0"},
				"down": {"uv": [0, 0, 4, 1], "texture": "#0"}
			}
		},
		{
			"from": [6, 0, 13],
			"to": [10, 2, 14],
			"faces": {
				"north": {"uv": [10.42222, 7.17778, 14.42222, 9.17778], "texture": "#0"},
				"east": {"uv": [4, 8.95556, 5, 10.95556], "texture": "#0"},
				"south": {"uv": [4.33333, 4.48889, 8.33333, 6.48889], "texture": "#0"},
				"west": {"uv": [9.11111, 4.26667, 10.11111, 6.26667], "texture": "#0"},
				"up": {"uv": [0, 0, 4, 1], "texture": "#0"},
				"down": {"uv": [0, 0, 4, 1], "texture": "#0"}
			}
		},
		{
			"from": [11, 0, 11],
			"to": [12, 2, 12],
			"faces": {
				"north": {"uv": [10.42222, 7.17778, 11.42222, 9.17778], "texture": "#0"},
				"east": {"uv": [4, 8.95556, 5, 10.95556], "texture": "#0"},
				"south": {"uv": [4.33333, 4.48889, 5.33333, 6.48889], "texture": "#0"},
				"west": {"uv": [9.11111, 4.26667, 10.11111, 6.26667], "texture": "#0"},
				"up": {"uv": [0, 0, 1, 1], "texture": "#0"},
				"down": {"uv": [0, 0, 1, 1], "texture": "#0"}
			}
		},
		{
			"from": [10, 0, 12],
			"to": [11, 2, 13],
			"faces": {
				"north": {"uv": [10.42222, 7.17778, 11.42222, 9.17778], "texture": "#0"},
				"east": {"uv": [4, 8.95556, 5, 10.95556], "texture": "#0"},
				"south": {"uv": [4.33333, 4.48889, 5.33333, 6.48889], "texture": "#0"},
				"west": {"uv": [9.11111, 4.26667, 10.11111, 6.26667], "texture": "#0"},
				"up": {"uv": [0, 0, 1, 1], "texture": "#0"},
				"down": {"uv": [0, 0, 1, 1], "texture": "#0"}
			}
		},
		{
			"from": [7, 2, 13],
			"to": [9, 3, 14],
			"faces": {
				"north": {"uv": [6.71111, 4.86667, 8.71111, 5.86667], "texture": "#0"},
				"east": {"uv": [3.62222, 6.08889, 4.62222, 7.08889], "texture": "#0"},
				"south": {"uv": [3.53333, 4.86667, 5.53333, 5.86667], "texture": "#0"},
				"west": {"uv": [6.82222, 5.95556, 7.82222, 6.95556], "texture": "#0"},
				"up": {"uv": [6.71111, 7.48889, 8.71111, 8.48889], "texture": "#0"},
				"down": {"uv": [5.91111, 3, 7.91111, 4], "texture": "#0"}
			}
		},
		{
			"from": [7, 2, 4],
			"to": [9, 3, 5],
			"faces": {
				"north": {"uv": [6.71111, 4.86667, 8.71111, 5.86667], "texture": "#0"},
				"east": {"uv": [3.62222, 6.08889, 4.62222, 7.08889], "texture": "#0"},
				"south": {"uv": [3.53333, 4.86667, 5.53333, 5.86667], "texture": "#0"},
				"west": {"uv": [6.82222, 5.95556, 7.82222, 6.95556], "texture": "#0"},
				"up": {"uv": [6.71111, 7.48889, 8.71111, 8.48889], "texture": "#0"},
				"down": {"uv": [5.91111, 3, 7.91111, 4], "texture": "#0"}
			}
		},
		{
			"from": [7.25, 3, 4.25],
			"to": [8.75, 4, 4.75],
			"faces": {
				"north": {"uv": [6.71111, 4.86667, 8.21111, 5.86667], "texture": "#0"},
				"east": {"uv": [3.62222, 6.08889, 4.12222, 7.08889], "texture": "#0"},
				"south": {"uv": [3.53333, 4.86667, 5.03333, 5.86667], "texture": "#0"},
				"west": {"uv": [6.82222, 5.95556, 7.32222, 6.95556], "texture": "#0"},
				"up": {"uv": [6.71111, 7.48889, 8.21111, 7.98889], "texture": "#0"},
				"down": {"uv": [5.91111, 3, 7.41111, 3.5], "texture": "#0"}
			}
		},
		{
			"from": [7.25, 3, 13.25],
			"to": [8.75, 4, 13.75],
			"faces": {
				"north": {"uv": [6.71111, 4.86667, 8.21111, 5.86667], "texture": "#0"},
				"east": {"uv": [3.62222, 6.08889, 4.12222, 7.08889], "texture": "#0"},
				"south": {"uv": [3.53333, 4.86667, 5.03333, 5.86667], "texture": "#0"},
				"west": {"uv": [6.82222, 5.95556, 7.32222, 6.95556], "texture": "#0"},
				"up": {"uv": [6.71111, 7.48889, 8.21111, 7.98889], "texture": "#0"},
				"down": {"uv": [5.91111, 3, 7.41111, 3.5], "texture": "#0"}
			}
		},
		{
			"from": [7.5, 4, 13.5],
			"to": [8.5, 5, 13.5],
			"faces": {
				"north": {"uv": [6.71111, 4.86667, 7.71111, 5.86667], "texture": "#0"},
				"east": {"uv": [3.62222, 6.08889, 3.62222, 7.08889], "texture": "#0"},
				"south": {"uv": [3.53333, 4.86667, 4.53333, 5.86667], "texture": "#0"},
				"west": {"uv": [6.82222, 5.95556, 6.82222, 6.95556], "texture": "#0"},
				"up": {"uv": [6.71111, 7.48889, 7.71111, 7.48889], "texture": "#0"},
				"down": {"uv": [5.91111, 3, 6.91111, 3], "texture": "#0"}
			}
		},
		{
			"from": [7.5, 4, 4.5],
			"to": [8.5, 5, 4.5],
			"faces": {
				"north": {"uv": [6.71111, 4.86667, 7.71111, 5.86667], "texture": "#0"},
				"east": {"uv": [3.62222, 6.08889, 3.62222, 7.08889], "texture": "#0"},
				"south": {"uv": [3.53333, 4.86667, 4.53333, 5.86667], "texture": "#0"},
				"west": {"uv": [6.82222, 5.95556, 6.82222, 6.95556], "texture": "#0"},
				"up": {"uv": [6.71111, 7.48889, 7.71111, 7.48889], "texture": "#0"},
				"down": {"uv": [5.91111, 3, 6.91111, 3], "texture": "#0"}
			}
		},
		{
			"from": [12, 2, 8],
			"to": [13, 3, 10],
			"faces": {
				"north": {"uv": [6.71111, 4.86667, 7.71111, 5.86667], "texture": "#0"},
				"east": {"uv": [3.62222, 6.08889, 5.62222, 7.08889], "texture": "#0"},
				"south": {"uv": [3.53333, 4.86667, 4.53333, 5.86667], "texture": "#0"},
				"west": {"uv": [6.82222, 5.95556, 8.82222, 6.95556], "texture": "#0"},
				"up": {"uv": [6.71111, 7.48889, 7.71111, 9.48889], "texture": "#0"},
				"down": {"uv": [5.91111, 3, 6.91111, 5], "texture": "#0"}
			}
		},
		{
			"from": [3, 2, 8],
			"to": [4, 3, 10],
			"faces": {
				"north": {"uv": [6.71111, 4.86667, 7.71111, 5.86667], "texture": "#0"},
				"east": {"uv": [3.62222, 6.08889, 5.62222, 7.08889], "texture": "#0"},
				"south": {"uv": [3.53333, 4.86667, 4.53333, 5.86667], "texture": "#0"},
				"west": {"uv": [6.82222, 5.95556, 8.82222, 6.95556], "texture": "#0"},
				"up": {"uv": [6.71111, 7.48889, 7.71111, 9.48889], "texture": "#0"},
				"down": {"uv": [5.91111, 3, 6.91111, 5], "texture": "#0"}
			}
		},
		{
			"from": [5, 2, 5],
			"to": [6, 3, 6],
			"faces": {
				"north": {"uv": [6.71111, 4.86667, 7.71111, 5.86667], "texture": "#0"},
				"east": {"uv": [3.62222, 6.08889, 4.62222, 7.08889], "texture": "#0"},
				"south": {"uv": [3.53333, 4.86667, 4.53333, 5.86667], "texture": "#0"},
				"west": {"uv": [6.82222, 5.95556, 7.82222, 6.95556], "texture": "#0"},
				"up": {"uv": [6.71111, 7.48889, 7.71111, 8.48889], "texture": "#0"},
				"down": {"uv": [5.91111, 3, 6.91111, 4], "texture": "#0"}
			}
		},
		{
			"from": [5, 3, 5.5],
			"to": [5.5, 4, 6],
			"faces": {
				"north": {"uv": [6.71111, 4.86667, 7.21111, 5.86667], "texture": "#0"},
				"east": {"uv": [3.62222, 6.08889, 4.12222, 7.08889], "texture": "#0"},
				"south": {"uv": [3.53333, 4.86667, 4.03333, 5.86667], "texture": "#0"},
				"west": {"uv": [6.82222, 5.95556, 7.32222, 6.95556], "texture": "#0"},
				"up": {"uv": [6.71111, 7.48889, 7.21111, 7.98889], "texture": "#0"},
				"down": {"uv": [5.91111, 3, 6.41111, 3.5], "texture": "#0"}
			}
		},
		{
			"from": [4.5, 3, 6],
			"to": [5, 4, 6.5],
			"faces": {
				"north": {"uv": [6.71111, 4.86667, 7.21111, 5.86667], "texture": "#0"},
				"east": {"uv": [3.62222, 6.08889, 4.12222, 7.08889], "texture": "#0"},
				"south": {"uv": [3.53333, 4.86667, 4.03333, 5.86667], "texture": "#0"},
				"west": {"uv": [6.82222, 5.95556, 7.32222, 6.95556], "texture": "#0"},
				"up": {"uv": [6.71111, 7.48889, 7.21111, 7.98889], "texture": "#0"},
				"down": {"uv": [5.91111, 3, 6.41111, 3.5], "texture": "#0"}
			}
		},
		{
			"from": [11, 3, 11.5],
			"to": [11.5, 4, 12],
			"faces": {
				"north": {"uv": [6.71111, 4.86667, 7.21111, 5.86667], "texture": "#0"},
				"east": {"uv": [3.62222, 6.08889, 4.12222, 7.08889], "texture": "#0"},
				"south": {"uv": [3.53333, 4.86667, 4.03333, 5.86667], "texture": "#0"},
				"west": {"uv": [6.82222, 5.95556, 7.32222, 6.95556], "texture": "#0"},
				"up": {"uv": [6.71111, 7.48889, 7.21111, 7.98889], "texture": "#0"},
				"down": {"uv": [5.91111, 3, 6.41111, 3.5], "texture": "#0"}
			}
		},
		{
			"from": [11, 3, 6],
			"to": [11.5, 4, 6.5],
			"faces": {
				"north": {"uv": [6.71111, 4.86667, 7.21111, 5.86667], "texture": "#0"},
				"east": {"uv": [3.62222, 6.08889, 4.12222, 7.08889], "texture": "#0"},
				"south": {"uv": [3.53333, 4.86667, 4.03333, 5.86667], "texture": "#0"},
				"west": {"uv": [6.82222, 5.95556, 7.32222, 6.95556], "texture": "#0"},
				"up": {"uv": [6.71111, 7.48889, 7.21111, 7.98889], "texture": "#0"},
				"down": {"uv": [5.91111, 3, 6.41111, 3.5], "texture": "#0"}
			}
		},
		{
			"from": [10.5, 3, 5.5],
			"to": [11, 4, 6],
			"faces": {
				"north": {"uv": [6.71111, 4.86667, 7.21111, 5.86667], "texture": "#0"},
				"east": {"uv": [3.62222, 6.08889, 4.12222, 7.08889], "texture": "#0"},
				"south": {"uv": [3.53333, 4.86667, 4.03333, 5.86667], "texture": "#0"},
				"west": {"uv": [6.82222, 5.95556, 7.32222, 6.95556], "texture": "#0"},
				"up": {"uv": [6.71111, 7.48889, 7.21111, 7.98889], "texture": "#0"},
				"down": {"uv": [5.91111, 3, 6.41111, 3.5], "texture": "#0"}
			}
		},
		{
			"from": [5, 3, 12],
			"to": [5.5, 4, 12.5],
			"faces": {
				"north": {"uv": [6.71111, 4.86667, 7.21111, 5.86667], "texture": "#0"},
				"east": {"uv": [3.62222, 6.08889, 4.12222, 7.08889], "texture": "#0"},
				"south": {"uv": [3.53333, 4.86667, 4.03333, 5.86667], "texture": "#0"},
				"west": {"uv": [6.82222, 5.95556, 7.32222, 6.95556], "texture": "#0"},
				"up": {"uv": [6.71111, 7.48889, 7.21111, 7.98889], "texture": "#0"},
				"down": {"uv": [5.91111, 3, 6.41111, 3.5], "texture": "#0"}
			}
		},
		{
			"from": [4.5, 3, 11.5],
			"to": [5, 4, 12],
			"faces": {
				"north": {"uv": [6.71111, 4.86667, 7.21111, 5.86667], "texture": "#0"},
				"east": {"uv": [3.62222, 6.08889, 4.12222, 7.08889], "texture": "#0"},
				"south": {"uv": [3.53333, 4.86667, 4.03333, 5.86667], "texture": "#0"},
				"west": {"uv": [6.82222, 5.95556, 7.32222, 6.95556], "texture": "#0"},
				"up": {"uv": [6.71111, 7.48889, 7.21111, 7.98889], "texture": "#0"},
				"down": {"uv": [5.91111, 3, 6.41111, 3.5], "texture": "#0"}
			}
		},
		{
			"from": [10.5, 3, 12],
			"to": [11, 4, 12.5],
			"faces": {
				"north": {"uv": [6.71111, 4.86667, 7.21111, 5.86667], "texture": "#0"},
				"east": {"uv": [3.62222, 6.08889, 4.12222, 7.08889], "texture": "#0"},
				"south": {"uv": [3.53333, 4.86667, 4.03333, 5.86667], "texture": "#0"},
				"west": {"uv": [6.82222, 5.95556, 7.32222, 6.95556], "texture": "#0"},
				"up": {"uv": [6.71111, 7.48889, 7.21111, 7.98889], "texture": "#0"},
				"down": {"uv": [5.91111, 3, 6.41111, 3.5], "texture": "#0"}
			}
		},
		{
			"from": [10, 2, 12],
			"to": [11, 3, 13],
			"faces": {
				"north": {"uv": [6.71111, 4.86667, 7.71111, 5.86667], "texture": "#0"},
				"east": {"uv": [3.62222, 6.08889, 4.62222, 7.08889], "texture": "#0"},
				"south": {"uv": [3.53333, 4.86667, 4.53333, 5.86667], "texture": "#0"},
				"west": {"uv": [6.82222, 5.95556, 7.82222, 6.95556], "texture": "#0"},
				"up": {"uv": [6.71111, 7.48889, 7.71111, 8.48889], "texture": "#0"},
				"down": {"uv": [5.91111, 3, 6.91111, 4], "texture": "#0"}
			}
		},
		{
			"from": [11, 2, 11],
			"to": [12, 3, 12],
			"faces": {
				"north": {"uv": [6.71111, 4.86667, 7.71111, 5.86667], "texture": "#0"},
				"east": {"uv": [3.62222, 6.08889, 4.62222, 7.08889], "texture": "#0"},
				"south": {"uv": [3.53333, 4.86667, 4.53333, 5.86667], "texture": "#0"},
				"west": {"uv": [6.82222, 5.95556, 7.82222, 6.95556], "texture": "#0"},
				"up": {"uv": [6.71111, 7.48889, 7.71111, 8.48889], "texture": "#0"},
				"down": {"uv": [5.91111, 3, 6.91111, 4], "texture": "#0"}
			}
		},
		{
			"from": [10, 2, 5],
			"to": [11, 3, 6],
			"faces": {
				"north": {"uv": [6.71111, 4.86667, 7.71111, 5.86667], "texture": "#0"},
				"east": {"uv": [3.62222, 6.08889, 4.62222, 7.08889], "texture": "#0"},
				"south": {"uv": [3.53333, 4.86667, 4.53333, 5.86667], "texture": "#0"},
				"west": {"uv": [6.82222, 5.95556, 7.82222, 6.95556], "texture": "#0"},
				"up": {"uv": [6.71111, 7.48889, 7.71111, 8.48889], "texture": "#0"},
				"down": {"uv": [5.91111, 3, 6.91111, 4], "texture": "#0"}
			}
		},
		{
			"from": [4, 2, 6],
			"to": [5, 3, 7],
			"faces": {
				"north": {"uv": [6.71111, 4.86667, 7.71111, 5.86667], "texture": "#0"},
				"east": {"uv": [3.62222, 6.08889, 4.62222, 7.08889], "texture": "#0"},
				"south": {"uv": [3.53333, 4.86667, 4.53333, 5.86667], "texture": "#0"},
				"west": {"uv": [6.82222, 5.95556, 7.82222, 6.95556], "texture": "#0"},
				"up": {"uv": [6.71111, 7.48889, 7.71111, 8.48889], "texture": "#0"},
				"down": {"uv": [5.91111, 3, 6.91111, 4], "texture": "#0"}
			}
		},
		{
			"from": [11, 2, 6],
			"to": [12, 3, 7],
			"faces": {
				"north": {"uv": [6.71111, 4.86667, 7.71111, 5.86667], "texture": "#0"},
				"east": {"uv": [3.62222, 6.08889, 4.62222, 7.08889], "texture": "#0"},
				"south": {"uv": [3.53333, 4.86667, 4.53333, 5.86667], "texture": "#0"},
				"west": {"uv": [6.82222, 5.95556, 7.82222, 6.95556], "texture": "#0"},
				"up": {"uv": [6.71111, 7.48889, 7.71111, 8.48889], "texture": "#0"},
				"down": {"uv": [5.91111, 3, 6.91111, 4], "texture": "#0"}
			}
		},
		{
			"from": [4, 2, 11],
			"to": [5, 3, 12],
			"faces": {
				"north": {"uv": [6.71111, 4.86667, 7.71111, 5.86667], "texture": "#0"},
				"east": {"uv": [3.62222, 6.08889, 4.62222, 7.08889], "texture": "#0"},
				"south": {"uv": [3.53333, 4.86667, 4.53333, 5.86667], "texture": "#0"},
				"west": {"uv": [6.82222, 5.95556, 7.82222, 6.95556], "texture": "#0"},
				"up": {"uv": [6.71111, 7.48889, 7.71111, 8.48889], "texture": "#0"},
				"down": {"uv": [5.91111, 3, 6.91111, 4], "texture": "#0"}
			}
		},
		{
			"from": [5, 2, 12],
			"to": [6, 3, 13],
			"faces": {
				"north": {"uv": [6.71111, 4.86667, 7.71111, 5.86667], "texture": "#0"},
				"east": {"uv": [3.62222, 6.08889, 4.62222, 7.08889], "texture": "#0"},
				"south": {"uv": [3.53333, 4.86667, 4.53333, 5.86667], "texture": "#0"},
				"west": {"uv": [6.82222, 5.95556, 7.82222, 6.95556], "texture": "#0"},
				"up": {"uv": [6.71111, 7.48889, 7.71111, 8.48889], "texture": "#0"},
				"down": {"uv": [5.91111, 3, 6.91111, 4], "texture": "#0"}
			}
		},
		{
			"from": [3.25, 3, 8.25],
			"to": [3.75, 4, 9.75],
			"faces": {
				"north": {"uv": [6.71111, 4.86667, 7.21111, 5.86667], "texture": "#0"},
				"east": {"uv": [3.62222, 6.08889, 5.12222, 7.08889], "texture": "#0"},
				"south": {"uv": [3.53333, 4.86667, 4.03333, 5.86667], "texture": "#0"},
				"west": {"uv": [6.82222, 5.95556, 8.32222, 6.95556], "texture": "#0"},
				"up": {"uv": [6.71111, 7.48889, 7.21111, 8.98889], "texture": "#0"},
				"down": {"uv": [5.91111, 3, 6.41111, 4.5], "texture": "#0"}
			}
		},
		{
			"from": [12.25, 3, 8.25],
			"to": [12.75, 4, 9.75],
			"faces": {
				"north": {"uv": [6.71111, 4.86667, 7.21111, 5.86667], "texture": "#0"},
				"east": {"uv": [3.62222, 6.08889, 5.12222, 7.08889], "texture": "#0"},
				"south": {"uv": [3.53333, 4.86667, 4.03333, 5.86667], "texture": "#0"},
				"west": {"uv": [6.82222, 5.95556, 8.32222, 6.95556], "texture": "#0"},
				"up": {"uv": [6.71111, 7.48889, 7.21111, 8.98889], "texture": "#0"},
				"down": {"uv": [5.91111, 3, 6.41111, 4.5], "texture": "#0"}
			}
		},
		{
			"from": [12.5, 4, 8.5],
			"to": [12.5, 5, 9.5],
			"faces": {
				"north": {"uv": [6.71111, 4.86667, 6.71111, 5.86667], "texture": "#0"},
				"east": {"uv": [3.62222, 6.08889, 4.62222, 7.08889], "texture": "#0"},
				"south": {"uv": [3.53333, 4.86667, 3.53333, 5.86667], "texture": "#0"},
				"west": {"uv": [6.82222, 5.95556, 7.82222, 6.95556], "texture": "#0"},
				"up": {"uv": [6.71111, 7.48889, 6.71111, 8.48889], "texture": "#0"},
				"down": {"uv": [5.91111, 3, 5.91111, 4], "texture": "#0"}
			}
		},
		{
			"from": [3.5, 4, 8.5],
			"to": [3.5, 5, 9.5],
			"faces": {
				"north": {"uv": [6.71111, 4.86667, 6.71111, 5.86667], "texture": "#0"},
				"east": {"uv": [3.62222, 6.08889, 4.62222, 7.08889], "texture": "#0"},
				"south": {"uv": [3.53333, 4.86667, 3.53333, 5.86667], "texture": "#0"},
				"west": {"uv": [6.82222, 5.95556, 7.82222, 6.95556], "texture": "#0"},
				"up": {"uv": [6.71111, 7.48889, 6.71111, 8.48889], "texture": "#0"},
				"down": {"uv": [5.91111, 3, 5.91111, 4], "texture": "#0"}
			}
		},
		{
			"from": [4.5, 1, 5.5],
			"to": [5, 2, 6],
			"faces": {
				"north": {"uv": [0, 0, 1, 1], "texture": "#1"},
				"east": {"uv": [0, 0, 1, 1], "texture": "#1"},
				"south": {"uv": [0, 0, 1, 1], "texture": "#1"},
				"west": {"uv": [0, 0, 1, 1], "texture": "#1"},
				"up": {"uv": [0, 0, 1, 1], "texture": "#1"},
				"down": {"uv": [0, 0, 1, 1], "texture": "#1"}
			}
		},
		{
			"from": [2.5, 1, 8.5],
			"to": [3.5, 2, 9.5],
			"faces": {
				"north": {"uv": [0, 0, 1, 1], "texture": "#1"},
				"east": {"uv": [0, 0, 1, 1], "texture": "#1"},
				"south": {"uv": [0, 0, 1, 1], "texture": "#1"},
				"west": {"uv": [0, 0, 1, 1], "texture": "#1"},
				"up": {"uv": [0, 0, 1, 1], "texture": "#1"},
				"down": {"uv": [0, 0, 1, 1], "texture": "#1"}
			}
		},
		{
			"from": [7.5, 1, 3.5],
			"to": [8.5, 2, 4.5],
			"faces": {
				"north": {"uv": [0, 0, 1, 1], "texture": "#1"},
				"east": {"uv": [0, 0, 1, 1], "texture": "#1"},
				"south": {"uv": [0, 0, 1, 1], "texture": "#1"},
				"west": {"uv": [0, 0, 1, 1], "texture": "#1"},
				"up": {"uv": [0, 0, 1, 1], "texture": "#1"},
				"down": {"uv": [0, 0, 1, 1], "texture": "#1"}
			}
		},
		{
			"from": [4.5, 1, 12],
			"to": [5, 2, 12.5],
			"faces": {
				"north": {"uv": [0, 0, 1, 1], "texture": "#1"},
				"east": {"uv": [3.5, 4.5, 4.5, 5.5], "texture": "#1"},
				"south": {"uv": [6, 4.5, 7, 5.5], "texture": "#1"},
				"west": {"uv": [3.5, 5.5, 4.5, 6.5], "texture": "#1"},
				"up": {"uv": [5, 4.5, 6, 5.5], "texture": "#1"},
				"down": {"uv": [5, 5.5, 6, 6.5], "texture": "#1"}
			}
		},
		{
			"from": [11, 1, 5.5],
			"to": [11.5, 2, 6],
			"faces": {
				"north": {"uv": [0.5, 2, 1.5, 3], "texture": "#1"},
				"east": {"uv": [0, 0, 1, 1], "texture": "#1"},
				"south": {"uv": [5, 0.5, 6, 1.5], "texture": "#1"},
				"west": {"uv": [3.5, 5.5, 4.5, 6.5], "texture": "#1"},
				"up": {"uv": [2, 0.5, 3, 1.5], "texture": "#1"},
				"down": {"uv": [3, 0.5, 4, 1.5], "texture": "#1"}
			}
		},
		{
			"from": [12.5, 1, 8.5],
			"to": [13.5, 2, 9.5],
			"faces": {
				"north": {"uv": [0.5, 2, 1.5, 3], "texture": "#1"},
				"east": {"uv": [0, 0, 1, 1], "texture": "#1"},
				"south": {"uv": [5, 0.5, 6, 1.5], "texture": "#1"},
				"west": {"uv": [3.5, 5.5, 4.5, 6.5], "texture": "#1"},
				"up": {"uv": [2, 0.5, 3, 1.5], "texture": "#1"},
				"down": {"uv": [3, 0.5, 4, 1.5], "texture": "#1"}
			}
		},
		{
			"from": [7.5, 1, 13.5],
			"to": [8.5, 2, 14.5],
			"faces": {
				"north": {"uv": [0.5, 2, 1.5, 3], "texture": "#1"},
				"east": {"uv": [0, 0, 1, 1], "texture": "#1"},
				"south": {"uv": [5, 0.5, 6, 1.5], "texture": "#1"},
				"west": {"uv": [3.5, 5.5, 4.5, 6.5], "texture": "#1"},
				"up": {"uv": [2, 0.5, 3, 1.5], "texture": "#1"},
				"down": {"uv": [3, 0.5, 4, 1.5], "texture": "#1"}
			}
		},
		{
			"from": [11, 1, 12],
			"to": [11.5, 2, 12.5],
			"faces": {
				"north": {"uv": [0, 0, 1, 1], "texture": "#1"},
				"east": {"uv": [0, 0, 1, 1], "texture": "#1"},
				"south": {"uv": [0, 0, 1, 1], "texture": "#1"},
				"west": {"uv": [0, 0, 1, 1], "texture": "#1"},
				"up": {"uv": [0, 0, 1, 1], "texture": "#1"},
				"down": {"uv": [0, 0, 1, 1], "texture": "#1"}
			}
		}
	],
	"display": {
		"thirdperson_righthand": {
			"translation": [0, 8, 0]
		},
		"thirdperson_lefthand": {
			"translation": [0, 8, 0]
		},
		"firstperson_righthand": {
			"translation": [0, 8, 0]
		},
		"firstperson_lefthand": {
			"translation": [0, 8, 0]
		},
		"ground": {
			"translation": [0, 5.75, 0]
		},
		"gui": {
			"rotation": [21, 0, 0],
			"translation": [0, 7.25, 0],
			"scale": [1.43, 1.43, 1.43]
		},
		"head": {
			"translation": [0, 17, -1.25],
			"scale": [1.33, 1.33, 1.33]
		},
		"fixed": {
			"rotation": [-90, 0, 0],
			"translation": [0, -2.5, -26.25],
			"scale": [2.71, 3.31, 2.71]
		}
	},
	"groups": [
		{
			"name": "group",
			"origin": [0, 0, 0],
			"color": 0,
			"children": [0, 1, 2, 3, 4, 5, 6, 7, 8, 9, 10, 11]
		},
		{
			"name": "group",
			"origin": [0, 0, 0],
			"color": 0,
			"children": [12, 13, 14, 15, 16, 17, 18, 19, 20, 21, 22, 23, 24, 25, 26, 27, 28, 29, 30, 31, 32, 33, 34, 35, 36, 37, 38, 39]
		},
		{
			"name": "group",
			"origin": [0, 0, 0],
			"color": 0,
			"children": [40, 41, 42, 43, 44, 45, 46, 47]
		}
	]
}