{
	"credit": "Made with Blockbench",
	"texture_size": [32, 32],
	"textures": {
		"1": "kolonie:block/czech",
		"2": "block/oak_planks",
		"particle": "kolonie:block/czech"
	},
	"elements": [
		{
			"from": [12, 0, 8],
			"to": [13, 24, 9],
			"faces": {
				"north": {"uv": [0, 0, 0.5, 12], "texture": "#2"},
				"east": {"uv": [0.5, 0, 1, 12], "texture": "#2"},
				"south": {"uv": [1, 0, 1.5, 12], "texture": "#2"},
				"west": {"uv": [1.5, 0, 2, 12], "texture": "#2"},
				"up": {"uv": [2.5, 0.5, 2, 0], "texture": "#2"},
				"down": {"uv": [2.5, 0.5, 2, 1], "texture": "#2"}
			}
		},
		{
			"from": [-2.75, 14.25, 8.5],
			"to": [12.25, 23.25, 8.5],
			"faces": {
				"north": {"uv": [0, 0, 16, 16], "texture": "#1"},
				"east": {"uv": [0, 0, 0, 4.5], "texture": "#1"},
				"south": {"uv": [0, 0.0451, 16, 16], "texture": "#1"},
				"west": {"uv": [0, 0, 0, 4.5], "texture": "#1"},
				"up": {"uv": [7.5, 0, 0, 0], "texture": "#1"},
				"down": {"uv": [7.5, 0, 0, 0], "texture": "#1"}
			}
		},
		{
			"from": [-2.75, 14.25, 8.5],
			"to": [12.25, 23.25, 8.5],
			"faces": {
				"north": {"uv": [5.45882, 5.7098, 12.95882, 10.2098], "texture": "#1"},
				"east": {"uv": [0, 0, 0, 4.5], "texture": "#1"},
				"south": {"uv": [12.95882, 5.69216, 5.45882, 10.19216], "texture": "#1"},
				"west": {"uv": [0, 0, 0, 4.5], "texture": "#1"},
				"up": {"uv": [7.5, 0, 0, 0], "texture": "#1"},
				"down": {"uv": [7.5, 0, 0, 0], "texture": "#1"}
			}
		}
	],
	"display": {
		"thirdperson_righthand": {
			"rotation": [0, -7, 0],
			"translation": [-4.5, 1.5, -0.25]
		},
		"thirdperson_lefthand": {
			"rotation": [0, -9, 0],
			"translation": [4.5, 0, 0.5]
		},
		"firstperson_righthand": {
			"scale": [0.61, 0.61, 0.61]
		},
		"firstperson_lefthand": {
			"scale": [0.61, 0.61, 0.61]
		},
		"ground": {
			"translation": [0, 5.75, 0]
		},
		"gui": {
			"translation": [1, -2.5, 0],
			"scale": [0.65, 0.65, 0.65]
		},
		"head": {
			"rotation": [0, 0, 27],
			"translation": [-9.5, 4.75, 0]
		},
		"fixed": {
			"rotation": [-90, 0, 0],
			"translation": [-1.5, -1.5, -15.75],
			"scale": [2.24, 2.24, 2.24]
		}
	}
}