{
	"credit": "Made with Blockbench",
	"textures": {
		"0": "block/yellow_concrete",
		"1": "block/blue_concrete",
		"2": "block/red_concrete",
		"particle": "block/yellow_concrete"
	},
	"elements": [
		{
			"from": [1, 16.5, 6],
			"to": [3, 17, 9],
			"faces": {
				"north": {"uv": [0, 0, 2, 0.5], "texture": "#0"},
				"east": {"uv": [0, 0, 3, 0.5], "texture": "#0"},
				"south": {"uv": [0, 0, 2, 0.5], "texture": "#0"},
				"west": {"uv": [0, 0, 3, 0.5], "texture": "#0"},
				"up": {"uv": [0, 0, 2, 3], "texture": "#0"},
				"down": {"uv": [0, 0, 2, 3], "texture": "#0"}
			}
		},
		{
			"from": [13, 16.5, 6],
			"to": [15, 17, 9],
			"faces": {
				"north": {"uv": [0, 0, 2, 0.5], "texture": "#0"},
				"east": {"uv": [0, 0, 3, 0.5], "texture": "#0"},
				"south": {"uv": [0, 0, 2, 0.5], "texture": "#0"},
				"west": {"uv": [0, 0, 3, 0.5], "texture": "#0"},
				"up": {"uv": [0, 0, 2, 3], "texture": "#0"},
				"down": {"uv": [0, 0, 2, 3], "texture": "#0"}
			}
		},
		{
			"from": [1.25, 17, 6.25],
			"to": [2.75, 17.5, 8.75],
			"faces": {
				"north": {"uv": [0, 0, 1.5, 0.5], "texture": "#1"},
				"east": {"uv": [0, 0, 2.5, 0.5], "texture": "#1"},
				"south": {"uv": [0, 0, 1.5, 0.5], "texture": "#1"},
				"west": {"uv": [0, 0, 2.5, 0.5], "texture": "#1"},
				"up": {"uv": [0, 0, 1.5, 2.5], "texture": "#1"},
				"down": {"uv": [0, 0, 1.5, 2.5], "texture": "#1"}
			}
		},
		{
			"from": [13.25, 17, 6.25],
			"to": [14.75, 17.5, 8.75],
			"faces": {
				"north": {"uv": [0, 0, 1.5, 0.5], "texture": "#1"},
				"east": {"uv": [0, 0, 2.5, 0.5], "texture": "#1"},
				"south": {"uv": [0, 0, 1.5, 0.5], "texture": "#1"},
				"west": {"uv": [0, 0, 2.5, 0.5], "texture": "#1"},
				"up": {"uv": [0, 0, 1.5, 2.5], "texture": "#1"},
				"down": {"uv": [0, 0, 1.5, 2.5], "texture": "#1"}
			}
		},
		{
			"from": [0.75, 15.5, 5.75],
			"to": [3, 16.5, 9.25],
			"faces": {
				"north": {"uv": [0, 0, 2.25, 1], "texture": "#1"},
				"east": {"uv": [0, 0, 3.5, 1], "texture": "#1"},
				"south": {"uv": [0, 0, 2.25, 1], "texture": "#1"},
				"west": {"uv": [0, 0, 3.5, 1], "texture": "#1"},
				"up": {"uv": [0, 0, 2.25, 3.5], "texture": "#1"},
				"down": {"uv": [0, 0, 2.25, 3.5], "texture": "#1"}
			}
		},
		{
			"from": [13, 15.5, 5.75],
			"to": [15.25, 16.5, 9.25],
			"faces": {
				"north": {"uv": [0, 0, 2.25, 1], "texture": "#1"},
				"east": {"uv": [0, 0, 3.5, 1], "texture": "#1"},
				"south": {"uv": [0, 0, 2.25, 1], "texture": "#1"},
				"west": {"uv": [0, 0, 3.5, 1], "texture": "#1"},
				"up": {"uv": [0, 0, 2.25, 3.5], "texture": "#1"},
				"down": {"uv": [0, 0, 2.25, 3.5], "texture": "#1"}
			}
		},
		{
			"from": [0.5, 14.5, 5.5],
			"to": [3, 15.5, 9.5],
			"faces": {
				"north": {"uv": [0, 0, 2.5, 1], "texture": "#0"},
				"east": {"uv": [0, 0, 4, 1], "texture": "#0"},
				"south": {"uv": [0, 0, 2.5, 1], "texture": "#0"},
				"west": {"uv": [0, 0, 4, 1], "texture": "#0"},
				"up": {"uv": [0, 0, 2.5, 4], "texture": "#0"},
				"down": {"uv": [0, 0, 2.5, 4], "texture": "#0"}
			}
		},
		{
			"from": [13, 14.5, 5.5],
			"to": [15.5, 15.5, 9.5],
			"faces": {
				"north": {"uv": [0, 0, 2.5, 1], "texture": "#0"},
				"east": {"uv": [0, 0, 4, 1], "texture": "#0"},
				"south": {"uv": [0, 0, 2.5, 1], "texture": "#0"},
				"west": {"uv": [0, 0, 4, 1], "texture": "#0"},
				"up": {"uv": [0, 0, 2.5, 4], "texture": "#0"},
				"down": {"uv": [0, 0, 2.5, 4], "texture": "#0"}
			}
		},
		{
			"from": [0.25, 13.5, 5.25],
			"to": [3, 14.5, 9.75],
			"faces": {
				"north": {"uv": [0, 0, 2.75, 1], "texture": "#1"},
				"east": {"uv": [0, 0, 4.5, 1], "texture": "#1"},
				"south": {"uv": [0, 0, 2.75, 1], "texture": "#1"},
				"west": {"uv": [0, 0, 4.5, 1], "texture": "#1"},
				"up": {"uv": [0, 0, 2.75, 4.5], "texture": "#1"},
				"down": {"uv": [0, 0, 2.75, 4.5], "texture": "#1"}
			}
		},
		{
			"from": [13.05, 13.5, 5.25],
			"to": [15.8, 14.5, 9.75],
			"faces": {
				"north": {"uv": [0, 0, 2.75, 1], "texture": "#1"},
				"east": {"uv": [0, 0, 4.5, 1], "texture": "#1"},
				"south": {"uv": [0, 0, 2.75, 1], "texture": "#1"},
				"west": {"uv": [0, 0, 4.5, 1], "texture": "#1"},
				"up": {"uv": [0, 0, 2.75, 4.5], "texture": "#1"},
				"down": {"uv": [0, 0, 2.75, 4.5], "texture": "#1"}
			}
		},
		{
			"from": [-0.25, 12.5, 4.75],
			"to": [3, 13.5, 10.25],
			"faces": {
				"north": {"uv": [0, 0, 3.25, 1], "texture": "#0"},
				"east": {"uv": [0, 0, 5.5, 1], "texture": "#0"},
				"south": {"uv": [0, 0, 3.25, 1], "texture": "#0"},
				"west": {"uv": [0, 0, 5.5, 1], "texture": "#0"},
				"up": {"uv": [0, 0, 3.25, 5.5], "texture": "#0"},
				"down": {"uv": [0, 0, 3.25, 5.5], "texture": "#0"}
			}
		},
		{
			"from": [12.75, 12.5, 4.75],
			"to": [16.2, 13.5, 10.25],
			"faces": {
				"north": {"uv": [0, 0, 3.45, 1], "texture": "#0"},
				"east": {"uv": [0, 0, 5.5, 1], "texture": "#0"},
				"south": {"uv": [0, 0, 3.45, 1], "texture": "#0"},
				"west": {"uv": [0, 0, 5.5, 1], "texture": "#0"},
				"up": {"uv": [0, 0, 3.45, 5.5], "texture": "#0"},
				"down": {"uv": [0, 0, 3.45, 5.5], "texture": "#0"}
			}
		},
		{
			"from": [-0.75, 11.5, 4.25],
			"to": [3, 12.5, 10.75],
			"faces": {
				"north": {"uv": [0, 0, 3.75, 1], "texture": "#1"},
				"east": {"uv": [0, 0, 6.5, 1], "texture": "#1"},
				"south": {"uv": [0, 0, 3.75, 1], "texture": "#1"},
				"west": {"uv": [0, 0, 6.5, 1], "texture": "#1"},
				"up": {"uv": [0, 0, 3.75, 6.5], "texture": "#1"},
				"down": {"uv": [0, 0, 3.75, 6.5], "texture": "#1"}
			}
		},
		{
			"from": [12.25, 11.5, 4.25],
			"to": [16.5, 12.5, 10.75],
			"faces": {
				"north": {"uv": [0, 0, 4.25, 1], "texture": "#1"},
				"east": {"uv": [0, 0, 6.5, 1], "texture": "#1"},
				"south": {"uv": [0, 0, 4.25, 1], "texture": "#1"},
				"west": {"uv": [0, 0, 6.5, 1], "texture": "#1"},
				"up": {"uv": [0, 0, 4.25, 6.5], "texture": "#1"},
				"down": {"uv": [0, 0, 4.25, 6.5], "texture": "#1"}
			}
		},
		{
			"from": [-1.25, 10.5, 3.75],
			"to": [3, 11.5, 11.25],
			"faces": {
				"north": {"uv": [0, 0, 4.25, 1], "texture": "#0"},
				"east": {"uv": [0, 0, 7.5, 1], "texture": "#0"},
				"south": {"uv": [0, 0, 4.25, 1], "texture": "#0"},
				"west": {"uv": [0, 0, 7.5, 1], "texture": "#0"},
				"up": {"uv": [0, 0, 4.25, 7.5], "texture": "#0"},
				"down": {"uv": [0, 0, 4.25, 7.5], "texture": "#0"}
			}
		},
		{
			"from": [-1.5, 9.5, 3.5],
			"to": [3, 10.5, 11.5],
			"faces": {
				"north": {"uv": [0, 0, 4.5, 1], "texture": "#1"},
				"east": {"uv": [0, 0, 8, 1], "texture": "#1"},
				"south": {"uv": [0, 0, 4.5, 1], "texture": "#1"},
				"west": {"uv": [0, 0, 8, 1], "texture": "#1"},
				"up": {"uv": [0, 0, 4.5, 8], "texture": "#1"},
				"down": {"uv": [0, 0, 4.5, 8], "texture": "#1"}
			}
		},
		{
			"from": [-1.75, 8.5, 3.5],
			"to": [3, 9.5, 11.5],
			"faces": {
				"north": {"uv": [0, 0, 4.75, 1], "texture": "#0"},
				"east": {"uv": [0, 0, 8, 1], "texture": "#0"},
				"south": {"uv": [0, 0, 4.75, 1], "texture": "#0"},
				"west": {"uv": [0, 0, 8, 1], "texture": "#0"},
				"up": {"uv": [0, 0, 4.75, 8], "texture": "#0"},
				"down": {"uv": [0, 0, 4.75, 8], "texture": "#0"}
			}
		},
		{
			"from": [12.25, 10.5, 3.75],
			"to": [17, 11.5, 11.25],
			"faces": {
				"north": {"uv": [0, 0, 4.75, 1], "texture": "#0"},
				"east": {"uv": [0, 0, 7.5, 1], "texture": "#0"},
				"south": {"uv": [0, 0, 4.75, 1], "texture": "#0"},
				"west": {"uv": [0, 0, 7.5, 1], "texture": "#0"},
				"up": {"uv": [0, 0, 4.75, 7.5], "texture": "#0"},
				"down": {"uv": [0, 0, 4.75, 7.5], "texture": "#0"}
			}
		},
		{
			"from": [12.25, 9.5, 3.5],
			"to": [17.25, 10.5, 11.5],
			"faces": {
				"north": {"uv": [0, 0, 5, 1], "texture": "#1"},
				"east": {"uv": [0, 0, 8, 1], "texture": "#1"},
				"south": {"uv": [0, 0, 5, 1], "texture": "#1"},
				"west": {"uv": [0, 0, 8, 1], "texture": "#1"},
				"up": {"uv": [0, 0, 5, 8], "texture": "#1"},
				"down": {"uv": [0, 0, 5, 8], "texture": "#1"}
			}
		},
		{
			"from": [13, 8.5, 3.5],
			"to": [17.5, 9.5, 10.9],
			"faces": {
				"north": {"uv": [0, 0, 4.5, 1], "texture": "#0"},
				"east": {"uv": [0, 0, 7.4, 1], "texture": "#0"},
				"south": {"uv": [0, 0, 4.5, 1], "texture": "#0"},
				"west": {"uv": [0, 0, 7.4, 1], "texture": "#0"},
				"up": {"uv": [0, 0, 4.5, 7.4], "texture": "#0"},
				"down": {"uv": [0, 0, 4.5, 7.4], "texture": "#0"}
			}
		},
		{
			"from": [13, 7.5, 3.25],
			"to": [17.75, 8.5, 10.65],
			"faces": {
				"north": {"uv": [0, 0, 4.75, 1], "texture": "#1"},
				"east": {"uv": [0, 0, 7.4, 1], "texture": "#1"},
				"south": {"uv": [0, 0, 4.75, 1], "texture": "#1"},
				"west": {"uv": [0, 0, 7.4, 1], "texture": "#1"},
				"up": {"uv": [0, 0, 4.75, 7.4], "texture": "#1"},
				"down": {"uv": [0, 0, 4.75, 7.4], "texture": "#1"}
			}
		},
		{
			"from": [13, 6.5, 2.75],
			"to": [17.25, 7.5, 10.15],
			"faces": {
				"north": {"uv": [0, 0, 4.25, 1], "texture": "#0"},
				"east": {"uv": [0, 0, 7.4, 1], "texture": "#0"},
				"south": {"uv": [0, 0, 4.25, 1], "texture": "#0"},
				"west": {"uv": [0, 0, 7.4, 1], "texture": "#0"},
				"up": {"uv": [0, 0, 4.25, 7.4], "texture": "#0"},
				"down": {"uv": [0, 0, 4.25, 7.4], "texture": "#0"}
			}
		},
		{
			"from": [13, 5.5, 2.25],
			"to": [16.75, 6.5, 9.65],
			"faces": {
				"north": {"uv": [0, 0, 3.75, 1], "texture": "#1"},
				"east": {"uv": [0, 0, 7.4, 1], "texture": "#1"},
				"south": {"uv": [0, 0, 3.75, 1], "texture": "#1"},
				"west": {"uv": [0, 0, 7.4, 1], "texture": "#1"},
				"up": {"uv": [0, 0, 3.75, 7.4], "texture": "#1"},
				"down": {"uv": [0, 0, 3.75, 7.4], "texture": "#1"}
			}
		},
		{
			"from": [-0.75, 5.5, 2.25],
			"to": [3, 6.5, 9.65],
			"faces": {
				"north": {"uv": [0, 8, 4, 9], "texture": "#1"},
				"east": {"uv": [0, 7, 7, 8], "texture": "#1"},
				"south": {"uv": [8, 0, 12, 1], "texture": "#1"},
				"west": {"uv": [7, 7, 14, 8], "texture": "#1"},
				"up": {"uv": [4, 7, 0, 0], "texture": "#1"},
				"down": {"uv": [8, 0, 4, 7], "texture": "#1"}
			}
		},
		{
			"from": [13, 4.5, 1.75],
			"to": [16.25, 5.5, 9.15],
			"faces": {
				"north": {"uv": [0, 0, 3.25, 1], "texture": "#0"},
				"east": {"uv": [0, 0, 7.4, 1], "texture": "#0"},
				"south": {"uv": [0, 0, 3.25, 1], "texture": "#0"},
				"west": {"uv": [0, 0, 7.4, 1], "texture": "#0"},
				"up": {"uv": [0, 0, 3.25, 7.4], "texture": "#0"},
				"down": {"uv": [0, 0, 3.25, 7.4], "texture": "#0"}
			}
		},
		{
			"from": [-0.25, 4.5, 1.75],
			"to": [3, 5.5, 9.15],
			"faces": {
				"north": {"uv": [0, 0, 3.25, 1], "texture": "#0"},
				"east": {"uv": [0, 0, 7.4, 1], "texture": "#0"},
				"south": {"uv": [0, 0, 3.25, 1], "texture": "#0"},
				"west": {"uv": [0, 0, 7.4, 1], "texture": "#0"},
				"up": {"uv": [0, 0, 3.25, 7.4], "texture": "#0"},
				"down": {"uv": [0, 0, 3.25, 7.4], "texture": "#0"}
			}
		},
		{
			"from": [13, 3.5, 1.25],
			"to": [15.75, 4.5, 7.9],
			"faces": {
				"north": {"uv": [0, 0, 2.75, 1], "texture": "#1"},
				"east": {"uv": [0, 0, 6.65, 1], "texture": "#1"},
				"south": {"uv": [0, 0, 2.75, 1], "texture": "#1"},
				"west": {"uv": [0, 0, 6.65, 1], "texture": "#1"},
				"up": {"uv": [0, 0, 2.75, 6.65], "texture": "#1"},
				"down": {"uv": [0, 0, 2.75, 6.65], "texture": "#1"}
			}
		},
		{
			"from": [0.25, 3.5, 1.25],
			"to": [3, 4.5, 7.9],
			"faces": {
				"north": {"uv": [0, 0, 2.75, 1], "texture": "#1"},
				"east": {"uv": [0, 0, 6.65, 1], "texture": "#1"},
				"south": {"uv": [0, 0, 2.75, 1], "texture": "#1"},
				"west": {"uv": [0, 0, 6.65, 1], "texture": "#1"},
				"up": {"uv": [0, 0, 2.75, 6.65], "texture": "#1"},
				"down": {"uv": [0, 0, 2.75, 6.65], "texture": "#1"}
			}
		},
		{
			"from": [0.75, 2.5, 0.75],
			"to": [3, 3.5, 5.65],
			"faces": {
				"north": {"uv": [0, 0, 2.25, 1], "texture": "#0"},
				"east": {"uv": [0, 0, 4.9, 1], "texture": "#0"},
				"south": {"uv": [0, 0, 2.25, 1], "texture": "#0"},
				"west": {"uv": [0, 0, 4.9, 1], "texture": "#0"},
				"up": {"uv": [0, 0, 2.25, 4.9], "texture": "#0"},
				"down": {"uv": [0, 0, 2.25, 4.9], "texture": "#0"}
			}
		},
		{
			"from": [13, 2.5, 0.75],
			"to": [15.25, 3.5, 5.4],
			"faces": {
				"north": {"uv": [0, 0, 2.25, 1], "texture": "#0"},
				"east": {"uv": [0, 0, 4.65, 1], "texture": "#0"},
				"south": {"uv": [0, 0, 2.25, 1], "texture": "#0"},
				"west": {"uv": [0, 0, 4.65, 1], "texture": "#0"},
				"up": {"uv": [0, 0, 2.25, 4.65], "texture": "#0"},
				"down": {"uv": [0, 0, 2.25, 4.65], "texture": "#0"}
			}
		},
		{
			"from": [13, 1.5, 0.5],
			"to": [15.25, 2.5, 1.4],
			"faces": {
				"north": {"uv": [0, 0, 2.25, 1], "texture": "#1"},
				"east": {"uv": [0, 0, 0.9, 1], "texture": "#1"},
				"south": {"uv": [0, 0, 2.25, 1], "texture": "#1"},
				"west": {"uv": [0, 0, 0.9, 1], "texture": "#1"},
				"up": {"uv": [0, 0, 2.25, 0.9], "texture": "#1"},
				"down": {"uv": [0, 0, 2.25, 0.9], "texture": "#1"}
			}
		},
		{
			"from": [0.75, 1.5, 0.5],
			"to": [3, 2.5, 1.4],
			"faces": {
				"north": {"uv": [0, 0, 2.25, 1], "texture": "#1"},
				"east": {"uv": [0, 0, 0.9, 1], "texture": "#1"},
				"south": {"uv": [0, 0, 2.25, 1], "texture": "#1"},
				"west": {"uv": [0, 0, 0.9, 1], "texture": "#1"},
				"up": {"uv": [0, 0, 2.25, 0.9], "texture": "#1"},
				"down": {"uv": [0, 0, 2.25, 0.9], "texture": "#1"}
			}
		},
		{
			"from": [0.75, 2, 1.25],
			"to": [3, 2.5, 3.65],
			"faces": {
				"north": {"uv": [0, 0, 2.25, 0.5], "texture": "#1"},
				"east": {"uv": [0, 0, 2.4, 0.5], "texture": "#1"},
				"south": {"uv": [0, 0, 2.25, 0.5], "texture": "#1"},
				"west": {"uv": [0, 0, 2.4, 0.5], "texture": "#1"},
				"up": {"uv": [0, 0, 2.25, 2.4], "texture": "#1"},
				"down": {"uv": [0, 0, 2.25, 2.4], "texture": "#1"}
			}
		},
		{
			"from": [13, 2, 1.25],
			"to": [15.25, 2.5, 3.65],
			"faces": {
				"north": {"uv": [0, 0, 2.25, 0.5], "texture": "#1"},
				"east": {"uv": [0, 0, 2.4, 0.5], "texture": "#1"},
				"south": {"uv": [0, 0, 2.25, 0.5], "texture": "#1"},
				"west": {"uv": [0, 0, 2.4, 0.5], "texture": "#1"},
				"up": {"uv": [0, 0, 2.25, 2.4], "texture": "#1"},
				"down": {"uv": [0, 0, 2.25, 2.4], "texture": "#1"}
			}
		},
		{
			"from": [-1.25, 6.5, 2.75],
			"to": [3, 7.5, 10.75],
			"faces": {
				"north": {"uv": [0, 0, 4.25, 1], "texture": "#0"},
				"east": {"uv": [0, 0, 8, 1], "texture": "#0"},
				"south": {"uv": [0, 0, 4.25, 1], "texture": "#0"},
				"west": {"uv": [0, 0, 8, 1], "texture": "#0"},
				"up": {"uv": [0, 0, 4.25, 8], "texture": "#0"},
				"down": {"uv": [0, 0, 4.25, 8], "texture": "#0"}
			}
		},
		{
			"from": [-2, 7.5, 3.25],
			"to": [3, 8.5, 11.25],
			"faces": {
				"north": {"uv": [0, 0, 5, 1], "texture": "#1"},
				"east": {"uv": [0, 0, 8, 1], "texture": "#1"},
				"south": {"uv": [0, 0, 5, 1], "texture": "#1"},
				"west": {"uv": [0, 0, 8, 1], "texture": "#1"},
				"up": {"uv": [0, 0, 5, 8], "texture": "#1"},
				"down": {"uv": [0, 0, 5, 8], "texture": "#1"}
			}
		},
		{
			"from": [9.25, 13.25, 5],
			"to": [10.25, 17.25, 6],
			"rotation": {"angle": 0, "axis": "z", "origin": [0, 6, 0]},
			"faces": {
				"north": {"uv": [0, 0, 1, 4], "texture": "#0"},
				"east": {"uv": [0, 0, 1, 4], "texture": "#0"},
				"south": {"uv": [0, 0, 1, 4], "texture": "#0"},
				"west": {"uv": [0, 0, 1, 4], "texture": "#0"},
				"up": {"uv": [0, 0, 1, 1], "texture": "#0"},
				"down": {"uv": [0, 0, 1, 1], "texture": "#0"}
			}
		},
		{
			"from": [8.25, 13.25, 5],
			"to": [9.25, 17.25, 6],
			"rotation": {"angle": 0, "axis": "z", "origin": [0, 6, 0]},
			"faces": {
				"north": {"uv": [0, 0, 1, 4], "texture": "#1"},
				"east": {"uv": [0, 0, 1, 4], "texture": "#1"},
				"south": {"uv": [0, 0, 1, 4], "texture": "#1"},
				"west": {"uv": [0, 0, 1, 4], "texture": "#1"},
				"up": {"uv": [0, 0, 1, 1], "texture": "#1"},
				"down": {"uv": [0, 0, 1, 1], "texture": "#1"}
			}
		},
		{
			"from": [7.25, 13.25, 5],
			"to": [8.25, 17.25, 6],
			"rotation": {"angle": 0, "axis": "z", "origin": [0, 6, 0]},
			"faces": {
				"north": {"uv": [0, 0, 1, 4], "texture": "#0"},
				"east": {"uv": [0, 0, 1, 4], "texture": "#0"},
				"south": {"uv": [0, 0, 1, 4], "texture": "#0"},
				"west": {"uv": [0, 0, 1, 4], "texture": "#0"},
				"up": {"uv": [0, 0, 1, 1], "texture": "#0"},
				"down": {"uv": [0, 0, 1, 1], "texture": "#0"}
			}
		},
		{
			"from": [6.25, 13.25, 5],
			"to": [7.25, 17.25, 6],
			"rotation": {"angle": 0, "axis": "z", "origin": [0, 6, 0]},
			"faces": {
				"north": {"uv": [0, 0, 1, 4], "texture": "#1"},
				"east": {"uv": [0, 0, 1, 4], "texture": "#1"},
				"south": {"uv": [0, 0, 1, 4], "texture": "#1"},
				"west": {"uv": [0, 0, 1, 4], "texture": "#1"},
				"up": {"uv": [0, 0, 1, 1], "texture": "#1"},
				"down": {"uv": [0, 0, 1, 1], "texture": "#1"}
			}
		},
		{
			"from": [5.25, 13.25, 5],
			"to": [6.25, 17.25, 6],
			"rotation": {"angle": 0, "axis": "z", "origin": [0, 6, 0]},
			"faces": {
				"north": {"uv": [0, 0, 1, 4], "texture": "#0"},
				"east": {"uv": [0, 0, 1, 4], "texture": "#0"},
				"south": {"uv": [0, 0, 1, 4], "texture": "#0"},
				"west": {"uv": [0, 0, 1, 4], "texture": "#0"},
				"up": {"uv": [0, 0, 1, 1], "texture": "#0"},
				"down": {"uv": [0, 0, 1, 1], "texture": "#0"}
			}
		},
		{
			"from": [3, 11, 4],
			"to": [4, 14, 11.75],
			"rotation": {"angle": 0, "axis": "y", "origin": [0, 6, 0]},
			"faces": {
				"north": {"uv": [0, 0, 1, 3], "texture": "#0"},
				"east": {"uv": [0, 0, 7.75, 3], "texture": "#0"},
				"south": {"uv": [0, 0, 1, 3], "texture": "#0"},
				"west": {"uv": [0, 0, 7.75, 3], "texture": "#0"},
				"up": {"uv": [0, 0, 1, 7.75], "texture": "#0"},
				"down": {"uv": [0, 0, 1, 7.75], "texture": "#0"}
			}
		},
		{
			"from": [3, 11, 11.25],
			"to": [13, 14, 12.75],
			"rotation": {"angle": 0, "axis": "y", "origin": [0, 6, 0]},
			"faces": {
				"north": {"uv": [0, 0, 10, 3], "texture": "#0"},
				"east": {"uv": [0, 0, 1.5, 3], "texture": "#0"},
				"south": {"uv": [0, 0, 10, 3], "texture": "#0"},
				"west": {"uv": [0, 0, 1.5, 3], "texture": "#0"},
				"up": {"uv": [0, 0, 10, 1.5], "texture": "#0"},
				"down": {"uv": [0, 0, 10, 1.5], "texture": "#0"}
			}
		},
		{
			"from": [3, 11, 2.5],
			"to": [13, 14, 4],
			"rotation": {"angle": 0, "axis": "y", "origin": [0, 6, 0]},
			"faces": {
				"north": {"uv": [0, 0, 10, 3], "texture": "#0"},
				"east": {"uv": [0, 0, 1.5, 3], "texture": "#0"},
				"south": {"uv": [0, 0, 10, 3], "texture": "#0"},
				"west": {"uv": [0, 0, 1.5, 3], "texture": "#0"},
				"up": {"uv": [0, 0, 10, 1.5], "texture": "#0"},
				"down": {"uv": [0, 0, 10, 1.5], "texture": "#0"}
			}
		},
		{
			"from": [12, 11, 4],
			"to": [13, 14, 11.75],
			"rotation": {"angle": 0, "axis": "y", "origin": [0, 6, 0]},
			"faces": {
				"north": {"uv": [0, 0, 1, 3], "texture": "#0"},
				"east": {"uv": [0, 0, 7.75, 3], "texture": "#0"},
				"south": {"uv": [0, 0, 1, 3], "texture": "#0"},
				"west": {"uv": [0, 0, 7.75, 3], "texture": "#0"},
				"up": {"uv": [0, 0, 1, 7.75], "texture": "#0"},
				"down": {"uv": [0, 0, 1, 7.75], "texture": "#0"}
			}
		},
		{
			"from": [5.75, 13.25, 10],
			"to": [6.75, 17.25, 11.25],
			"rotation": {"angle": 0, "axis": "z", "origin": [0, 6, 0]},
			"faces": {
				"north": {"uv": [0, 0, 1, 4], "texture": "#0"},
				"east": {"uv": [0, 0, 1.25, 4], "texture": "#0"},
				"south": {"uv": [0, 0, 1, 4], "texture": "#0"},
				"west": {"uv": [0, 0, 1.25, 4], "texture": "#0"},
				"up": {"uv": [0, 0, 1, 1.25], "texture": "#0"},
				"down": {"uv": [0, 0, 1, 1.25], "texture": "#0"}
			}
		},
		{
			"from": [6.75, 13.25, 10],
			"to": [7.75, 17.25, 11.25],
			"rotation": {"angle": 0, "axis": "z", "origin": [0, 6, 0]},
			"faces": {
				"north": {"uv": [0, 0, 1, 4], "texture": "#1"},
				"east": {"uv": [0, 0, 1.25, 4], "texture": "#1"},
				"south": {"uv": [0, 0, 1, 4], "texture": "#1"},
				"west": {"uv": [0, 0, 1.25, 4], "texture": "#1"},
				"up": {"uv": [0, 0, 1, 1.25], "texture": "#1"},
				"down": {"uv": [0, 0, 1, 1.25], "texture": "#1"}
			}
		},
		{
			"from": [7.75, 13.25, 9.75],
			"to": [8.75, 17.25, 11.25],
			"rotation": {"angle": 0, "axis": "z", "origin": [0, 6, 0]},
			"faces": {
				"north": {"uv": [0, 0, 1, 4], "texture": "#1"},
				"east": {"uv": [0, 0, 1.5, 4], "texture": "#1"},
				"south": {"uv": [0, 0, 1, 4], "texture": "#1"},
				"west": {"uv": [0, 0, 1.5, 4], "texture": "#1"},
				"up": {"uv": [0, 0, 1, 1.5], "texture": "#1"},
				"down": {"uv": [0, 0, 1, 1.5], "texture": "#1"}
			}
		},
		{
			"from": [8.75, 13.25, 10],
			"to": [9.75, 17.25, 11.25],
			"rotation": {"angle": 0, "axis": "z", "origin": [0, 6, 0]},
			"faces": {
				"north": {"uv": [0, 0, 1, 4], "texture": "#1"},
				"east": {"uv": [0, 0, 1.25, 4], "texture": "#1"},
				"south": {"uv": [0, 0, 1, 4], "texture": "#1"},
				"west": {"uv": [0, 0, 1.25, 4], "texture": "#1"},
				"up": {"uv": [0, 0, 1, 1.25], "texture": "#1"},
				"down": {"uv": [0, 0, 1, 1.25], "texture": "#1"}
			}
		},
		{
			"from": [9.75, 13.25, 10],
			"to": [10.75, 17.25, 11.25],
			"rotation": {"angle": 0, "axis": "z", "origin": [0, 6, 0]},
			"faces": {
				"north": {"uv": [0, 0, 1, 4], "texture": "#0"},
				"east": {"uv": [0, 0, 1.25, 4], "texture": "#0"},
				"south": {"uv": [0, 0, 1, 4], "texture": "#0"},
				"west": {"uv": [0, 0, 1.25, 4], "texture": "#0"},
				"up": {"uv": [0, 0, 1, 1.25], "texture": "#0"},
				"down": {"uv": [0, 0, 1, 1.25], "texture": "#0"}
			}
		},
		{
			"from": [10.75, 15.25, 6.5],
			"to": [11.25, 19.25, 7],
			"rotation": {"angle": 0, "axis": "z", "origin": [0, 6, 0]},
			"color": 9,
			"faces": {
				"north": {"uv": [0, 0, 0.5, 4], "texture": "#missing"},
				"east": {"uv": [0, 0, 0.5, 4], "texture": "#missing"},
				"south": {"uv": [0, 0, 0.5, 4], "texture": "#missing"},
				"west": {"uv": [0, 0, 0.5, 4], "texture": "#missing"},
				"up": {"uv": [0, 0, 0.5, 0.5], "texture": "#missing"},
				"down": {"uv": [0, 0, 0.5, 0.5], "texture": "#missing"}
			}
		},
		{
			"from": [10.75, 15.25, 6.5],
			"to": [11.25, 19.25, 7],
			"rotation": {"angle": 0, "axis": "z", "origin": [0, 6, 0]},
			"color": 9,
			"faces": {
				"north": {"uv": [0, 0, 0.5, 4], "texture": "#missing"},
				"east": {"uv": [0, 0, 0.5, 4], "texture": "#missing"},
				"south": {"uv": [0, 0, 0.5, 4], "texture": "#missing"},
				"west": {"uv": [0, 0, 0.5, 4], "texture": "#missing"},
				"up": {"uv": [0, 0, 0.5, 0.5], "texture": "#missing"},
				"down": {"uv": [0, 0, 0.5, 0.5], "texture": "#missing"}
			}
		},
		{
			"from": [6.75, 15.25, 8],
			"to": [7.75, 19.25, 10],
			"rotation": {"angle": 0, "axis": "z", "origin": [0, 6, 0]},
			"faces": {
				"north": {"uv": [0, 0, 1, 4], "texture": "#1"},
				"east": {"uv": [0, 0, 2, 4], "texture": "#1"},
				"south": {"uv": [0, 0, 1, 4], "texture": "#1"},
				"west": {"uv": [0, 0, 2, 4], "texture": "#1"},
				"up": {"uv": [0, 0, 1, 2], "texture": "#1"},
				"down": {"uv": [0, 0, 1, 2], "texture": "#1"}
			}
		},
		{
			"from": [5.45, 15.25, 8],
			"to": [6.75, 19.25, 10],
			"rotation": {"angle": 0, "axis": "z", "origin": [0, 6, 0]},
			"faces": {
				"north": {"uv": [0, 0, 1.3, 4], "texture": "#0"},
				"east": {"uv": [0, 0, 2, 4], "texture": "#0"},
				"south": {"uv": [0, 0, 1.3, 4], "texture": "#0"},
				"west": {"uv": [0, 0, 2, 4], "texture": "#0"},
				"up": {"uv": [0, 0, 1.3, 2], "texture": "#0"},
				"down": {"uv": [0, 0, 1.3, 2], "texture": "#0"}
			}
		},
		{
			"from": [7.75, 15.25, 8],
			"to": [8.75, 19.25, 10],
			"rotation": {"angle": 0, "axis": "z", "origin": [0, 6, 0]},
			"faces": {
				"north": {"uv": [0, 0, 1, 4], "texture": "#0"},
				"east": {"uv": [0, 0, 2, 4], "texture": "#0"},
				"south": {"uv": [0, 0, 1, 4], "texture": "#0"},
				"west": {"uv": [0, 0, 2, 4], "texture": "#0"},
				"up": {"uv": [0, 0, 1, 2], "texture": "#0"},
				"down": {"uv": [0, 0, 1, 2], "texture": "#0"}
			}
		},
		{
			"from": [8.75, 15.25, 8],
			"to": [9.75, 19.25, 10],
			"rotation": {"angle": 0, "axis": "z", "origin": [0, 6, 0]},
			"faces": {
				"north": {"uv": [0, 0, 1, 4], "texture": "#1"},
				"east": {"uv": [0, 0, 2, 4], "texture": "#1"},
				"south": {"uv": [0, 0, 1, 4], "texture": "#1"},
				"west": {"uv": [0, 0, 2, 4], "texture": "#1"},
				"up": {"uv": [0, 0, 1, 2], "texture": "#1"},
				"down": {"uv": [0, 0, 1, 2], "texture": "#1"}
			}
		},
		{
			"from": [9.75, 15.25, 8],
			"to": [10.75, 19.25, 10],
			"rotation": {"angle": 0, "axis": "z", "origin": [0, 6, 0]},
			"faces": {
				"north": {"uv": [0, 0, 1, 4], "texture": "#0"},
				"east": {"uv": [0, 0, 2, 4], "texture": "#0"},
				"south": {"uv": [0, 0, 1, 4], "texture": "#0"},
				"west": {"uv": [0, 0, 2, 4], "texture": "#0"},
				"up": {"uv": [0, 0, 1, 2], "texture": "#0"},
				"down": {"uv": [0, 0, 1, 2], "texture": "#0"}
			}
		},
		{
			"from": [9.75, 15.25, 6.25],
			"to": [10.75, 19.25, 8],
			"rotation": {"angle": 0, "axis": "z", "origin": [0, 6, 0]},
			"faces": {
				"north": {"uv": [0, 0, 1, 4], "texture": "#1"},
				"east": {"uv": [0, 0, 1.75, 4], "texture": "#1"},
				"south": {"uv": [0, 0, 1, 4], "texture": "#1"},
				"west": {"uv": [0, 0, 1.75, 4], "texture": "#1"},
				"up": {"uv": [0, 0, 1, 1.75], "texture": "#1"},
				"down": {"uv": [0, 0, 1, 1.75], "texture": "#1"}
			}
		},
		{
			"from": [8.75, 15.25, 6.25],
			"to": [9.75, 19.25, 8],
			"rotation": {"angle": 0, "axis": "z", "origin": [0, 6, 0]},
			"faces": {
				"north": {"uv": [0, 0, 1, 4], "texture": "#1"},
				"east": {"uv": [0, 0, 1.75, 4], "texture": "#1"},
				"south": {"uv": [0, 0, 1, 4], "texture": "#1"},
				"west": {"uv": [0, 0, 1.75, 4], "texture": "#1"},
				"up": {"uv": [0, 0, 1, 1.75], "texture": "#1"},
				"down": {"uv": [0, 0, 1, 1.75], "texture": "#1"}
			}
		},
		{
			"from": [7.75, 15.25, 6.25],
			"to": [8.75, 19.25, 8],
			"rotation": {"angle": 0, "axis": "z", "origin": [0, 6, 0]},
			"faces": {
				"north": {"uv": [0, 0, 1, 4], "texture": "#1"},
				"east": {"uv": [0, 0, 1.75, 4], "texture": "#1"},
				"south": {"uv": [0, 0, 1, 4], "texture": "#1"},
				"west": {"uv": [0, 0, 1.75, 4], "texture": "#1"},
				"up": {"uv": [0, 0, 1, 1.75], "texture": "#1"},
				"down": {"uv": [0, 0, 1, 1.75], "texture": "#1"}
			}
		},
		{
			"from": [6.75, 15.25, 6.25],
			"to": [7.75, 19.25, 8],
			"rotation": {"angle": 0, "axis": "z", "origin": [0, 6, 0]},
			"faces": {
				"north": {"uv": [0, 0, 1, 4], "texture": "#1"},
				"east": {"uv": [0, 0, 1.75, 4], "texture": "#1"},
				"south": {"uv": [0, 0, 1, 4], "texture": "#1"},
				"west": {"uv": [0, 0, 1.75, 4], "texture": "#1"},
				"up": {"uv": [0, 0, 1, 1.75], "texture": "#1"},
				"down": {"uv": [0, 0, 1, 1.75], "texture": "#1"}
			}
		},
		{
			"from": [5.75, 15.25, 6.25],
			"to": [6.75, 19.25, 8],
			"rotation": {"angle": 0, "axis": "z", "origin": [0, 6, 0]},
			"faces": {
				"north": {"uv": [0, 0, 1, 4], "texture": "#1"},
				"east": {"uv": [0, 0, 1.75, 4], "texture": "#1"},
				"south": {"uv": [0, 0, 1, 4], "texture": "#1"},
				"west": {"uv": [0, 0, 1.75, 4], "texture": "#1"},
				"up": {"uv": [0, 0, 1, 1.75], "texture": "#1"},
				"down": {"uv": [0, 0, 1, 1.75], "texture": "#1"}
			}
		},
		{
			"from": [4.75, 15.25, 6.5],
			"to": [5.75, 19.25, 8],
			"rotation": {"angle": 0, "axis": "z", "origin": [0, 6, 0]},
			"faces": {
				"north": {"uv": [0, 4, 1, 8], "texture": "#1"},
				"east": {"uv": [0, 0, 2, 4], "texture": "#1"},
				"south": {"uv": [4, 0, 5, 4], "texture": "#1"},
				"west": {"uv": [2, 0, 4, 4], "texture": "#1"},
				"up": {"uv": [2, 6, 1, 4], "texture": "#1"},
				"down": {"uv": [3, 4, 2, 6], "texture": "#1"}
			}
		},
		{
			"from": [6.75, 13.25, 4],
			"to": [9.25, 14.25, 5],
			"rotation": {"angle": 0, "axis": "z", "origin": [0, 6, 0]},
			"faces": {
				"north": {"uv": [0, 0, 2.5, 1], "texture": "#0"},
				"east": {"uv": [0, 0, 1, 1], "texture": "#0"},
				"south": {"uv": [0, 0, 2.5, 1], "texture": "#0"},
				"west": {"uv": [0, 0, 1, 1], "texture": "#0"},
				"up": {"uv": [0, 0, 2.5, 1], "texture": "#0"},
				"down": {"uv": [0, 0, 2.5, 1], "texture": "#0"}
			}
		},
		{
			"from": [8, 16.5, 4],
			"to": [9, 20.5, 5],
			"rotation": {"angle": -22.5, "axis": "z", "origin": [0, 6, 0]},
			"faces": {
				"north": {"uv": [0, 0, 1, 4], "texture": "#0"},
				"east": {"uv": [0, 0, 1, 4], "texture": "#0"},
				"south": {"uv": [0, 0, 1, 4], "texture": "#0"},
				"west": {"uv": [0, 0, 1, 4], "texture": "#0"},
				"up": {"uv": [0, 0, 1, 1], "texture": "#0"},
				"down": {"uv": [0, 0, 1, 1], "texture": "#0"}
			}
		},
		{
			"from": [7, 16.5, 4],
			"to": [8, 20.5, 5],
			"rotation": {"angle": -22.5, "axis": "z", "origin": [0, 6, 0]},
			"faces": {
				"north": {"uv": [0, 0, 1, 4], "texture": "#1"},
				"east": {"uv": [0, 0, 1, 4], "texture": "#1"},
				"south": {"uv": [0, 0, 1, 4], "texture": "#1"},
				"west": {"uv": [0, 0, 1, 4], "texture": "#1"},
				"up": {"uv": [0, 0, 1, 1], "texture": "#1"},
				"down": {"uv": [0, 0, 1, 1], "texture": "#1"}
			}
		},
		{
			"from": [6, 16.5, 4],
			"to": [7, 20.5, 5],
			"rotation": {"angle": -22.5, "axis": "z", "origin": [0, 6, 0]},
			"faces": {
				"north": {"uv": [0, 0, 1, 4], "texture": "#0"},
				"east": {"uv": [0, 0, 1, 4], "texture": "#0"},
				"south": {"uv": [0, 0, 1, 4], "texture": "#0"},
				"west": {"uv": [0, 0, 1, 4], "texture": "#0"},
				"up": {"uv": [0, 0, 1, 1], "texture": "#0"},
				"down": {"uv": [0, 0, 1, 1], "texture": "#0"}
			}
		},
		{
			"from": [4.75, 16.5, 4],
			"to": [6, 20.5, 5],
			"rotation": {"angle": -22.5, "axis": "z", "origin": [0, 6, 0]},
			"faces": {
				"north": {"uv": [0, 0, 1.25, 4], "texture": "#1"},
				"east": {"uv": [0, 0, 1, 4], "texture": "#1"},
				"south": {"uv": [0, 0, 1.25, 4], "texture": "#1"},
				"west": {"uv": [0, 0, 1, 4], "texture": "#1"},
				"up": {"uv": [0, 0, 1.25, 1], "texture": "#1"},
				"down": {"uv": [0, 0, 1.25, 1], "texture": "#1"}
			}
		},
		{
			"from": [8, 16.5, 10],
			"to": [9, 20.5, 11.5],
			"rotation": {"angle": -22.5, "axis": "z", "origin": [0, 6, 0]},
			"faces": {
				"north": {"uv": [0, 0, 1, 4], "texture": "#0"},
				"east": {"uv": [0, 0, 1.5, 4], "texture": "#0"},
				"south": {"uv": [0, 0, 1, 4], "texture": "#0"},
				"west": {"uv": [0, 0, 1.5, 4], "texture": "#0"},
				"up": {"uv": [0, 0, 1, 1.5], "texture": "#0"},
				"down": {"uv": [0, 0, 1, 1.5], "texture": "#0"}
			}
		},
		{
			"from": [7, 16.5, 10],
			"to": [8, 20.5, 11.5],
			"rotation": {"angle": -22.5, "axis": "z", "origin": [0, 6, 0]},
			"faces": {
				"north": {"uv": [0, 0, 1, 4], "texture": "#1"},
				"east": {"uv": [0, 0, 1.5, 4], "texture": "#1"},
				"south": {"uv": [0, 0, 1, 4], "texture": "#1"},
				"west": {"uv": [0, 0, 1.5, 4], "texture": "#1"},
				"up": {"uv": [0, 0, 1, 1.5], "texture": "#1"},
				"down": {"uv": [0, 0, 1, 1.5], "texture": "#1"}
			}
		},
		{
			"from": [6, 16.5, 10],
			"to": [7, 20.5, 11.5],
			"rotation": {"angle": -22.5, "axis": "z", "origin": [0, 6, 0]},
			"faces": {
				"north": {"uv": [0, 0, 1, 4], "texture": "#0"},
				"east": {"uv": [0, 0, 1.5, 4], "texture": "#0"},
				"south": {"uv": [0, 0, 1, 4], "texture": "#0"},
				"west": {"uv": [0, 0, 1.5, 4], "texture": "#0"},
				"up": {"uv": [0, 0, 1, 1.5], "texture": "#0"},
				"down": {"uv": [0, 0, 1, 1.5], "texture": "#0"}
			}
		},
		{
			"from": [5, 16.5, 10],
			"to": [6, 20.5, 11.5],
			"rotation": {"angle": -22.5, "axis": "z", "origin": [0, 6, 0]},
			"faces": {
				"north": {"uv": [0, 0, 1, 4], "texture": "#1"},
				"east": {"uv": [0, 0, 1.5, 4], "texture": "#1"},
				"south": {"uv": [0, 0, 1, 4], "texture": "#1"},
				"west": {"uv": [0, 0, 1.5, 4], "texture": "#1"},
				"up": {"uv": [0, 0, 1, 1.5], "texture": "#1"},
				"down": {"uv": [0, 0, 1, 1.5], "texture": "#1"}
			}
		},
		{
			"from": [4.75, 16.5, 5],
			"to": [6, 21.5, 6],
			"rotation": {"angle": -22.5, "axis": "z", "origin": [0, 6, 0]},
			"faces": {
				"north": {"uv": [0, 0, 1.25, 5], "texture": "#1"},
				"east": {"uv": [0, 0, 1, 5], "texture": "#1"},
				"south": {"uv": [0, 0, 1.25, 5], "texture": "#1"},
				"west": {"uv": [0, 0, 1, 5], "texture": "#1"},
				"up": {"uv": [0, 0, 1.25, 1], "texture": "#1"},
				"down": {"uv": [0, 0, 1.25, 1], "texture": "#1"}
			}
		},
		{
			"from": [6, 16.5, 5],
			"to": [7, 21.5, 6],
			"rotation": {"angle": -22.5, "axis": "z", "origin": [0, 6, 0]},
			"faces": {
				"north": {"uv": [0, 0, 1, 5], "texture": "#0"},
				"east": {"uv": [0, 0, 1, 5], "texture": "#0"},
				"south": {"uv": [0, 0, 1, 5], "texture": "#0"},
				"west": {"uv": [0, 0, 1, 5], "texture": "#0"},
				"up": {"uv": [0, 0, 1, 1], "texture": "#0"},
				"down": {"uv": [0, 0, 1, 1], "texture": "#0"}
			}
		},
		{
			"from": [7, 16.5, 5],
			"to": [8, 21.5, 6],
			"rotation": {"angle": -22.5, "axis": "z", "origin": [0, 6, 0]},
			"faces": {
				"north": {"uv": [0, 0, 1, 5], "texture": "#1"},
				"east": {"uv": [0, 0, 1, 5], "texture": "#1"},
				"south": {"uv": [0, 0, 1, 5], "texture": "#1"},
				"west": {"uv": [0, 0, 1, 5], "texture": "#1"},
				"up": {"uv": [0, 0, 1, 1], "texture": "#1"},
				"down": {"uv": [0, 0, 1, 1], "texture": "#1"}
			}
		},
		{
			"from": [8, 16.5, 5],
			"to": [9, 21.5, 6],
			"rotation": {"angle": -22.5, "axis": "z", "origin": [0, 6, 0]},
			"faces": {
				"north": {"uv": [2, 0, 3, 5], "texture": "#0"},
				"east": {"uv": [2, 0, 3, 5], "texture": "#0"},
				"south": {"uv": [0, 0, 1, 5], "texture": "#0"},
				"west": {"uv": [0, 0, 1, 5], "texture": "#0"},
				"up": {"uv": [0, 0, 1, 1], "texture": "#0"},
				"down": {"uv": [0, 0, 1, 1], "texture": "#0"}
			}
		},
		{
			"from": [8, 16.5, 9],
			"to": [9, 21.5, 10],
			"rotation": {"angle": -22.5, "axis": "z", "origin": [0, 6, 0]},
			"faces": {
				"north": {"uv": [0, 0, 1, 5], "texture": "#0"},
				"east": {"uv": [0, 0, 1, 5], "texture": "#0"},
				"south": {"uv": [0, 0, 1, 5], "texture": "#0"},
				"west": {"uv": [0, 0, 1, 5], "texture": "#0"},
				"up": {"uv": [0, 0, 1, 1], "texture": "#0"},
				"down": {"uv": [0, 0, 1, 1], "texture": "#0"}
			}
		},
		{
			"from": [7, 16.5, 9],
			"to": [8, 21.5, 10],
			"rotation": {"angle": -22.5, "axis": "z", "origin": [0, 6, 0]},
			"faces": {
				"north": {"uv": [0, 0, 1, 5], "texture": "#1"},
				"east": {"uv": [0, 0, 1, 5], "texture": "#1"},
				"south": {"uv": [0, 0, 1, 5], "texture": "#1"},
				"west": {"uv": [0, 0, 1, 5], "texture": "#1"},
				"up": {"uv": [0, 0, 1, 1], "texture": "#1"},
				"down": {"uv": [0, 0, 1, 1], "texture": "#1"}
			}
		},
		{
			"from": [6, 16.5, 9],
			"to": [7, 21.5, 10],
			"rotation": {"angle": -22.5, "axis": "z", "origin": [0, 6, 0]},
			"faces": {
				"north": {"uv": [0, 0, 1, 5], "texture": "#0"},
				"east": {"uv": [0, 0, 1, 5], "texture": "#0"},
				"south": {"uv": [0, 0, 1, 5], "texture": "#0"},
				"west": {"uv": [0, 0, 1, 5], "texture": "#0"},
				"up": {"uv": [0, 0, 1, 1], "texture": "#0"},
				"down": {"uv": [0, 0, 1, 1], "texture": "#0"}
			}
		},
		{
			"from": [5, 16.5, 9],
			"to": [6, 21.5, 10],
			"rotation": {"angle": -22.5, "axis": "z", "origin": [0, 6, 0]},
			"faces": {
				"north": {"uv": [0, 0, 1, 5], "texture": "#1"},
				"east": {"uv": [0, 0, 1, 5], "texture": "#1"},
				"south": {"uv": [0, 0, 1, 5], "texture": "#1"},
				"west": {"uv": [0, 0, 1, 5], "texture": "#1"},
				"up": {"uv": [0, 0, 1, 1], "texture": "#1"},
				"down": {"uv": [0, 0, 1, 1], "texture": "#1"}
			}
		},
		{
			"from": [5, 17.5, 6.25],
			"to": [9, 22.5, 7],
			"rotation": {"angle": -22.5, "axis": "z", "origin": [0, 6, 0]},
			"faces": {
				"north": {"uv": [0, 0, 4, 5], "texture": "#1"},
				"east": {"uv": [0, 0, 0.75, 5], "texture": "#1"},
				"south": {"uv": [0, 0, 4, 5], "texture": "#1"},
				"west": {"uv": [0, 0, 0.75, 5], "texture": "#1"},
				"up": {"uv": [0, 0, 4, 0.75], "texture": "#1"},
				"down": {"uv": [0, 0, 4, 0.75], "texture": "#1"}
			}
		},
		{
			"from": [8, 17.5, 7],
			"to": [9, 22.5, 8],
			"rotation": {"angle": -22.5, "axis": "z", "origin": [0, 6, 0]},
			"color": 9,
			"faces": {
				"north": {"uv": [0, 0, 1, 5], "texture": "#missing"},
				"east": {"uv": [0, 0, 1, 5], "texture": "#missing"},
				"south": {"uv": [0, 0, 1, 5], "texture": "#missing"},
				"west": {"uv": [0, 0, 1, 5], "texture": "#missing"},
				"up": {"uv": [0, 0, 1, 1], "texture": "#missing"},
				"down": {"uv": [0, 0, 1, 1], "texture": "#missing"}
			}
		},
		{
			"from": [5, 17.5, 8],
			"to": [9, 22.5, 8.5],
			"rotation": {"angle": -22.5, "axis": "z", "origin": [0, 6, 0]},
			"faces": {
				"north": {"uv": [0, 0, 4, 5], "texture": "#1"},
				"east": {"uv": [0, 0, 0.5, 5], "texture": "#1"},
				"south": {"uv": [0, 0, 4, 5], "texture": "#1"},
				"west": {"uv": [0, 0, 0.5, 5], "texture": "#1"},
				"up": {"uv": [0, 0, 4, 0.5], "texture": "#1"},
				"down": {"uv": [0, 0, 4, 0.5], "texture": "#1"}
			}
		},
		{
			"from": [5.75, 10.5, 4],
			"to": [6.75, 14.5, 5],
			"rotation": {"angle": 22.5, "axis": "z", "origin": [0, 6, 0]},
			"faces": {
				"north": {"uv": [0, 0, 1, 4], "texture": "#0"},
				"east": {"uv": [0, 0, 1, 4], "texture": "#0"},
				"south": {"uv": [0, 0, 1, 4], "texture": "#0"},
				"west": {"uv": [0, 0, 1, 4], "texture": "#0"},
				"up": {"uv": [0, 0, 1, 1], "texture": "#0"},
				"down": {"uv": [0, 0, 1, 1], "texture": "#0"}
			}
		},
		{
			"from": [6.75, 10.5, 4],
			"to": [7.75, 14.5, 5],
			"rotation": {"angle": 22.5, "axis": "z", "origin": [0, 6, 0]},
			"faces": {
				"north": {"uv": [0, 0, 1, 4], "texture": "#1"},
				"east": {"uv": [0, 0, 1, 4], "texture": "#1"},
				"south": {"uv": [0, 0, 1, 4], "texture": "#1"},
				"west": {"uv": [0, 0, 1, 4], "texture": "#1"},
				"up": {"uv": [0, 0, 1, 1], "texture": "#1"},
				"down": {"uv": [0, 0, 1, 1], "texture": "#1"}
			}
		},
		{
			"from": [7.75, 10.5, 4],
			"to": [8.75, 14.5, 5],
			"rotation": {"angle": 22.5, "axis": "z", "origin": [0, 6, 0]},
			"faces": {
				"north": {"uv": [0, 0, 1, 4], "texture": "#0"},
				"east": {"uv": [0, 0, 1, 4], "texture": "#0"},
				"south": {"uv": [0, 0, 1, 4], "texture": "#0"},
				"west": {"uv": [0, 0, 1, 4], "texture": "#0"},
				"up": {"uv": [0, 0, 1, 1], "texture": "#0"},
				"down": {"uv": [0, 0, 1, 1], "texture": "#0"}
			}
		},
		{
			"from": [8.75, 10.5, 4],
			"to": [9.5, 14.5, 5],
			"rotation": {"angle": 22.5, "axis": "z", "origin": [0, 6, 0]},
			"faces": {
				"north": {"uv": [0, 0, 0.75, 4], "texture": "#1"},
				"east": {"uv": [0, 0, 1, 4], "texture": "#1"},
				"south": {"uv": [0, 0, 0.75, 4], "texture": "#1"},
				"west": {"uv": [0, 0, 1, 4], "texture": "#1"},
				"up": {"uv": [0, 0, 0.75, 1], "texture": "#1"},
				"down": {"uv": [0, 0, 0.75, 1], "texture": "#1"}
			}
		},
		{
			"from": [5.75, 10.5, 10],
			"to": [6.75, 14.5, 11.5],
			"rotation": {"angle": 22.5, "axis": "z", "origin": [0, 6, 0]},
			"faces": {
				"north": {"uv": [0, 0, 1, 4], "texture": "#0"},
				"east": {"uv": [0, 0, 1.5, 4], "texture": "#0"},
				"south": {"uv": [0, 0, 1, 4], "texture": "#0"},
				"west": {"uv": [0, 0, 1.5, 4], "texture": "#0"},
				"up": {"uv": [0, 0, 1, 1.5], "texture": "#0"},
				"down": {"uv": [0, 0, 1, 1.5], "texture": "#0"}
			}
		},
		{
			"from": [6.75, 10.5, 10],
			"to": [7.75, 14.5, 11.5],
			"rotation": {"angle": 22.5, "axis": "z", "origin": [0, 6, 0]},
			"faces": {
				"north": {"uv": [0, 0, 1, 4], "texture": "#1"},
				"east": {"uv": [0, 0, 1.5, 4], "texture": "#1"},
				"south": {"uv": [0, 0, 1, 4], "texture": "#1"},
				"west": {"uv": [0, 0, 1.5, 4], "texture": "#1"},
				"up": {"uv": [0, 0, 1, 1.5], "texture": "#1"},
				"down": {"uv": [0, 0, 1, 1.5], "texture": "#1"}
			}
		},
		{
			"from": [7.75, 10.5, 10],
			"to": [8.75, 14.5, 11.5],
			"rotation": {"angle": 22.5, "axis": "z", "origin": [0, 6, 0]},
			"faces": {
				"north": {"uv": [0, 0, 1, 4], "texture": "#0"},
				"east": {"uv": [0, 0, 1.5, 4], "texture": "#0"},
				"south": {"uv": [0, 0, 1, 4], "texture": "#0"},
				"west": {"uv": [0, 0, 1.5, 4], "texture": "#0"},
				"up": {"uv": [0, 0, 1, 1.5], "texture": "#0"},
				"down": {"uv": [0, 0, 1, 1.5], "texture": "#0"}
			}
		},
		{
			"from": [8.75, 10.5, 10],
			"to": [9.75, 14.5, 11.5],
			"rotation": {"angle": 22.5, "axis": "z", "origin": [0, 6, 0]},
			"faces": {
				"north": {"uv": [0, 0, 1, 4], "texture": "#1"},
				"east": {"uv": [0, 0, 1.5, 4], "texture": "#1"},
				"south": {"uv": [0, 0, 1, 4], "texture": "#1"},
				"west": {"uv": [0, 0, 1.5, 4], "texture": "#1"},
				"up": {"uv": [0, 0, 1, 1.5], "texture": "#1"},
				"down": {"uv": [0, 0, 1, 1.5], "texture": "#1"}
			}
		},
		{
			"from": [8.75, 10.5, 5],
			"to": [9.5, 15.5, 6],
			"rotation": {"angle": 22.5, "axis": "z", "origin": [0, 6, 0]},
			"faces": {
				"north": {"uv": [0, 0, 0.75, 5], "texture": "#1"},
				"east": {"uv": [0, 0, 1, 5], "texture": "#1"},
				"south": {"uv": [0, 0, 0.75, 5], "texture": "#1"},
				"west": {"uv": [0, 0, 1, 5], "texture": "#1"},
				"up": {"uv": [0, 0, 0.75, 1], "texture": "#1"},
				"down": {"uv": [0, 0, 0.75, 1], "texture": "#1"}
			}
		},
		{
			"from": [7.75, 10.5, 5],
			"to": [8.75, 15.5, 6],
			"rotation": {"angle": 22.5, "axis": "z", "origin": [0, 6, 0]},
			"faces": {
				"north": {"uv": [0, 0, 1, 5], "texture": "#0"},
				"east": {"uv": [0, 0, 1, 5], "texture": "#0"},
				"south": {"uv": [0, 0, 1, 5], "texture": "#0"},
				"west": {"uv": [0, 0, 1, 5], "texture": "#0"},
				"up": {"uv": [0, 0, 1, 1], "texture": "#0"},
				"down": {"uv": [0, 0, 1, 1], "texture": "#0"}
			}
		},
		{
			"from": [6.75, 10.5, 5],
			"to": [7.75, 15.5, 6],
			"rotation": {"angle": 22.5, "axis": "z", "origin": [0, 6, 0]},
			"faces": {
				"north": {"uv": [0, 0, 1, 5], "texture": "#1"},
				"east": {"uv": [0, 0, 1, 5], "texture": "#1"},
				"south": {"uv": [0, 0, 1, 5], "texture": "#1"},
				"west": {"uv": [0, 0, 1, 5], "texture": "#1"},
				"up": {"uv": [0, 0, 1, 1], "texture": "#1"},
				"down": {"uv": [0, 0, 1, 1], "texture": "#1"}
			}
		},
		{
			"from": [5.75, 10.5, 5],
			"to": [6.75, 15.5, 6],
			"rotation": {"angle": 22.5, "axis": "z", "origin": [0, 6, 0]},
			"faces": {
				"north": {"uv": [0, 0, 1, 5], "texture": "#0"},
				"east": {"uv": [0, 0, 1, 5], "texture": "#0"},
				"south": {"uv": [0, 0, 1, 5], "texture": "#0"},
				"west": {"uv": [0, 0, 1, 5], "texture": "#0"},
				"up": {"uv": [0, 0, 1, 1], "texture": "#0"},
				"down": {"uv": [0, 0, 1, 1], "texture": "#0"}
			}
		},
		{
			"from": [5.75, 10.5, 9],
			"to": [6.75, 15.5, 10],
			"rotation": {"angle": 22.5, "axis": "z", "origin": [0, 6, 0]},
			"faces": {
				"north": {"uv": [0, 0, 1, 5], "texture": "#0"},
				"east": {"uv": [0, 0, 1, 5], "texture": "#0"},
				"south": {"uv": [0, 0, 1, 5], "texture": "#0"},
				"west": {"uv": [0, 0, 1, 5], "texture": "#0"},
				"up": {"uv": [0, 0, 1, 1], "texture": "#0"},
				"down": {"uv": [0, 0, 1, 1], "texture": "#0"}
			}
		},
		{
			"from": [6.75, 10.5, 9],
			"to": [7.75, 15.5, 10],
			"rotation": {"angle": 22.5, "axis": "z", "origin": [0, 6, 0]},
			"faces": {
				"north": {"uv": [0, 0, 1, 5], "texture": "#1"},
				"east": {"uv": [0, 0, 1, 5], "texture": "#1"},
				"south": {"uv": [0, 0, 1, 5], "texture": "#1"},
				"west": {"uv": [0, 0, 1, 5], "texture": "#1"},
				"up": {"uv": [0, 0, 1, 1], "texture": "#1"},
				"down": {"uv": [0, 0, 1, 1], "texture": "#1"}
			}
		},
		{
			"from": [7.75, 10.5, 9],
			"to": [8.75, 15.5, 10],
			"rotation": {"angle": 22.5, "axis": "z", "origin": [0, 6, 0]},
			"faces": {
				"north": {"uv": [0, 0, 1, 5], "texture": "#0"},
				"east": {"uv": [0, 0, 1, 5], "texture": "#0"},
				"south": {"uv": [0, 0, 1, 5], "texture": "#0"},
				"west": {"uv": [0, 0, 1, 5], "texture": "#0"},
				"up": {"uv": [0, 0, 1, 1], "texture": "#0"},
				"down": {"uv": [0, 0, 1, 1], "texture": "#0"}
			}
		},
		{
			"from": [8.75, 10.5, 9],
			"to": [9.75, 15.5, 10],
			"rotation": {"angle": 22.5, "axis": "z", "origin": [0, 6, 0]},
			"faces": {
				"north": {"uv": [0, 0, 1, 5], "texture": "#1"},
				"east": {"uv": [0, 0, 1, 5], "texture": "#1"},
				"south": {"uv": [0, 0, 1, 5], "texture": "#1"},
				"west": {"uv": [0, 0, 1, 5], "texture": "#1"},
				"up": {"uv": [0, 0, 1, 1], "texture": "#1"},
				"down": {"uv": [0, 0, 1, 1], "texture": "#1"}
			}
		},
		{
			"from": [5.75, 10.5, 6.25],
			"to": [9.75, 16.5, 7],
			"rotation": {"angle": 22.5, "axis": "z", "origin": [0, 6, 0]},
			"faces": {
				"north": {"uv": [0, 0, 4, 6], "texture": "#1"},
				"east": {"uv": [0, 0, 0.75, 6], "texture": "#1"},
				"south": {"uv": [0, 0, 4, 6], "texture": "#1"},
				"west": {"uv": [0, 0, 0.75, 6], "texture": "#1"},
				"up": {"uv": [0, 0, 4, 0.75], "texture": "#1"},
				"down": {"uv": [0, 0, 4, 0.75], "texture": "#1"}
			}
		},
		{
			"from": [5.75, 10.5, 8],
			"to": [9.75, 16.5, 8.75],
			"rotation": {"angle": 22.5, "axis": "z", "origin": [0, 6, 0]},
			"faces": {
				"north": {"uv": [0, 0, 4, 6], "texture": "#1"},
				"east": {"uv": [0, 0, 0.75, 6], "texture": "#1"},
				"south": {"uv": [0, 0, 4, 6], "texture": "#1"},
				"west": {"uv": [0, 0, 0.75, 6], "texture": "#1"},
				"up": {"uv": [0, 0, 4, 0.75], "texture": "#1"},
				"down": {"uv": [0, 0, 4, 0.75], "texture": "#1"}
			}
		},
		{
			"from": [5.75, 10.5, 7],
			"to": [6.75, 16.5, 8],
			"rotation": {"angle": 22.5, "axis": "z", "origin": [0, 6, 0]},
			"color": 9,
			"faces": {
				"north": {"uv": [0, 0, 1, 6], "texture": "#missing"},
				"east": {"uv": [0, 0, 1, 6], "texture": "#missing"},
				"south": {"uv": [0, 0, 1, 6], "texture": "#missing"},
				"west": {"uv": [0, 0, 1, 6], "texture": "#missing"},
				"up": {"uv": [0, 0, 1, 1], "texture": "#missing"},
				"down": {"uv": [0, 0, 1, 1], "texture": "#missing"}
			}
		},
		{
			"from": [5, 18.75, 6],
			"to": [6, 19.75, 9],
			"rotation": {"angle": 0, "axis": "y", "origin": [0, 6, 0]},
			"faces": {
				"north": {"uv": [0, 0, 1, 1], "texture": "#0"},
				"east": {"uv": [0, 0, 3, 1], "texture": "#0"},
				"south": {"uv": [0, 0, 1, 1], "texture": "#0"},
				"west": {"uv": [0, 0, 3, 1], "texture": "#0"},
				"up": {"uv": [0, 0, 1, 3], "texture": "#0"},
				"down": {"uv": [0, 0, 1, 3], "texture": "#0"}
			}
		},
		{
			"from": [6, 18.75, 6],
			"to": [7, 19.75, 9],
			"rotation": {"angle": 0, "axis": "y", "origin": [0, 6, 0]},
			"faces": {
				"north": {"uv": [0, 0, 1, 1], "texture": "#0"},
				"east": {"uv": [0, 0, 3, 1], "texture": "#0"},
				"south": {"uv": [0, 0, 1, 1], "texture": "#0"},
				"west": {"uv": [0, 0, 3, 1], "texture": "#0"},
				"up": {"uv": [0, 0, 1, 3], "texture": "#0"},
				"down": {"uv": [0, 0, 1, 3], "texture": "#0"}
			}
		},
		{
			"from": [7, 18.75, 6],
			"to": [8, 19.75, 9],
			"rotation": {"angle": 0, "axis": "y", "origin": [0, 6, 0]},
			"faces": {
				"north": {"uv": [0, 0, 1, 1], "texture": "#0"},
				"east": {"uv": [0, 0, 3, 1], "texture": "#0"},
				"south": {"uv": [0, 0, 1, 1], "texture": "#0"},
				"west": {"uv": [0, 0, 3, 1], "texture": "#0"},
				"up": {"uv": [0, 0, 1, 3], "texture": "#0"},
				"down": {"uv": [0, 0, 1, 3], "texture": "#0"}
			}
		},
		{
			"from": [8, 18.75, 6],
			"to": [9, 19.75, 9],
			"rotation": {"angle": 0, "axis": "y", "origin": [0, 6, 0]},
			"faces": {
				"north": {"uv": [0, 0, 1, 1], "texture": "#0"},
				"east": {"uv": [0, 0, 3, 1], "texture": "#0"},
				"south": {"uv": [0, 0, 1, 1], "texture": "#0"},
				"west": {"uv": [0, 0, 3, 1], "texture": "#0"},
				"up": {"uv": [0, 0, 1, 3], "texture": "#0"},
				"down": {"uv": [0, 0, 1, 3], "texture": "#0"}
			}
		},
		{
			"from": [9, 18.75, 6],
			"to": [10, 19.75, 9],
			"rotation": {"angle": 0, "axis": "y", "origin": [0, 6, 0]},
			"faces": {
				"north": {"uv": [0, 0, 1, 1], "texture": "#0"},
				"east": {"uv": [0, 0, 3, 1], "texture": "#0"},
				"south": {"uv": [0, 0, 1, 1], "texture": "#0"},
				"west": {"uv": [0, 0, 3, 1], "texture": "#0"},
				"up": {"uv": [0, 0, 1, 3], "texture": "#0"},
				"down": {"uv": [0, 0, 1, 3], "texture": "#0"}
			}
		},
		{
			"from": [10, 18.75, 6],
			"to": [11, 19.75, 9],
			"rotation": {"angle": 0, "axis": "y", "origin": [0, 6, 0]},
			"faces": {
				"north": {"uv": [0, 0, 1, 1], "texture": "#0"},
				"east": {"uv": [0, 0, 3, 1], "texture": "#0"},
				"south": {"uv": [0, 0, 1, 1], "texture": "#0"},
				"west": {"uv": [0, 0, 3, 1], "texture": "#0"},
				"up": {"uv": [0, 0, 1, 3], "texture": "#0"},
				"down": {"uv": [0, 0, 1, 3], "texture": "#0"}
			}
		},
		{
			"from": [4.75, 22, 6],
			"to": [9, 22.9, 9],
			"rotation": {"angle": -22.5, "axis": "z", "origin": [0, 6, 0]},
			"faces": {
				"north": {"uv": [0, 0, 4.25, 0.9], "texture": "#0"},
				"east": {"uv": [0, 0, 3, 0.9], "texture": "#0"},
				"south": {"uv": [0, 0, 4.25, 0.9], "texture": "#0"},
				"west": {"uv": [0, 0, 3, 0.9], "texture": "#0"},
				"up": {"uv": [0, 0, 4.25, 3], "texture": "#0"},
				"down": {"uv": [0, 0, 4.25, 3], "texture": "#0"}
			}
		},
		{
			"from": [5.75, 15.75, 6],
			"to": [10, 16.75, 9],
			"rotation": {"angle": 22.5, "axis": "z", "origin": [0, 6, 0]},
			"faces": {
				"north": {"uv": [0, 0, 4.25, 1], "texture": "#0"},
				"east": {"uv": [0, 0, 3, 1], "texture": "#0"},
				"south": {"uv": [0, 0, 4.25, 1], "texture": "#0"},
				"west": {"uv": [0, 0, 3, 1], "texture": "#0"},
				"up": {"uv": [0, 0, 4.25, 3], "texture": "#0"},
				"down": {"uv": [0, 0, 4.25, 3], "texture": "#0"}
			}
		},
		{
			"from": [7.25, 11.75, 2.25],
			"to": [8.75, 13.25, 2.75],
			"faces": {
				"north": {"uv": [0, 0, 1.5, 1.5], "texture": "#2"},
				"east": {"uv": [0, 0, 0.5, 1.5], "texture": "#2"},
				"south": {"uv": [0, 0, 1.5, 1.5], "texture": "#2"},
				"west": {"uv": [0, 0, 0.5, 1.5], "texture": "#2"},
				"up": {"uv": [0, 0, 1.5, 0.5], "texture": "#2"},
				"down": {"uv": [0, 0, 1.5, 0.5], "texture": "#2"}
			}
		},
		{
			"from": [5.55, 12.05, 2.25],
			"to": [6.45, 12.95, 2.5],
			"faces": {
				"north": {"uv": [0, 0, 0.9, 0.9], "texture": "#2"},
				"east": {"uv": [0, 0, 0.25, 0.9], "texture": "#2"},
				"south": {"uv": [0, 0, 0.9, 0.9], "texture": "#2"},
				"west": {"uv": [0, 0, 0.25, 0.9], "texture": "#2"},
				"up": {"uv": [0, 0, 0.9, 0.25], "texture": "#2"},
				"down": {"uv": [0, 0, 0.9, 0.25], "texture": "#2"}
			}
		},
		{
			"from": [9.55, 12.05, 2.25],
			"to": [10.45, 12.95, 2.5],
			"faces": {
				"north": {"uv": [0, 0, 0.9, 0.9], "texture": "#2"},
				"east": {"uv": [0, 0, 0.25, 0.9], "texture": "#2"},
				"south": {"uv": [0, 0, 0.9, 0.9], "texture": "#2"},
				"west": {"uv": [0, 0, 0.25, 0.9], "texture": "#2"},
				"up": {"uv": [0, 0, 0.9, 0.25], "texture": "#2"},
				"down": {"uv": [0, 0, 0.9, 0.25], "texture": "#2"}
			}
		}
	],
	"display": {
		"thirdperson_righthand": {
			"rotation": [0, 180, 0],
			"translation": [0, -0.75, 0],
			"scale": [0.5, 0.5, 0.5]
		},
		"thirdperson_lefthand": {
			"rotation": [0, 180, 1],
			"translation": [0, 0.75, 0],
			"scale": [0.5, 0.5, 0.5]
		},
		"firstperson_righthand": {
			"translation": [0, 0.75, 0],
			"scale": [0.5, 0.5, 0.5]
		},
		"firstperson_lefthand": {
			"scale": [0.5, 0.5, 0.5]
		},
		"ground": {
			"translation": [0, 1, 0],
			"scale": [0.5, 0.5, 0.5]
		},
		"gui": {
			"translation": [0, -1.5, 0],
			"scale": [0.5, 0.5, 0.5]
		},
		"head": {
			"translation": [0, 0, 0.5],
			"scale": [1.3, 1.4, 1.5]
		},
		"fixed": {
			"rotation": [-90, 0, 0],
			"translation": [0, 0, -11],
			"scale": [1.5, 1.5, 1.5]
		}
	},
	"groups": [
		0,
		1,
		2,
		3,
		4,
		5,
		6,
		7,
		8,
		9,
		10,
		11,
		12,
		13,
		14,
		15,
		16,
		17,
		18,
		19,
		20,
		21,
		22,
		23,
		24,
		25,
		26,
		27,
		28,
		29,
		30,
		31,
		32,
		33,
		34,
		35,
		{
			"name": "group",
			"origin": [8, 8, 8],
			"color": 0,
			"children": [
				36,
				37,
				38,
				39,
				40,
				{
					"name": "group",
					"origin": [0, 0, 0],
					"color": 0,
					"children": [41, 42, 43, 44]
				},
				45,
				46,
				47,
				48,
				49,
				50,
				51,
				52,
				53,
				54,
				55,
				56,
				57,
				58,
				59,
				60,
				61,
				62,
				63,
				64,
				65,
				66,
				67,
				68,
				69,
				70,
				71,
				72,
				73,
				74,
				75,
				76,
				77,
				78,
				79,
				80,
				81,
				82,
				83,
				84,
				85,
				86,
				87,
				88,
				89,
				90,
				91,
				92,
				93,
				94,
				95,
				96,
				97,
				98,
				99,
				100,
				101,
				102,
				103,
				104,
				105,
				106,
				107,
				108,
				109
			]
		},
		110,
		111,
		112
	]
}