{
	"credit": "Made with Blockbench",
	"texture_size": [32, 32],
	"textures": {
		"0": "block/black_wool",
		"1": "block/black_concrete",
		"particle": "block/black_wool"
	},
	"elements": [
		{
			"from": [5, 1, 5],
			"to": [11, 12, 11],
			"faces": {
				"north": {"uv": [3, 0, 4.5, 2.75], "texture": "#0"},
				"east": {"uv": [3, 2.75, 4.5, 5.5], "texture": "#0"},
				"south": {"uv": [4.5, 0, 6, 2.75], "texture": "#0"},
				"west": {"uv": [4.5, 2.75, 6, 5.5], "texture": "#0"},
				"up": {"uv": [9, 4.25, 7.5, 2.75], "texture": "#0"},
				"down": {"uv": [9, 4.25, 7.5, 5.75], "texture": "#0"}
			}
		},
		{
			"from": [5, 1, 2],
			"to": [11, 12, 5],
			"faces": {
				"north": {"uv": [3, 5.5, 4.5, 8.25], "texture": "#0"},
				"east": {"uv": [7.5, 5.75, 8.25, 8.5], "texture": "#0"},
				"south": {"uv": [4.5, 5.5, 6, 8.25], "texture": "#0"},
				"west": {"uv": [3, 8.25, 3.75, 11], "texture": "#0"},
				"up": {"uv": [11, 9, 9.5, 8.25], "texture": "#0"},
				"down": {"uv": [11, 9, 9.5, 9.75], "texture": "#0"}
			}
		},
		{
			"from": [5, 1, 11],
			"to": [11, 12, 14],
			"faces": {
				"north": {"uv": [0, 6, 1.5, 8.75], "texture": "#0"},
				"east": {"uv": [3.75, 8.25, 4.5, 11], "texture": "#0"},
				"south": {"uv": [6, 0, 7.5, 2.75], "texture": "#0"},
				"west": {"uv": [4.5, 8.25, 5.25, 11], "texture": "#0"},
				"up": {"uv": [11, 10.5, 9.5, 9.75], "texture": "#0"},
				"down": {"uv": [11.5, 0, 10, 0.75], "texture": "#0"}
			}
		},
		{
			"from": [11, 1, 11],
			"to": [13, 12, 13],
			"faces": {
				"north": {"uv": [7.5, 8.5, 8, 11.25], "texture": "#0"},
				"east": {"uv": [8, 8.5, 8.5, 11.25], "texture": "#0"},
				"south": {"uv": [8.5, 8.5, 9, 11.25], "texture": "#0"},
				"west": {"uv": [0, 8.75, 0.5, 11.5], "texture": "#0"},
				"up": {"uv": [11.25, 6.75, 10.75, 6.25], "texture": "#0"},
				"down": {"uv": [3.5, 11, 3, 11.5], "texture": "#0"}
			}
		},
		{
			"from": [11, 1, 3],
			"to": [13, 12, 5],
			"faces": {
				"north": {"uv": [0.5, 8.75, 1, 11.5], "texture": "#0"},
				"east": {"uv": [1, 8.75, 1.5, 11.5], "texture": "#0"},
				"south": {"uv": [1.5, 8.75, 2, 11.5], "texture": "#0"},
				"west": {"uv": [2, 8.75, 2.5, 11.5], "texture": "#0"},
				"up": {"uv": [4, 11.5, 3.5, 11], "texture": "#0"},
				"down": {"uv": [4.5, 11, 4, 11.5], "texture": "#0"}
			}
		},
		{
			"from": [3, 1, 3],
			"to": [5, 12, 5],
			"faces": {
				"north": {"uv": [2.5, 8.75, 3, 11.5], "texture": "#0"},
				"east": {"uv": [9, 0, 9.5, 2.75], "texture": "#0"},
				"south": {"uv": [9, 2.75, 9.5, 5.5], "texture": "#0"},
				"west": {"uv": [9, 5.5, 9.5, 8.25], "texture": "#0"},
				"up": {"uv": [5, 11.5, 4.5, 11], "texture": "#0"},
				"down": {"uv": [5.5, 11, 5, 11.5], "texture": "#0"}
			}
		},
		{
			"from": [3, 1, 11],
			"to": [5, 12, 13],
			"faces": {
				"north": {"uv": [9, 8.25, 9.5, 11], "texture": "#0"},
				"east": {"uv": [9.5, 0, 10, 2.75], "texture": "#0"},
				"south": {"uv": [9.5, 2.75, 10, 5.5], "texture": "#0"},
				"west": {"uv": [9.5, 5.5, 10, 8.25], "texture": "#0"},
				"up": {"uv": [6, 11.5, 5.5, 11], "texture": "#0"},
				"down": {"uv": [6.5, 11, 6, 11.5], "texture": "#0"}
			}
		},
		{
			"from": [11, 1, 5],
			"to": [14, 12, 11],
			"faces": {
				"north": {"uv": [5.25, 8.25, 6, 11], "texture": "#0"},
				"east": {"uv": [1.5, 6, 3, 8.75], "texture": "#0"},
				"south": {"uv": [8.25, 5.75, 9, 8.5], "texture": "#0"},
				"west": {"uv": [6, 2.75, 7.5, 5.5], "texture": "#0"},
				"up": {"uv": [10.75, 2.25, 10, 0.75], "texture": "#0"},
				"down": {"uv": [10.75, 2.25, 10, 3.75], "texture": "#0"}
			}
		},
		{
			"from": [2, 1, 5],
			"to": [5, 12, 11],
			"faces": {
				"north": {"uv": [6, 8.25, 6.75, 11], "texture": "#0"},
				"east": {"uv": [6, 5.5, 7.5, 8.25], "texture": "#0"},
				"south": {"uv": [6.75, 8.25, 7.5, 11], "texture": "#0"},
				"west": {"uv": [7.5, 0, 9, 2.75], "texture": "#0"},
				"up": {"uv": [10.75, 5.25, 10, 3.75], "texture": "#0"},
				"down": {"uv": [10.75, 5.25, 10, 6.75], "texture": "#0"}
			}
		},
		{
			"from": [2, 0, 2],
			"to": [14, 1, 14],
			"faces": {
				"north": {"uv": [10.75, 3.25, 13.75, 3.5], "texture": "#0"},
				"east": {"uv": [10.75, 3.5, 13.75, 3.75], "texture": "#0"},
				"south": {"uv": [10.75, 3.75, 13.75, 4], "texture": "#0"},
				"west": {"uv": [10.75, 4, 13.75, 4.25], "texture": "#0"},
				"up": {"uv": [3, 3, 0, 0], "texture": "#0"},
				"down": {"uv": [3, 3, 0, 6], "texture": "#0"}
			}
		},
		{
			"from": [14, 0, 4],
			"to": [16, 1, 12],
			"faces": {
				"north": {"uv": [6.5, 11, 7, 11.25], "texture": "#0"},
				"east": {"uv": [10.75, 4.25, 12.75, 4.5], "texture": "#0"},
				"south": {"uv": [7, 11, 7.5, 11.25], "texture": "#0"},
				"west": {"uv": [10.75, 4.5, 12.75, 4.75], "texture": "#0"},
				"up": {"uv": [10, 12.5, 9.5, 10.5], "texture": "#0"},
				"down": {"uv": [10.5, 10.5, 10, 12.5], "texture": "#0"}
			}
		},
		{
			"from": [0, 0, 4],
			"to": [2, 1, 12],
			"faces": {
				"north": {"uv": [11, 8.25, 11.5, 8.5], "texture": "#0"},
				"east": {"uv": [10.75, 4.75, 12.75, 5], "texture": "#0"},
				"south": {"uv": [11, 8.5, 11.5, 8.75], "texture": "#0"},
				"west": {"uv": [10.75, 5, 12.75, 5.25], "texture": "#0"},
				"up": {"uv": [11, 12.5, 10.5, 10.5], "texture": "#0"},
				"down": {"uv": [11.25, 0.75, 10.75, 2.75], "texture": "#0"}
			}
		},
		{
			"from": [1, 0, 12],
			"to": [2, 1, 14],
			"faces": {
				"north": {"uv": [9.25, 11.25, 9.5, 11.5], "texture": "#0"},
				"east": {"uv": [11, 8.75, 11.5, 9], "texture": "#0"},
				"south": {"uv": [1.5, 11.5, 1.75, 11.75], "texture": "#0"},
				"west": {"uv": [9, 11, 9.5, 11.25], "texture": "#0"},
				"up": {"uv": [11.25, 9.5, 11, 9], "texture": "#0"},
				"down": {"uv": [11.25, 9.5, 11, 10], "texture": "#0"}
			}
		},
		{
			"from": [1, 0, 2],
			"to": [2, 1, 4],
			"faces": {
				"north": {"uv": [11.5, 1.5, 11.75, 1.75], "texture": "#0"},
				"east": {"uv": [11, 10, 11.5, 10.25], "texture": "#0"},
				"south": {"uv": [1.75, 11.5, 2, 11.75], "texture": "#0"},
				"west": {"uv": [11, 10.25, 11.5, 10.5], "texture": "#0"},
				"up": {"uv": [11.25, 11, 11, 10.5], "texture": "#0"},
				"down": {"uv": [11.25, 11, 11, 11.5], "texture": "#0"}
			}
		},
		{
			"from": [14, 0, 12],
			"to": [15, 1, 14],
			"faces": {
				"north": {"uv": [11.5, 1.75, 11.75, 2], "texture": "#0"},
				"east": {"uv": [11.25, 0.75, 11.75, 1], "texture": "#0"},
				"south": {"uv": [2, 11.5, 2.25, 11.75], "texture": "#0"},
				"west": {"uv": [11.25, 1, 11.75, 1.25], "texture": "#0"},
				"up": {"uv": [11.5, 1.75, 11.25, 1.25], "texture": "#0"},
				"down": {"uv": [11.5, 1.75, 11.25, 2.25], "texture": "#0"}
			}
		},
		{
			"from": [14, 0, 2],
			"to": [15, 1, 4],
			"faces": {
				"north": {"uv": [11.5, 2, 11.75, 2.25], "texture": "#0"},
				"east": {"uv": [11.25, 2.25, 11.75, 2.5], "texture": "#0"},
				"south": {"uv": [2.25, 11.5, 2.5, 11.75], "texture": "#0"},
				"west": {"uv": [11.25, 2.5, 11.75, 2.75], "texture": "#0"},
				"up": {"uv": [11.5, 6.75, 11.25, 6.25], "texture": "#0"},
				"down": {"uv": [6.75, 11.25, 6.5, 11.75], "texture": "#0"}
			}
		},
		{
			"from": [4, 0, 14],
			"to": [12, 1, 16],
			"faces": {
				"north": {"uv": [10.75, 5.25, 12.75, 5.5], "texture": "#0"},
				"east": {"uv": [6.75, 11.25, 7.25, 11.5], "texture": "#0"},
				"south": {"uv": [10.75, 5.5, 12.75, 5.75], "texture": "#0"},
				"west": {"uv": [7.25, 11.25, 7.75, 11.5], "texture": "#0"},
				"up": {"uv": [12, 7.25, 10, 6.75], "texture": "#0"},
				"down": {"uv": [12, 7.25, 10, 7.75], "texture": "#0"}
			}
		},
		{
			"from": [4, 0, 0],
			"to": [12, 1, 2],
			"faces": {
				"north": {"uv": [10.75, 5.75, 12.75, 6], "texture": "#0"},
				"east": {"uv": [7.75, 11.25, 8.25, 11.5], "texture": "#0"},
				"south": {"uv": [10.75, 6, 12.75, 6.25], "texture": "#0"},
				"west": {"uv": [8.25, 11.25, 8.75, 11.5], "texture": "#0"},
				"up": {"uv": [12, 8.25, 10, 7.75], "texture": "#0"},
				"down": {"uv": [12.75, 2.75, 10.75, 3.25], "texture": "#0"}
			}
		},
		{
			"from": [12, 0, 1],
			"to": [14, 1, 2],
			"faces": {
				"north": {"uv": [8.75, 11.25, 9.25, 11.5], "texture": "#0"},
				"east": {"uv": [2.5, 11.5, 2.75, 11.75], "texture": "#0"},
				"south": {"uv": [11.25, 9, 11.75, 9.25], "texture": "#0"},
				"west": {"uv": [2.75, 11.5, 3, 11.75], "texture": "#0"},
				"up": {"uv": [11.75, 9.5, 11.25, 9.25], "texture": "#0"},
				"down": {"uv": [11.75, 9.5, 11.25, 9.75], "texture": "#0"}
			}
		},
		{
			"from": [2, 0, 1],
			"to": [4, 1, 2],
			"faces": {
				"north": {"uv": [11.25, 9.75, 11.75, 10], "texture": "#0"},
				"east": {"uv": [3, 11.5, 3.25, 11.75], "texture": "#0"},
				"south": {"uv": [11.25, 10.5, 11.75, 10.75], "texture": "#0"},
				"west": {"uv": [3.25, 11.5, 3.5, 11.75], "texture": "#0"},
				"up": {"uv": [11.75, 11, 11.25, 10.75], "texture": "#0"},
				"down": {"uv": [11.75, 11, 11.25, 11.25], "texture": "#0"}
			}
		},
		{
			"from": [2, 0, 14],
			"to": [4, 1, 15],
			"faces": {
				"north": {"uv": [11.25, 11.25, 11.75, 11.5], "texture": "#0"},
				"east": {"uv": [3.5, 11.5, 3.75, 11.75], "texture": "#0"},
				"south": {"uv": [0, 11.5, 0.5, 11.75], "texture": "#0"},
				"west": {"uv": [3.75, 11.5, 4, 11.75], "texture": "#0"},
				"up": {"uv": [12, 0.25, 11.5, 0], "texture": "#0"},
				"down": {"uv": [12, 0.25, 11.5, 0.5], "texture": "#0"}
			}
		},
		{
			"from": [12, 0, 14],
			"to": [14, 1, 15],
			"faces": {
				"north": {"uv": [0.5, 11.5, 1, 11.75], "texture": "#0"},
				"east": {"uv": [4, 11.5, 4.25, 11.75], "texture": "#0"},
				"south": {"uv": [11.5, 0.5, 12, 0.75], "texture": "#0"},
				"west": {"uv": [4.25, 11.5, 4.5, 11.75], "texture": "#0"},
				"up": {"uv": [1.5, 11.75, 1, 11.5], "texture": "#0"},
				"down": {"uv": [12, 1.25, 11.5, 1.5], "texture": "#0"}
			}
		},
		{
			"from": [2.75, 1, 2.75],
			"to": [13.25, 3, 13.25],
			"faces": {
				"north": {"uv": [5.5, 0, 11, 1], "texture": "#1"},
				"east": {"uv": [5.5, 1, 11, 2], "texture": "#1"},
				"south": {"uv": [5.5, 2, 11, 3], "texture": "#1"},
				"west": {"uv": [5.5, 3, 11, 4], "texture": "#1"},
				"up": {"uv": [5.5, 5.5, 0, 0], "texture": "#1"},
				"down": {"uv": [5.5, 5.5, 0, 11], "texture": "#1"}
			}
		},
		{
			"from": [4.75, 1, 12.75],
			"to": [11.25, 3, 14.25],
			"faces": {
				"north": {"uv": [5.5, 4, 9, 5], "texture": "#1"},
				"east": {"uv": [7.5, 10, 8.5, 11], "texture": "#1"},
				"south": {"uv": [5.5, 5, 9, 6], "texture": "#1"},
				"west": {"uv": [8.5, 10, 9.5, 11], "texture": "#1"},
				"up": {"uv": [9, 7, 5.5, 6], "texture": "#1"},
				"down": {"uv": [9, 7, 5.5, 8], "texture": "#1"}
			}
		},
		{
			"from": [4.75, 1, 1.75],
			"to": [11.25, 3, 3.25],
			"faces": {
				"north": {"uv": [5.5, 8, 9, 9], "texture": "#1"},
				"east": {"uv": [9.5, 10, 10.5, 11], "texture": "#1"},
				"south": {"uv": [9, 4, 12.5, 5], "texture": "#1"},
				"west": {"uv": [10.5, 10, 11.5, 11], "texture": "#1"},
				"up": {"uv": [12.5, 6, 9, 5], "texture": "#1"},
				"down": {"uv": [9, 9, 5.5, 10], "texture": "#1"}
			}
		},
		{
			"from": [13, 1, 4.75],
			"to": [14.25, 3, 11.25],
			"faces": {
				"north": {"uv": [0, 11, 0.5, 12], "texture": "#1"},
				"east": {"uv": [9, 6, 12.5, 7], "texture": "#1"},
				"south": {"uv": [11, 0, 11.5, 1], "texture": "#1"},
				"west": {"uv": [9, 7, 12.5, 8], "texture": "#1"},
				"up": {"uv": [6, 13.5, 5.5, 10], "texture": "#1"},
				"down": {"uv": [6.5, 10, 6, 13.5], "texture": "#1"}
			}
		},
		{
			"from": [1.75, 1, 4.75],
			"to": [3, 3, 11.25],
			"faces": {
				"north": {"uv": [0.5, 11, 1, 12], "texture": "#1"},
				"east": {"uv": [9, 8, 12.5, 9], "texture": "#1"},
				"south": {"uv": [1, 11, 1.5, 12], "texture": "#1"},
				"west": {"uv": [9, 9, 12.5, 10], "texture": "#1"},
				"up": {"uv": [7, 13.5, 6.5, 10], "texture": "#1"},
				"down": {"uv": [7.5, 10, 7, 13.5], "texture": "#1"}
			}
		}
	],
	"display": {
		"thirdperson_righthand": {
			"translation": [0, 5.25, 0],
			"scale": [0.65, 0.65, 0.65]
		},
		"thirdperson_lefthand": {
			"translation": [0, 5.25, 0],
			"scale": [0.65, 0.65, 0.65]
		},
		"firstperson_righthand": {
			"translation": [0, 2.25, 0]
		},
		"firstperson_lefthand": {
			"translation": [0, 3.25, 0]
		},
		"ground": {
			"translation": [0, 6.25, 0],
			"scale": [0.76, 0.76, 0.76]
		},
		"gui": {
			"rotation": [15, -45, 0],
			"translation": [0, 1.5, 0],
			"scale": [0.67, 0.67, 0.67]
		},
		"head": {
			"translation": [0, 15, 0],
			"scale": [1.31, 1.1, 1.31]
		},
		"fixed": {
			"rotation": [-90, 0, 0],
			"translation": [0, 0, -14.25],
			"scale": [1.82, 1.82, 1.82]
		}
	},
	"groups": [
		{
			"name": "group",
			"origin": [0, 0, 0],
			"color": 0,
			"children": [0, 1, 2, 3, 4, 5, 6, 7, 8, 9, 10, 11, 12, 13, 14, 15, 16, 17, 18, 19, 20, 21]
		},
		{
			"name": "group",
			"origin": [0, 0, 0],
			"color": 0,
			"children": [22, 23, 24, 25, 26]
		}
	]
}