{
	"credit": "Made with Blockbench",
	"textures": {
		"0": "block/netherrack",
		"particle": "block/netherrack"
	},
	"elements": [
		{
			"from": [2.25, 2, 6.75],
			"to": [5, 4, 9.25],
			"rotation": {"angle": 0, "axis": "y", "origin": [18, 0, -0.5]},
			"faces": {
				"north": {"uv": [8, 3, 11, 5], "texture": "#0"},
				"east": {"uv": [0, 9, 3, 11], "texture": "#0"},
				"south": {"uv": [3, 9, 6, 11], "texture": "#0"},
				"west": {"uv": [9, 5, 12, 7], "texture": "#0"},
				"up": {"uv": [3, 9, 0, 6], "texture": "#0"},
				"down": {"uv": [6, 6, 3, 9], "texture": "#0"}
			}
		},
		{
			"from": [2, 2.5, 7.75],
			"to": [2.75, 3.5, 8.25],
			"rotation": {"angle": -22.5, "axis": "z", "origin": [18, 0, -0.5]},
			"faces": {
				"north": {"uv": [8, 5, 9, 6], "texture": "#0"},
				"east": {"uv": [11, 4, 12, 5], "texture": "#0"},
				"south": {"uv": [10, 11, 11, 12], "texture": "#0"},
				"west": {"uv": [11, 11, 12, 12], "texture": "#0"},
				"up": {"uv": [13, 5, 12, 4], "texture": "#0"},
				"down": {"uv": [13, 5, 12, 6], "texture": "#0"}
			}
		},
		{
			"from": [1.75, 1.5, 7.5],
			"to": [3, 2.5, 8.5],
			"rotation": {"angle": -22.5, "axis": "z", "origin": [18, 0, -0.5]},
			"faces": {
				"north": {"uv": [12, 6, 13, 7], "texture": "#0"},
				"east": {"uv": [12, 9, 13, 10], "texture": "#0"},
				"south": {"uv": [10, 12, 11, 13], "texture": "#0"},
				"west": {"uv": [12, 10, 13, 11], "texture": "#0"},
				"up": {"uv": [12, 13, 11, 12], "texture": "#0"},
				"down": {"uv": [13, 11, 12, 12], "texture": "#0"}
			}
		},
		{
			"from": [1.5, -0.5, 7.25],
			"to": [3.25, 1.5, 8.75],
			"rotation": {"angle": -22.5, "axis": "z", "origin": [18, 0, -0.5]},
			"faces": {
				"north": {"uv": [6, 9, 8, 11], "texture": "#0"},
				"east": {"uv": [9, 7, 11, 9], "texture": "#0"},
				"south": {"uv": [8, 9, 10, 11], "texture": "#0"},
				"west": {"uv": [10, 9, 12, 11], "texture": "#0"},
				"up": {"uv": [2, 13, 0, 11], "texture": "#0"},
				"down": {"uv": [13, 0, 11, 2], "texture": "#0"}
			}
		},
		{
			"from": [2.5, 4, 7],
			"to": [4.75, 6, 9],
			"rotation": {"angle": 0, "axis": "y", "origin": [18, 0, -0.5]},
			"faces": {
				"north": {"uv": [2, 11, 4, 13], "texture": "#0"},
				"east": {"uv": [11, 2, 13, 4], "texture": "#0"},
				"south": {"uv": [4, 11, 6, 13], "texture": "#0"},
				"west": {"uv": [6, 11, 8, 13], "texture": "#0"},
				"up": {"uv": [13, 9, 11, 7], "texture": "#0"},
				"down": {"uv": [10, 11, 8, 13], "texture": "#0"}
			}
		},
		{
			"from": [4, 5, 6.5],
			"to": [7.5, 8, 9.5],
			"rotation": {"angle": 22.5, "axis": "z", "origin": [18, 0, -0.5]},
			"faces": {
				"north": {"uv": [0, 0, 4, 3], "texture": "#0"},
				"east": {"uv": [6, 6, 9, 9], "texture": "#0"},
				"south": {"uv": [0, 3, 4, 6], "texture": "#0"},
				"west": {"uv": [8, 0, 11, 3], "texture": "#0"},
				"up": {"uv": [8, 3, 4, 0], "texture": "#0"},
				"down": {"uv": [8, 3, 4, 6], "texture": "#0"}
			}
		},
		{
			"from": [11, 2, 6.75],
			"to": [13.75, 4, 9.25],
			"rotation": {"angle": 0, "axis": "y", "origin": [-2, 0, -0.5]},
			"faces": {
				"north": {"uv": [11, 3, 8, 5], "texture": "#0"},
				"east": {"uv": [12, 5, 9, 7], "texture": "#0"},
				"south": {"uv": [6, 9, 3, 11], "texture": "#0"},
				"west": {"uv": [3, 9, 0, 11], "texture": "#0"},
				"up": {"uv": [0, 9, 3, 6], "texture": "#0"},
				"down": {"uv": [3, 6, 6, 9], "texture": "#0"}
			}
		},
		{
			"from": [13.25, 2.5, 7.75],
			"to": [14, 3.5, 8.25],
			"rotation": {"angle": 22.5, "axis": "z", "origin": [-2, 0, -0.5]},
			"faces": {
				"north": {"uv": [9, 5, 8, 6], "texture": "#0"},
				"east": {"uv": [12, 11, 11, 12], "texture": "#0"},
				"south": {"uv": [11, 11, 10, 12], "texture": "#0"},
				"west": {"uv": [12, 4, 11, 5], "texture": "#0"},
				"up": {"uv": [12, 5, 13, 4], "texture": "#0"},
				"down": {"uv": [12, 5, 13, 6], "texture": "#0"}
			}
		},
		{
			"from": [13, 1.5, 7.5],
			"to": [14.25, 2.5, 8.5],
			"rotation": {"angle": 22.5, "axis": "z", "origin": [-2, 0, -0.5]},
			"faces": {
				"north": {"uv": [13, 6, 12, 7], "texture": "#0"},
				"east": {"uv": [13, 10, 12, 11], "texture": "#0"},
				"south": {"uv": [11, 12, 10, 13], "texture": "#0"},
				"west": {"uv": [13, 9, 12, 10], "texture": "#0"},
				"up": {"uv": [11, 13, 12, 12], "texture": "#0"},
				"down": {"uv": [12, 11, 13, 12], "texture": "#0"}
			}
		},
		{
			"from": [12.75, -0.5, 7.25],
			"to": [14.5, 1.5, 8.75],
			"rotation": {"angle": 22.5, "axis": "z", "origin": [-2, 0, -0.5]},
			"faces": {
				"north": {"uv": [8, 9, 6, 11], "texture": "#0"},
				"east": {"uv": [12, 9, 10, 11], "texture": "#0"},
				"south": {"uv": [10, 9, 8, 11], "texture": "#0"},
				"west": {"uv": [11, 7, 9, 9], "texture": "#0"},
				"up": {"uv": [0, 13, 2, 11], "texture": "#0"},
				"down": {"uv": [11, 0, 13, 2], "texture": "#0"}
			}
		},
		{
			"from": [11.25, 4, 7],
			"to": [13.5, 6, 9],
			"rotation": {"angle": 0, "axis": "y", "origin": [-2, 0, -0.5]},
			"faces": {
				"north": {"uv": [4, 11, 2, 13], "texture": "#0"},
				"east": {"uv": [8, 11, 6, 13], "texture": "#0"},
				"south": {"uv": [6, 11, 4, 13], "texture": "#0"},
				"west": {"uv": [13, 2, 11, 4], "texture": "#0"},
				"up": {"uv": [11, 9, 13, 7], "texture": "#0"},
				"down": {"uv": [8, 11, 10, 13], "texture": "#0"}
			}
		},
		{
			"from": [8.5, 5, 6.5],
			"to": [12, 8, 9.5],
			"rotation": {"angle": -22.5, "axis": "z", "origin": [-2, 0, -0.5]},
			"faces": {
				"north": {"uv": [4, 0, 0, 3], "texture": "#0"},
				"east": {"uv": [11, 0, 8, 3], "texture": "#0"},
				"south": {"uv": [4, 3, 0, 6], "texture": "#0"},
				"west": {"uv": [9, 6, 6, 9], "texture": "#0"},
				"up": {"uv": [4, 3, 8, 0], "texture": "#0"},
				"down": {"uv": [4, 3, 8, 6], "texture": "#0"}
			}
		}
	],
	"display": {
		"thirdperson_righthand": {
			"translation": [0, 8, 0]
		},
		"thirdperson_lefthand": {
			"translation": [0, 8, 0]
		},
		"firstperson_righthand": {
			"translation": [0, 8, 0]
		},
		"firstperson_lefthand": {
			"translation": [0, 8, 0]
		},
		"ground": {
			"translation": [0, 7.25, 0]
		},
		"gui": {
			"rotation": [31, 0, 0],
			"translation": [0, 2.5, 0]
		},
		"head": {
			"rotation": [6, 0, 0],
			"translation": [0, 15, -2],
			"scale": [1.33, 1.41, 1.41]
		},
		"fixed": {
			"rotation": [-90, 0, 0],
			"translation": [0, 0, -17.5],
			"scale": [2.43, 2.43, 2.43]
		}
	},
	"groups": [
		{
			"name": "group",
			"origin": [0, 0, 0],
			"color": 0,
			"children": [0, 1, 2, 3, 4, 5]
		},
		{
			"name": "group",
			"origin": [0, 0, 0],
			"color": 0,
			"children": [6, 7, 8, 9, 10, 11]
		}
	]
}