{
	"credit": "Made with Blockbench",
	"textures": {
		"0": "block/dark_oak_log",
		"1": "block/oak_log",
		"particle": "block/dark_oak_log"
	},
	"elements": [
		{
			"from": [7.5, 0, 1.25],
			"to": [8, 0.8, 1.75],
			"rotation": {"angle": 22.5, "axis": "z", "origin": [0, 0, 0]},
			"faces": {
				"north": {"uv": [0, 0, 0.5, 0.8], "texture": "#1"},
				"east": {"uv": [0, 0, 0.5, 0.8], "texture": "#1"},
				"south": {"uv": [0, 0, 0.5, 0.8], "texture": "#1"},
				"west": {"uv": [0, 0, 0.5, 0.8], "texture": "#1"},
				"up": {"uv": [0, 0, 0.5, 0.5], "texture": "#1"},
				"down": {"uv": [0, 0, 0.5, 0.5], "texture": "#1"}
			}
		},
		{
			"from": [7.6, 0.7, 1.35],
			"to": [7.9, 1.5, 1.65],
			"rotation": {"angle": 22.5, "axis": "z", "origin": [0, 0, 0]},
			"faces": {
				"north": {"uv": [0, 0, 0.3, 0.8], "texture": "#1"},
				"east": {"uv": [0, 0, 0.3, 0.8], "texture": "#1"},
				"south": {"uv": [0, 0, 0.3, 0.8], "texture": "#1"},
				"west": {"uv": [0, 0, 0.3, 0.8], "texture": "#1"},
				"up": {"uv": [0, 0, 0.3, 0.3], "texture": "#1"},
				"down": {"uv": [0, 0, 0.3, 0.3], "texture": "#1"}
			}
		},
		{
			"from": [7.7, 1.5, 1.45],
			"to": [7.8, 2, 1.55],
			"rotation": {"angle": 22.5, "axis": "z", "origin": [0, 0, 0]},
			"faces": {
				"north": {"uv": [0, 0, 0.1, 0.5], "texture": "#1"},
				"east": {"uv": [0, 0, 0.1, 0.5], "texture": "#1"},
				"south": {"uv": [0, 0, 0.1, 0.5], "texture": "#1"},
				"west": {"uv": [0, 0, 0.1, 0.5], "texture": "#1"},
				"up": {"uv": [0, 0, 0.1, 0.1], "texture": "#1"},
				"down": {"uv": [0, 0, 0.1, 0.1], "texture": "#1"}
			}
		},
		{
			"from": [5.25, 1.25, 14.25],
			"to": [5.75, 2.05, 14.75],
			"rotation": {"angle": 22.5, "axis": "z", "origin": [0, 0, 0]},
			"faces": {
				"north": {"uv": [0, 0, 0.5, 0.8], "texture": "#1"},
				"east": {"uv": [0, 0, 0.5, 0.8], "texture": "#1"},
				"south": {"uv": [0, 0, 0.5, 0.8], "texture": "#1"},
				"west": {"uv": [0, 0, 0.5, 0.8], "texture": "#1"},
				"up": {"uv": [0, 0, 0.5, 0.5], "texture": "#1"},
				"down": {"uv": [0, 0, 0.5, 0.5], "texture": "#1"}
			}
		},
		{
			"from": [5.35, 1.95, 14.35],
			"to": [5.65, 2.75, 14.65],
			"rotation": {"angle": 22.5, "axis": "z", "origin": [0, 0, 0]},
			"faces": {
				"north": {"uv": [0, 0, 0.3, 0.8], "texture": "#1"},
				"east": {"uv": [0, 0, 0.3, 0.8], "texture": "#1"},
				"south": {"uv": [0, 0, 0.3, 0.8], "texture": "#1"},
				"west": {"uv": [0, 0, 0.3, 0.8], "texture": "#1"},
				"up": {"uv": [0, 0, 0.3, 0.3], "texture": "#1"},
				"down": {"uv": [0, 0, 0.3, 0.3], "texture": "#1"}
			}
		},
		{
			"from": [5.45, 2.75, 14.45],
			"to": [5.55, 3.25, 14.55],
			"rotation": {"angle": 22.5, "axis": "z", "origin": [0, 0, 0]},
			"faces": {
				"north": {"uv": [0, 0, 0.1, 0.5], "texture": "#1"},
				"east": {"uv": [0, 0, 0.1, 0.5], "texture": "#1"},
				"south": {"uv": [0, 0, 0.1, 0.5], "texture": "#1"},
				"west": {"uv": [0, 0, 0.1, 0.5], "texture": "#1"},
				"up": {"uv": [0, 0, 0.1, 0.1], "texture": "#1"},
				"down": {"uv": [0, 0, 0.1, 0.1], "texture": "#1"}
			}
		},
		{
			"from": [1.25, 3.25, 4.25],
			"to": [1.75, 4.05, 4.75],
			"faces": {
				"north": {"uv": [0, 0, 0.5, 0.8], "texture": "#1"},
				"east": {"uv": [0, 0, 0.5, 0.8], "texture": "#1"},
				"south": {"uv": [0, 0, 0.5, 0.8], "texture": "#1"},
				"west": {"uv": [0, 0, 0.5, 0.8], "texture": "#1"},
				"up": {"uv": [0, 0, 0.5, 0.5], "texture": "#1"},
				"down": {"uv": [0, 0, 0.5, 0.5], "texture": "#1"}
			}
		},
		{
			"from": [1.35, 3.95, 4.35],
			"to": [1.65, 4.75, 4.65],
			"faces": {
				"north": {"uv": [0, 0, 0.3, 0.8], "texture": "#1"},
				"east": {"uv": [0, 0, 0.3, 0.8], "texture": "#1"},
				"south": {"uv": [0, 0, 0.3, 0.8], "texture": "#1"},
				"west": {"uv": [0, 0, 0.3, 0.8], "texture": "#1"},
				"up": {"uv": [0, 0, 0.3, 0.3], "texture": "#1"},
				"down": {"uv": [0, 0, 0.3, 0.3], "texture": "#1"}
			}
		},
		{
			"from": [1.45, 4.75, 4.45],
			"to": [1.55, 5.25, 4.55],
			"faces": {
				"north": {"uv": [0, 0, 0.1, 0.5], "texture": "#1"},
				"east": {"uv": [0, 0, 0.1, 0.5], "texture": "#1"},
				"south": {"uv": [0, 0, 0.1, 0.5], "texture": "#1"},
				"west": {"uv": [0, 0, 0.1, 0.5], "texture": "#1"},
				"up": {"uv": [0, 0, 0.1, 0.1], "texture": "#1"},
				"down": {"uv": [0, 0, 0.1, 0.1], "texture": "#1"}
			}
		},
		{
			"from": [15.75, -3.3, 2.95],
			"to": [16.25, -3.2, 3.05],
			"rotation": {"angle": 22.5, "axis": "z", "origin": [0, 0, 0]},
			"faces": {
				"north": {"uv": [0, 0, 0.1, 0.5], "rotation": 270, "texture": "#0"},
				"east": {"uv": [0, 0, 0.1, 0.1], "rotation": 90, "texture": "#0"},
				"south": {"uv": [0, 0, 0.1, 0.5], "rotation": 90, "texture": "#0"},
				"west": {"uv": [0, 0, 0.1, 0.1], "rotation": 90, "texture": "#0"},
				"up": {"uv": [0, 0, 0.1, 0.5], "rotation": 90, "texture": "#0"},
				"down": {"uv": [0, 0, 0.1, 0.5], "rotation": 90, "texture": "#0"}
			}
		},
		{
			"from": [14.25, -3.5, 2.75],
			"to": [15.05, -3, 3.25],
			"rotation": {"angle": 22.5, "axis": "z", "origin": [0, 0, 0]},
			"faces": {
				"north": {"uv": [0, 0, 0.5, 0.8], "rotation": 270, "texture": "#0"},
				"east": {"uv": [0, 0, 0.5, 0.5], "rotation": 90, "texture": "#0"},
				"south": {"uv": [0, 0, 0.5, 0.8], "rotation": 90, "texture": "#0"},
				"west": {"uv": [0, 0, 0.5, 0.5], "rotation": 90, "texture": "#0"},
				"up": {"uv": [0, 0, 0.5, 0.8], "rotation": 90, "texture": "#0"},
				"down": {"uv": [0, 0, 0.5, 0.8], "rotation": 90, "texture": "#0"}
			}
		},
		{
			"from": [14.95, -3.4, 2.85],
			"to": [15.75, -3.1, 3.15],
			"rotation": {"angle": 22.5, "axis": "z", "origin": [0, 0, 0]},
			"faces": {
				"north": {"uv": [0, 0, 0.3, 0.8], "rotation": 270, "texture": "#0"},
				"east": {"uv": [0, 0, 0.3, 0.3], "rotation": 90, "texture": "#0"},
				"south": {"uv": [0, 0, 0.3, 0.8], "rotation": 90, "texture": "#0"},
				"west": {"uv": [0, 0, 0.3, 0.3], "rotation": 90, "texture": "#0"},
				"up": {"uv": [0, 0, 0.3, 0.8], "rotation": 90, "texture": "#0"},
				"down": {"uv": [0, 0, 0.3, 0.8], "rotation": 90, "texture": "#0"}
			}
		},
		{
			"from": [12.65, 1, 1.55],
			"to": [12.75, 1.5, 1.65],
			"faces": {
				"north": {"uv": [0, 0, 0.1, 0.5], "rotation": 180, "texture": "#0"},
				"east": {"uv": [0, 0, 0.1, 0.5], "rotation": 180, "texture": "#0"},
				"south": {"uv": [0, 0, 0.1, 0.5], "rotation": 180, "texture": "#0"},
				"west": {"uv": [0, 0, 0.1, 0.5], "rotation": 180, "texture": "#0"},
				"up": {"uv": [0, 0, 0.1, 0.1], "rotation": 180, "texture": "#0"},
				"down": {"uv": [0, 0, 0.1, 0.1], "rotation": 180, "texture": "#0"}
			}
		},
		{
			"from": [12.45, 2.2, 1.35],
			"to": [12.95, 3, 1.85],
			"faces": {
				"north": {"uv": [0, 0, 0.5, 0.8], "rotation": 180, "texture": "#0"},
				"east": {"uv": [0, 0, 0.5, 0.8], "rotation": 180, "texture": "#0"},
				"south": {"uv": [0, 0, 0.5, 0.8], "rotation": 180, "texture": "#0"},
				"west": {"uv": [0, 0, 0.5, 0.8], "rotation": 180, "texture": "#0"},
				"up": {"uv": [0, 0, 0.5, 0.5], "rotation": 180, "texture": "#0"},
				"down": {"uv": [0, 0, 0.5, 0.5], "rotation": 180, "texture": "#0"}
			}
		},
		{
			"from": [12.55, 1.5, 1.45],
			"to": [12.85, 2.3, 1.75],
			"faces": {
				"north": {"uv": [0, 0, 0.3, 0.8], "rotation": 180, "texture": "#0"},
				"east": {"uv": [0, 0, 0.3, 0.8], "rotation": 180, "texture": "#0"},
				"south": {"uv": [0, 0, 0.3, 0.8], "rotation": 180, "texture": "#0"},
				"west": {"uv": [0, 0, 0.3, 0.8], "rotation": 180, "texture": "#0"},
				"up": {"uv": [0, 0, 0.3, 0.3], "rotation": 180, "texture": "#0"},
				"down": {"uv": [0, 0, 0.3, 0.3], "rotation": 180, "texture": "#0"}
			}
		},
		{
			"from": [11.45, 1.05, 14.65],
			"to": [11.55, 1.55, 14.75],
			"faces": {
				"north": {"uv": [0, 0, 0.1, 0.5], "rotation": 180, "texture": "#0"},
				"east": {"uv": [0, 0, 0.1, 0.5], "rotation": 180, "texture": "#0"},
				"south": {"uv": [0, 0, 0.1, 0.5], "rotation": 180, "texture": "#0"},
				"west": {"uv": [0, 0, 0.1, 0.5], "rotation": 180, "texture": "#0"},
				"up": {"uv": [0, 0, 0.1, 0.1], "rotation": 180, "texture": "#0"},
				"down": {"uv": [0, 0, 0.1, 0.1], "rotation": 180, "texture": "#0"}
			}
		},
		{
			"from": [11.25, 2.25, 14.45],
			"to": [11.75, 3.05, 14.95],
			"faces": {
				"north": {"uv": [0, 0, 0.5, 0.8], "rotation": 180, "texture": "#0"},
				"east": {"uv": [0, 0, 0.5, 0.8], "rotation": 180, "texture": "#0"},
				"south": {"uv": [0, 0, 0.5, 0.8], "rotation": 180, "texture": "#0"},
				"west": {"uv": [0, 0, 0.5, 0.8], "rotation": 180, "texture": "#0"},
				"up": {"uv": [0, 0, 0.5, 0.5], "rotation": 180, "texture": "#0"},
				"down": {"uv": [0, 0, 0.5, 0.5], "rotation": 180, "texture": "#0"}
			}
		},
		{
			"from": [11.35, 1.55, 14.55],
			"to": [11.65, 2.35, 14.85],
			"faces": {
				"north": {"uv": [0, 0, 0.3, 0.8], "rotation": 180, "texture": "#0"},
				"east": {"uv": [0, 0, 0.3, 0.8], "rotation": 180, "texture": "#0"},
				"south": {"uv": [0, 0, 0.3, 0.8], "rotation": 180, "texture": "#0"},
				"west": {"uv": [0, 0, 0.3, 0.8], "rotation": 180, "texture": "#0"},
				"up": {"uv": [0, 0, 0.3, 0.3], "rotation": 180, "texture": "#0"},
				"down": {"uv": [0, 0, 0.3, 0.3], "rotation": 180, "texture": "#0"}
			}
		},
		{
			"from": [6.55, -0.1, 14.35],
			"to": [6.65, 0.4, 14.45],
			"faces": {
				"north": {"uv": [0, 0, 0.1, 0.5], "rotation": 180, "texture": "#1"},
				"east": {"uv": [0, 0, 0.1, 0.5], "rotation": 180, "texture": "#1"},
				"south": {"uv": [0, 0, 0.1, 0.5], "rotation": 180, "texture": "#1"},
				"west": {"uv": [0, 0, 0.1, 0.5], "rotation": 180, "texture": "#1"},
				"up": {"uv": [0, 0, 0.1, 0.1], "rotation": 180, "texture": "#1"},
				"down": {"uv": [0, 0, 0.1, 0.1], "rotation": 180, "texture": "#1"}
			}
		},
		{
			"from": [6.35, 1.1, 14.15],
			"to": [6.85, 1.9, 14.65],
			"faces": {
				"north": {"uv": [0, 0, 0.5, 0.8], "rotation": 180, "texture": "#1"},
				"east": {"uv": [0, 0, 0.5, 0.8], "rotation": 180, "texture": "#1"},
				"south": {"uv": [0, 0, 0.5, 0.8], "rotation": 180, "texture": "#1"},
				"west": {"uv": [0, 0, 0.5, 0.8], "rotation": 180, "texture": "#1"},
				"up": {"uv": [0, 0, 0.5, 0.5], "rotation": 180, "texture": "#1"},
				"down": {"uv": [0, 0, 0.5, 0.5], "rotation": 180, "texture": "#1"}
			}
		},
		{
			"from": [6.45, 0.4, 14.25],
			"to": [6.75, 1.2, 14.55],
			"faces": {
				"north": {"uv": [0, 0, 0.3, 0.8], "rotation": 180, "texture": "#1"},
				"east": {"uv": [0, 0, 0.3, 0.8], "rotation": 180, "texture": "#1"},
				"south": {"uv": [0, 0, 0.3, 0.8], "rotation": 180, "texture": "#1"},
				"west": {"uv": [0, 0, 0.3, 0.8], "rotation": 180, "texture": "#1"},
				"up": {"uv": [0, 0, 0.3, 0.3], "rotation": 180, "texture": "#1"},
				"down": {"uv": [0, 0, 0.3, 0.3], "rotation": 180, "texture": "#1"}
			}
		},
		{
			"from": [1.45, 0.75, 5.45],
			"to": [1.55, 1.25, 5.55],
			"faces": {
				"north": {"uv": [0, 0, 0.1, 0.5], "rotation": 180, "texture": "#1"},
				"east": {"uv": [0, 0, 0.1, 0.5], "rotation": 180, "texture": "#1"},
				"south": {"uv": [0, 0, 0.1, 0.5], "rotation": 180, "texture": "#1"},
				"west": {"uv": [0, 0, 0.1, 0.5], "rotation": 180, "texture": "#1"},
				"up": {"uv": [0, 0, 0.1, 0.1], "rotation": 180, "texture": "#1"},
				"down": {"uv": [0, 0, 0.1, 0.1], "rotation": 180, "texture": "#1"}
			}
		},
		{
			"from": [1.25, 1.95, 5.25],
			"to": [1.75, 2.75, 5.75],
			"faces": {
				"north": {"uv": [0, 0, 0.5, 0.8], "rotation": 180, "texture": "#1"},
				"east": {"uv": [0, 0, 0.5, 0.8], "rotation": 180, "texture": "#1"},
				"south": {"uv": [0, 0, 0.5, 0.8], "rotation": 180, "texture": "#1"},
				"west": {"uv": [0, 0, 0.5, 0.8], "rotation": 180, "texture": "#1"},
				"up": {"uv": [0, 0, 0.5, 0.5], "rotation": 180, "texture": "#1"},
				"down": {"uv": [0, 0, 0.5, 0.5], "rotation": 180, "texture": "#1"}
			}
		},
		{
			"from": [1.35, 1.25, 5.35],
			"to": [1.65, 2.05, 5.65],
			"faces": {
				"north": {"uv": [0, 0, 0.3, 0.8], "rotation": 180, "texture": "#1"},
				"east": {"uv": [0, 0, 0.3, 0.8], "rotation": 180, "texture": "#1"},
				"south": {"uv": [0, 0, 0.3, 0.8], "rotation": 180, "texture": "#1"},
				"west": {"uv": [0, 0, 0.3, 0.8], "rotation": 180, "texture": "#1"},
				"up": {"uv": [0, 0, 0.3, 0.3], "rotation": 180, "texture": "#1"},
				"down": {"uv": [0, 0, 0.3, 0.3], "rotation": 180, "texture": "#1"}
			}
		},
		{
			"from": [7.45, 4.75, 12.45],
			"to": [7.55, 5.25, 12.55],
			"faces": {
				"north": {"uv": [0, 0, 0.1, 0.5], "texture": "#0"},
				"east": {"uv": [0, 0, 0.1, 0.5], "texture": "#0"},
				"south": {"uv": [0, 0, 0.1, 0.5], "texture": "#0"},
				"west": {"uv": [0, 0, 0.1, 0.5], "texture": "#0"},
				"up": {"uv": [0, 0, 0.1, 0.1], "texture": "#0"},
				"down": {"uv": [0, 0, 0.1, 0.1], "texture": "#0"}
			}
		},
		{
			"from": [7.25, 3.25, 12.25],
			"to": [7.75, 4.05, 12.75],
			"faces": {
				"north": {"uv": [0, 0, 0.5, 0.8], "texture": "#0"},
				"east": {"uv": [0, 0, 0.5, 0.8], "texture": "#0"},
				"south": {"uv": [0, 0, 0.5, 0.8], "texture": "#0"},
				"west": {"uv": [0, 0, 0.5, 0.8], "texture": "#0"},
				"up": {"uv": [0, 0, 0.5, 0.5], "texture": "#0"},
				"down": {"uv": [0, 0, 0.5, 0.5], "texture": "#0"}
			}
		},
		{
			"from": [7.35, 3.95, 12.35],
			"to": [7.65, 4.75, 12.65],
			"faces": {
				"north": {"uv": [0, 0, 0.3, 0.8], "texture": "#0"},
				"east": {"uv": [0, 0, 0.3, 0.8], "texture": "#0"},
				"south": {"uv": [0, 0, 0.3, 0.8], "texture": "#0"},
				"west": {"uv": [0, 0, 0.3, 0.8], "texture": "#0"},
				"up": {"uv": [0, 0, 0.3, 0.3], "texture": "#0"},
				"down": {"uv": [0, 0, 0.3, 0.3], "texture": "#0"}
			}
		},
		{
			"from": [9.75, 4.75, 0.45],
			"to": [9.85, 5.25, 0.55],
			"faces": {
				"north": {"uv": [0, 0, 0.1, 0.5], "texture": "#0"},
				"east": {"uv": [0, 0, 0.1, 0.5], "texture": "#0"},
				"south": {"uv": [0, 0, 0.1, 0.5], "texture": "#0"},
				"west": {"uv": [0, 0, 0.1, 0.5], "texture": "#0"},
				"up": {"uv": [0, 0, 0.1, 0.1], "texture": "#0"},
				"down": {"uv": [0, 0, 0.1, 0.1], "texture": "#0"}
			}
		},
		{
			"from": [9.55, 3.25, 0.25],
			"to": [10.05, 4.05, 0.75],
			"faces": {
				"north": {"uv": [0, 0, 0.5, 0.8], "texture": "#0"},
				"east": {"uv": [0, 0, 0.5, 0.8], "texture": "#0"},
				"south": {"uv": [0, 0, 0.5, 0.8], "texture": "#0"},
				"west": {"uv": [0, 0, 0.5, 0.8], "texture": "#0"},
				"up": {"uv": [0, 0, 0.5, 0.5], "texture": "#0"},
				"down": {"uv": [0, 0, 0.5, 0.5], "texture": "#0"}
			}
		},
		{
			"from": [9.65, 3.95, 0.35],
			"to": [9.95, 4.75, 0.65],
			"faces": {
				"north": {"uv": [0, 0, 0.3, 0.8], "texture": "#0"},
				"east": {"uv": [0, 0, 0.3, 0.8], "texture": "#0"},
				"south": {"uv": [0, 0, 0.3, 0.8], "texture": "#0"},
				"west": {"uv": [0, 0, 0.3, 0.8], "texture": "#0"},
				"up": {"uv": [0, 0, 0.3, 0.3], "texture": "#0"},
				"down": {"uv": [0, 0, 0.3, 0.3], "texture": "#0"}
			}
		},
		{
			"from": [14.05, 4.75, 7.45],
			"to": [14.15, 5.25, 7.55],
			"faces": {
				"north": {"uv": [0, 0, 0.1, 0.5], "texture": "#0"},
				"east": {"uv": [0, 0, 0.1, 0.5], "texture": "#0"},
				"south": {"uv": [0, 0, 0.1, 0.5], "texture": "#0"},
				"west": {"uv": [0, 0, 0.1, 0.5], "texture": "#0"},
				"up": {"uv": [0, 0, 0.1, 0.1], "texture": "#0"},
				"down": {"uv": [0, 0, 0.1, 0.1], "texture": "#0"}
			}
		},
		{
			"from": [13.85, 3.25, 7.25],
			"to": [14.35, 4.05, 7.75],
			"faces": {
				"north": {"uv": [0, 0, 0.5, 0.8], "texture": "#0"},
				"east": {"uv": [0, 0, 0.5, 0.8], "texture": "#0"},
				"south": {"uv": [0, 0, 0.5, 0.8], "texture": "#0"},
				"west": {"uv": [0, 0, 0.5, 0.8], "texture": "#0"},
				"up": {"uv": [0, 0, 0.5, 0.5], "texture": "#0"},
				"down": {"uv": [0, 0, 0.5, 0.5], "texture": "#0"}
			}
		},
		{
			"from": [13.95, 3.95, 7.35],
			"to": [14.25, 4.75, 7.65],
			"faces": {
				"north": {"uv": [0, 0, 0.3, 0.8], "texture": "#0"},
				"east": {"uv": [0, 0, 0.3, 0.8], "texture": "#0"},
				"south": {"uv": [0, 0, 0.3, 0.8], "texture": "#0"},
				"west": {"uv": [0, 0, 0.3, 0.8], "texture": "#0"},
				"up": {"uv": [0, 0, 0.3, 0.3], "texture": "#0"},
				"down": {"uv": [0, 0, 0.3, 0.3], "texture": "#0"}
			}
		},
		{
			"from": [1.95, 4.75, 10.55],
			"to": [2.05, 5.25, 10.65],
			"faces": {
				"north": {"uv": [0, 0, 0.1, 0.5], "texture": "#1"},
				"east": {"uv": [0, 0, 0.1, 0.5], "texture": "#1"},
				"south": {"uv": [0, 0, 0.1, 0.5], "texture": "#1"},
				"west": {"uv": [0, 0, 0.1, 0.5], "texture": "#1"},
				"up": {"uv": [0, 0, 0.1, 0.1], "texture": "#1"},
				"down": {"uv": [0, 0, 0.1, 0.1], "texture": "#1"}
			}
		},
		{
			"from": [1.75, 3.25, 10.35],
			"to": [2.25, 4.05, 10.85],
			"faces": {
				"north": {"uv": [0, 0, 0.5, 0.8], "texture": "#1"},
				"east": {"uv": [0, 0, 0.5, 0.8], "texture": "#1"},
				"south": {"uv": [0, 0, 0.5, 0.8], "texture": "#1"},
				"west": {"uv": [0, 0, 0.5, 0.8], "texture": "#1"},
				"up": {"uv": [0, 0, 0.5, 0.5], "texture": "#1"},
				"down": {"uv": [0, 0, 0.5, 0.5], "texture": "#1"}
			}
		},
		{
			"from": [1.85, 3.95, 10.45],
			"to": [2.15, 4.75, 10.75],
			"faces": {
				"north": {"uv": [0, 0, 0.3, 0.8], "texture": "#1"},
				"east": {"uv": [0, 0, 0.3, 0.8], "texture": "#1"},
				"south": {"uv": [0, 0, 0.3, 0.8], "texture": "#1"},
				"west": {"uv": [0, 0, 0.3, 0.8], "texture": "#1"},
				"up": {"uv": [0, 0, 0.3, 0.3], "texture": "#1"},
				"down": {"uv": [0, 0, 0.3, 0.3], "texture": "#1"}
			}
		},
		{
			"from": [7.85, -6.25, 0.65],
			"to": [8.35, -6.15, 0.75],
			"rotation": {"angle": 45, "axis": "z", "origin": [0, 0, 0]},
			"faces": {
				"north": {"uv": [0, 0, 0.1, 0.5], "rotation": 90, "texture": "#1"},
				"east": {"uv": [0, 0, 0.1, 0.1], "rotation": 270, "texture": "#1"},
				"south": {"uv": [0, 0, 0.1, 0.5], "rotation": 270, "texture": "#1"},
				"west": {"uv": [0, 0, 0.1, 0.1], "rotation": 270, "texture": "#1"},
				"up": {"uv": [0, 0, 0.1, 0.5], "rotation": 270, "texture": "#1"},
				"down": {"uv": [0, 0, 0.1, 0.5], "rotation": 270, "texture": "#1"}
			}
		},
		{
			"from": [9.15, -6.45, 0.55],
			"to": [9.95, -5.95, 1.05],
			"rotation": {"angle": 45, "axis": "z", "origin": [0, 0, 0]},
			"faces": {
				"north": {"uv": [0, 0, 0.5, 0.8], "rotation": 90, "texture": "#1"},
				"east": {"uv": [0, 0, 0.5, 0.5], "rotation": 270, "texture": "#1"},
				"south": {"uv": [0, 0, 0.5, 0.8], "rotation": 270, "texture": "#1"},
				"west": {"uv": [0, 0, 0.5, 0.5], "rotation": 270, "texture": "#1"},
				"up": {"uv": [0, 0, 0.5, 0.8], "rotation": 270, "texture": "#1"},
				"down": {"uv": [0, 0, 0.5, 0.8], "rotation": 270, "texture": "#1"}
			}
		},
		{
			"from": [8.35, -6.35, 0.55],
			"to": [9.15, -6.05, 0.85],
			"rotation": {"angle": 45, "axis": "z", "origin": [0, 0, 0]},
			"faces": {
				"north": {"uv": [0, 0, 0.3, 0.8], "rotation": 90, "texture": "#1"},
				"east": {"uv": [0, 0, 0.3, 0.3], "rotation": 270, "texture": "#1"},
				"south": {"uv": [0, 0, 0.3, 0.8], "rotation": 270, "texture": "#1"},
				"west": {"uv": [0, 0, 0.3, 0.3], "rotation": 270, "texture": "#1"},
				"up": {"uv": [0, 0, 0.3, 0.8], "rotation": 270, "texture": "#1"},
				"down": {"uv": [0, 0, 0.3, 0.8], "rotation": 270, "texture": "#1"}
			}
		},
		{
			"from": [8.95, 15, 5.55],
			"to": [9.05, 15.5, 5.65],
			"rotation": {"angle": -45, "axis": "z", "origin": [0, 0, 0]},
			"faces": {
				"north": {"uv": [0, 0, 0.1, 0.5], "texture": "#1"},
				"east": {"uv": [0, 0, 0.1, 0.5], "texture": "#1"},
				"south": {"uv": [0, 0, 0.1, 0.5], "texture": "#1"},
				"west": {"uv": [0, 0, 0.1, 0.5], "texture": "#1"},
				"up": {"uv": [0, 0, 0.1, 0.1], "texture": "#1"},
				"down": {"uv": [0, 0, 0.1, 0.1], "texture": "#1"}
			}
		},
		{
			"from": [8.75, 13.5, 5.35],
			"to": [9.25, 14.3, 5.85],
			"rotation": {"angle": -45, "axis": "z", "origin": [0, 0, 0]},
			"faces": {
				"north": {"uv": [0, 0, 0.5, 0.8], "texture": "#1"},
				"east": {"uv": [0, 0, 0.5, 0.8], "texture": "#1"},
				"south": {"uv": [0, 0, 0.5, 0.8], "texture": "#1"},
				"west": {"uv": [0, 0, 0.5, 0.8], "texture": "#1"},
				"up": {"uv": [0, 0, 0.5, 0.5], "texture": "#1"},
				"down": {"uv": [0, 0, 0.5, 0.5], "texture": "#1"}
			}
		},
		{
			"from": [8.85, 14.2, 5.45],
			"to": [9.15, 15, 5.75],
			"rotation": {"angle": -45, "axis": "z", "origin": [0, 0, 0]},
			"faces": {
				"north": {"uv": [0, 0, 0.3, 0.8], "texture": "#1"},
				"east": {"uv": [0, 0, 0.3, 0.8], "texture": "#1"},
				"south": {"uv": [0, 0, 0.3, 0.8], "texture": "#1"},
				"west": {"uv": [0, 0, 0.3, 0.8], "texture": "#1"},
				"up": {"uv": [0, 0, 0.3, 0.3], "texture": "#1"},
				"down": {"uv": [0, 0, 0.3, 0.3], "texture": "#1"}
			}
		},
		{
			"from": [3.95, 10, 15.45],
			"to": [4.05, 10.5, 15.55],
			"rotation": {"angle": -45, "axis": "z", "origin": [0, 0, 0]},
			"faces": {
				"north": {"uv": [0, 0, 0.1, 0.5], "texture": "#1"},
				"east": {"uv": [0, 0, 0.1, 0.5], "texture": "#1"},
				"south": {"uv": [0, 0, 0.1, 0.5], "texture": "#1"},
				"west": {"uv": [0, 0, 0.1, 0.5], "texture": "#1"},
				"up": {"uv": [0, 0, 0.1, 0.1], "texture": "#1"},
				"down": {"uv": [0, 0, 0.1, 0.1], "texture": "#1"}
			}
		},
		{
			"from": [3.75, 8.5, 15.25],
			"to": [4.25, 9.3, 15.75],
			"rotation": {"angle": -45, "axis": "z", "origin": [0, 0, 0]},
			"faces": {
				"north": {"uv": [0, 0, 0.5, 0.8], "texture": "#1"},
				"east": {"uv": [0, 0, 0.5, 0.8], "texture": "#1"},
				"south": {"uv": [0, 0, 0.5, 0.8], "texture": "#1"},
				"west": {"uv": [0, 0, 0.5, 0.8], "texture": "#1"},
				"up": {"uv": [0, 0, 0.5, 0.5], "texture": "#1"},
				"down": {"uv": [0, 0, 0.5, 0.5], "texture": "#1"}
			}
		},
		{
			"from": [3.85, 9.2, 15.35],
			"to": [4.15, 10, 15.65],
			"rotation": {"angle": -45, "axis": "z", "origin": [0, 0, 0]},
			"faces": {
				"north": {"uv": [0, 0, 0.3, 0.8], "texture": "#1"},
				"east": {"uv": [0, 0, 0.3, 0.8], "texture": "#1"},
				"south": {"uv": [0, 0, 0.3, 0.8], "texture": "#1"},
				"west": {"uv": [0, 0, 0.3, 0.8], "texture": "#1"},
				"up": {"uv": [0, 0, 0.3, 0.3], "texture": "#1"},
				"down": {"uv": [0, 0, 0.3, 0.3], "texture": "#1"}
			}
		},
		{
			"from": [-2, 3.2, 8.2],
			"to": [-1.5, 3.3, 8.3],
			"rotation": {"angle": -22.5, "axis": "z", "origin": [0, 0, 0]},
			"faces": {
				"north": {"uv": [0, 0, 0.1, 0.5], "rotation": 90, "texture": "#1"},
				"east": {"uv": [0, 0, 0.1, 0.1], "rotation": 270, "texture": "#1"},
				"south": {"uv": [0, 0, 0.1, 0.5], "rotation": 270, "texture": "#1"},
				"west": {"uv": [0, 0, 0.1, 0.1], "rotation": 270, "texture": "#1"},
				"up": {"uv": [0, 0, 0.1, 0.5], "rotation": 270, "texture": "#1"},
				"down": {"uv": [0, 0, 0.1, 0.5], "rotation": 270, "texture": "#1"}
			}
		},
		{
			"from": [-0.8, 3, 8],
			"to": [0, 3.5, 8.5],
			"rotation": {"angle": -22.5, "axis": "z", "origin": [0, 0, 0]},
			"faces": {
				"north": {"uv": [0, 0, 0.5, 0.8], "rotation": 90, "texture": "#1"},
				"east": {"uv": [0, 0, 0.5, 0.5], "rotation": 270, "texture": "#1"},
				"south": {"uv": [0, 0, 0.5, 0.8], "rotation": 270, "texture": "#1"},
				"west": {"uv": [0, 0, 0.5, 0.5], "rotation": 270, "texture": "#1"},
				"up": {"uv": [0, 0, 0.5, 0.8], "rotation": 270, "texture": "#1"},
				"down": {"uv": [0, 0, 0.5, 0.8], "rotation": 270, "texture": "#1"}
			}
		},
		{
			"from": [-1.5, 3.1, 8.1],
			"to": [-0.7, 3.4, 8.4],
			"rotation": {"angle": -22.5, "axis": "z", "origin": [0, 0, 0]},
			"faces": {
				"north": {"uv": [0, 0, 0.3, 0.8], "rotation": 90, "texture": "#1"},
				"east": {"uv": [0, 0, 0.3, 0.3], "rotation": 270, "texture": "#1"},
				"south": {"uv": [0, 0, 0.3, 0.8], "rotation": 270, "texture": "#1"},
				"west": {"uv": [0, 0, 0.3, 0.3], "rotation": 270, "texture": "#1"},
				"up": {"uv": [0, 0, 0.3, 0.8], "rotation": 270, "texture": "#1"},
				"down": {"uv": [0, 0, 0.3, 0.8], "rotation": 270, "texture": "#1"}
			}
		},
		{
			"from": [-2, 3.2, 3.2],
			"to": [-1.5, 3.3, 3.3],
			"rotation": {"angle": -22.5, "axis": "z", "origin": [0, 0, 0]},
			"faces": {
				"north": {"uv": [0, 0, 0.1, 0.5], "rotation": 90, "texture": "#0"},
				"east": {"uv": [0, 0, 0.1, 0.1], "rotation": 270, "texture": "#0"},
				"south": {"uv": [0, 0, 0.1, 0.5], "rotation": 270, "texture": "#0"},
				"west": {"uv": [0, 0, 0.1, 0.1], "rotation": 270, "texture": "#0"},
				"up": {"uv": [0, 0, 0.1, 0.5], "rotation": 270, "texture": "#0"},
				"down": {"uv": [0, 0, 0.1, 0.5], "rotation": 270, "texture": "#0"}
			}
		},
		{
			"from": [-0.8, 3, 3],
			"to": [0, 3.5, 3.5],
			"rotation": {"angle": -22.5, "axis": "z", "origin": [0, 0, 0]},
			"faces": {
				"north": {"uv": [0, 0, 0.5, 0.8], "rotation": 90, "texture": "#0"},
				"east": {"uv": [0, 0, 0.5, 0.5], "rotation": 270, "texture": "#0"},
				"south": {"uv": [0, 0, 0.5, 0.8], "rotation": 270, "texture": "#0"},
				"west": {"uv": [0, 0, 0.5, 0.5], "rotation": 270, "texture": "#0"},
				"up": {"uv": [0, 0, 0.5, 0.8], "rotation": 270, "texture": "#0"},
				"down": {"uv": [0, 0, 0.5, 0.8], "rotation": 270, "texture": "#0"}
			}
		},
		{
			"from": [-1.5, 3.1, 3.1],
			"to": [-0.7, 3.4, 3.4],
			"rotation": {"angle": -22.5, "axis": "z", "origin": [0, 0, 0]},
			"faces": {
				"north": {"uv": [0, 0, 0.3, 0.8], "rotation": 90, "texture": "#0"},
				"east": {"uv": [0, 0, 0.3, 0.3], "rotation": 270, "texture": "#0"},
				"south": {"uv": [0, 0, 0.3, 0.8], "rotation": 270, "texture": "#0"},
				"west": {"uv": [0, 0, 0.3, 0.3], "rotation": 270, "texture": "#0"},
				"up": {"uv": [0, 0, 0.3, 0.8], "rotation": 270, "texture": "#0"},
				"down": {"uv": [0, 0, 0.3, 0.8], "rotation": 270, "texture": "#0"}
			}
		},
		{
			"from": [3.45, -0.75, 1.45],
			"to": [3.55, -0.25, 1.55],
			"rotation": {"angle": 22.5, "axis": "z", "origin": [0, 0, 0]},
			"faces": {
				"north": {"uv": [0, 0, 0.1, 0.5], "rotation": 180, "texture": "#0"},
				"east": {"uv": [0, 0, 0.1, 0.5], "rotation": 180, "texture": "#0"},
				"south": {"uv": [0, 0, 0.1, 0.5], "rotation": 180, "texture": "#0"},
				"west": {"uv": [0, 0, 0.1, 0.5], "rotation": 180, "texture": "#0"},
				"up": {"uv": [0, 0, 0.1, 0.1], "rotation": 180, "texture": "#0"},
				"down": {"uv": [0, 0, 0.1, 0.1], "rotation": 180, "texture": "#0"}
			}
		},
		{
			"from": [3.25, 0.45, 1.25],
			"to": [3.75, 1.25, 1.75],
			"rotation": {"angle": 22.5, "axis": "z", "origin": [0, 0, 0]},
			"faces": {
				"north": {"uv": [0, 0, 0.5, 0.8], "rotation": 180, "texture": "#0"},
				"east": {"uv": [0, 0, 0.5, 0.8], "rotation": 180, "texture": "#0"},
				"south": {"uv": [0, 0, 0.5, 0.8], "rotation": 180, "texture": "#0"},
				"west": {"uv": [0, 0, 0.5, 0.8], "rotation": 180, "texture": "#0"},
				"up": {"uv": [0, 0, 0.5, 0.5], "rotation": 180, "texture": "#0"},
				"down": {"uv": [0, 0, 0.5, 0.5], "rotation": 180, "texture": "#0"}
			}
		},
		{
			"from": [3.35, -0.25, 1.35],
			"to": [3.65, 0.55, 1.65],
			"rotation": {"angle": 22.5, "axis": "z", "origin": [0, 0, 0]},
			"faces": {
				"north": {"uv": [0, 0, 0.3, 0.8], "rotation": 180, "texture": "#0"},
				"east": {"uv": [0, 0, 0.3, 0.8], "rotation": 180, "texture": "#0"},
				"south": {"uv": [0, 0, 0.3, 0.8], "rotation": 180, "texture": "#0"},
				"west": {"uv": [0, 0, 0.3, 0.8], "rotation": 180, "texture": "#0"},
				"up": {"uv": [0, 0, 0.3, 0.3], "rotation": 180, "texture": "#0"},
				"down": {"uv": [0, 0, 0.3, 0.3], "rotation": 180, "texture": "#0"}
			}
		},
		{
			"from": [2.25, -0.75, 12.7],
			"to": [2.35, -0.25, 12.8],
			"rotation": {"angle": 22.5, "axis": "z", "origin": [0, 0, 0]},
			"faces": {
				"north": {"uv": [0, 0, 0.1, 0.5], "rotation": 180, "texture": "#1"},
				"east": {"uv": [0, 0, 0.1, 0.5], "rotation": 180, "texture": "#1"},
				"south": {"uv": [0, 0, 0.1, 0.5], "rotation": 180, "texture": "#1"},
				"west": {"uv": [0, 0, 0.1, 0.5], "rotation": 180, "texture": "#1"},
				"up": {"uv": [0, 0, 0.1, 0.1], "rotation": 180, "texture": "#1"},
				"down": {"uv": [0, 0, 0.1, 0.1], "rotation": 180, "texture": "#1"}
			}
		},
		{
			"from": [2.05, 0.45, 12.5],
			"to": [2.55, 1.25, 13],
			"rotation": {"angle": 22.5, "axis": "z", "origin": [0, 0, 0]},
			"faces": {
				"north": {"uv": [0, 0, 0.5, 0.8], "rotation": 180, "texture": "#1"},
				"east": {"uv": [0, 0, 0.5, 0.8], "rotation": 180, "texture": "#1"},
				"south": {"uv": [0, 0, 0.5, 0.8], "rotation": 180, "texture": "#1"},
				"west": {"uv": [0, 0, 0.5, 0.8], "rotation": 180, "texture": "#1"},
				"up": {"uv": [0, 0, 0.5, 0.5], "rotation": 180, "texture": "#1"},
				"down": {"uv": [0, 0, 0.5, 0.5], "rotation": 180, "texture": "#1"}
			}
		},
		{
			"from": [2.15, -0.25, 12.6],
			"to": [2.45, 0.55, 12.9],
			"rotation": {"angle": 22.5, "axis": "z", "origin": [0, 0, 0]},
			"faces": {
				"north": {"uv": [0, 0, 0.3, 0.8], "rotation": 180, "texture": "#1"},
				"east": {"uv": [0, 0, 0.3, 0.8], "rotation": 180, "texture": "#1"},
				"south": {"uv": [0, 0, 0.3, 0.8], "rotation": 180, "texture": "#1"},
				"west": {"uv": [0, 0, 0.3, 0.8], "rotation": 180, "texture": "#1"},
				"up": {"uv": [0, 0, 0.3, 0.3], "rotation": 180, "texture": "#1"},
				"down": {"uv": [0, 0, 0.3, 0.3], "rotation": 180, "texture": "#1"}
			}
		},
		{
			"from": [14.75, -4.95, 8.85],
			"to": [14.85, -4.45, 8.95],
			"rotation": {"angle": 22.5, "axis": "z", "origin": [0, 0, 0]},
			"faces": {
				"north": {"uv": [0, 0, 0.1, 0.5], "rotation": 180, "texture": "#1"},
				"east": {"uv": [0, 0, 0.1, 0.5], "rotation": 180, "texture": "#1"},
				"south": {"uv": [0, 0, 0.1, 0.5], "rotation": 180, "texture": "#1"},
				"west": {"uv": [0, 0, 0.1, 0.5], "rotation": 180, "texture": "#1"},
				"up": {"uv": [0, 0, 0.1, 0.1], "rotation": 180, "texture": "#1"},
				"down": {"uv": [0, 0, 0.1, 0.1], "rotation": 180, "texture": "#1"}
			}
		},
		{
			"from": [14.55, -3.75, 8.65],
			"to": [15.05, -2.95, 9.15],
			"rotation": {"angle": 22.5, "axis": "z", "origin": [0, 0, 0]},
			"faces": {
				"north": {"uv": [0, 0, 0.5, 0.8], "rotation": 180, "texture": "#1"},
				"east": {"uv": [0, 0, 0.5, 0.8], "rotation": 180, "texture": "#1"},
				"south": {"uv": [0, 0, 0.5, 0.8], "rotation": 180, "texture": "#1"},
				"west": {"uv": [0, 0, 0.5, 0.8], "rotation": 180, "texture": "#1"},
				"up": {"uv": [0, 0, 0.5, 0.5], "rotation": 180, "texture": "#1"},
				"down": {"uv": [0, 0, 0.5, 0.5], "rotation": 180, "texture": "#1"}
			}
		},
		{
			"from": [14.65, -4.45, 8.75],
			"to": [14.95, -3.65, 9.05],
			"rotation": {"angle": 22.5, "axis": "z", "origin": [0, 0, 0]},
			"faces": {
				"north": {"uv": [0, 0, 0.3, 0.8], "rotation": 180, "texture": "#1"},
				"east": {"uv": [0, 0, 0.3, 0.8], "rotation": 180, "texture": "#1"},
				"south": {"uv": [0, 0, 0.3, 0.8], "rotation": 180, "texture": "#1"},
				"west": {"uv": [0, 0, 0.3, 0.8], "rotation": 180, "texture": "#1"},
				"up": {"uv": [0, 0, 0.3, 0.3], "rotation": 180, "texture": "#1"},
				"down": {"uv": [0, 0, 0.3, 0.3], "rotation": 180, "texture": "#1"}
			}
		},
		{
			"from": [10.45, -2.75, 12.45],
			"to": [10.55, -2.25, 12.55],
			"rotation": {"angle": 22.5, "axis": "z", "origin": [0, 0, 0]},
			"faces": {
				"north": {"uv": [0, 0, 0.1, 0.5], "rotation": 180, "texture": "#1"},
				"east": {"uv": [0, 0, 0.1, 0.5], "rotation": 180, "texture": "#1"},
				"south": {"uv": [0, 0, 0.1, 0.5], "rotation": 180, "texture": "#1"},
				"west": {"uv": [0, 0, 0.1, 0.5], "rotation": 180, "texture": "#1"},
				"up": {"uv": [0, 0, 0.1, 0.1], "rotation": 180, "texture": "#1"},
				"down": {"uv": [0, 0, 0.1, 0.1], "rotation": 180, "texture": "#1"}
			}
		},
		{
			"from": [10.25, -1.55, 12.25],
			"to": [10.75, -0.75, 12.75],
			"rotation": {"angle": 22.5, "axis": "z", "origin": [0, 0, 0]},
			"faces": {
				"north": {"uv": [0, 0, 0.5, 0.8], "rotation": 180, "texture": "#1"},
				"east": {"uv": [0, 0, 0.5, 0.8], "rotation": 180, "texture": "#1"},
				"south": {"uv": [0, 0, 0.5, 0.8], "rotation": 180, "texture": "#1"},
				"west": {"uv": [0, 0, 0.5, 0.8], "rotation": 180, "texture": "#1"},
				"up": {"uv": [0, 0, 0.5, 0.5], "rotation": 180, "texture": "#1"},
				"down": {"uv": [0, 0, 0.5, 0.5], "rotation": 180, "texture": "#1"}
			}
		},
		{
			"from": [10.35, -2.25, 12.35],
			"to": [10.65, -1.45, 12.65],
			"rotation": {"angle": 22.5, "axis": "z", "origin": [0, 0, 0]},
			"faces": {
				"north": {"uv": [0, 0, 0.3, 0.8], "rotation": 180, "texture": "#1"},
				"east": {"uv": [0, 0, 0.3, 0.8], "rotation": 180, "texture": "#1"},
				"south": {"uv": [0, 0, 0.3, 0.8], "rotation": 180, "texture": "#1"},
				"west": {"uv": [0, 0, 0.3, 0.8], "rotation": 180, "texture": "#1"},
				"up": {"uv": [0, 0, 0.3, 0.3], "rotation": 180, "texture": "#1"},
				"down": {"uv": [0, 0, 0.3, 0.3], "rotation": 180, "texture": "#1"}
			}
		},
		{
			"from": [3.25, 3.75, -1.25],
			"to": [3.75, 4.55, -0.75],
			"rotation": {"angle": 45, "axis": "x", "origin": [0, 0, 0]},
			"faces": {
				"north": {"uv": [0, 0, 0.5, 0.8], "texture": "#0"},
				"east": {"uv": [0, 0, 0.5, 0.8], "texture": "#0"},
				"south": {"uv": [0, 0, 0.5, 0.8], "texture": "#0"},
				"west": {"uv": [0, 0, 0.5, 0.8], "texture": "#0"},
				"up": {"uv": [0, 0, 0.5, 0.5], "texture": "#0"},
				"down": {"uv": [0, 0, 0.5, 0.5], "texture": "#0"}
			}
		},
		{
			"from": [3.35, 4.45, -1.15],
			"to": [3.65, 5.25, -0.85],
			"rotation": {"angle": 45, "axis": "x", "origin": [0, 0, 0]},
			"faces": {
				"north": {"uv": [0, 0, 0.3, 0.8], "texture": "#0"},
				"east": {"uv": [0, 0, 0.3, 0.8], "texture": "#0"},
				"south": {"uv": [0, 0, 0.3, 0.8], "texture": "#0"},
				"west": {"uv": [0, 0, 0.3, 0.8], "texture": "#0"},
				"up": {"uv": [0, 0, 0.3, 0.3], "texture": "#0"},
				"down": {"uv": [0, 0, 0.3, 0.3], "texture": "#0"}
			}
		},
		{
			"from": [3.45, 5.25, -1.05],
			"to": [3.55, 5.75, -0.95],
			"rotation": {"angle": 45, "axis": "x", "origin": [0, 0, 0]},
			"faces": {
				"north": {"uv": [0, 0, 0.1, 0.5], "texture": "#0"},
				"east": {"uv": [0, 0, 0.1, 0.5], "texture": "#0"},
				"south": {"uv": [0, 0, 0.1, 0.5], "texture": "#0"},
				"west": {"uv": [0, 0, 0.1, 0.5], "texture": "#0"},
				"up": {"uv": [0, 0, 0.1, 0.1], "texture": "#0"},
				"down": {"uv": [0, 0, 0.1, 0.1], "texture": "#0"}
			}
		},
		{
			"from": [12.25, 1.25, 3.25],
			"to": [12.75, 1.75, 4.05],
			"rotation": {"angle": -22.5, "axis": "x", "origin": [0, 0, 0]},
			"faces": {
				"north": {"uv": [0, 0, 0.5, 0.5], "rotation": 180, "texture": "#0"},
				"east": {"uv": [0, 0, 0.5, 0.8], "rotation": 270, "texture": "#0"},
				"south": {"uv": [0, 0, 0.5, 0.5], "texture": "#0"},
				"west": {"uv": [0, 0, 0.5, 0.8], "rotation": 90, "texture": "#0"},
				"up": {"uv": [0, 0, 0.5, 0.8], "rotation": 180, "texture": "#0"},
				"down": {"uv": [0, 0, 0.5, 0.8], "texture": "#0"}
			}
		},
		{
			"from": [12.35, 1.35, 3.95],
			"to": [12.65, 1.65, 4.75],
			"rotation": {"angle": -22.5, "axis": "x", "origin": [0, 0, 0]},
			"faces": {
				"north": {"uv": [0, 0, 0.3, 0.3], "rotation": 180, "texture": "#0"},
				"east": {"uv": [0, 0, 0.3, 0.8], "rotation": 270, "texture": "#0"},
				"south": {"uv": [0, 0, 0.3, 0.3], "texture": "#0"},
				"west": {"uv": [0, 0, 0.3, 0.8], "rotation": 90, "texture": "#0"},
				"up": {"uv": [0, 0, 0.3, 0.8], "rotation": 180, "texture": "#0"},
				"down": {"uv": [0, 0, 0.3, 0.8], "texture": "#0"}
			}
		},
		{
			"from": [12.45, 1.45, 4.75],
			"to": [12.55, 1.55, 5.25],
			"rotation": {"angle": -22.5, "axis": "x", "origin": [0, 0, 0]},
			"faces": {
				"north": {"uv": [0, 0, 0.1, 0.1], "rotation": 180, "texture": "#0"},
				"east": {"uv": [0, 0, 0.1, 0.5], "rotation": 270, "texture": "#0"},
				"south": {"uv": [0, 0, 0.1, 0.1], "texture": "#0"},
				"west": {"uv": [0, 0, 0.1, 0.5], "rotation": 90, "texture": "#0"},
				"up": {"uv": [0, 0, 0.1, 0.5], "rotation": 180, "texture": "#0"},
				"down": {"uv": [0, 0, 0.1, 0.5], "texture": "#0"}
			}
		},
		{
			"from": [2.25, -2.75, 13.85],
			"to": [2.75, -2.25, 14.65],
			"rotation": {"angle": -22.5, "axis": "x", "origin": [0, 0, 0]},
			"faces": {
				"north": {"uv": [0, 0, 0.5, 0.5], "rotation": 180, "texture": "#1"},
				"east": {"uv": [0, 0, 0.5, 0.8], "rotation": 270, "texture": "#1"},
				"south": {"uv": [0, 0, 0.5, 0.5], "texture": "#1"},
				"west": {"uv": [0, 0, 0.5, 0.8], "rotation": 90, "texture": "#1"},
				"up": {"uv": [0, 0, 0.5, 0.8], "rotation": 180, "texture": "#1"},
				"down": {"uv": [0, 0, 0.5, 0.8], "texture": "#1"}
			}
		},
		{
			"from": [2.35, -2.65, 14.55],
			"to": [2.65, -2.35, 15.35],
			"rotation": {"angle": -22.5, "axis": "x", "origin": [0, 0, 0]},
			"faces": {
				"north": {"uv": [0, 0, 0.3, 0.3], "rotation": 180, "texture": "#1"},
				"east": {"uv": [0, 0, 0.3, 0.8], "rotation": 270, "texture": "#1"},
				"south": {"uv": [0, 0, 0.3, 0.3], "texture": "#1"},
				"west": {"uv": [0, 0, 0.3, 0.8], "rotation": 90, "texture": "#1"},
				"up": {"uv": [0, 0, 0.3, 0.8], "rotation": 180, "texture": "#1"},
				"down": {"uv": [0, 0, 0.3, 0.8], "texture": "#1"}
			}
		},
		{
			"from": [2.45, -2.55, 15.35],
			"to": [2.55, -2.45, 15.85],
			"rotation": {"angle": -22.5, "axis": "x", "origin": [0, 0, 0]},
			"faces": {
				"north": {"uv": [0, 0, 0.1, 0.1], "rotation": 180, "texture": "#1"},
				"east": {"uv": [0, 0, 0.1, 0.5], "rotation": 270, "texture": "#1"},
				"south": {"uv": [0, 0, 0.1, 0.1], "texture": "#1"},
				"west": {"uv": [0, 0, 0.1, 0.5], "rotation": 90, "texture": "#1"},
				"up": {"uv": [0, 0, 0.1, 0.5], "rotation": 180, "texture": "#1"},
				"down": {"uv": [0, 0, 0.1, 0.5], "texture": "#1"}
			}
		},
		{
			"from": [12.25, -2.75, 13.85],
			"to": [12.75, -2.25, 14.65],
			"rotation": {"angle": -22.5, "axis": "x", "origin": [0, 0, 0]},
			"faces": {
				"north": {"uv": [0, 0, 0.5, 0.5], "rotation": 180, "texture": "#1"},
				"east": {"uv": [0, 0, 0.5, 0.8], "rotation": 270, "texture": "#1"},
				"south": {"uv": [0, 0, 0.5, 0.5], "texture": "#1"},
				"west": {"uv": [0, 0, 0.5, 0.8], "rotation": 90, "texture": "#1"},
				"up": {"uv": [0, 0, 0.5, 0.8], "rotation": 180, "texture": "#1"},
				"down": {"uv": [0, 0, 0.5, 0.8], "texture": "#1"}
			}
		},
		{
			"from": [12.35, -2.65, 14.55],
			"to": [12.65, -2.35, 15.35],
			"rotation": {"angle": -22.5, "axis": "x", "origin": [0, 0, 0]},
			"faces": {
				"north": {"uv": [0, 0, 0.3, 0.3], "rotation": 180, "texture": "#1"},
				"east": {"uv": [0, 0, 0.3, 0.8], "rotation": 270, "texture": "#1"},
				"south": {"uv": [0, 0, 0.3, 0.3], "texture": "#1"},
				"west": {"uv": [0, 0, 0.3, 0.8], "rotation": 90, "texture": "#1"},
				"up": {"uv": [0, 0, 0.3, 0.8], "rotation": 180, "texture": "#1"},
				"down": {"uv": [0, 0, 0.3, 0.8], "texture": "#1"}
			}
		},
		{
			"from": [12.45, -2.55, 15.35],
			"to": [12.55, -2.45, 15.85],
			"rotation": {"angle": -22.5, "axis": "x", "origin": [0, 0, 0]},
			"faces": {
				"north": {"uv": [0, 0, 0.1, 0.1], "rotation": 180, "texture": "#1"},
				"east": {"uv": [0, 0, 0.1, 0.5], "rotation": 270, "texture": "#1"},
				"south": {"uv": [0, 0, 0.1, 0.1], "texture": "#1"},
				"west": {"uv": [0, 0, 0.1, 0.5], "rotation": 90, "texture": "#1"},
				"up": {"uv": [0, 0, 0.1, 0.5], "rotation": 180, "texture": "#1"},
				"down": {"uv": [0, 0, 0.1, 0.5], "texture": "#1"}
			}
		},
		{
			"from": [9.05, 1.85, 1.85],
			"to": [9.55, 2.65, 2.35],
			"rotation": {"angle": -45, "axis": "x", "origin": [0, 0, 0]},
			"faces": {
				"north": {"uv": [0, 0, 0.5, 0.8], "texture": "#0"},
				"east": {"uv": [0, 0, 0.5, 0.8], "texture": "#0"},
				"south": {"uv": [0, 0, 0.5, 0.8], "texture": "#0"},
				"west": {"uv": [0, 0, 0.5, 0.8], "texture": "#0"},
				"up": {"uv": [0, 0, 0.5, 0.5], "texture": "#0"},
				"down": {"uv": [0, 0, 0.5, 0.5], "texture": "#0"}
			}
		},
		{
			"from": [9.15, 2.55, 1.95],
			"to": [9.45, 3.35, 2.25],
			"rotation": {"angle": -45, "axis": "x", "origin": [0, 0, 0]},
			"faces": {
				"north": {"uv": [0, 0, 0.3, 0.8], "texture": "#0"},
				"east": {"uv": [0, 0, 0.3, 0.8], "texture": "#0"},
				"south": {"uv": [0, 0, 0.3, 0.8], "texture": "#0"},
				"west": {"uv": [0, 0, 0.3, 0.8], "texture": "#0"},
				"up": {"uv": [0, 0, 0.3, 0.3], "texture": "#0"},
				"down": {"uv": [0, 0, 0.3, 0.3], "texture": "#0"}
			}
		},
		{
			"from": [9.25, 3.35, 2.05],
			"to": [9.35, 3.85, 2.15],
			"rotation": {"angle": -45, "axis": "x", "origin": [0, 0, 0]},
			"faces": {
				"north": {"uv": [0, 0, 0.1, 0.5], "texture": "#0"},
				"east": {"uv": [0, 0, 0.1, 0.5], "texture": "#0"},
				"south": {"uv": [0, 0, 0.1, 0.5], "texture": "#0"},
				"west": {"uv": [0, 0, 0.1, 0.5], "texture": "#0"},
				"up": {"uv": [0, 0, 0.1, 0.1], "texture": "#0"},
				"down": {"uv": [0, 0, 0.1, 0.1], "texture": "#0"}
			}
		},
		{
			"from": [4.15, 2.3, 2.95],
			"to": [4.45, 3.1, 3.25],
			"rotation": {"angle": -45, "axis": "x", "origin": [0, 0, 0]},
			"faces": {
				"north": {"uv": [0, 0, 0.3, 0.8], "texture": "#1"},
				"east": {"uv": [0, 0, 0.3, 0.8], "texture": "#1"},
				"south": {"uv": [0, 0, 0.3, 0.8], "texture": "#1"},
				"west": {"uv": [0, 0, 0.3, 0.8], "texture": "#1"},
				"up": {"uv": [0, 0, 0.3, 0.3], "texture": "#1"},
				"down": {"uv": [0, 0, 0.3, 0.3], "texture": "#1"}
			}
		},
		{
			"from": [4.05, 1.6, 2.85],
			"to": [4.55, 2.4, 3.35],
			"rotation": {"angle": -45, "axis": "x", "origin": [0, 0, 0]},
			"faces": {
				"north": {"uv": [0, 0, 0.5, 0.8], "texture": "#1"},
				"east": {"uv": [0, 0, 0.5, 0.8], "texture": "#1"},
				"south": {"uv": [0, 0, 0.5, 0.8], "texture": "#1"},
				"west": {"uv": [0, 0, 0.5, 0.8], "texture": "#1"},
				"up": {"uv": [0, 0, 0.5, 0.5], "texture": "#1"},
				"down": {"uv": [0, 0, 0.5, 0.5], "texture": "#1"}
			}
		},
		{
			"from": [4.25, 3.1, 3.05],
			"to": [4.35, 3.6, 3.15],
			"rotation": {"angle": -45, "axis": "x", "origin": [0, 0, 0]},
			"faces": {
				"north": {"uv": [0, 0, 0.1, 0.5], "texture": "#1"},
				"east": {"uv": [0, 0, 0.1, 0.5], "texture": "#1"},
				"south": {"uv": [0, 0, 0.1, 0.5], "texture": "#1"},
				"west": {"uv": [0, 0, 0.1, 0.5], "texture": "#1"},
				"up": {"uv": [0, 0, 0.1, 0.1], "texture": "#1"},
				"down": {"uv": [0, 0, 0.1, 0.1], "texture": "#1"}
			}
		},
		{
			"from": [15.95, -0.15, 3.85],
			"to": [16.05, 0.35, 3.95],
			"rotation": {"angle": 22.5, "axis": "z", "origin": [3.5, -2.9, -10.6]},
			"faces": {
				"north": {"uv": [0, 0, 0.1, 0.5], "texture": "#1"},
				"east": {"uv": [0, 0, 0.1, 0.5], "texture": "#1"},
				"south": {"uv": [0, 0, 0.1, 0.5], "texture": "#1"},
				"west": {"uv": [0, 0, 0.1, 0.5], "texture": "#1"},
				"up": {"uv": [0, 0, 0.1, 0.1], "texture": "#1"},
				"down": {"uv": [0, 0, 0.1, 0.1], "texture": "#1"}
			}
		},
		{
			"from": [15.85, -0.95, 3.75],
			"to": [16.15, -0.15, 4.05],
			"rotation": {"angle": 22.5, "axis": "z", "origin": [3.5, -2.9, -10.6]},
			"faces": {
				"north": {"uv": [0, 0, 0.3, 0.8], "texture": "#1"},
				"east": {"uv": [0, 0, 0.3, 0.8], "texture": "#1"},
				"south": {"uv": [0, 0, 0.3, 0.8], "texture": "#1"},
				"west": {"uv": [0, 0, 0.3, 0.8], "texture": "#1"},
				"up": {"uv": [0, 0, 0.3, 0.3], "texture": "#1"},
				"down": {"uv": [0, 0, 0.3, 0.3], "texture": "#1"}
			}
		},
		{
			"from": [15.75, -1.65, 3.65],
			"to": [16.25, -0.85, 4.15],
			"rotation": {"angle": 22.5, "axis": "z", "origin": [3.5, -2.9, -10.6]},
			"faces": {
				"north": {"uv": [0, 0, 0.5, 0.8], "texture": "#1"},
				"east": {"uv": [0, 0, 0.5, 0.8], "texture": "#1"},
				"south": {"uv": [0, 0, 0.5, 0.8], "texture": "#1"},
				"west": {"uv": [0, 0, 0.5, 0.8], "texture": "#1"},
				"up": {"uv": [0, 0, 0.5, 0.5], "texture": "#1"},
				"down": {"uv": [0, 0, 0.5, 0.5], "texture": "#1"}
			}
		},
		{
			"from": [14.25, 2.75, 10.95],
			"to": [14.75, 3.55, 11.45],
			"rotation": {"angle": 0, "axis": "y", "origin": [0, -0.5, 0]},
			"faces": {
				"north": {"uv": [0, 0, 0.5, 0.8], "texture": "#1"},
				"east": {"uv": [0, 0, 0.5, 0.8], "texture": "#1"},
				"south": {"uv": [0, 0, 0.5, 0.8], "texture": "#1"},
				"west": {"uv": [0, 0, 0.5, 0.8], "texture": "#1"},
				"up": {"uv": [0, 0, 0.5, 0.5], "texture": "#1"},
				"down": {"uv": [0, 0, 0.5, 0.5], "texture": "#1"}
			}
		},
		{
			"from": [14.35, 3.45, 11.05],
			"to": [14.65, 4.25, 11.35],
			"rotation": {"angle": 0, "axis": "y", "origin": [0, -0.5, 0]},
			"faces": {
				"north": {"uv": [0, 0, 0.3, 0.8], "texture": "#1"},
				"east": {"uv": [0, 0, 0.3, 0.8], "texture": "#1"},
				"south": {"uv": [0, 0, 0.3, 0.8], "texture": "#1"},
				"west": {"uv": [0, 0, 0.3, 0.8], "texture": "#1"},
				"up": {"uv": [0, 0, 0.3, 0.3], "texture": "#1"},
				"down": {"uv": [0, 0, 0.3, 0.3], "texture": "#1"}
			}
		},
		{
			"from": [14.45, 4.25, 11.15],
			"to": [14.55, 4.75, 11.25],
			"rotation": {"angle": 0, "axis": "y", "origin": [0, -0.5, 0]},
			"faces": {
				"north": {"uv": [0, 0, 0.1, 0.5], "texture": "#1"},
				"east": {"uv": [0, 0, 0.1, 0.5], "texture": "#1"},
				"south": {"uv": [0, 0, 0.1, 0.5], "texture": "#1"},
				"west": {"uv": [0, 0, 0.1, 0.5], "texture": "#1"},
				"up": {"uv": [0, 0, 0.1, 0.1], "texture": "#1"},
				"down": {"uv": [0, 0, 0.1, 0.1], "texture": "#1"}
			}
		},
		{
			"from": [9, 1.25, 15],
			"to": [10, 2.25, 16],
			"faces": {
				"north": {"uv": [0, 0, 1, 1], "texture": "#0"},
				"east": {"uv": [0, 0, 1, 1], "texture": "#0"},
				"south": {"uv": [0, 0, 1, 1], "texture": "#0"},
				"west": {"uv": [0, 0, 1, 1], "texture": "#0"},
				"up": {"uv": [0, 0, 1, 1], "texture": "#0"},
				"down": {"uv": [0, 0, 1, 1], "texture": "#0"}
			}
		},
		{
			"from": [13, 1.5, 7],
			"to": [14, 2.5, 8],
			"faces": {
				"north": {"uv": [0, 0, 1, 1], "texture": "#1"},
				"east": {"uv": [0, 0, 1, 1], "texture": "#1"},
				"south": {"uv": [0, 0, 1, 1], "texture": "#1"},
				"west": {"uv": [0, 0, 1, 1], "texture": "#1"},
				"up": {"uv": [0, 0, 1, 1], "texture": "#1"},
				"down": {"uv": [0, 0, 1, 1], "texture": "#1"}
			}
		},
		{
			"from": [1, 1.25, 12.25],
			"to": [2, 2.25, 13.25],
			"faces": {
				"north": {"uv": [0, 0, 1, 1], "texture": "#1"},
				"east": {"uv": [0, 0, 1, 1], "texture": "#1"},
				"south": {"uv": [0, 0, 1, 1], "texture": "#1"},
				"west": {"uv": [0, 0, 1, 1], "texture": "#1"},
				"up": {"uv": [0, 0, 1, 1], "rotation": 270, "texture": "#1"},
				"down": {"uv": [0, 0, 1, 1], "rotation": 90, "texture": "#1"}
			}
		},
		{
			"from": [1, 2, 6.25],
			"to": [2, 2.75, 7.25],
			"faces": {
				"north": {"uv": [0, 0, 1, 0.75], "texture": "#1"},
				"east": {"uv": [0, 0, 1, 0.75], "texture": "#1"},
				"south": {"uv": [0, 0, 1, 0.75], "texture": "#1"},
				"west": {"uv": [0, 0, 1, 0.75], "texture": "#1"},
				"up": {"uv": [0, 0, 1, 1], "rotation": 270, "texture": "#1"},
				"down": {"uv": [0, 0, 1, 1], "rotation": 90, "texture": "#1"}
			}
		},
		{
			"from": [2, 1.25, 9],
			"to": [3, 2.25, 10],
			"faces": {
				"north": {"uv": [0, 0, 1, 1], "texture": "#1"},
				"east": {"uv": [0, 0, 1, 1], "texture": "#1"},
				"south": {"uv": [0, 0, 1, 1], "texture": "#1"},
				"west": {"uv": [0, 0, 1, 1], "texture": "#1"},
				"up": {"uv": [0, 0, 1, 1], "rotation": 270, "texture": "#1"},
				"down": {"uv": [0, 0, 1, 1], "rotation": 90, "texture": "#1"}
			}
		},
		{
			"from": [1, 2.25, 12],
			"to": [2, 3.25, 13],
			"faces": {
				"north": {"uv": [0, 0, 1, 1], "texture": "#1"},
				"east": {"uv": [0, 0, 1, 1], "texture": "#1"},
				"south": {"uv": [0, 0, 1, 1], "texture": "#1"},
				"west": {"uv": [0, 0, 1, 1], "texture": "#1"},
				"up": {"uv": [0, 0, 1, 1], "texture": "#1"},
				"down": {"uv": [0, 0, 1, 1], "texture": "#1"}
			}
		},
		{
			"from": [1, 2.25, 11],
			"to": [2, 3.25, 12],
			"faces": {
				"north": {"uv": [0, 0, 1, 1], "texture": "#1"},
				"east": {"uv": [0, 0, 1, 1], "texture": "#1"},
				"south": {"uv": [0, 0, 1, 1], "texture": "#1"},
				"west": {"uv": [0, 0, 1, 1], "texture": "#1"},
				"up": {"uv": [0, 0, 1, 1], "texture": "#1"},
				"down": {"uv": [0, 0, 1, 1], "texture": "#1"}
			}
		},
		{
			"from": [2, 2.25, 9],
			"to": [3, 3.25, 10],
			"faces": {
				"north": {"uv": [0, 0, 1, 1], "texture": "#1"},
				"east": {"uv": [0, 0, 1, 1], "texture": "#1"},
				"south": {"uv": [0, 0, 1, 1], "texture": "#1"},
				"west": {"uv": [0, 0, 1, 1], "texture": "#1"},
				"up": {"uv": [0, 0, 1, 1], "texture": "#1"},
				"down": {"uv": [0, 0, 1, 1], "texture": "#1"}
			}
		},
		{
			"from": [2, 1.75, 10],
			"to": [3, 2.75, 11],
			"faces": {
				"north": {"uv": [0, 0, 1, 1], "texture": "#1"},
				"east": {"uv": [0, 0, 1, 1], "texture": "#1"},
				"south": {"uv": [0, 0, 1, 1], "texture": "#1"},
				"west": {"uv": [0, 0, 1, 1], "texture": "#1"},
				"up": {"uv": [0, 0, 1, 1], "texture": "#1"},
				"down": {"uv": [0, 0, 1, 1], "texture": "#1"}
			}
		},
		{
			"from": [2, 2.25, 7],
			"to": [3, 3.25, 8],
			"faces": {
				"north": {"uv": [0, 0, 1, 1], "texture": "#1"},
				"east": {"uv": [0, 0, 1, 1], "texture": "#1"},
				"south": {"uv": [0, 0, 1, 1], "texture": "#1"},
				"west": {"uv": [0, 0, 1, 1], "texture": "#1"},
				"up": {"uv": [0, 0, 1, 1], "texture": "#1"},
				"down": {"uv": [0, 0, 1, 1], "texture": "#1"}
			}
		},
		{
			"from": [1, 2.25, 5],
			"to": [2, 3.25, 6],
			"faces": {
				"north": {"uv": [0, 0, 1, 1], "texture": "#1"},
				"east": {"uv": [0, 0, 1, 1], "texture": "#1"},
				"south": {"uv": [0, 0, 1, 1], "texture": "#1"},
				"west": {"uv": [0, 0, 1, 1], "texture": "#1"},
				"up": {"uv": [0, 0, 1, 1], "texture": "#1"},
				"down": {"uv": [0, 0, 1, 1], "texture": "#1"}
			}
		},
		{
			"from": [1, 1.75, 2],
			"to": [2, 2.75, 3],
			"faces": {
				"north": {"uv": [0, 0, 1, 1], "texture": "#1"},
				"east": {"uv": [0, 0, 1, 1], "texture": "#1"},
				"south": {"uv": [0, 0, 1, 1], "texture": "#1"},
				"west": {"uv": [0, 0, 1, 1], "texture": "#1"},
				"up": {"uv": [0, 0, 1, 1], "texture": "#1"},
				"down": {"uv": [0, 0, 1, 1], "texture": "#1"}
			}
		},
		{
			"from": [4, 2.25, 2],
			"to": [5, 3.25, 3],
			"faces": {
				"north": {"uv": [0, 0, 1, 1], "texture": "#1"},
				"east": {"uv": [0, 0, 1, 1], "texture": "#1"},
				"south": {"uv": [0, 0, 1, 1], "texture": "#1"},
				"west": {"uv": [0, 0, 1, 1], "texture": "#1"},
				"up": {"uv": [0, 0, 1, 1], "texture": "#1"},
				"down": {"uv": [0, 0, 1, 1], "texture": "#1"}
			}
		},
		{
			"from": [2, 2.25, 1],
			"to": [3, 3.25, 2],
			"faces": {
				"north": {"uv": [0, 0, 1, 1], "texture": "#1"},
				"east": {"uv": [0, 0, 1, 1], "texture": "#1"},
				"south": {"uv": [0, 0, 1, 1], "texture": "#1"},
				"west": {"uv": [0, 0, 1, 1], "texture": "#1"},
				"up": {"uv": [0, 0, 1, 1], "texture": "#1"},
				"down": {"uv": [0, 0, 1, 1], "texture": "#1"}
			}
		},
		{
			"from": [3.4, 1.65, 1],
			"to": [4.4, 2.65, 2],
			"faces": {
				"north": {"uv": [0, 0, 1, 1], "texture": "#1"},
				"east": {"uv": [0, 0, 1, 1], "texture": "#1"},
				"south": {"uv": [0, 0, 1, 1], "texture": "#1"},
				"west": {"uv": [0, 0, 1, 1], "texture": "#1"},
				"up": {"uv": [0, 0, 1, 1], "texture": "#1"},
				"down": {"uv": [0, 0, 1, 1], "texture": "#1"}
			}
		},
		{
			"from": [6, 1.5, 1],
			"to": [7, 2.5, 2],
			"faces": {
				"north": {"uv": [0, 0, 1, 1], "texture": "#1"},
				"east": {"uv": [0, 0, 1, 1], "texture": "#1"},
				"south": {"uv": [0, 0, 1, 1], "texture": "#1"},
				"west": {"uv": [0, 0, 1, 1], "texture": "#1"},
				"up": {"uv": [0, 0, 1, 1], "texture": "#1"},
				"down": {"uv": [0, 0, 1, 1], "texture": "#1"}
			}
		},
		{
			"from": [7, 2, 1],
			"to": [8, 3, 2],
			"faces": {
				"north": {"uv": [0, 0, 1, 1], "texture": "#1"},
				"east": {"uv": [0, 0, 1, 1], "texture": "#1"},
				"south": {"uv": [0, 0, 1, 1], "texture": "#1"},
				"west": {"uv": [0, 0, 1, 1], "texture": "#1"},
				"up": {"uv": [0, 0, 1, 1], "texture": "#1"},
				"down": {"uv": [0, 0, 1, 1], "texture": "#1"}
			}
		},
		{
			"from": [8, 2.25, 2],
			"to": [9, 3.25, 3],
			"faces": {
				"north": {"uv": [0, 0, 1, 1], "texture": "#1"},
				"east": {"uv": [0, 0, 1, 1], "texture": "#1"},
				"south": {"uv": [0, 0, 1, 1], "texture": "#1"},
				"west": {"uv": [0, 0, 1, 1], "texture": "#1"},
				"up": {"uv": [0, 0, 1, 1], "texture": "#1"},
				"down": {"uv": [0, 0, 1, 1], "texture": "#1"}
			}
		},
		{
			"from": [11, 2.25, 1],
			"to": [12, 3.25, 2],
			"faces": {
				"north": {"uv": [0, 0, 1, 1], "texture": "#1"},
				"east": {"uv": [0, 0, 1, 1], "texture": "#1"},
				"south": {"uv": [0, 0, 1, 1], "texture": "#1"},
				"west": {"uv": [0, 0, 1, 1], "texture": "#1"},
				"up": {"uv": [0, 0, 1, 1], "texture": "#1"},
				"down": {"uv": [0, 0, 1, 1], "texture": "#1"}
			}
		},
		{
			"from": [11, 2.25, 0.5],
			"to": [12, 3.25, 1.5],
			"faces": {
				"north": {"uv": [0, 0, 1, 1], "texture": "#1"},
				"east": {"uv": [0, 0, 1, 1], "texture": "#1"},
				"south": {"uv": [0, 0, 1, 1], "texture": "#1"},
				"west": {"uv": [0, 0, 1, 1], "texture": "#1"},
				"up": {"uv": [0, 0, 1, 1], "texture": "#1"},
				"down": {"uv": [0, 0, 1, 1], "texture": "#1"}
			}
		},
		{
			"from": [14, 2.25, 2.5],
			"to": [15, 3.25, 3.5],
			"faces": {
				"north": {"uv": [0, 0, 1, 1], "texture": "#1"},
				"east": {"uv": [0, 0, 1, 1], "texture": "#1"},
				"south": {"uv": [0, 0, 1, 1], "texture": "#1"},
				"west": {"uv": [0, 0, 1, 1], "texture": "#1"},
				"up": {"uv": [0, 0, 1, 1], "texture": "#1"},
				"down": {"uv": [0, 0, 1, 1], "texture": "#1"}
			}
		},
		{
			"from": [9, 2.25, 2],
			"to": [10, 3.25, 3],
			"faces": {
				"north": {"uv": [0, 0, 1, 1], "texture": "#1"},
				"east": {"uv": [0, 0, 1, 1], "texture": "#1"},
				"south": {"uv": [0, 0, 1, 1], "texture": "#1"},
				"west": {"uv": [0, 0, 1, 1], "texture": "#1"},
				"up": {"uv": [0, 0, 1, 1], "texture": "#1"},
				"down": {"uv": [0, 0, 1, 1], "texture": "#1"}
			}
		},
		{
			"from": [10, 2.25, 1],
			"to": [11, 3.25, 2],
			"faces": {
				"north": {"uv": [0, 0, 1, 1], "texture": "#1"},
				"east": {"uv": [0, 0, 1, 1], "texture": "#1"},
				"south": {"uv": [0, 0, 1, 1], "texture": "#1"},
				"west": {"uv": [0, 0, 1, 1], "texture": "#1"},
				"up": {"uv": [0, 0, 1, 1], "texture": "#1"},
				"down": {"uv": [0, 0, 1, 1], "texture": "#1"}
			}
		},
		{
			"from": [12, 2.25, 2],
			"to": [13, 3.25, 3],
			"faces": {
				"north": {"uv": [0, 0, 1, 1], "texture": "#1"},
				"east": {"uv": [0, 0, 1, 1], "texture": "#1"},
				"south": {"uv": [0, 0, 1, 1], "texture": "#1"},
				"west": {"uv": [0, 0, 1, 1], "texture": "#1"},
				"up": {"uv": [0, 0, 1, 1], "texture": "#1"},
				"down": {"uv": [0, 0, 1, 1], "texture": "#1"}
			}
		},
		{
			"from": [13, 2.25, 4],
			"to": [14, 3.25, 5],
			"faces": {
				"north": {"uv": [0, 0, 1, 1], "texture": "#1"},
				"east": {"uv": [0, 0, 1, 1], "texture": "#1"},
				"south": {"uv": [0, 0, 1, 1], "texture": "#1"},
				"west": {"uv": [0, 0, 1, 1], "texture": "#1"},
				"up": {"uv": [0, 0, 1, 1], "texture": "#1"},
				"down": {"uv": [0, 0, 1, 1], "texture": "#1"}
			}
		},
		{
			"from": [13, 2.25, 3],
			"to": [14, 3.25, 4],
			"faces": {
				"north": {"uv": [0, 0, 1, 1], "texture": "#1"},
				"east": {"uv": [0, 0, 1, 1], "texture": "#1"},
				"south": {"uv": [0, 0, 1, 1], "texture": "#1"},
				"west": {"uv": [0, 0, 1, 1], "texture": "#1"},
				"up": {"uv": [0, 0, 1, 1], "texture": "#1"},
				"down": {"uv": [0, 0, 1, 1], "texture": "#1"}
			}
		},
		{
			"from": [12, 2.25, 5],
			"to": [13, 3.25, 6],
			"faces": {
				"north": {"uv": [0, 0, 1, 1], "texture": "#1"},
				"east": {"uv": [0, 0, 1, 1], "texture": "#1"},
				"south": {"uv": [0, 0, 1, 1], "texture": "#1"},
				"west": {"uv": [0, 0, 1, 1], "texture": "#1"},
				"up": {"uv": [0, 0, 1, 1], "texture": "#1"},
				"down": {"uv": [0, 0, 1, 1], "texture": "#1"}
			}
		},
		{
			"from": [12, 2.25, 6],
			"to": [13, 3.25, 7],
			"faces": {
				"north": {"uv": [0, 0, 1, 1], "texture": "#1"},
				"east": {"uv": [0, 0, 1, 1], "texture": "#1"},
				"south": {"uv": [0, 0, 1, 1], "texture": "#1"},
				"west": {"uv": [0, 0, 1, 1], "texture": "#1"},
				"up": {"uv": [0, 0, 1, 1], "texture": "#1"},
				"down": {"uv": [0, 0, 1, 1], "texture": "#1"}
			}
		},
		{
			"from": [14, 2.25, 9],
			"to": [15, 3.25, 10],
			"faces": {
				"north": {"uv": [0, 0, 1, 1], "texture": "#1"},
				"east": {"uv": [0, 0, 1, 1], "texture": "#1"},
				"south": {"uv": [0, 0, 1, 1], "texture": "#1"},
				"west": {"uv": [0, 0, 1, 1], "texture": "#1"},
				"up": {"uv": [0, 0, 1, 1], "texture": "#1"},
				"down": {"uv": [0, 0, 1, 1], "texture": "#1"}
			}
		},
		{
			"from": [14, 2, 8],
			"to": [15, 2.5, 9],
			"faces": {
				"north": {"uv": [0, 0, 1, 0.5], "texture": "#1"},
				"east": {"uv": [0, 0, 1, 0.5], "texture": "#1"},
				"south": {"uv": [0, 0, 1, 0.5], "texture": "#1"},
				"west": {"uv": [0, 0, 1, 0.5], "texture": "#1"},
				"up": {"uv": [0, 0, 1, 1], "texture": "#1"},
				"down": {"uv": [0, 0, 1, 1], "texture": "#1"}
			}
		},
		{
			"from": [14, 2.75, 10],
			"to": [15, 3.75, 11],
			"faces": {
				"north": {"uv": [0, 0, 1, 1], "texture": "#1"},
				"east": {"uv": [0, 0, 1, 1], "texture": "#1"},
				"south": {"uv": [0, 0, 1, 1], "texture": "#1"},
				"west": {"uv": [0, 0, 1, 1], "texture": "#1"},
				"up": {"uv": [0, 0, 1, 1], "texture": "#1"},
				"down": {"uv": [0, 0, 1, 1], "texture": "#1"}
			}
		},
		{
			"from": [13, 1.5, 12],
			"to": [14, 2.5, 13],
			"faces": {
				"north": {"uv": [0, 0, 1, 1], "texture": "#1"},
				"east": {"uv": [0, 0, 1, 1], "texture": "#1"},
				"south": {"uv": [0, 0, 1, 1], "texture": "#1"},
				"west": {"uv": [0, 0, 1, 1], "texture": "#1"},
				"up": {"uv": [0, 0, 1, 1], "texture": "#1"},
				"down": {"uv": [0, 0, 1, 1], "texture": "#1"}
			}
		},
		{
			"from": [13, 2.25, 11],
			"to": [14, 3.25, 12],
			"faces": {
				"north": {"uv": [0, 0, 1, 1], "texture": "#1"},
				"east": {"uv": [0, 0, 1, 1], "texture": "#1"},
				"south": {"uv": [0, 0, 1, 1], "texture": "#1"},
				"west": {"uv": [0, 0, 1, 1], "texture": "#1"},
				"up": {"uv": [0, 0, 1, 1], "texture": "#1"},
				"down": {"uv": [0, 0, 1, 1], "texture": "#1"}
			}
		},
		{
			"from": [12, 1.75, 13],
			"to": [13, 2.75, 14],
			"faces": {
				"north": {"uv": [0, 0, 1, 1], "texture": "#1"},
				"east": {"uv": [0, 0, 1, 1], "texture": "#1"},
				"south": {"uv": [0, 0, 1, 1], "texture": "#1"},
				"west": {"uv": [0, 0, 1, 1], "texture": "#1"},
				"up": {"uv": [0, 0, 1, 1], "texture": "#1"},
				"down": {"uv": [0, 0, 1, 1], "texture": "#1"}
			}
		},
		{
			"from": [11, 2.25, 14],
			"to": [12, 3.25, 15],
			"faces": {
				"north": {"uv": [0, 0, 1, 1], "texture": "#1"},
				"east": {"uv": [0, 0, 1, 1], "texture": "#1"},
				"south": {"uv": [0, 0, 1, 1], "texture": "#1"},
				"west": {"uv": [0, 0, 1, 1], "texture": "#1"},
				"up": {"uv": [0, 0, 1, 1], "texture": "#1"},
				"down": {"uv": [0, 0, 1, 1], "texture": "#1"}
			}
		},
		{
			"from": [10, 2.25, 14],
			"to": [11, 3.25, 15],
			"faces": {
				"north": {"uv": [0, 0, 1, 1], "texture": "#1"},
				"east": {"uv": [0, 0, 1, 1], "texture": "#1"},
				"south": {"uv": [0, 0, 1, 1], "texture": "#1"},
				"west": {"uv": [0, 0, 1, 1], "texture": "#1"},
				"up": {"uv": [0, 0, 1, 1], "texture": "#1"},
				"down": {"uv": [0, 0, 1, 1], "texture": "#1"}
			}
		},
		{
			"from": [8, 2.25, 15],
			"to": [9, 3.25, 16],
			"faces": {
				"north": {"uv": [0, 0, 1, 1], "texture": "#1"},
				"east": {"uv": [0, 0, 1, 1], "texture": "#1"},
				"south": {"uv": [0, 0, 1, 1], "texture": "#1"},
				"west": {"uv": [0, 0, 1, 1], "texture": "#1"},
				"up": {"uv": [0, 0, 1, 1], "texture": "#1"},
				"down": {"uv": [0, 0, 1, 1], "texture": "#1"}
			}
		},
		{
			"from": [9, 2.25, 15],
			"to": [10, 3.25, 16],
			"faces": {
				"north": {"uv": [0, 0, 1, 1], "texture": "#1"},
				"east": {"uv": [0, 0, 1, 1], "texture": "#1"},
				"south": {"uv": [0, 0, 1, 1], "texture": "#1"},
				"west": {"uv": [0, 0, 1, 1], "texture": "#1"},
				"up": {"uv": [0, 0, 1, 1], "texture": "#1"},
				"down": {"uv": [0, 0, 1, 1], "texture": "#1"}
			}
		},
		{
			"from": [7, 2.25, 14],
			"to": [8, 3.25, 15],
			"faces": {
				"north": {"uv": [0, 0, 1, 1], "texture": "#1"},
				"east": {"uv": [0, 0, 1, 1], "texture": "#1"},
				"south": {"uv": [0, 0, 1, 1], "texture": "#1"},
				"west": {"uv": [0, 0, 1, 1], "texture": "#1"},
				"up": {"uv": [0, 0, 1, 1], "texture": "#1"},
				"down": {"uv": [0, 0, 1, 1], "texture": "#1"}
			}
		},
		{
			"from": [6, 1.75, 14],
			"to": [7, 2.75, 15],
			"faces": {
				"north": {"uv": [0, 0, 1, 1], "texture": "#1"},
				"east": {"uv": [0, 0, 1, 1], "texture": "#1"},
				"south": {"uv": [0, 0, 1, 1], "texture": "#1"},
				"west": {"uv": [0, 0, 1, 1], "texture": "#1"},
				"up": {"uv": [0, 0, 1, 1], "texture": "#1"},
				"down": {"uv": [0, 0, 1, 1], "texture": "#1"}
			}
		},
		{
			"from": [5, 2.25, 13],
			"to": [6, 2.5, 14],
			"faces": {
				"north": {"uv": [0, 0, 1, 0.25], "texture": "#1"},
				"east": {"uv": [0, 0, 1, 0.25], "texture": "#1"},
				"south": {"uv": [0, 0, 1, 0.25], "texture": "#1"},
				"west": {"uv": [0, 0, 1, 0.25], "texture": "#1"},
				"up": {"uv": [0, 0, 1, 1], "texture": "#1"},
				"down": {"uv": [0, 0, 1, 1], "texture": "#1"}
			}
		},
		{
			"from": [4, 2.25, 13],
			"to": [5, 3.25, 14],
			"faces": {
				"north": {"uv": [0, 0, 1, 1], "texture": "#1"},
				"east": {"uv": [0, 0, 1, 1], "texture": "#1"},
				"south": {"uv": [0, 0, 1, 1], "texture": "#1"},
				"west": {"uv": [0, 0, 1, 1], "texture": "#1"},
				"up": {"uv": [0, 0, 1, 1], "texture": "#1"},
				"down": {"uv": [0, 0, 1, 1], "texture": "#1"}
			}
		},
		{
			"from": [3, 2.25, 14],
			"to": [4, 2.75, 15],
			"faces": {
				"north": {"uv": [0, 0, 1, 0.5], "texture": "#1"},
				"east": {"uv": [0, 0, 1, 0.5], "texture": "#1"},
				"south": {"uv": [0, 0, 1, 0.5], "texture": "#1"},
				"west": {"uv": [0, 0, 1, 0.5], "texture": "#1"},
				"up": {"uv": [0, 0, 1, 1], "texture": "#1"},
				"down": {"uv": [0, 0, 1, 1], "texture": "#1"}
			}
		},
		{
			"from": [2, 3.5, 6],
			"to": [3, 4.5, 7],
			"faces": {
				"north": {"uv": [0, 0, 1, 1], "texture": "#0"},
				"east": {"uv": [0, 0, 1, 1], "texture": "#0"},
				"south": {"uv": [0, 0, 1, 1], "texture": "#0"},
				"west": {"uv": [0, 0, 1, 1], "texture": "#0"},
				"up": {"uv": [0, 0, 1, 1], "texture": "#0"},
				"down": {"uv": [0, 0, 1, 1], "texture": "#0"}
			}
		},
		{
			"from": [2, 2.75, 5],
			"to": [3, 3.75, 6],
			"faces": {
				"north": {"uv": [0, 0, 1, 1], "texture": "#0"},
				"east": {"uv": [0, 0, 1, 1], "texture": "#0"},
				"south": {"uv": [0, 0, 1, 1], "texture": "#0"},
				"west": {"uv": [0, 0, 1, 1], "texture": "#0"},
				"up": {"uv": [0, 0, 1, 1], "rotation": 270, "texture": "#0"},
				"down": {"uv": [0, 0, 1, 1], "rotation": 90, "texture": "#0"}
			}
		},
		{
			"from": [2, 2.75, 10],
			"to": [3, 3.75, 11],
			"faces": {
				"north": {"uv": [0, 0, 1, 1], "texture": "#0"},
				"east": {"uv": [0, 0, 1, 1], "texture": "#0"},
				"south": {"uv": [0, 0, 1, 1], "texture": "#0"},
				"west": {"uv": [0, 0, 1, 1], "texture": "#0"},
				"up": {"uv": [0, 0, 1, 1], "rotation": 270, "texture": "#0"},
				"down": {"uv": [0, 0, 1, 1], "rotation": 90, "texture": "#0"}
			}
		},
		{
			"from": [1, 2.75, 8],
			"to": [2, 3.75, 9],
			"faces": {
				"north": {"uv": [0, 0, 1, 1], "texture": "#0"},
				"east": {"uv": [0, 0, 1, 1], "texture": "#0"},
				"south": {"uv": [0, 0, 1, 1], "texture": "#0"},
				"west": {"uv": [0, 0, 1, 1], "texture": "#0"},
				"up": {"uv": [0, 0, 1, 1], "rotation": 270, "texture": "#0"},
				"down": {"uv": [0, 0, 1, 1], "rotation": 90, "texture": "#0"}
			}
		},
		{
			"from": [1, 2.75, 7],
			"to": [2, 3.75, 8],
			"faces": {
				"north": {"uv": [0, 0, 1, 1], "texture": "#0"},
				"east": {"uv": [0, 0, 1, 1], "texture": "#0"},
				"south": {"uv": [0, 0, 1, 1], "texture": "#0"},
				"west": {"uv": [0, 0, 1, 1], "texture": "#0"},
				"up": {"uv": [0, 0, 1, 1], "rotation": 270, "texture": "#0"},
				"down": {"uv": [0, 0, 1, 1], "rotation": 90, "texture": "#0"}
			}
		},
		{
			"from": [2, 2.75, 6],
			"to": [3, 3.75, 7],
			"faces": {
				"north": {"uv": [0, 0, 1, 1], "texture": "#0"},
				"east": {"uv": [0, 0, 1, 1], "texture": "#0"},
				"south": {"uv": [0, 0, 1, 1], "texture": "#0"},
				"west": {"uv": [0, 0, 1, 1], "texture": "#0"},
				"up": {"uv": [0, 0, 1, 1], "rotation": 270, "texture": "#0"},
				"down": {"uv": [0, 0, 1, 1], "rotation": 90, "texture": "#0"}
			}
		},
		{
			"from": [1, 2.75, 4],
			"to": [2, 3.75, 5],
			"faces": {
				"north": {"uv": [0, 0, 1, 1], "texture": "#0"},
				"east": {"uv": [0, 0, 1, 1], "texture": "#0"},
				"south": {"uv": [0, 0, 1, 1], "texture": "#0"},
				"west": {"uv": [0, 0, 1, 1], "texture": "#0"},
				"up": {"uv": [0, 0, 1, 1], "rotation": 270, "texture": "#0"},
				"down": {"uv": [0, 0, 1, 1], "rotation": 90, "texture": "#0"}
			}
		},
		{
			"from": [1, 2.75, 3],
			"to": [2, 3.75, 4],
			"faces": {
				"north": {"uv": [0, 0, 1, 1], "texture": "#0"},
				"east": {"uv": [0, 0, 1, 1], "texture": "#0"},
				"south": {"uv": [0, 0, 1, 1], "texture": "#0"},
				"west": {"uv": [0, 0, 1, 1], "texture": "#0"},
				"up": {"uv": [0, 0, 1, 1], "rotation": 270, "texture": "#0"},
				"down": {"uv": [0, 0, 1, 1], "rotation": 90, "texture": "#0"}
			}
		},
		{
			"from": [2, 2.75, 2],
			"to": [3, 3.75, 3],
			"faces": {
				"north": {"uv": [0, 0, 1, 1], "texture": "#0"},
				"east": {"uv": [0, 0, 1, 1], "texture": "#0"},
				"south": {"uv": [0, 0, 1, 1], "texture": "#0"},
				"west": {"uv": [0, 0, 1, 1], "texture": "#0"},
				"up": {"uv": [0, 0, 1, 1], "rotation": 270, "texture": "#0"},
				"down": {"uv": [0, 0, 1, 1], "rotation": 90, "texture": "#0"}
			}
		},
		{
			"from": [3, 2.75, 1],
			"to": [4, 3.75, 2],
			"faces": {
				"north": {"uv": [0, 0, 1, 1], "texture": "#0"},
				"east": {"uv": [0, 0, 1, 1], "texture": "#0"},
				"south": {"uv": [0, 0, 1, 1], "texture": "#0"},
				"west": {"uv": [0, 0, 1, 1], "texture": "#0"},
				"up": {"uv": [0, 0, 1, 1], "rotation": 270, "texture": "#0"},
				"down": {"uv": [0, 0, 1, 1], "rotation": 90, "texture": "#0"}
			}
		},
		{
			"from": [4, 3, 1],
			"to": [5, 4, 2],
			"faces": {
				"north": {"uv": [0, 0, 1, 1], "texture": "#0"},
				"east": {"uv": [0, 0, 1, 1], "texture": "#0"},
				"south": {"uv": [0, 0, 1, 1], "texture": "#0"},
				"west": {"uv": [0, 0, 1, 1], "texture": "#0"},
				"up": {"uv": [0, 0, 1, 1], "rotation": 270, "texture": "#0"},
				"down": {"uv": [0, 0, 1, 1], "rotation": 90, "texture": "#0"}
			}
		},
		{
			"from": [5, 2.5, 2],
			"to": [6, 3.5, 3],
			"faces": {
				"north": {"uv": [0, 0, 1, 1], "texture": "#0"},
				"east": {"uv": [0, 0, 1, 1], "texture": "#0"},
				"south": {"uv": [0, 0, 1, 1], "texture": "#0"},
				"west": {"uv": [0, 0, 1, 1], "texture": "#0"},
				"up": {"uv": [0, 0, 1, 1], "rotation": 270, "texture": "#0"},
				"down": {"uv": [0, 0, 1, 1], "rotation": 90, "texture": "#0"}
			}
		},
		{
			"from": [6, 2.75, 2],
			"to": [7, 3.75, 3],
			"faces": {
				"north": {"uv": [0, 0, 1, 1], "texture": "#0"},
				"east": {"uv": [0, 0, 1, 1], "texture": "#0"},
				"south": {"uv": [0, 0, 1, 1], "texture": "#0"},
				"west": {"uv": [0, 0, 1, 1], "texture": "#0"},
				"up": {"uv": [0, 0, 1, 1], "rotation": 270, "texture": "#0"},
				"down": {"uv": [0, 0, 1, 1], "rotation": 90, "texture": "#0"}
			}
		},
		{
			"from": [7, 3, 1],
			"to": [8, 4, 2],
			"faces": {
				"north": {"uv": [0, 0, 1, 1], "texture": "#0"},
				"east": {"uv": [0, 0, 1, 1], "texture": "#0"},
				"south": {"uv": [0, 0, 1, 1], "texture": "#0"},
				"west": {"uv": [0, 0, 1, 1], "texture": "#0"},
				"up": {"uv": [0, 0, 1, 1], "rotation": 270, "texture": "#0"},
				"down": {"uv": [0, 0, 1, 1], "rotation": 90, "texture": "#0"}
			}
		},
		{
			"from": [8, 2.75, 0],
			"to": [9, 3.75, 1],
			"faces": {
				"north": {"uv": [0, 0, 1, 1], "texture": "#0"},
				"east": {"uv": [0, 0, 1, 1], "texture": "#0"},
				"south": {"uv": [0, 0, 1, 1], "texture": "#0"},
				"west": {"uv": [0, 0, 1, 1], "texture": "#0"},
				"up": {"uv": [0, 0, 1, 1], "rotation": 270, "texture": "#0"},
				"down": {"uv": [0, 0, 1, 1], "rotation": 90, "texture": "#0"}
			}
		},
		{
			"from": [9, 2.75, 0],
			"to": [10, 3.75, 1],
			"faces": {
				"north": {"uv": [0, 0, 1, 1], "texture": "#0"},
				"east": {"uv": [0, 0, 1, 1], "texture": "#0"},
				"south": {"uv": [0, 0, 1, 1], "texture": "#0"},
				"west": {"uv": [0, 0, 1, 1], "texture": "#0"},
				"up": {"uv": [0, 0, 1, 1], "rotation": 270, "texture": "#0"},
				"down": {"uv": [0, 0, 1, 1], "rotation": 90, "texture": "#0"}
			}
		},
		{
			"from": [10, 2.75, 0],
			"to": [11, 3.75, 1],
			"faces": {
				"north": {"uv": [0, 0, 1, 1], "texture": "#0"},
				"east": {"uv": [0, 0, 1, 1], "texture": "#0"},
				"south": {"uv": [0, 0, 1, 1], "texture": "#0"},
				"west": {"uv": [0, 0, 1, 1], "texture": "#0"},
				"up": {"uv": [0, 0, 1, 1], "rotation": 270, "texture": "#0"},
				"down": {"uv": [0, 0, 1, 1], "rotation": 90, "texture": "#0"}
			}
		},
		{
			"from": [11, 3.25, 1],
			"to": [12, 4.25, 2],
			"faces": {
				"north": {"uv": [0, 0, 1, 1], "texture": "#0"},
				"east": {"uv": [0, 0, 1, 1], "texture": "#0"},
				"south": {"uv": [0, 0, 1, 1], "texture": "#0"},
				"west": {"uv": [0, 0, 1, 1], "texture": "#0"},
				"up": {"uv": [0, 0, 1, 1], "rotation": 270, "texture": "#0"},
				"down": {"uv": [0, 0, 1, 1], "rotation": 90, "texture": "#0"}
			}
		},
		{
			"from": [12, 2.75, 1],
			"to": [13, 3.75, 2],
			"faces": {
				"north": {"uv": [0, 0, 1, 1], "texture": "#0"},
				"east": {"uv": [0, 0, 1, 1], "texture": "#0"},
				"south": {"uv": [0, 0, 1, 1], "texture": "#0"},
				"west": {"uv": [0, 0, 1, 1], "texture": "#0"},
				"up": {"uv": [0, 0, 1, 1], "rotation": 270, "texture": "#0"},
				"down": {"uv": [0, 0, 1, 1], "rotation": 90, "texture": "#0"}
			}
		},
		{
			"from": [13, 2.75, 2],
			"to": [14, 3.75, 3],
			"faces": {
				"north": {"uv": [0, 0, 1, 1], "texture": "#0"},
				"east": {"uv": [0, 0, 1, 1], "texture": "#0"},
				"south": {"uv": [0, 0, 1, 1], "texture": "#0"},
				"west": {"uv": [0, 0, 1, 1], "texture": "#0"},
				"up": {"uv": [0, 0, 1, 1], "rotation": 270, "texture": "#0"},
				"down": {"uv": [0, 0, 1, 1], "rotation": 90, "texture": "#0"}
			}
		},
		{
			"from": [14, 2.75, 4],
			"to": [15, 3.75, 5],
			"faces": {
				"north": {"uv": [0, 0, 1, 1], "texture": "#0"},
				"east": {"uv": [0, 0, 1, 1], "texture": "#0"},
				"south": {"uv": [0, 0, 1, 1], "texture": "#0"},
				"west": {"uv": [0, 0, 1, 1], "texture": "#0"},
				"up": {"uv": [0, 0, 1, 1], "rotation": 270, "texture": "#0"},
				"down": {"uv": [0, 0, 1, 1], "rotation": 90, "texture": "#0"}
			}
		},
		{
			"from": [15, 3.25, 5],
			"to": [16, 4.25, 6],
			"faces": {
				"north": {"uv": [0, 0, 1, 1], "texture": "#0"},
				"east": {"uv": [0, 0, 1, 1], "texture": "#0"},
				"south": {"uv": [0, 0, 1, 1], "texture": "#0"},
				"west": {"uv": [0, 0, 1, 1], "texture": "#0"},
				"up": {"uv": [0, 0, 1, 1], "rotation": 270, "texture": "#0"},
				"down": {"uv": [0, 0, 1, 1], "rotation": 90, "texture": "#0"}
			}
		},
		{
			"from": [15, 2.75, 6],
			"to": [16, 3.75, 7],
			"faces": {
				"north": {"uv": [0, 0, 1, 1], "texture": "#0"},
				"east": {"uv": [0, 0, 1, 1], "texture": "#0"},
				"south": {"uv": [0, 0, 1, 1], "texture": "#0"},
				"west": {"uv": [0, 0, 1, 1], "texture": "#0"},
				"up": {"uv": [0, 0, 1, 1], "rotation": 270, "texture": "#0"},
				"down": {"uv": [0, 0, 1, 1], "rotation": 90, "texture": "#0"}
			}
		},
		{
			"from": [14, 2.75, 7],
			"to": [15, 3.75, 8],
			"faces": {
				"north": {"uv": [0, 0, 1, 1], "texture": "#0"},
				"east": {"uv": [0, 0, 1, 1], "texture": "#0"},
				"south": {"uv": [0, 0, 1, 1], "texture": "#0"},
				"west": {"uv": [0, 0, 1, 1], "texture": "#0"},
				"up": {"uv": [0, 0, 1, 1], "rotation": 270, "texture": "#0"},
				"down": {"uv": [0, 0, 1, 1], "rotation": 90, "texture": "#0"}
			}
		},
		{
			"from": [14, 2.75, 8],
			"to": [15, 3.75, 9],
			"faces": {
				"north": {"uv": [0, 0, 1, 1], "texture": "#0"},
				"east": {"uv": [0, 0, 1, 1], "texture": "#0"},
				"south": {"uv": [0, 0, 1, 1], "texture": "#0"},
				"west": {"uv": [0, 0, 1, 1], "texture": "#0"},
				"up": {"uv": [0, 0, 1, 1], "rotation": 270, "texture": "#0"},
				"down": {"uv": [0, 0, 1, 1], "rotation": 90, "texture": "#0"}
			}
		},
		{
			"from": [13, 3.25, 9],
			"to": [14, 4.25, 10],
			"faces": {
				"north": {"uv": [0, 0, 1, 1], "texture": "#0"},
				"east": {"uv": [0, 0, 1, 1], "texture": "#0"},
				"south": {"uv": [0, 0, 1, 1], "texture": "#0"},
				"west": {"uv": [0, 0, 1, 1], "texture": "#0"},
				"up": {"uv": [0, 0, 1, 1], "rotation": 270, "texture": "#0"},
				"down": {"uv": [0, 0, 1, 1], "rotation": 90, "texture": "#0"}
			}
		},
		{
			"from": [13, 2.75, 10],
			"to": [14, 3.75, 11],
			"faces": {
				"north": {"uv": [0, 0, 1, 1], "texture": "#0"},
				"east": {"uv": [0, 0, 1, 1], "texture": "#0"},
				"south": {"uv": [0, 0, 1, 1], "texture": "#0"},
				"west": {"uv": [0, 0, 1, 1], "texture": "#0"},
				"up": {"uv": [0, 0, 1, 1], "rotation": 270, "texture": "#0"},
				"down": {"uv": [0, 0, 1, 1], "rotation": 90, "texture": "#0"}
			}
		},
		{
			"from": [14, 2.75, 11],
			"to": [15, 3.75, 12],
			"faces": {
				"north": {"uv": [0, 0, 1, 1], "texture": "#0"},
				"east": {"uv": [0, 0, 1, 1], "texture": "#0"},
				"south": {"uv": [0, 0, 1, 1], "texture": "#0"},
				"west": {"uv": [0, 0, 1, 1], "texture": "#0"},
				"up": {"uv": [0, 0, 1, 1], "rotation": 270, "texture": "#0"},
				"down": {"uv": [0, 0, 1, 1], "rotation": 90, "texture": "#0"}
			}
		},
		{
			"from": [12, 2.75, 13],
			"to": [13, 3.75, 14],
			"faces": {
				"north": {"uv": [0, 0, 1, 1], "texture": "#0"},
				"east": {"uv": [0, 0, 1, 1], "texture": "#0"},
				"south": {"uv": [0, 0, 1, 1], "texture": "#0"},
				"west": {"uv": [0, 0, 1, 1], "texture": "#0"},
				"up": {"uv": [0, 0, 1, 1], "rotation": 270, "texture": "#0"},
				"down": {"uv": [0, 0, 1, 1], "rotation": 90, "texture": "#0"}
			}
		},
		{
			"from": [11, 2.75, 13],
			"to": [12, 3.75, 14],
			"faces": {
				"north": {"uv": [0, 0, 1, 1], "texture": "#0"},
				"east": {"uv": [0, 0, 1, 1], "texture": "#0"},
				"south": {"uv": [0, 0, 1, 1], "texture": "#0"},
				"west": {"uv": [0, 0, 1, 1], "texture": "#0"},
				"up": {"uv": [0, 0, 1, 1], "rotation": 270, "texture": "#0"},
				"down": {"uv": [0, 0, 1, 1], "rotation": 90, "texture": "#0"}
			}
		},
		{
			"from": [9, 2.75, 12],
			"to": [10, 3.75, 13],
			"faces": {
				"north": {"uv": [0, 0, 1, 1], "texture": "#0"},
				"east": {"uv": [0, 0, 1, 1], "texture": "#0"},
				"south": {"uv": [0, 0, 1, 1], "texture": "#0"},
				"west": {"uv": [0, 0, 1, 1], "texture": "#0"},
				"up": {"uv": [0, 0, 1, 1], "rotation": 270, "texture": "#0"},
				"down": {"uv": [0, 0, 1, 1], "rotation": 90, "texture": "#0"}
			}
		},
		{
			"from": [10, 2.75, 12],
			"to": [11, 3.75, 13],
			"faces": {
				"north": {"uv": [0, 0, 1, 1], "texture": "#0"},
				"east": {"uv": [0, 0, 1, 1], "texture": "#0"},
				"south": {"uv": [0, 0, 1, 1], "texture": "#0"},
				"west": {"uv": [0, 0, 1, 1], "texture": "#0"},
				"up": {"uv": [0, 0, 1, 1], "rotation": 270, "texture": "#0"},
				"down": {"uv": [0, 0, 1, 1], "rotation": 90, "texture": "#0"}
			}
		},
		{
			"from": [13, 2.75, 12],
			"to": [14, 3.75, 13],
			"faces": {
				"north": {"uv": [0, 0, 1, 1], "texture": "#0"},
				"east": {"uv": [0, 0, 1, 1], "texture": "#0"},
				"south": {"uv": [0, 0, 1, 1], "texture": "#0"},
				"west": {"uv": [0, 0, 1, 1], "texture": "#0"},
				"up": {"uv": [0, 0, 1, 1], "rotation": 270, "texture": "#0"},
				"down": {"uv": [0, 0, 1, 1], "rotation": 90, "texture": "#0"}
			}
		},
		{
			"from": [7, 2.75, 12],
			"to": [8, 3.75, 13],
			"faces": {
				"north": {"uv": [0, 0, 1, 1], "texture": "#0"},
				"east": {"uv": [0, 0, 1, 1], "texture": "#0"},
				"south": {"uv": [0, 0, 1, 1], "texture": "#0"},
				"west": {"uv": [0, 0, 1, 1], "texture": "#0"},
				"up": {"uv": [0, 0, 1, 1], "rotation": 270, "texture": "#0"},
				"down": {"uv": [0, 0, 1, 1], "rotation": 90, "texture": "#0"}
			}
		},
		{
			"from": [8, 2.75, 13],
			"to": [9, 3.75, 14],
			"faces": {
				"north": {"uv": [0, 0, 1, 1], "texture": "#0"},
				"east": {"uv": [0, 0, 1, 1], "texture": "#0"},
				"south": {"uv": [0, 0, 1, 1], "texture": "#0"},
				"west": {"uv": [0, 0, 1, 1], "texture": "#0"},
				"up": {"uv": [0, 0, 1, 1], "rotation": 270, "texture": "#0"},
				"down": {"uv": [0, 0, 1, 1], "rotation": 90, "texture": "#0"}
			}
		},
		{
			"from": [5, 2.75, 13],
			"to": [6, 3.75, 14],
			"faces": {
				"north": {"uv": [0, 0, 1, 1], "texture": "#0"},
				"east": {"uv": [0, 0, 1, 1], "texture": "#0"},
				"south": {"uv": [0, 0, 1, 1], "texture": "#0"},
				"west": {"uv": [0, 0, 1, 1], "texture": "#0"},
				"up": {"uv": [0, 0, 1, 1], "rotation": 270, "texture": "#0"},
				"down": {"uv": [0, 0, 1, 1], "rotation": 90, "texture": "#0"}
			}
		},
		{
			"from": [4, 2.75, 14],
			"to": [5, 3.75, 15],
			"faces": {
				"north": {"uv": [0, 0, 1, 1], "texture": "#0"},
				"east": {"uv": [0, 0, 1, 1], "texture": "#0"},
				"south": {"uv": [0, 0, 1, 1], "texture": "#0"},
				"west": {"uv": [0, 0, 1, 1], "texture": "#0"},
				"up": {"uv": [0, 0, 1, 1], "rotation": 270, "texture": "#0"},
				"down": {"uv": [0, 0, 1, 1], "rotation": 90, "texture": "#0"}
			}
		},
		{
			"from": [3, 2.75, 14],
			"to": [4, 3.75, 15],
			"faces": {
				"north": {"uv": [0, 0, 1, 1], "texture": "#0"},
				"east": {"uv": [0, 0, 1, 1], "texture": "#0"},
				"south": {"uv": [0, 0, 1, 1], "texture": "#0"},
				"west": {"uv": [0, 0, 1, 1], "texture": "#0"},
				"up": {"uv": [0, 0, 1, 1], "rotation": 270, "texture": "#0"},
				"down": {"uv": [0, 0, 1, 1], "rotation": 90, "texture": "#0"}
			}
		},
		{
			"from": [2, 2.75, 13],
			"to": [3, 3.75, 14],
			"faces": {
				"north": {"uv": [0, 0, 1, 1], "texture": "#0"},
				"east": {"uv": [0, 0, 1, 1], "texture": "#0"},
				"south": {"uv": [0, 0, 1, 1], "texture": "#0"},
				"west": {"uv": [0, 0, 1, 1], "texture": "#0"},
				"up": {"uv": [0, 0, 1, 1], "rotation": 270, "texture": "#0"},
				"down": {"uv": [0, 0, 1, 1], "rotation": 90, "texture": "#0"}
			}
		}
	],
	"display": {
		"thirdperson_righthand": {
			"translation": [0.5, 3, 0],
			"scale": [0.5, 0.5, 0.5]
		},
		"thirdperson_lefthand": {
			"translation": [-0.75, 3, 0],
			"scale": [0.5, 0.5, 0.5]
		},
		"firstperson_righthand": {
			"translation": [0, 3, 0]
		},
		"firstperson_lefthand": {
			"translation": [0, 4, 0]
		},
		"ground": {
			"translation": [0, 5.5, 0]
		},
		"gui": {
			"translation": [0, 5.5, 0]
		},
		"head": {
			"translation": [0, 11.5, 0],
			"scale": [1.4, 1.4, 1.4]
		},
		"fixed": {
			"rotation": [-90, 0, 0],
			"translation": [0, 0, -13.5],
			"scale": [2, 2, 2]
		}
	},
	"groups": [
		0,
		1,
		2,
		3,
		4,
		5,
		6,
		7,
		8,
		{
			"name": "group",
			"origin": [0, 0, 0],
			"color": 0,
			"children": [9, 10, 11]
		},
		{
			"name": "group",
			"origin": [0, 0, 0],
			"color": 0,
			"children": [12, 13, 14]
		},
		{
			"name": "group",
			"origin": [0, 0, 0],
			"color": 0,
			"children": [15, 16, 17]
		},
		{
			"name": "group",
			"origin": [0, 0, 0],
			"color": 0,
			"children": [18, 19, 20]
		},
		{
			"name": "group",
			"origin": [0, 0, 0],
			"color": 0,
			"children": [21, 22, 23]
		},
		{
			"name": "group",
			"origin": [0, 0, 0],
			"color": 0,
			"children": [24, 25, 26]
		},
		{
			"name": "group",
			"origin": [0, 0, 0],
			"color": 0,
			"children": [27, 28, 29]
		},
		{
			"name": "group",
			"origin": [0, 0, 0],
			"color": 0,
			"children": [30, 31, 32]
		},
		{
			"name": "group",
			"origin": [0, 0, 0],
			"color": 0,
			"children": [33, 34, 35]
		},
		{
			"name": "group",
			"origin": [0, 0, 0],
			"color": 0,
			"children": [36, 37, 38]
		},
		{
			"name": "group",
			"origin": [0, 0, 0],
			"color": 0,
			"children": [39, 40, 41]
		},
		{
			"name": "group",
			"origin": [0, 0, 0],
			"color": 0,
			"children": [42, 43, 44]
		},
		{
			"name": "group",
			"origin": [0, 0, 0],
			"color": 0,
			"children": [45, 46, 47]
		},
		{
			"name": "group",
			"origin": [0, 0, 0],
			"color": 0,
			"children": [48, 49, 50]
		},
		{
			"name": "group",
			"origin": [0, 0, 0],
			"color": 0,
			"children": [51, 52, 53]
		},
		{
			"name": "group",
			"origin": [0, 0, 0],
			"color": 0,
			"children": [54, 55, 56]
		},
		{
			"name": "group",
			"origin": [0, 0, 0],
			"color": 0,
			"children": [57, 58, 59]
		},
		{
			"name": "group",
			"origin": [0, 0, 0],
			"color": 0,
			"children": [60, 61, 62]
		},
		63,
		64,
		65,
		66,
		67,
		68,
		69,
		70,
		71,
		72,
		73,
		74,
		75,
		76,
		77,
		78,
		79,
		80,
		{
			"name": "group",
			"origin": [0, 0, 0],
			"color": 0,
			"children": [81, 82, 83, 84, 85, 86]
		},
		87,
		{
			"name": "group",
			"origin": [0, 0, 0],
			"color": 0,
			"children": [88, 89, 90, 91, 92, 93, 94, 95, 96, 97, 98, 99, 100, 101, 102, 103, 104, 105, 106, 107, 108, 109, 110, 111, 112, 113, 114, 115, 116, 117, 118, 119, 120, 121, 122, 123, 124, 125, 126, 127, 128, 129]
		},
		{
			"name": "group",
			"origin": [0, 0, 0],
			"color": 0,
			"children": [130, 131, 132, 133, 134, 135, 136, 137, 138, 139, 140, 141, 142, 143, 144, 145, 146, 147, 148, 149, 150, 151, 152, 153, 154, 155, 156, 157, 158, 159, 160, 161, 162, 163, 164, 165, 166, 167, 168]
		}
	]
}