{
	"credit": "Made with Blockbench",
	"texture_size": [32, 32],
	"textures": {
		"0": "block/amethyst_block",
		"1": "block/gold_block",
		"2": "block/black_wool",
		"3": "block/black_terracotta",
		"particle": "block/amethyst_block"
	},
	"elements": [
		{
			"from": [5.5, 6, 8],
			"to": [5.75, 6.25, 9.25],
			"rotation": {"angle": 0, "axis": "y", "origin": [3.75, 6, 8.25]},
			"faces": {
				"north": {"uv": [1, 2, 2, 3], "texture": "#1"},
				"east": {"uv": [2, 1, 3, 2], "texture": "#1"},
				"south": {"uv": [2, 2, 3, 3], "texture": "#1"},
				"west": {"uv": [0, 3, 1, 4], "texture": "#1"},
				"up": {"uv": [4, 1, 3, 0], "texture": "#1"},
				"down": {"uv": [2, 3, 1, 4], "texture": "#1"}
			}
		},
		{
			"from": [5.75, 6.25, 8],
			"to": [6.75, 6.5, 9.25],
			"rotation": {"angle": 0, "axis": "y", "origin": [4.75, 6.25, 8.25]},
			"faces": {
				"north": {"uv": [0, 0, 1, 1], "texture": "#1"},
				"east": {"uv": [0, 1, 1, 2], "texture": "#1"},
				"south": {"uv": [1, 0, 2, 1], "texture": "#1"},
				"west": {"uv": [1, 1, 2, 2], "texture": "#1"},
				"up": {"uv": [1, 3, 0, 2], "texture": "#1"},
				"down": {"uv": [3, 0, 2, 1], "texture": "#1"}
			}
		},
		{
			"from": [6.75, 6, 8],
			"to": [7, 6.25, 9.25],
			"rotation": {"angle": 0, "axis": "y", "origin": [5, 6, 8.25]},
			"faces": {
				"north": {"uv": [3, 6, 4, 7], "texture": "#1"},
				"east": {"uv": [6, 3, 7, 4], "texture": "#1"},
				"south": {"uv": [4, 6, 5, 7], "texture": "#1"},
				"west": {"uv": [6, 4, 7, 5], "texture": "#1"},
				"up": {"uv": [6, 7, 5, 6], "texture": "#1"},
				"down": {"uv": [7, 5, 6, 6], "texture": "#1"}
			}
		},
		{
			"from": [7, 5, 8],
			"to": [7.25, 6, 9.25],
			"rotation": {"angle": 0, "axis": "y", "origin": [5.25, 5, 8.25]},
			"faces": {
				"north": {"uv": [0, 6, 1, 7], "texture": "#1"},
				"east": {"uv": [6, 0, 7, 1], "texture": "#1"},
				"south": {"uv": [1, 6, 2, 7], "texture": "#1"},
				"west": {"uv": [6, 1, 7, 2], "texture": "#1"},
				"up": {"uv": [3, 7, 2, 6], "texture": "#1"},
				"down": {"uv": [7, 2, 6, 3], "texture": "#1"}
			}
		},
		{
			"from": [6.75, 4.75, 8],
			"to": [7, 5, 9.25],
			"rotation": {"angle": 0, "axis": "y", "origin": [5, 4.75, 8.25]},
			"faces": {
				"north": {"uv": [5, 2, 6, 3], "texture": "#1"},
				"east": {"uv": [3, 5, 4, 6], "texture": "#1"},
				"south": {"uv": [5, 3, 6, 4], "texture": "#1"},
				"west": {"uv": [4, 5, 5, 6], "texture": "#1"},
				"up": {"uv": [6, 5, 5, 4], "texture": "#1"},
				"down": {"uv": [6, 5, 5, 6], "texture": "#1"}
			}
		},
		{
			"from": [5.75, 4.5, 8],
			"to": [6.75, 4.75, 9.25],
			"rotation": {"angle": 0, "axis": "y", "origin": [4.75, 4.5, 8.25]},
			"faces": {
				"north": {"uv": [4, 4, 5, 5], "texture": "#1"},
				"east": {"uv": [0, 5, 1, 6], "texture": "#1"},
				"south": {"uv": [5, 0, 6, 1], "texture": "#1"},
				"west": {"uv": [1, 5, 2, 6], "texture": "#1"},
				"up": {"uv": [6, 2, 5, 1], "texture": "#1"},
				"down": {"uv": [3, 5, 2, 6], "texture": "#1"}
			}
		},
		{
			"from": [5.5, 4.75, 8],
			"to": [5.75, 5, 9.25],
			"rotation": {"angle": 0, "axis": "y", "origin": [3.75, 4.75, 8.25]},
			"faces": {
				"north": {"uv": [1, 4, 2, 5], "texture": "#1"},
				"east": {"uv": [4, 1, 5, 2], "texture": "#1"},
				"south": {"uv": [2, 4, 3, 5], "texture": "#1"},
				"west": {"uv": [4, 2, 5, 3], "texture": "#1"},
				"up": {"uv": [4, 5, 3, 4], "texture": "#1"},
				"down": {"uv": [5, 3, 4, 4], "texture": "#1"}
			}
		},
		{
			"from": [5.25, 5, 8],
			"to": [5.5, 6, 9.25],
			"rotation": {"angle": 0, "axis": "y", "origin": [3.5, 5, 8.25]},
			"faces": {
				"north": {"uv": [3, 1, 4, 2], "texture": "#1"},
				"east": {"uv": [2, 3, 3, 4], "texture": "#1"},
				"south": {"uv": [3, 2, 4, 3], "texture": "#1"},
				"west": {"uv": [3, 3, 4, 4], "texture": "#1"},
				"up": {"uv": [1, 5, 0, 4], "texture": "#1"},
				"down": {"uv": [5, 0, 4, 1], "texture": "#1"}
			}
		},
		{
			"from": [5.5, 5, 8.25],
			"to": [5.75, 6, 9.25],
			"rotation": {"angle": 0, "axis": "y", "origin": [3.75, 5, 8.25]},
			"faces": {
				"north": {"uv": [3, 1, 4, 5], "texture": "#0"},
				"east": {"uv": [0, 5, 1, 6], "texture": "#0"},
				"south": {"uv": [5, 0, 6, 1], "texture": "#0"},
				"west": {"uv": [1, 5, 2, 6], "texture": "#0"},
				"up": {"uv": [6, 2, 5, 1], "texture": "#0"},
				"down": {"uv": [3, 5, 2, 6], "texture": "#0"}
			}
		},
		{
			"from": [5.75, 5, 8.15],
			"to": [6.75, 6, 9.15],
			"rotation": {"angle": 0, "axis": "y", "origin": [4.75, 5, 8.15]},
			"faces": {
				"north": {"uv": [3, 3, 7, 7], "texture": "#0"},
				"east": {"uv": [2, 1, 3, 2], "texture": "#0"},
				"south": {"uv": [2, 2, 3, 3], "texture": "#0"},
				"west": {"uv": [0, 3, 1, 4], "texture": "#0"},
				"up": {"uv": [4, 1, 3, 0], "texture": "#0"},
				"down": {"uv": [2, 3, 1, 4], "texture": "#0"}
			}
		},
		{
			"from": [5.75, 6, 8.25],
			"to": [6.75, 6.25, 9.25],
			"rotation": {"angle": 0, "axis": "y", "origin": [4.75, 6, 8.25]},
			"faces": {
				"north": {"uv": [2, 2, 6, 3], "texture": "#0"},
				"east": {"uv": [0, 1, 1, 2], "texture": "#0"},
				"south": {"uv": [1, 0, 2, 1], "texture": "#0"},
				"west": {"uv": [1, 1, 2, 2], "texture": "#0"},
				"up": {"uv": [1, 3, 0, 2], "texture": "#0"},
				"down": {"uv": [3, 0, 2, 1], "texture": "#0"}
			}
		},
		{
			"from": [6.75, 5, 8.25],
			"to": [7, 6, 9.25],
			"rotation": {"angle": 0, "axis": "y", "origin": [5, 5, 8.25]},
			"faces": {
				"north": {"uv": [3, 1, 4, 5], "texture": "#0"},
				"east": {"uv": [2, 3, 3, 4], "texture": "#0"},
				"south": {"uv": [3, 2, 4, 3], "texture": "#0"},
				"west": {"uv": [3, 3, 4, 4], "texture": "#0"},
				"up": {"uv": [1, 5, 0, 4], "texture": "#0"},
				"down": {"uv": [5, 0, 4, 1], "texture": "#0"}
			}
		},
		{
			"from": [5.75, 4.75, 8.25],
			"to": [6.75, 5, 9.25],
			"rotation": {"angle": 0, "axis": "y", "origin": [4.75, 4.75, 8.25]},
			"faces": {
				"north": {"uv": [2, 2, 6, 3], "texture": "#0"},
				"east": {"uv": [4, 1, 5, 2], "texture": "#0"},
				"south": {"uv": [2, 4, 3, 5], "texture": "#0"},
				"west": {"uv": [4, 2, 5, 3], "texture": "#0"},
				"up": {"uv": [4, 5, 3, 4], "texture": "#0"},
				"down": {"uv": [5, 3, 4, 4], "texture": "#0"}
			}
		},
		{
			"from": [10.25, 6, 8],
			"to": [10.5, 6.25, 9.25],
			"rotation": {"angle": 0, "axis": "y", "origin": [12.25, 6, 8.25]},
			"faces": {
				"north": {"uv": [1, 8, 2, 9], "texture": "#1"},
				"east": {"uv": [8, 1, 9, 2], "texture": "#1"},
				"south": {"uv": [2, 8, 3, 9], "texture": "#1"},
				"west": {"uv": [8, 2, 9, 3], "texture": "#1"},
				"up": {"uv": [4, 9, 3, 8], "texture": "#1"},
				"down": {"uv": [9, 3, 8, 4], "texture": "#1"}
			}
		},
		{
			"from": [9.25, 6.25, 8],
			"to": [10.25, 6.5, 9.25],
			"rotation": {"angle": 0, "axis": "y", "origin": [11.25, 6.25, 8.25]},
			"faces": {
				"north": {"uv": [7, 5, 8, 6], "texture": "#1"},
				"east": {"uv": [6, 7, 7, 8], "texture": "#1"},
				"south": {"uv": [7, 6, 8, 7], "texture": "#1"},
				"west": {"uv": [7, 7, 8, 8], "texture": "#1"},
				"up": {"uv": [1, 9, 0, 8], "texture": "#1"},
				"down": {"uv": [9, 0, 8, 1], "texture": "#1"}
			}
		},
		{
			"from": [9, 6, 8],
			"to": [9.25, 6.25, 9.25],
			"rotation": {"angle": 0, "axis": "y", "origin": [11, 6, 8.25]},
			"faces": {
				"north": {"uv": [7, 2, 8, 3], "texture": "#1"},
				"east": {"uv": [3, 7, 4, 8], "texture": "#1"},
				"south": {"uv": [7, 3, 8, 4], "texture": "#1"},
				"west": {"uv": [4, 7, 5, 8], "texture": "#1"},
				"up": {"uv": [8, 5, 7, 4], "texture": "#1"},
				"down": {"uv": [6, 7, 5, 8], "texture": "#1"}
			}
		},
		{
			"from": [8.75, 5, 8],
			"to": [9, 6, 9.25],
			"rotation": {"angle": 0, "axis": "y", "origin": [10.75, 5, 8.25]},
			"faces": {
				"north": {"uv": [6, 6, 7, 7], "texture": "#1"},
				"east": {"uv": [0, 7, 1, 8], "texture": "#1"},
				"south": {"uv": [7, 0, 8, 1], "texture": "#1"},
				"west": {"uv": [1, 7, 2, 8], "texture": "#1"},
				"up": {"uv": [8, 2, 7, 1], "texture": "#1"},
				"down": {"uv": [3, 7, 2, 8], "texture": "#1"}
			}
		},
		{
			"from": [9, 4.75, 8],
			"to": [9.25, 5, 9.25],
			"rotation": {"angle": 0, "axis": "y", "origin": [11, 4.75, 8.25]},
			"faces": {
				"north": {"uv": [9, 4, 10, 5], "texture": "#1"},
				"east": {"uv": [5, 9, 6, 10], "texture": "#1"},
				"south": {"uv": [9, 5, 10, 6], "texture": "#1"},
				"west": {"uv": [6, 9, 7, 10], "texture": "#1"},
				"up": {"uv": [10, 7, 9, 6], "texture": "#1"},
				"down": {"uv": [8, 9, 7, 10], "texture": "#1"}
			}
		},
		{
			"from": [9.25, 4.5, 8],
			"to": [10.25, 4.75, 9.25],
			"rotation": {"angle": 0, "axis": "y", "origin": [11.25, 4.5, 8.25]},
			"faces": {
				"north": {"uv": [9, 1, 10, 2], "texture": "#1"},
				"east": {"uv": [2, 9, 3, 10], "texture": "#1"},
				"south": {"uv": [9, 2, 10, 3], "texture": "#1"},
				"west": {"uv": [3, 9, 4, 10], "texture": "#1"},
				"up": {"uv": [10, 4, 9, 3], "texture": "#1"},
				"down": {"uv": [5, 9, 4, 10], "texture": "#1"}
			}
		},
		{
			"from": [10.25, 4.75, 8],
			"to": [10.5, 5, 9.25],
			"rotation": {"angle": 0, "axis": "y", "origin": [12.25, 4.75, 8.25]},
			"faces": {
				"north": {"uv": [7, 8, 8, 9], "texture": "#1"},
				"east": {"uv": [8, 7, 9, 8], "texture": "#1"},
				"south": {"uv": [8, 8, 9, 9], "texture": "#1"},
				"west": {"uv": [0, 9, 1, 10], "texture": "#1"},
				"up": {"uv": [10, 1, 9, 0], "texture": "#1"},
				"down": {"uv": [2, 9, 1, 10], "texture": "#1"}
			}
		},
		{
			"from": [10.5, 5, 8],
			"to": [10.75, 6, 9.25],
			"rotation": {"angle": 0, "axis": "y", "origin": [12.5, 5, 8.25]},
			"faces": {
				"north": {"uv": [4, 8, 5, 9], "texture": "#1"},
				"east": {"uv": [8, 4, 9, 5], "texture": "#1"},
				"south": {"uv": [5, 8, 6, 9], "texture": "#1"},
				"west": {"uv": [8, 5, 9, 6], "texture": "#1"},
				"up": {"uv": [7, 9, 6, 8], "texture": "#1"},
				"down": {"uv": [9, 6, 8, 7], "texture": "#1"}
			}
		},
		{
			"from": [10.25, 5, 8.25],
			"to": [10.5, 6, 9.25],
			"rotation": {"angle": 0, "axis": "y", "origin": [12.25, 5, 8.25]},
			"faces": {
				"north": {"uv": [3, 1, 4, 5], "texture": "#0"},
				"east": {"uv": [0, 7, 1, 8], "texture": "#0"},
				"south": {"uv": [7, 0, 8, 1], "texture": "#0"},
				"west": {"uv": [1, 7, 2, 8], "texture": "#0"},
				"up": {"uv": [8, 2, 7, 1], "texture": "#0"},
				"down": {"uv": [3, 7, 2, 8], "texture": "#0"}
			}
		},
		{
			"from": [9.25, 5, 8.15],
			"to": [10.25, 6, 9.15],
			"rotation": {"angle": 0, "axis": "y", "origin": [11.25, 5, 8.15]},
			"faces": {
				"north": {"uv": [3, 3, 7, 7], "texture": "#0"},
				"east": {"uv": [6, 3, 7, 4], "texture": "#0"},
				"south": {"uv": [4, 6, 5, 7], "texture": "#0"},
				"west": {"uv": [6, 4, 7, 5], "texture": "#0"},
				"up": {"uv": [6, 7, 5, 6], "texture": "#0"},
				"down": {"uv": [7, 5, 6, 6], "texture": "#0"}
			}
		},
		{
			"from": [9.25, 6, 8.25],
			"to": [10.25, 6.25, 9.25],
			"rotation": {"angle": 0, "axis": "y", "origin": [11.25, 6, 8.25]},
			"faces": {
				"north": {"uv": [2, 2, 6, 3], "texture": "#0"},
				"east": {"uv": [3, 5, 4, 6], "texture": "#0"},
				"south": {"uv": [5, 3, 6, 4], "texture": "#0"},
				"west": {"uv": [4, 5, 5, 6], "texture": "#0"},
				"up": {"uv": [6, 5, 5, 4], "texture": "#0"},
				"down": {"uv": [6, 5, 5, 6], "texture": "#0"}
			}
		},
		{
			"from": [9, 5, 8.25],
			"to": [9.25, 6, 9.25],
			"rotation": {"angle": 0, "axis": "y", "origin": [11, 5, 8.25]},
			"faces": {
				"north": {"uv": [3, 1, 4, 5], "texture": "#0"},
				"east": {"uv": [6, 0, 7, 1], "texture": "#0"},
				"south": {"uv": [1, 6, 2, 7], "texture": "#0"},
				"west": {"uv": [6, 1, 7, 2], "texture": "#0"},
				"up": {"uv": [3, 7, 2, 6], "texture": "#0"},
				"down": {"uv": [7, 2, 6, 3], "texture": "#0"}
			}
		},
		{
			"from": [9.25, 4.75, 8.25],
			"to": [10.25, 5, 9.25],
			"rotation": {"angle": 0, "axis": "y", "origin": [11.25, 4.75, 8.25]},
			"faces": {
				"north": {"uv": [2, 2, 6, 3], "texture": "#0"},
				"east": {"uv": [3, 7, 4, 8], "texture": "#0"},
				"south": {"uv": [7, 3, 8, 4], "texture": "#0"},
				"west": {"uv": [4, 7, 5, 8], "texture": "#0"},
				"up": {"uv": [8, 5, 7, 4], "texture": "#0"},
				"down": {"uv": [6, 7, 5, 8], "texture": "#0"}
			}
		},
		{
			"from": [4.25, 2.5, 9],
			"to": [4.75, 6.75, 9.75],
			"rotation": {"angle": 0, "axis": "y", "origin": [1.75, 4, 8]},
			"faces": {
				"north": {"uv": [6, 2, 6.5, 4], "texture": "#3"},
				"east": {"uv": [6, 4, 6.5, 6], "texture": "#3"},
				"south": {"uv": [5.5, 6, 6, 8], "texture": "#3"},
				"west": {"uv": [6, 6, 6.5, 8], "texture": "#3"},
				"up": {"uv": [9.5, 10.5, 9, 10], "texture": "#3"},
				"down": {"uv": [10.5, 9, 10, 9.5], "texture": "#3"}
			}
		},
		{
			"from": [4, 2.75, 9.25],
			"to": [4.25, 6.5, 10],
			"rotation": {"angle": 0, "axis": "y", "origin": [1.25, 4, 8.25]},
			"faces": {
				"north": {"uv": [6.5, 0, 7, 2], "texture": "#3"},
				"east": {"uv": [6.5, 2, 7, 4], "texture": "#3"},
				"south": {"uv": [2.5, 6.5, 3, 8.5], "texture": "#3"},
				"west": {"uv": [3, 6.5, 3.5, 8.5], "texture": "#3"},
				"up": {"uv": [10, 10.5, 9.5, 10], "texture": "#3"},
				"down": {"uv": [10.5, 9.5, 10, 10], "texture": "#3"}
			}
		},
		{
			"from": [8.25, 2.75, 8.5],
			"to": [10, 3, 9.5],
			"rotation": {"angle": 0, "axis": "y", "origin": [11, 0.25, 7.5]},
			"faces": {
				"north": {"uv": [8.5, 3, 9.5, 3.5], "texture": "#3"},
				"east": {"uv": [3.5, 10, 4, 10.5], "texture": "#3"},
				"south": {"uv": [8.5, 3.5, 9.5, 4], "texture": "#3"},
				"west": {"uv": [10, 3.5, 10.5, 4], "texture": "#3"},
				"up": {"uv": [5, 9, 4, 8.5], "texture": "#3"},
				"down": {"uv": [9.5, 5.5, 8.5, 6], "texture": "#3"}
			}
		},
		{
			"from": [8, 2, 8.75],
			"to": [10.25, 7, 9.6],
			"rotation": {"angle": 0, "axis": "y", "origin": [11, 4, 7.75]},
			"faces": {
				"north": {"uv": [0, 0, 1, 2.5], "texture": "#3"},
				"east": {"uv": [4, 4, 4.5, 6.5], "texture": "#3"},
				"south": {"uv": [1, 0, 2, 2.5], "texture": "#3"},
				"west": {"uv": [4.5, 0, 5, 2.5], "texture": "#3"},
				"up": {"uv": [9, 5, 8, 4.5], "texture": "#3"},
				"down": {"uv": [9, 5, 8, 5.5], "texture": "#3"}
			}
		},
		{
			"from": [6.85, 1.75, 8.75],
			"to": [9.1, 2, 9.6],
			"rotation": {"angle": 0, "axis": "y", "origin": [9.85, -1, 7.75]},
			"faces": {
				"north": {"uv": [8.5, 6, 9.5, 6.5], "texture": "#3"},
				"east": {"uv": [4, 10, 4.5, 10.5], "texture": "#3"},
				"south": {"uv": [8.5, 7, 9.5, 7.5], "texture": "#3"},
				"west": {"uv": [10, 4, 10.5, 4.5], "texture": "#3"},
				"up": {"uv": [8.5, 9, 7.5, 8.5], "texture": "#3"},
				"down": {"uv": [9.5, 7.5, 8.5, 8], "texture": "#3"}
			}
		},
		{
			"from": [8.25, 3.25, 8.25],
			"to": [10, 3.5, 8.5],
			"rotation": {"angle": 0, "axis": "y", "origin": [11, 0.25, 6.5]},
			"faces": {
				"north": {"uv": [2, 8.5, 3, 9], "texture": "#3"},
				"east": {"uv": [3, 10, 3.5, 10.5], "texture": "#3"},
				"south": {"uv": [8.5, 2, 9.5, 2.5], "texture": "#3"},
				"west": {"uv": [10, 3, 10.5, 3.5], "texture": "#3"},
				"up": {"uv": [9.5, 3, 8.5, 2.5], "texture": "#3"},
				"down": {"uv": [4, 8.5, 3, 9], "texture": "#3"}
			}
		},
		{
			"from": [8.25, 3, 8.5],
			"to": [10.5, 3.5, 9.5],
			"rotation": {"angle": 0, "axis": "y", "origin": [11, 0.75, 7.5]},
			"faces": {
				"north": {"uv": [8.5, 0.5, 9.5, 1], "texture": "#3"},
				"east": {"uv": [2.5, 10, 3, 10.5], "texture": "#3"},
				"south": {"uv": [1, 8.5, 2, 9], "texture": "#3"},
				"west": {"uv": [10, 2.5, 10.5, 3], "texture": "#3"},
				"up": {"uv": [9.5, 1.5, 8.5, 1], "texture": "#3"},
				"down": {"uv": [9.5, 1.5, 8.5, 2], "texture": "#3"}
			}
		},
		{
			"from": [8.25, 3.5, 8.5],
			"to": [10.75, 4, 9.5],
			"rotation": {"angle": 0, "axis": "y", "origin": [11, 1.25, 7.5]},
			"faces": {
				"north": {"uv": [7, 0, 8.5, 0.5], "texture": "#3"},
				"east": {"uv": [2, 10, 2.5, 10.5], "texture": "#3"},
				"south": {"uv": [7, 0.5, 8.5, 1], "texture": "#3"},
				"west": {"uv": [10, 2, 10.5, 2.5], "texture": "#3"},
				"up": {"uv": [8.5, 1.5, 7, 1], "texture": "#3"},
				"down": {"uv": [8.5, 1.5, 7, 2], "texture": "#3"}
			}
		},
		{
			"from": [8.25, 3.5, 8.25],
			"to": [10.25, 4.5, 8.5],
			"rotation": {"angle": 0, "axis": "y", "origin": [11, 1.25, 6.5]},
			"faces": {
				"north": {"uv": [8, 6.5, 9, 7], "texture": "#3"},
				"east": {"uv": [1, 10, 1.5, 10.5], "texture": "#3"},
				"south": {"uv": [7.5, 8, 8.5, 8.5], "texture": "#3"},
				"west": {"uv": [1.5, 10, 2, 10.5], "texture": "#3"},
				"up": {"uv": [1, 9, 0, 8.5], "texture": "#3"},
				"down": {"uv": [9.5, 0, 8.5, 0.5], "texture": "#3"}
			}
		},
		{
			"from": [10.25, 4, 8.25],
			"to": [10.75, 5, 8.5],
			"rotation": {"angle": 0, "axis": "y", "origin": [13, 1.75, 6.5]},
			"faces": {
				"north": {"uv": [8.5, 9.5, 9, 10], "texture": "#3"},
				"east": {"uv": [9.5, 8.5, 10, 9], "texture": "#3"},
				"south": {"uv": [9, 9.5, 9.5, 10], "texture": "#3"},
				"west": {"uv": [9.5, 9.5, 10, 10], "texture": "#3"},
				"up": {"uv": [0.5, 10.5, 0, 10], "texture": "#3"},
				"down": {"uv": [1, 10, 0.5, 10.5], "texture": "#3"}
			}
		},
		{
			"from": [9, 7.25, 9],
			"to": [10.25, 7.5, 9.5],
			"rotation": {"angle": 0, "axis": "y", "origin": [11, 9.25, 7.75]},
			"faces": {
				"north": {"uv": [4.5, 7.5, 5, 8], "texture": "#3"},
				"east": {"uv": [5, 8.5, 5.5, 9], "texture": "#3"},
				"south": {"uv": [6.5, 8.5, 7, 9], "texture": "#3"},
				"west": {"uv": [9.5, 2, 10, 2.5], "texture": "#3"},
				"up": {"uv": [10, 3, 9.5, 2.5], "texture": "#3"},
				"down": {"uv": [3.5, 9.5, 3, 10], "texture": "#3"}
			}
		},
		{
			"from": [8.5, 7, 8.75],
			"to": [10.75, 7.25, 9.6],
			"rotation": {"angle": 0, "axis": "y", "origin": [11, 9, 7.75]},
			"faces": {
				"north": {"uv": [3, 1.5, 4, 2], "texture": "#3"},
				"east": {"uv": [9.5, 3, 10, 3.5], "texture": "#3"},
				"south": {"uv": [3, 2, 4, 2.5], "texture": "#3"},
				"west": {"uv": [3.5, 9.5, 4, 10], "texture": "#3"},
				"up": {"uv": [2.5, 8, 1.5, 7.5], "texture": "#3"},
				"down": {"uv": [2.5, 8, 1.5, 8.5], "texture": "#3"}
			}
		},
		{
			"from": [8.25, 4, 8.5],
			"to": [11, 6.75, 9.5],
			"rotation": {"angle": 0, "axis": "y", "origin": [11, 4, 7.5]},
			"faces": {
				"north": {"uv": [1, 2.5, 2.5, 4], "texture": "#3"},
				"east": {"uv": [3.5, 6.5, 4, 8], "texture": "#3"},
				"south": {"uv": [2.5, 2.5, 4, 4], "texture": "#3"},
				"west": {"uv": [4, 6.5, 4.5, 8], "texture": "#3"},
				"up": {"uv": [8, 6.5, 6.5, 6], "texture": "#3"},
				"down": {"uv": [8, 6.5, 6.5, 7], "texture": "#3"}
			}
		},
		{
			"from": [7.75, 4, 8.6],
			"to": [8.25, 5.5, 9.5],
			"rotation": {"angle": 0, "axis": "y", "origin": [10.5, 4, 7.5]},
			"faces": {
				"north": {"uv": [5.5, 8, 6, 9], "texture": "#3"},
				"east": {"uv": [8, 5.5, 8.5, 6.5], "texture": "#3"},
				"south": {"uv": [6, 8, 6.5, 9], "texture": "#3"},
				"west": {"uv": [7, 8, 7.5, 9], "texture": "#3"},
				"up": {"uv": [8.5, 10, 8, 9.5], "texture": "#3"},
				"down": {"uv": [10, 8, 9.5, 8.5], "texture": "#3"}
			}
		},
		{
			"from": [8.15, 5.5, 8.6],
			"to": [8.25, 6.5, 9.5],
			"rotation": {"angle": 0, "axis": "y", "origin": [10.5, 5, 7.5]},
			"faces": {
				"north": {"uv": [9.5, 6, 10, 6.5], "texture": "#3"},
				"east": {"uv": [6.5, 9.5, 7, 10], "texture": "#3"},
				"south": {"uv": [7, 9.5, 7.5, 10], "texture": "#3"},
				"west": {"uv": [9.5, 7, 10, 7.5], "texture": "#3"},
				"up": {"uv": [8, 10, 7.5, 9.5], "texture": "#3"},
				"down": {"uv": [10, 7.5, 9.5, 8], "texture": "#3"}
			}
		},
		{
			"from": [7.75, 5.5, 8.6],
			"to": [7.85, 6.5, 9.5],
			"rotation": {"angle": 0, "axis": "y", "origin": [10.1, 5, 7.5]},
			"faces": {
				"north": {"uv": [10, 10, 10.5, 10.5], "texture": "#3"},
				"east": {"uv": [0, 10.5, 0.5, 11], "texture": "#3"},
				"south": {"uv": [10.5, 0, 11, 0.5], "texture": "#3"},
				"west": {"uv": [0.5, 10.5, 1, 11], "texture": "#3"},
				"up": {"uv": [11, 1, 10.5, 0.5], "texture": "#3"},
				"down": {"uv": [1.5, 10.5, 1, 11], "texture": "#3"}
			}
		},
		{
			"from": [8.25, 6.75, 8.6],
			"to": [11, 7, 8.75],
			"rotation": {"angle": 0, "axis": "y", "origin": [11, 6.75, 7.5]},
			"faces": {
				"north": {"uv": [6.5, 4, 8, 4.5], "texture": "#3"},
				"east": {"uv": [9.5, 3.5, 10, 4], "texture": "#3"},
				"south": {"uv": [6.5, 4.5, 8, 5], "texture": "#3"},
				"west": {"uv": [4, 9.5, 4.5, 10], "texture": "#3"},
				"up": {"uv": [8, 5.5, 6.5, 5], "texture": "#3"},
				"down": {"uv": [8, 5.5, 6.5, 6], "texture": "#3"}
			}
		},
		{
			"from": [10.25, 2.25, 8.75],
			"to": [11.25, 7, 9.6],
			"rotation": {"angle": 0, "axis": "y", "origin": [13.25, 4, 7.75]},
			"faces": {
				"north": {"uv": [4, 1.5, 4.5, 4], "texture": "#3"},
				"east": {"uv": [2.5, 4, 3, 6.5], "texture": "#3"},
				"south": {"uv": [3, 4, 3.5, 6.5], "texture": "#3"},
				"west": {"uv": [3.5, 4, 4, 6.5], "texture": "#3"},
				"up": {"uv": [10, 4.5, 9.5, 4], "texture": "#3"},
				"down": {"uv": [5, 9.5, 4.5, 10], "texture": "#3"}
			}
		},
		{
			"from": [11.25, 2.5, 9],
			"to": [11.75, 6.75, 9.75],
			"rotation": {"angle": 0, "axis": "y", "origin": [14.25, 4, 8]},
			"faces": {
				"north": {"uv": [5, 5, 5.5, 7], "texture": "#3"},
				"east": {"uv": [5.5, 0, 6, 2], "texture": "#3"},
				"south": {"uv": [1, 5.5, 1.5, 7.5], "texture": "#3"},
				"west": {"uv": [1.5, 5.5, 2, 7.5], "texture": "#3"},
				"up": {"uv": [5.5, 10, 5, 9.5], "texture": "#3"},
				"down": {"uv": [6, 9.5, 5.5, 10], "texture": "#3"}
			}
		},
		{
			"from": [11.75, 2.75, 9.25],
			"to": [12, 6.5, 10],
			"rotation": {"angle": 0, "axis": "y", "origin": [14.75, 4, 8.25]},
			"faces": {
				"north": {"uv": [2, 5.5, 2.5, 7.5], "texture": "#3"},
				"east": {"uv": [5.5, 2, 6, 4], "texture": "#3"},
				"south": {"uv": [5.5, 4, 6, 6], "texture": "#3"},
				"west": {"uv": [6, 0, 6.5, 2], "texture": "#3"},
				"up": {"uv": [10, 6, 9.5, 5.5], "texture": "#3"},
				"down": {"uv": [6.5, 9.5, 6, 10], "texture": "#3"}
			}
		},
		{
			"from": [5.75, 2, 8.75],
			"to": [8, 7, 9.6],
			"rotation": {"angle": 0, "axis": "y", "origin": [5, 4, 7.75]},
			"faces": {
				"north": {"uv": [2, 0, 3, 2.5], "texture": "#3"},
				"east": {"uv": [4.5, 2.5, 5, 5], "texture": "#3"},
				"south": {"uv": [0, 2.5, 1, 5], "texture": "#3"},
				"west": {"uv": [0, 5, 0.5, 7.5], "texture": "#3"},
				"up": {"uv": [9.5, 8.5, 8.5, 8], "texture": "#3"},
				"down": {"uv": [9.5, 8.5, 8.5, 9], "texture": "#3"}
			}
		},
		{
			"from": [4.75, 2.25, 8.75],
			"to": [5.75, 7, 9.6],
			"rotation": {"angle": 0, "axis": "y", "origin": [2.75, 4, 7.75]},
			"faces": {
				"north": {"uv": [5, 0, 5.5, 2.5], "texture": "#3"},
				"east": {"uv": [0.5, 5, 1, 7.5], "texture": "#3"},
				"south": {"uv": [5, 2.5, 5.5, 5], "texture": "#3"},
				"west": {"uv": [4.5, 5, 5, 7.5], "texture": "#3"},
				"up": {"uv": [9, 10.5, 8.5, 10], "texture": "#3"},
				"down": {"uv": [10.5, 8.5, 10, 9], "texture": "#3"}
			}
		},
		{
			"from": [5.25, 7, 8.75],
			"to": [7.5, 7.25, 9.6],
			"rotation": {"angle": 0, "axis": "y", "origin": [5, 9, 7.75]},
			"faces": {
				"north": {"uv": [1, 9.5, 2, 10], "texture": "#3"},
				"east": {"uv": [10.5, 1.5, 11, 2], "texture": "#3"},
				"south": {"uv": [9.5, 1, 10.5, 1.5], "texture": "#3"},
				"west": {"uv": [2, 10.5, 2.5, 11], "texture": "#3"},
				"up": {"uv": [10.5, 2, 9.5, 1.5], "texture": "#3"},
				"down": {"uv": [3, 9.5, 2, 10], "texture": "#3"}
			}
		},
		{
			"from": [5.75, 7.25, 9],
			"to": [7, 7.5, 9.5],
			"rotation": {"angle": 0, "axis": "y", "origin": [5, 9.25, 7.75]},
			"faces": {
				"north": {"uv": [10.5, 2, 11, 2.5], "texture": "#3"},
				"east": {"uv": [2.5, 10.5, 3, 11], "texture": "#3"},
				"south": {"uv": [10.5, 2.5, 11, 3], "texture": "#3"},
				"west": {"uv": [3, 10.5, 3.5, 11], "texture": "#3"},
				"up": {"uv": [11, 3.5, 10.5, 3], "texture": "#3"},
				"down": {"uv": [4, 10.5, 3.5, 11], "texture": "#3"}
			}
		},
		{
			"from": [5, 4, 8.5],
			"to": [7.75, 6.75, 9.5],
			"rotation": {"angle": 0, "axis": "y", "origin": [5, 4, 7.5]},
			"faces": {
				"north": {"uv": [3, 0, 4.5, 1.5], "texture": "#3"},
				"east": {"uv": [5, 7, 5.5, 8.5], "texture": "#3"},
				"south": {"uv": [1, 4, 2.5, 5.5], "texture": "#3"},
				"west": {"uv": [6.5, 7, 7, 8.5], "texture": "#3"},
				"up": {"uv": [8.5, 7.5, 7, 7], "texture": "#3"},
				"down": {"uv": [1.5, 7.5, 0, 8], "texture": "#3"}
			}
		},
		{
			"from": [5.25, 3.5, 8.5],
			"to": [7.75, 4, 9.5],
			"rotation": {"angle": 0, "axis": "y", "origin": [5, 1.25, 7.5]},
			"faces": {
				"north": {"uv": [7, 2, 8.5, 2.5], "texture": "#3"},
				"east": {"uv": [8, 10, 8.5, 10.5], "texture": "#3"},
				"south": {"uv": [7, 2.5, 8.5, 3], "texture": "#3"},
				"west": {"uv": [10, 8, 10.5, 8.5], "texture": "#3"},
				"up": {"uv": [8.5, 3.5, 7, 3], "texture": "#3"},
				"down": {"uv": [8.5, 3.5, 7, 4], "texture": "#3"}
			}
		},
		{
			"from": [5.75, 3.5, 8.25],
			"to": [7.75, 4.5, 8.5],
			"rotation": {"angle": 0, "axis": "y", "origin": [5, 1.25, 6.5]},
			"faces": {
				"north": {"uv": [9, 9, 10, 9.5], "texture": "#3"},
				"east": {"uv": [6, 10, 6.5, 10.5], "texture": "#3"},
				"south": {"uv": [0, 9.5, 1, 10], "texture": "#3"},
				"west": {"uv": [10, 6, 10.5, 6.5], "texture": "#3"},
				"up": {"uv": [10.5, 0.5, 9.5, 0], "texture": "#3"},
				"down": {"uv": [10.5, 0.5, 9.5, 1], "texture": "#3"}
			}
		},
		{
			"from": [5.25, 4, 8.25],
			"to": [5.75, 5, 8.5],
			"rotation": {"angle": 0, "axis": "y", "origin": [3, 1.75, 6.5]},
			"faces": {
				"north": {"uv": [6.5, 10, 7, 10.5], "texture": "#3"},
				"east": {"uv": [10, 6.5, 10.5, 7], "texture": "#3"},
				"south": {"uv": [7, 10, 7.5, 10.5], "texture": "#3"},
				"west": {"uv": [10, 7, 10.5, 7.5], "texture": "#3"},
				"up": {"uv": [8, 10.5, 7.5, 10], "texture": "#3"},
				"down": {"uv": [10.5, 7.5, 10, 8], "texture": "#3"}
			}
		},
		{
			"from": [6, 3.25, 8.25],
			"to": [7.75, 3.5, 8.5],
			"rotation": {"angle": 0, "axis": "y", "origin": [5, 0.25, 6.5]},
			"faces": {
				"north": {"uv": [6, 9, 7, 9.5], "texture": "#3"},
				"east": {"uv": [5.5, 10, 6, 10.5], "texture": "#3"},
				"south": {"uv": [9, 6.5, 10, 7], "texture": "#3"},
				"west": {"uv": [10, 5.5, 10.5, 6], "texture": "#3"},
				"up": {"uv": [8, 9.5, 7, 9], "texture": "#3"},
				"down": {"uv": [9, 9, 8, 9.5], "texture": "#3"}
			}
		},
		{
			"from": [5.5, 3, 8.5],
			"to": [7.75, 3.5, 9.5],
			"rotation": {"angle": 0, "axis": "y", "origin": [5, 0.75, 7.5]},
			"faces": {
				"north": {"uv": [4, 9, 5, 9.5], "texture": "#3"},
				"east": {"uv": [5, 10, 5.5, 10.5], "texture": "#3"},
				"south": {"uv": [9, 4.5, 10, 5], "texture": "#3"},
				"west": {"uv": [10, 5, 10.5, 5.5], "texture": "#3"},
				"up": {"uv": [6, 9.5, 5, 9], "texture": "#3"},
				"down": {"uv": [10, 5, 9, 5.5], "texture": "#3"}
			}
		},
		{
			"from": [6, 2.75, 8.5],
			"to": [7.75, 3, 9.5],
			"rotation": {"angle": 0, "axis": "y", "origin": [5, 0.25, 7.5]},
			"faces": {
				"north": {"uv": [0, 9, 1, 9.5], "texture": "#3"},
				"east": {"uv": [4.5, 10, 5, 10.5], "texture": "#3"},
				"south": {"uv": [1, 9, 2, 9.5], "texture": "#3"},
				"west": {"uv": [10, 4.5, 10.5, 5], "texture": "#3"},
				"up": {"uv": [3, 9.5, 2, 9], "texture": "#3"},
				"down": {"uv": [4, 9, 3, 9.5], "texture": "#3"}
			}
		},
		{
			"from": [5, 6.75, 8.6],
			"to": [7.75, 7, 8.75],
			"rotation": {"angle": 0, "axis": "y", "origin": [5, 6.75, 7.5]},
			"faces": {
				"north": {"uv": [7, 7.5, 8.5, 8], "texture": "#3"},
				"east": {"uv": [10.5, 1, 11, 1.5], "texture": "#3"},
				"south": {"uv": [0, 8, 1.5, 8.5], "texture": "#3"},
				"west": {"uv": [1.5, 10.5, 2, 11], "texture": "#3"},
				"up": {"uv": [5, 8.5, 3.5, 8], "texture": "#3"},
				"down": {"uv": [9.5, 4, 8, 4.5], "texture": "#3"}
			}
		},
		{
			"from": [7, 1.9, 6.25],
			"to": [9, 4.15, 8.25],
			"rotation": {"angle": -22.5, "axis": "x", "origin": [7.25, 1.65, 6.25]},
			"faces": {
				"north": {"uv": [3, 1.5, 4, 2.5], "texture": "#2"},
				"east": {"uv": [7.5, 2, 8.5, 3], "texture": "#2"},
				"south": {"uv": [7.5, 3, 8.5, 4], "texture": "#2"},
				"west": {"uv": [7.5, 4, 8.5, 5], "texture": "#2"},
				"up": {"uv": [8.5, 6, 7.5, 5], "texture": "#2"},
				"down": {"uv": [8.5, 6, 7.5, 7], "texture": "#2"}
			}
		},
		{
			"from": [9, 2.75, 7.35],
			"to": [9.05, 3, 7.55],
			"rotation": {"angle": -22.5, "axis": "x", "origin": [9.25, 1.5, 6.05]},
			"faces": {
				"north": {"uv": [3, 1.5, 4, 2.5], "texture": "#1"},
				"east": {"uv": [7.5, 2, 8.5, 3], "texture": "#1"},
				"south": {"uv": [7.5, 3, 8.5, 4], "texture": "#1"},
				"west": {"uv": [7.5, 4, 8.5, 5], "texture": "#1"},
				"up": {"uv": [8.5, 6, 7.5, 5], "texture": "#1"},
				"down": {"uv": [8.5, 6, 7.5, 7], "texture": "#1"}
			}
		},
		{
			"from": [9, 2.65, 6.95],
			"to": [9.05, 2.9, 7.15],
			"rotation": {"angle": -22.5, "axis": "x", "origin": [9.25, 1.4, 5.65]},
			"faces": {
				"north": {"uv": [3, 1.5, 4, 2.5], "texture": "#1"},
				"east": {"uv": [7.5, 2, 8.5, 3], "texture": "#1"},
				"south": {"uv": [7.5, 3, 8.5, 4], "texture": "#1"},
				"west": {"uv": [7.5, 4, 8.5, 5], "texture": "#1"},
				"up": {"uv": [8.5, 6, 7.5, 5], "texture": "#1"},
				"down": {"uv": [8.5, 6, 7.5, 7], "texture": "#1"}
			}
		},
		{
			"from": [9, 2.55, 6.55],
			"to": [9.05, 2.8, 6.75],
			"rotation": {"angle": -22.5, "axis": "x", "origin": [9.25, 1.3, 5.25]},
			"faces": {
				"north": {"uv": [3, 1.5, 4, 2.5], "texture": "#1"},
				"east": {"uv": [7.5, 2, 8.5, 3], "texture": "#1"},
				"south": {"uv": [7.5, 3, 8.5, 4], "texture": "#1"},
				"west": {"uv": [7.5, 4, 8.5, 5], "texture": "#1"},
				"up": {"uv": [8.5, 6, 7.5, 5], "texture": "#1"},
				"down": {"uv": [8.5, 6, 7.5, 7], "texture": "#1"}
			}
		},
		{
			"from": [7.25, 1.4, 4.5],
			"to": [8.75, 3.15, 6.5],
			"rotation": {"angle": -22.5, "axis": "x", "origin": [7.25, 0.9, 4.5]},
			"faces": {
				"north": {"uv": [7.5, 7, 8.5, 8], "texture": "#2"},
				"east": {"uv": [8, 0, 9, 1], "texture": "#2"},
				"south": {"uv": [1, 8, 2, 9], "texture": "#2"},
				"west": {"uv": [8, 1, 9, 2], "texture": "#2"},
				"up": {"uv": [3, 9, 2, 8], "texture": "#2"},
				"down": {"uv": [4, 8, 3, 9], "texture": "#2"}
			}
		},
		{
			"from": [8.75, 2, 5.75],
			"to": [8.85, 2.25, 6],
			"rotation": {"angle": -22.5, "axis": "x", "origin": [8.75, 0.75, 4]},
			"faces": {
				"north": {"uv": [7.5, 7, 8.5, 8], "texture": "#1"},
				"east": {"uv": [8, 0, 9, 1], "texture": "#1"},
				"south": {"uv": [1, 8, 2, 9], "texture": "#1"},
				"west": {"uv": [8, 1, 9, 2], "texture": "#1"},
				"up": {"uv": [3, 9, 2, 8], "texture": "#1"},
				"down": {"uv": [4, 8, 3, 9], "texture": "#1"}
			}
		},
		{
			"from": [8.75, 1.7, 5.35],
			"to": [8.85, 1.95, 5.6],
			"rotation": {"angle": -22.5, "axis": "x", "origin": [8.75, 0.45, 3.6]},
			"faces": {
				"north": {"uv": [7.5, 7, 8.5, 8], "texture": "#1"},
				"east": {"uv": [8, 0, 9, 1], "texture": "#1"},
				"south": {"uv": [1, 8, 2, 9], "texture": "#1"},
				"west": {"uv": [8, 1, 9, 2], "texture": "#1"},
				"up": {"uv": [3, 9, 2, 8], "texture": "#1"},
				"down": {"uv": [4, 8, 3, 9], "texture": "#1"}
			}
		},
		{
			"from": [8.75, 1.45, 4.95],
			"to": [8.85, 1.7, 5.2],
			"rotation": {"angle": -22.5, "axis": "x", "origin": [8.75, 0.2, 3.2]},
			"faces": {
				"north": {"uv": [7.5, 7, 8.5, 8], "texture": "#1"},
				"east": {"uv": [8, 0, 9, 1], "texture": "#1"},
				"south": {"uv": [1, 8, 2, 9], "texture": "#1"},
				"west": {"uv": [8, 1, 9, 2], "texture": "#1"},
				"up": {"uv": [3, 9, 2, 8], "texture": "#1"},
				"down": {"uv": [4, 8, 3, 9], "texture": "#1"}
			}
		},
		{
			"from": [8.75, 2.15, 6.15],
			"to": [8.85, 2.4, 6.4],
			"rotation": {"angle": -22.5, "axis": "x", "origin": [8.75, 0.9, 4.4]},
			"faces": {
				"north": {"uv": [7.5, 7, 8.5, 8], "texture": "#1"},
				"east": {"uv": [8, 0, 9, 1], "texture": "#1"},
				"south": {"uv": [1, 8, 2, 9], "texture": "#1"},
				"west": {"uv": [8, 1, 9, 2], "texture": "#1"},
				"up": {"uv": [3, 9, 2, 8], "texture": "#1"},
				"down": {"uv": [4, 8, 3, 9], "texture": "#1"}
			}
		},
		{
			"from": [7.5, 0.65, 4.25],
			"to": [8.5, 1.9, 6],
			"rotation": {"angle": -45, "axis": "x", "origin": [7.25, -0.1, 3.75]},
			"faces": {
				"north": {"uv": [11.5, 6, 12, 6.5], "texture": "#2"},
				"east": {"uv": [3, 10.5, 4, 11], "texture": "#2"},
				"south": {"uv": [6.5, 11.5, 7, 12], "texture": "#2"},
				"west": {"uv": [10.5, 3, 11.5, 3.5], "texture": "#2"},
				"up": {"uv": [11, 4.5, 10.5, 3.5], "texture": "#2"},
				"down": {"uv": [11, 4.5, 10.5, 5.5], "texture": "#2"}
			}
		},
		{
			"from": [8.5, 1.25, 5.25],
			"to": [8.6, 1.5, 5.5],
			"rotation": {"angle": -45, "axis": "x", "origin": [8.25, 0, 4]},
			"faces": {
				"north": {"uv": [11.5, 6, 12, 6.5], "texture": "#1"},
				"east": {"uv": [3, 10.5, 4, 11], "texture": "#1"},
				"south": {"uv": [6.5, 11.5, 7, 12], "texture": "#1"},
				"west": {"uv": [10.5, 3, 11.5, 3.5], "texture": "#1"},
				"up": {"uv": [11, 4.5, 10.5, 3.5], "texture": "#1"},
				"down": {"uv": [11, 4.5, 10.5, 5.5], "texture": "#1"}
			}
		},
		{
			"from": [8.5, 0.9, 4.85],
			"to": [8.6, 1.15, 5.1],
			"rotation": {"angle": -45, "axis": "x", "origin": [8.25, -0.35, 3.6]},
			"faces": {
				"north": {"uv": [11.5, 6, 12, 6.5], "texture": "#1"},
				"east": {"uv": [3, 10.5, 4, 11], "texture": "#1"},
				"south": {"uv": [6.5, 11.5, 7, 12], "texture": "#1"},
				"west": {"uv": [10.5, 3, 11.5, 3.5], "texture": "#1"},
				"up": {"uv": [11, 4.5, 10.5, 3.5], "texture": "#1"},
				"down": {"uv": [11, 4.5, 10.5, 5.5], "texture": "#1"}
			}
		},
		{
			"from": [8.5, 0.65, 4.45],
			"to": [8.6, 0.9, 4.7],
			"rotation": {"angle": -45, "axis": "x", "origin": [8.25, -0.6, 3.2]},
			"faces": {
				"north": {"uv": [11.5, 6, 12, 6.5], "texture": "#1"},
				"east": {"uv": [3, 10.5, 4, 11], "texture": "#1"},
				"south": {"uv": [6.5, 11.5, 7, 12], "texture": "#1"},
				"west": {"uv": [10.5, 3, 11.5, 3.5], "texture": "#1"},
				"up": {"uv": [11, 4.5, 10.5, 3.5], "texture": "#1"},
				"down": {"uv": [11, 4.5, 10.5, 5.5], "texture": "#1"}
			}
		},
		{
			"from": [7.75, -0.1, 3.75],
			"to": [8.25, 0.65, 5],
			"rotation": {"angle": -45, "axis": "x", "origin": [7.25, -1.1, 2.75]},
			"faces": {
				"north": {"uv": [11.5, 6.5, 12, 7], "texture": "#2"},
				"east": {"uv": [7, 11.5, 7.5, 12], "texture": "#2"},
				"south": {"uv": [11.5, 7, 12, 7.5], "texture": "#2"},
				"west": {"uv": [7.5, 11.5, 8, 12], "texture": "#2"},
				"up": {"uv": [12, 8, 11.5, 7.5], "texture": "#2"},
				"down": {"uv": [8.5, 11.5, 8, 12], "texture": "#2"}
			}
		},
		{
			"from": [8.25, 0.15, 4.15],
			"to": [8.35, 0.4, 4.4],
			"rotation": {"angle": -45, "axis": "x", "origin": [7.75, -1.1, 2.75]},
			"faces": {
				"north": {"uv": [11.5, 6.5, 12, 7], "texture": "#1"},
				"east": {"uv": [7, 11.5, 7.5, 12], "texture": "#1"},
				"south": {"uv": [11.5, 7, 12, 7.5], "texture": "#1"},
				"west": {"uv": [7.5, 11.5, 8, 12], "texture": "#1"},
				"up": {"uv": [12, 8, 11.5, 7.5], "texture": "#1"},
				"down": {"uv": [8.5, 11.5, 8, 12], "texture": "#1"}
			}
		},
		{
			"from": [6.75, 2.25, 7],
			"to": [9.25, 4.75, 9],
			"rotation": {"angle": 0, "axis": "x", "origin": [7.25, 2.25, 9]},
			"faces": {
				"north": {"uv": [4, 1.5, 5.5, 3], "texture": "#2"},
				"east": {"uv": [4, 3, 5, 4.5], "texture": "#2"},
				"south": {"uv": [2.5, 4, 4, 5.5], "texture": "#2"},
				"west": {"uv": [4.5, 0, 5.5, 1.5], "texture": "#2"},
				"up": {"uv": [5.5, 5.5, 4, 4.5], "texture": "#2"},
				"down": {"uv": [6.5, 3, 5, 4], "texture": "#2"}
			}
		},
		{
			"from": [9.25, 3.35, 8],
			"to": [9.3, 3.6, 8.9],
			"rotation": {"angle": 0, "axis": "y", "origin": [9.75, 2.35, 8.9]},
			"faces": {
				"north": {"uv": [4, 1.5, 5.5, 3], "texture": "#1"},
				"east": {"uv": [4, 3, 5, 4.5], "texture": "#1"},
				"south": {"uv": [2.5, 4, 4, 5.5], "texture": "#1"},
				"west": {"uv": [4.5, 0, 5.5, 1.5], "texture": "#1"},
				"up": {"uv": [5.5, 5.5, 4, 4.5], "texture": "#1"},
				"down": {"uv": [6.5, 3, 5, 4], "texture": "#1"}
			}
		},
		{
			"from": [7.65, 0.15, 4.15],
			"to": [7.75, 0.4, 4.4],
			"rotation": {"angle": -45, "axis": "x", "origin": [8.25, -1.1, 2.75]},
			"faces": {
				"north": {"uv": [12, 6.5, 11.5, 7], "texture": "#1"},
				"east": {"uv": [8, 11.5, 7.5, 12], "texture": "#1"},
				"south": {"uv": [12, 7, 11.5, 7.5], "texture": "#1"},
				"west": {"uv": [7.5, 11.5, 7, 12], "texture": "#1"},
				"up": {"uv": [11.5, 8, 12, 7.5], "texture": "#1"},
				"down": {"uv": [8, 11.5, 8.5, 12], "texture": "#1"}
			}
		},
		{
			"from": [7.4, 0.65, 4.45],
			"to": [7.5, 0.9, 4.7],
			"rotation": {"angle": -45, "axis": "x", "origin": [7.75, -0.6, 3.2]},
			"faces": {
				"north": {"uv": [12, 6, 11.5, 6.5], "texture": "#1"},
				"east": {"uv": [11.5, 3, 10.5, 3.5], "texture": "#1"},
				"south": {"uv": [7, 11.5, 6.5, 12], "texture": "#1"},
				"west": {"uv": [4, 10.5, 3, 11], "texture": "#1"},
				"up": {"uv": [10.5, 4.5, 11, 3.5], "texture": "#1"},
				"down": {"uv": [10.5, 4.5, 11, 5.5], "texture": "#1"}
			}
		},
		{
			"from": [7.4, 0.9, 4.85],
			"to": [7.5, 1.15, 5.1],
			"rotation": {"angle": -45, "axis": "x", "origin": [7.75, -0.35, 3.6]},
			"faces": {
				"north": {"uv": [12, 6, 11.5, 6.5], "texture": "#1"},
				"east": {"uv": [11.5, 3, 10.5, 3.5], "texture": "#1"},
				"south": {"uv": [7, 11.5, 6.5, 12], "texture": "#1"},
				"west": {"uv": [4, 10.5, 3, 11], "texture": "#1"},
				"up": {"uv": [10.5, 4.5, 11, 3.5], "texture": "#1"},
				"down": {"uv": [10.5, 4.5, 11, 5.5], "texture": "#1"}
			}
		},
		{
			"from": [7.4, 1.25, 5.25],
			"to": [7.5, 1.5, 5.5],
			"rotation": {"angle": -45, "axis": "x", "origin": [7.75, 0, 4]},
			"faces": {
				"north": {"uv": [12, 6, 11.5, 6.5], "texture": "#1"},
				"east": {"uv": [11.5, 3, 10.5, 3.5], "texture": "#1"},
				"south": {"uv": [7, 11.5, 6.5, 12], "texture": "#1"},
				"west": {"uv": [4, 10.5, 3, 11], "texture": "#1"},
				"up": {"uv": [10.5, 4.5, 11, 3.5], "texture": "#1"},
				"down": {"uv": [10.5, 4.5, 11, 5.5], "texture": "#1"}
			}
		},
		{
			"from": [7.15, 1.45, 4.95],
			"to": [7.25, 1.7, 5.2],
			"rotation": {"angle": -22.5, "axis": "x", "origin": [7.25, 0.2, 3.2]},
			"faces": {
				"north": {"uv": [8.5, 7, 7.5, 8], "texture": "#1"},
				"east": {"uv": [9, 1, 8, 2], "texture": "#1"},
				"south": {"uv": [2, 8, 1, 9], "texture": "#1"},
				"west": {"uv": [9, 0, 8, 1], "texture": "#1"},
				"up": {"uv": [2, 9, 3, 8], "texture": "#1"},
				"down": {"uv": [3, 8, 4, 9], "texture": "#1"}
			}
		},
		{
			"from": [7.15, 1.7, 5.35],
			"to": [7.25, 1.95, 5.6],
			"rotation": {"angle": -22.5, "axis": "x", "origin": [7.25, 0.45, 3.6]},
			"faces": {
				"north": {"uv": [8.5, 7, 7.5, 8], "texture": "#1"},
				"east": {"uv": [9, 1, 8, 2], "texture": "#1"},
				"south": {"uv": [2, 8, 1, 9], "texture": "#1"},
				"west": {"uv": [9, 0, 8, 1], "texture": "#1"},
				"up": {"uv": [2, 9, 3, 8], "texture": "#1"},
				"down": {"uv": [3, 8, 4, 9], "texture": "#1"}
			}
		},
		{
			"from": [7.15, 2, 5.75],
			"to": [7.25, 2.25, 6],
			"rotation": {"angle": -22.5, "axis": "x", "origin": [7.25, 0.75, 4]},
			"faces": {
				"north": {"uv": [8.5, 7, 7.5, 8], "texture": "#1"},
				"east": {"uv": [9, 1, 8, 2], "texture": "#1"},
				"south": {"uv": [2, 8, 1, 9], "texture": "#1"},
				"west": {"uv": [9, 0, 8, 1], "texture": "#1"},
				"up": {"uv": [2, 9, 3, 8], "texture": "#1"},
				"down": {"uv": [3, 8, 4, 9], "texture": "#1"}
			}
		},
		{
			"from": [7.15, 2.15, 6.15],
			"to": [7.25, 2.4, 6.4],
			"rotation": {"angle": -22.5, "axis": "x", "origin": [7.25, 0.9, 4.4]},
			"faces": {
				"north": {"uv": [8.5, 7, 7.5, 8], "texture": "#1"},
				"east": {"uv": [9, 1, 8, 2], "texture": "#1"},
				"south": {"uv": [2, 8, 1, 9], "texture": "#1"},
				"west": {"uv": [9, 0, 8, 1], "texture": "#1"},
				"up": {"uv": [2, 9, 3, 8], "texture": "#1"},
				"down": {"uv": [3, 8, 4, 9], "texture": "#1"}
			}
		},
		{
			"from": [6.95, 2.55, 6.55],
			"to": [7, 2.8, 6.75],
			"rotation": {"angle": -22.5, "axis": "x", "origin": [6.75, 1.3, 5.25]},
			"faces": {
				"north": {"uv": [4, 1.5, 3, 2.5], "texture": "#1"},
				"east": {"uv": [8.5, 4, 7.5, 5], "texture": "#1"},
				"south": {"uv": [8.5, 3, 7.5, 4], "texture": "#1"},
				"west": {"uv": [8.5, 2, 7.5, 3], "texture": "#1"},
				"up": {"uv": [7.5, 6, 8.5, 5], "texture": "#1"},
				"down": {"uv": [7.5, 6, 8.5, 7], "texture": "#1"}
			}
		},
		{
			"from": [6.95, 2.65, 6.95],
			"to": [7, 2.9, 7.15],
			"rotation": {"angle": -22.5, "axis": "x", "origin": [6.75, 1.4, 5.65]},
			"faces": {
				"north": {"uv": [4, 1.5, 3, 2.5], "texture": "#1"},
				"east": {"uv": [8.5, 4, 7.5, 5], "texture": "#1"},
				"south": {"uv": [8.5, 3, 7.5, 4], "texture": "#1"},
				"west": {"uv": [8.5, 2, 7.5, 3], "texture": "#1"},
				"up": {"uv": [7.5, 6, 8.5, 5], "texture": "#1"},
				"down": {"uv": [7.5, 6, 8.5, 7], "texture": "#1"}
			}
		},
		{
			"from": [6.95, 2.75, 7.35],
			"to": [7, 3, 7.55],
			"rotation": {"angle": -22.5, "axis": "x", "origin": [6.75, 1.5, 6.05]},
			"faces": {
				"north": {"uv": [4, 1.5, 3, 2.5], "texture": "#1"},
				"east": {"uv": [8.5, 4, 7.5, 5], "texture": "#1"},
				"south": {"uv": [8.5, 3, 7.5, 4], "texture": "#1"},
				"west": {"uv": [8.5, 2, 7.5, 3], "texture": "#1"},
				"up": {"uv": [7.5, 6, 8.5, 5], "texture": "#1"},
				"down": {"uv": [7.5, 6, 8.5, 7], "texture": "#1"}
			}
		},
		{
			"from": [6.7, 3.35, 7.2],
			"to": [6.75, 3.6, 7.4],
			"rotation": {"angle": 0, "axis": "y", "origin": [6.25, 2.35, 7.4]},
			"faces": {
				"north": {"uv": [5.5, 1.5, 4, 3], "texture": "#1"},
				"east": {"uv": [5.5, 0, 4.5, 1.5], "texture": "#1"},
				"south": {"uv": [4, 4, 2.5, 5.5], "texture": "#1"},
				"west": {"uv": [5, 3, 4, 4.5], "texture": "#1"},
				"up": {"uv": [4, 5.5, 5.5, 4.5], "texture": "#1"},
				"down": {"uv": [5, 3, 6.5, 4], "texture": "#1"}
			}
		},
		{
			"from": [6.7, 3.35, 7.6],
			"to": [6.75, 3.6, 7.8],
			"rotation": {"angle": 0, "axis": "y", "origin": [6.25, 2.35, 7.8]},
			"faces": {
				"north": {"uv": [5.5, 1.5, 4, 3], "texture": "#1"},
				"east": {"uv": [5.5, 0, 4.5, 1.5], "texture": "#1"},
				"south": {"uv": [4, 4, 2.5, 5.5], "texture": "#1"},
				"west": {"uv": [5, 3, 4, 4.5], "texture": "#1"},
				"up": {"uv": [4, 5.5, 5.5, 4.5], "texture": "#1"},
				"down": {"uv": [5, 3, 6.5, 4], "texture": "#1"}
			}
		},
		{
			"from": [6.7, 3.35, 8],
			"to": [6.75, 3.6, 8.9],
			"rotation": {"angle": 0, "axis": "y", "origin": [6.25, 2.35, 8.9]},
			"faces": {
				"north": {"uv": [5.5, 1.5, 4, 3], "texture": "#1"},
				"east": {"uv": [5.5, 0, 4.5, 1.5], "texture": "#1"},
				"south": {"uv": [4, 4, 2.5, 5.5], "texture": "#1"},
				"west": {"uv": [5, 3, 4, 4.5], "texture": "#1"},
				"up": {"uv": [4, 5.5, 5.5, 4.5], "texture": "#1"},
				"down": {"uv": [5, 3, 6.5, 4], "texture": "#1"}
			}
		},
		{
			"from": [9.25, 3.35, 7.6],
			"to": [9.3, 3.6, 7.8],
			"rotation": {"angle": 0, "axis": "y", "origin": [9.75, 2.35, 7.8]},
			"faces": {
				"north": {"uv": [4, 1.5, 5.5, 3], "texture": "#1"},
				"east": {"uv": [4, 3, 5, 4.5], "texture": "#1"},
				"south": {"uv": [2.5, 4, 4, 5.5], "texture": "#1"},
				"west": {"uv": [4.5, 0, 5.5, 1.5], "texture": "#1"},
				"up": {"uv": [5.5, 5.5, 4, 4.5], "texture": "#1"},
				"down": {"uv": [6.5, 3, 5, 4], "texture": "#1"}
			}
		},
		{
			"from": [9.25, 3.35, 7.2],
			"to": [9.3, 3.6, 7.4],
			"rotation": {"angle": 0, "axis": "y", "origin": [9.75, 2.35, 7.4]},
			"faces": {
				"north": {"uv": [4, 1.5, 5.5, 3], "texture": "#1"},
				"east": {"uv": [4, 3, 5, 4.5], "texture": "#1"},
				"south": {"uv": [2.5, 4, 4, 5.5], "texture": "#1"},
				"west": {"uv": [4.5, 0, 5.5, 1.5], "texture": "#1"},
				"up": {"uv": [5.5, 5.5, 4, 4.5], "texture": "#1"},
				"down": {"uv": [6.5, 3, 5, 4], "texture": "#1"}
			}
		}
	],
	"display": {
		"thirdperson_righthand": {
			"translation": [0, 5, -1]
		},
		"thirdperson_lefthand": {
			"translation": [0, 5, -1]
		},
		"firstperson_righthand": {
			"translation": [0, 5, 0]
		},
		"firstperson_lefthand": {
			"translation": [0, 5, 0]
		},
		"ground": {
			"translation": [0, 6.5, 0]
		},
		"gui": {
			"rotation": [0, -154, 0],
			"translation": [0.5, 5, 0],
			"scale": [1.41, 1.51, 1]
		},
		"head": {
			"translation": [0, 5.5, -9.5],
			"scale": [1.78, 1.78, 2.24]
		},
		"fixed": {
			"rotation": [-90, 0, 0],
			"translation": [0, -4, -20.75],
			"scale": [3.31, 3.37, 3.49]
		}
	},
	"groups": [
		{
			"name": "group",
			"origin": [4.5, 4.5, 8],
			"color": 0,
			"children": [0, 1, 2, 3, 4, 5, 6, 7, 8, 9, 10, 11, 12]
		},
		{
			"name": "group",
			"origin": [4.5, 4.5, 8],
			"color": 0,
			"children": [13, 14, 15, 16, 17, 18, 19, 20, 21, 22, 23, 24, 25]
		},
		26,
		27,
		28,
		29,
		30,
		31,
		32,
		33,
		34,
		35,
		36,
		37,
		38,
		39,
		40,
		41,
		42,
		43,
		44,
		45,
		46,
		47,
		48,
		49,
		50,
		51,
		52,
		53,
		54,
		55,
		56,
		57,
		58,
		59,
		60,
		61,
		62,
		63,
		64,
		65,
		66,
		67,
		68,
		69,
		70,
		71,
		72,
		73,
		74,
		75,
		76,
		77,
		78,
		79,
		80,
		81,
		82,
		83,
		84,
		85,
		86,
		87,
		88,
		89,
		90
	]
}