{
	"credit": "Made with Blockbench",
	"textures": {
		"0": "kolonie:block/panda",
		"1": "block/black_concrete",
		"particle": "kolonie:block/panda"
	},
	"elements": [
		{
			"from": [4.5, 7, 2],
			"to": [11.5, 11, 4],
			"faces": {
				"north": {"uv": [11.5, 4.5, 13.75, 5.75], "texture": "#0"},
				"east": {"uv": [10.25, 3.75, 11, 6], "rotation": 180, "texture": "#0"},
				"south": {"uv": [11.5, 13.5, 14.5, 15], "texture": "#0"},
				"west": {"uv": [10.25, 3.75, 11, 6], "texture": "#0"},
				"up": {"uv": [11.75, 4.25, 13.5, 4.75], "rotation": 180, "texture": "#0"},
				"down": {"uv": [13.5, 4, 15.25, 4.5], "texture": "#0"}
			}
		},
		{
			"from": [1.5, 7, 4],
			"to": [14.5, 15, 14],
			"faces": {
				"north": {"uv": [2, 3.75, 5.75, 6.25], "texture": "#0"},
				"east": {"uv": [0, 3.75, 2, 6.25], "texture": "#0"},
				"south": {"uv": [7.5, 3.75, 11, 6.25], "texture": "#0"},
				"west": {"uv": [5.75, 3.75, 7.75, 6.25], "texture": "#0"},
				"up": {"uv": [2.25, 1.5, 5.5, 4], "rotation": 180, "texture": "#0"},
				"down": {"uv": [5.5, 1.5, 8.75, 3.5], "texture": "#0"}
			}
		},
		{
			"from": [6.5, 9.25, 1.75],
			"to": [9.5, 11.25, 2.75],
			"faces": {
				"north": {"uv": [12.25, 4.5, 13, 5], "texture": "#0"},
				"east": {"uv": [12.75, 4.5, 13, 5], "texture": "#0"},
				"south": {"uv": [12.25, 4.5, 13, 5], "texture": "#0"},
				"west": {"uv": [12.25, 4.5, 12.5, 5], "texture": "#0"},
				"up": {"uv": [12.25, 4.5, 13, 4.75], "texture": "#0"},
				"down": {"uv": [12.25, 4.75, 13, 5], "texture": "#0"}
			}
		},
		{
			"from": [11.5, 14, 7],
			"to": [16.5, 18, 8],
			"faces": {
				"north": {"uv": [13.25, 6.5, 14.5, 7.5], "texture": "#0"},
				"east": {"uv": [13, 6.5, 13.25, 7.5], "texture": "#0"},
				"south": {"uv": [14.75, 6.5, 16, 7.5], "texture": "#0"},
				"west": {"uv": [15.75, 6.5, 16, 7.5], "texture": "#0"},
				"up": {"uv": [13.25, 6.5, 14.75, 6.75], "texture": "#0"},
				"down": {"uv": [14.25, 6.25, 15.75, 6.5], "texture": "#0"}
			}
		},
		{
			"from": [12.5, 14, 8],
			"to": [15.5, 17, 8.75],
			"faces": {
				"north": {"uv": [13.25, 6.5, 14.5, 7.5], "texture": "#0"},
				"east": {"uv": [13, 6.5, 13.25, 7.5], "texture": "#0"},
				"south": {"uv": [14.75, 6.5, 16, 7.5], "texture": "#0"},
				"west": {"uv": [15.75, 6.5, 16, 7.5], "texture": "#0"},
				"up": {"uv": [13.25, 6.5, 14.75, 6.75], "texture": "#0"},
				"down": {"uv": [14.25, 6.25, 15.75, 6.5], "texture": "#0"}
			}
		},
		{
			"from": [-0.5, 14, 7],
			"to": [4.5, 18, 8],
			"rotation": {"angle": 0, "axis": "y", "origin": [16, 0, 0]},
			"faces": {
				"north": {"uv": [14.5, 6.5, 13.25, 7.5], "texture": "#0"},
				"east": {"uv": [16, 6.5, 15.75, 7.5], "texture": "#0"},
				"south": {"uv": [16, 6.5, 14.75, 7.5], "texture": "#0"},
				"west": {"uv": [13.25, 6.5, 13, 7.5], "texture": "#0"},
				"up": {"uv": [14.75, 6.5, 13.25, 6.75], "texture": "#0"},
				"down": {"uv": [15.75, 6.25, 14.25, 6.5], "texture": "#0"}
			}
		},
		{
			"from": [0.5, 14, 8],
			"to": [3.5, 17, 8.75],
			"rotation": {"angle": 0, "axis": "y", "origin": [16, 0, 0]},
			"faces": {
				"north": {"uv": [14.5, 6.5, 13.25, 7.5], "texture": "#0"},
				"east": {"uv": [16, 6.5, 15.75, 7.5], "texture": "#0"},
				"south": {"uv": [16, 6.5, 14.75, 7.5], "texture": "#0"},
				"west": {"uv": [13.25, 6.5, 13, 7.5], "texture": "#0"},
				"up": {"uv": [14.75, 6.5, 13.25, 6.75], "texture": "#0"},
				"down": {"uv": [15.75, 6.25, 14.25, 6.5], "texture": "#0"}
			}
		},
		{
			"from": [1.25, 4, 6],
			"to": [1.5, 7, 7],
			"faces": {
				"north": {"uv": [0, 0, 0.25, 3], "texture": "#1"},
				"east": {"uv": [0, 0, 1, 3], "texture": "#1"},
				"south": {"uv": [0, 0, 0.25, 3], "texture": "#1"},
				"west": {"uv": [0, 0, 1, 3], "texture": "#1"},
				"up": {"uv": [0, 0, 0.25, 1], "texture": "#1"},
				"down": {"uv": [0, 0, 0.25, 1], "texture": "#1"}
			}
		},
		{
			"from": [14.5, 3, 12],
			"to": [14.75, 5, 13],
			"rotation": {"angle": 0, "axis": "y", "origin": [16, 0, 0]},
			"faces": {
				"north": {"uv": [2, 5, 2.25, 7], "texture": "#1"},
				"east": {"uv": [2, 0, 3, 2], "texture": "#1"},
				"south": {"uv": [3, 5, 3.25, 7], "texture": "#1"},
				"west": {"uv": [2, 2, 3, 4], "texture": "#1"},
				"up": {"uv": [6.25, 7, 6, 6], "texture": "#1"},
				"down": {"uv": [7.25, 0, 7, 1], "texture": "#1"}
			}
		},
		{
			"from": [14.5, 5, 13],
			"to": [14.75, 8, 14],
			"rotation": {"angle": 0, "axis": "y", "origin": [16, 0, 0]},
			"faces": {
				"north": {"uv": [4, 4, 4.25, 7], "texture": "#1"},
				"east": {"uv": [0, 0, 1, 3], "texture": "#1"},
				"south": {"uv": [5, 0, 5.25, 3], "texture": "#1"},
				"west": {"uv": [1, 0, 2, 3], "texture": "#1"},
				"up": {"uv": [6.25, 5, 6, 4], "texture": "#1"},
				"down": {"uv": [6.25, 5, 6, 6], "texture": "#1"}
			}
		},
		{
			"from": [14.5, 4, 7],
			"to": [14.75, 6, 8],
			"rotation": {"angle": 0, "axis": "y", "origin": [16, 0, 0]},
			"faces": {
				"north": {"uv": [1, 6, 1.25, 8], "texture": "#1"},
				"east": {"uv": [0, 4, 1, 6], "texture": "#1"},
				"south": {"uv": [6, 2, 6.25, 4], "texture": "#1"},
				"west": {"uv": [1, 4, 2, 6], "texture": "#1"},
				"up": {"uv": [7.25, 6, 7, 5], "texture": "#1"},
				"down": {"uv": [6.25, 7, 6, 8], "texture": "#1"}
			}
		},
		{
			"from": [14.5, 1, 9],
			"to": [14.75, 2, 11],
			"rotation": {"angle": 0, "axis": "y", "origin": [16, 0, 0]},
			"faces": {
				"north": {"uv": [7, 3, 7.25, 4], "texture": "#1"},
				"east": {"uv": [0, 3, 2, 4], "texture": "#1"},
				"south": {"uv": [4, 7, 4.25, 8], "texture": "#1"},
				"west": {"uv": [3, 0, 5, 1], "texture": "#1"},
				"up": {"uv": [5.25, 5, 5, 3], "texture": "#1"},
				"down": {"uv": [5.25, 5, 5, 7], "texture": "#1"}
			}
		},
		{
			"from": [14.5, 2, 11],
			"to": [14.75, 3, 12],
			"rotation": {"angle": 0, "axis": "y", "origin": [16, 0, 0]},
			"faces": {
				"north": {"uv": [7, 1, 7.25, 2], "texture": "#1"},
				"east": {"uv": [4, 1, 5, 2], "texture": "#1"},
				"south": {"uv": [2, 7, 2.25, 8], "texture": "#1"},
				"west": {"uv": [2, 4, 3, 5], "texture": "#1"},
				"up": {"uv": [7.25, 3, 7, 2], "texture": "#1"},
				"down": {"uv": [3.25, 7, 3, 8], "texture": "#1"}
			}
		},
		{
			"from": [14.5, 2, 8],
			"to": [14.75, 4, 9],
			"rotation": {"angle": 0, "axis": "y", "origin": [16, 0, 0]},
			"faces": {
				"north": {"uv": [0, 6, 0.25, 8], "texture": "#1"},
				"east": {"uv": [3, 1, 4, 3], "texture": "#1"},
				"south": {"uv": [6, 0, 6.25, 2], "texture": "#1"},
				"west": {"uv": [3, 3, 4, 5], "texture": "#1"},
				"up": {"uv": [7.25, 5, 7, 4], "texture": "#1"},
				"down": {"uv": [5.25, 7, 5, 8], "texture": "#1"}
			}
		},
		{
			"from": [14.5, 6, 6],
			"to": [14.75, 7, 7],
			"rotation": {"angle": 0, "axis": "y", "origin": [16, 0, 0]},
			"faces": {
				"north": {"uv": [7, 6, 7.25, 7], "texture": "#1"},
				"east": {"uv": [4, 2, 5, 3], "texture": "#1"},
				"south": {"uv": [7, 7, 7.25, 8], "texture": "#1"},
				"west": {"uv": [4, 3, 5, 4], "texture": "#1"},
				"up": {"uv": [0.25, 9, 0, 8], "texture": "#1"},
				"down": {"uv": [8.25, 0, 8, 1], "texture": "#1"}
			}
		},
		{
			"from": [1.25, 3, 12],
			"to": [1.5, 6, 13],
			"faces": {
				"north": {"uv": [0, 0, 0.25, 3], "texture": "#1"},
				"east": {"uv": [0, 0, 1, 3], "texture": "#1"},
				"south": {"uv": [0, 0, 0.25, 3], "texture": "#1"},
				"west": {"uv": [0, 0, 1, 3], "texture": "#1"},
				"up": {"uv": [0, 0, 0.25, 1], "texture": "#1"},
				"down": {"uv": [0, 0, 0.25, 1], "texture": "#1"}
			}
		},
		{
			"from": [1.25, 2, 7],
			"to": [1.5, 4, 8],
			"faces": {
				"north": {"uv": [0, 0, 0.25, 2], "texture": "#1"},
				"east": {"uv": [0, 0, 1, 2], "texture": "#1"},
				"south": {"uv": [0, 0, 0.25, 2], "texture": "#1"},
				"west": {"uv": [0, 0, 1, 2], "texture": "#1"},
				"up": {"uv": [0, 0, 0.25, 1], "texture": "#1"},
				"down": {"uv": [0, 0, 0.25, 1], "texture": "#1"}
			}
		},
		{
			"from": [1.25, 1, 11],
			"to": [1.5, 3, 12],
			"faces": {
				"north": {"uv": [0, 0, 0.25, 2], "texture": "#1"},
				"east": {"uv": [0, 0, 1, 2], "texture": "#1"},
				"south": {"uv": [0, 0, 0.25, 2], "texture": "#1"},
				"west": {"uv": [0, 0, 1, 2], "texture": "#1"},
				"up": {"uv": [0, 0, 0.25, 1], "texture": "#1"},
				"down": {"uv": [0, 0, 0.25, 1], "texture": "#1"}
			}
		},
		{
			"from": [1.25, 6, 13],
			"to": [1.5, 8, 14],
			"faces": {
				"north": {"uv": [0, 0, 0.25, 2], "texture": "#1"},
				"east": {"uv": [0, 0, 1, 2], "texture": "#1"},
				"south": {"uv": [0, 0, 0.25, 2], "texture": "#1"},
				"west": {"uv": [0, 0, 1, 2], "texture": "#1"},
				"up": {"uv": [0, 0, 0.25, 1], "texture": "#1"},
				"down": {"uv": [0, 0, 0.25, 1], "texture": "#1"}
			}
		},
		{
			"from": [1.25, 1, 8],
			"to": [1.5, 2, 9],
			"faces": {
				"north": {"uv": [0, 0, 0.25, 1], "texture": "#1"},
				"east": {"uv": [0, 0, 1, 1], "texture": "#1"},
				"south": {"uv": [0, 0, 0.25, 1], "texture": "#1"},
				"west": {"uv": [0, 0, 1, 1], "texture": "#1"},
				"up": {"uv": [0, 0, 0.25, 1], "texture": "#1"},
				"down": {"uv": [0, 0, 0.25, 1], "texture": "#1"}
			}
		},
		{
			"from": [1.25, 0, 9],
			"to": [1.5, 1, 11],
			"faces": {
				"north": {"uv": [0, 0, 0.25, 1], "texture": "#1"},
				"east": {"uv": [0, 0, 2, 1], "texture": "#1"},
				"south": {"uv": [0, 0, 0.25, 1], "texture": "#1"},
				"west": {"uv": [0, 0, 2, 1], "texture": "#1"},
				"up": {"uv": [0, 0, 0.25, 2], "texture": "#1"},
				"down": {"uv": [0, 0, 0.25, 2], "texture": "#1"}
			}
		}
	],
	"display": {
		"thirdperson_righthand": {
			"translation": [0, 0.5, 0],
			"scale": [0.6, 0.6, 0.6]
		},
		"thirdperson_lefthand": {
			"translation": [0, 0.5, 0],
			"scale": [0.6, 0.6, 0.6]
		},
		"firstperson_righthand": {
			"scale": [0.7, 0.7, 0.7]
		},
		"firstperson_lefthand": {
			"scale": [0.7, 0.7, 0.7]
		},
		"ground": {
			"translation": [0, 3.75, 0],
			"scale": [0.77, 0.75, 0.75]
		},
		"gui": {
			"rotation": [6, 149, 0],
			"translation": [0, -1, 0],
			"scale": [0.78, 0.77, 0.78]
		},
		"head": {
			"translation": [0, 5.25, -1.75],
			"scale": [1.33, 1.33, 1.55]
		},
		"fixed": {
			"rotation": [-90, 0, 0],
			"translation": [0, 0, -2.25],
			"scale": [1.9, 1.9, 1.9]
		}
	},
	"groups": [
		{
			"name": "group",
			"origin": [16, 0, 0],
			"color": 0,
			"children": [0, 1, 2, 3, 4, 5, 6]
		},
		{
			"name": "group",
			"origin": [0, 0, 0],
			"color": 0,
			"children": [7, 8, 9, 10, 11, 12, 13, 14, 15, 16, 17, 18, 19, 20]
		}
	]
}