{
	"credit": "Made with Blockbench",
	"texture_size": [64, 64],
	"textures": {
		"0": "block/black_concrete",
		"1": "block/white_concrete",
		"2": "block/pink_wool",
		"particle": "block/black_concrete"
	},
	"elements": [
		{
			"from": [0, 3, 0],
			"to": [3, 6, 3],
			"rotation": {"angle": 0, "axis": "y", "origin": [1, 3, 0]},
			"faces": {
				"north": {"uv": [4.25, 3, 5, 3.75], "texture": "#2"},
				"east": {"uv": [4.25, 3.75, 5, 4.5], "texture": "#2"},
				"south": {"uv": [4.25, 4.5, 5, 5.25], "texture": "#2"},
				"west": {"uv": [0.75, 4.75, 1.5, 5.5], "texture": "#2"},
				"up": {"uv": [2.25, 5.5, 1.5, 4.75], "texture": "#2"},
				"down": {"uv": [3, 4.75, 2.25, 5.5], "texture": "#2"}
			}
		},
		{
			"from": [1, 5, 1],
			"to": [4, 9, 4],
			"rotation": {"angle": 0, "axis": "y", "origin": [2, 5, 1]},
			"faces": {
				"north": {"uv": [1.5, 0, 2.25, 1], "texture": "#2"},
				"east": {"uv": [1.5, 1, 2.25, 2], "texture": "#2"},
				"south": {"uv": [1.5, 2, 2.25, 3], "texture": "#2"},
				"west": {"uv": [2.25, 0, 3, 1], "texture": "#2"},
				"up": {"uv": [3.75, 5.5, 3, 4.75], "texture": "#2"},
				"down": {"uv": [0.75, 5, 0, 5.75], "texture": "#2"}
			}
		},
		{
			"from": [1, 12, 1],
			"to": [4, 15, 4],
			"rotation": {"angle": 0, "axis": "y", "origin": [2, 12, 1]},
			"faces": {
				"north": {"uv": [5, 0, 5.75, 0.75], "texture": "#2"},
				"east": {"uv": [5, 0.75, 5.75, 1.5], "texture": "#2"},
				"south": {"uv": [5, 1.5, 5.75, 2.25], "texture": "#2"},
				"west": {"uv": [5, 2.25, 5.75, 3], "texture": "#2"},
				"up": {"uv": [5.75, 3.75, 5, 3], "texture": "#2"},
				"down": {"uv": [5.75, 3.75, 5, 4.5], "texture": "#2"}
			}
		},
		{
			"from": [2.5, 12, 2.5],
			"to": [4.5, 14, 4.5],
			"rotation": {"angle": 0, "axis": "y", "origin": [3, 12, 2]},
			"faces": {
				"north": {"uv": [1, 3.5, 1.5, 4], "texture": "#2"},
				"east": {"uv": [3.75, 4.75, 4.25, 5.25], "texture": "#2"},
				"south": {"uv": [2.75, 8.5, 3.25, 9], "texture": "#2"},
				"west": {"uv": [3.25, 8.5, 3.75, 9], "texture": "#2"},
				"up": {"uv": [0.5, 9.25, 0, 8.75], "texture": "#2"},
				"down": {"uv": [9.25, 0, 8.75, 0.5], "texture": "#2"}
			}
		},
		{
			"from": [-1, 11, -1],
			"to": [2, 14, 2],
			"rotation": {"angle": 0, "axis": "y", "origin": [0, 11, -1]},
			"faces": {
				"north": {"uv": [5, 4.5, 5.75, 5.25], "texture": "#2"},
				"east": {"uv": [3.75, 5.25, 4.5, 6], "texture": "#2"},
				"south": {"uv": [4.5, 5.25, 5.25, 6], "texture": "#2"},
				"west": {"uv": [5.25, 5.25, 6, 6], "texture": "#2"},
				"up": {"uv": [1.5, 6.25, 0.75, 5.5], "texture": "#2"},
				"down": {"uv": [2.25, 5.5, 1.5, 6.25], "texture": "#2"}
			}
		},
		{
			"from": [-0.9, 13, 2],
			"to": [0, 13.25, 2.9],
			"rotation": {"angle": 0, "axis": "y", "origin": [0, 12, 0]},
			"faces": {
				"north": {"uv": [3, 0.75, 3.25, 1], "texture": "#2"},
				"east": {"uv": [4, 1.5, 4.25, 1.75], "texture": "#2"},
				"south": {"uv": [9, 2.75, 9.25, 3], "texture": "#2"},
				"west": {"uv": [9, 3, 9.25, 3.25], "texture": "#2"},
				"up": {"uv": [3.5, 9.25, 3.25, 9], "texture": "#2"},
				"down": {"uv": [9.25, 3.25, 9, 3.5], "texture": "#2"}
			}
		},
		{
			"from": [1.75, 13, -0.9],
			"to": [2.9, 13.25, 0.25],
			"rotation": {"angle": 0, "axis": "y", "origin": [0.75, 12, -0.75]},
			"faces": {
				"north": {"uv": [3.5, 9, 3.75, 9.25], "texture": "#2"},
				"east": {"uv": [9, 3.5, 9.25, 3.75], "texture": "#2"},
				"south": {"uv": [3.75, 9, 4, 9.25], "texture": "#2"},
				"west": {"uv": [4, 9, 4.25, 9.25], "texture": "#2"},
				"up": {"uv": [4.5, 9.25, 4.25, 9], "texture": "#2"},
				"down": {"uv": [4.75, 9, 4.5, 9.25], "texture": "#2"}
			}
		},
		{
			"from": [0, 11, 2],
			"to": [2, 14, 3],
			"rotation": {"angle": 0, "axis": "y", "origin": [0, 11, 2]},
			"faces": {
				"north": {"uv": [0.75, 8.5, 1.25, 9.25], "texture": "#2"},
				"east": {"uv": [0.5, 8.75, 0.75, 9.5], "texture": "#2"},
				"south": {"uv": [1.25, 8.5, 1.75, 9.25], "texture": "#2"},
				"west": {"uv": [8.75, 1.5, 9, 2.25], "texture": "#2"},
				"up": {"uv": [9.25, 5, 8.75, 4.75], "texture": "#2"},
				"down": {"uv": [9.25, 5, 8.75, 5.25], "texture": "#2"}
			}
		},
		{
			"from": [2, 11, 0],
			"to": [3, 14, 2],
			"rotation": {"angle": 0, "axis": "y", "origin": [3, 11, -1]},
			"faces": {
				"north": {"uv": [8.75, 2.25, 9, 3], "texture": "#2"},
				"east": {"uv": [1.75, 8.5, 2.25, 9.25], "texture": "#2"},
				"south": {"uv": [8.75, 3, 9, 3.75], "texture": "#2"},
				"west": {"uv": [2.25, 8.5, 2.75, 9.25], "texture": "#2"},
				"up": {"uv": [1, 4.75, 0.75, 4.25], "texture": "#2"},
				"down": {"uv": [9.25, 1.5, 9, 2], "texture": "#2"}
			}
		},
		{
			"from": [-0.5, 14, -0.5],
			"to": [2, 14.5, 2],
			"rotation": {"angle": 0, "axis": "y", "origin": [0, 14, -1]},
			"faces": {
				"north": {"uv": [8.75, 3.75, 9.5, 4], "texture": "#2"},
				"east": {"uv": [8.75, 4, 9.5, 4.25], "texture": "#2"},
				"south": {"uv": [8.75, 4.25, 9.5, 4.5], "texture": "#2"},
				"west": {"uv": [8.75, 4.5, 9.5, 4.75], "texture": "#2"},
				"up": {"uv": [3, 6.25, 2.25, 5.5], "texture": "#2"},
				"down": {"uv": [3.75, 5.5, 3, 6.25], "texture": "#2"}
			}
		},
		{
			"from": [0, 10.5, 0],
			"to": [2, 11, 2],
			"rotation": {"angle": 0, "axis": "y", "origin": [1, 8, 0]},
			"faces": {
				"north": {"uv": [9, 2, 9.5, 2.25], "texture": "#2"},
				"east": {"uv": [9, 2.25, 9.5, 2.5], "texture": "#2"},
				"south": {"uv": [9, 2.5, 9.5, 2.75], "texture": "#2"},
				"west": {"uv": [2.75, 9, 3.25, 9.25], "texture": "#2"},
				"up": {"uv": [9.25, 1, 8.75, 0.5], "texture": "#2"},
				"down": {"uv": [9.25, 1, 8.75, 1.5], "texture": "#2"}
			}
		},
		{
			"from": [2, 8, 2],
			"to": [5, 13, 5],
			"rotation": {"angle": 0, "axis": "y", "origin": [3, 8, 2]},
			"faces": {
				"north": {"uv": [0, 0, 0.75, 1.25], "texture": "#2"},
				"east": {"uv": [0.75, 0, 1.5, 1.25], "texture": "#2"},
				"south": {"uv": [0, 1.25, 0.75, 2.5], "texture": "#2"},
				"west": {"uv": [0.75, 1.25, 1.5, 2.5], "texture": "#2"},
				"up": {"uv": [0.75, 6.5, 0, 5.75], "texture": "#2"},
				"down": {"uv": [6.5, 0, 5.75, 0.75], "texture": "#2"}
			}
		},
		{
			"from": [0, 0, 0],
			"to": [3, 3, 3],
			"faces": {
				"north": {"uv": [5.75, 0.75, 6.5, 1.5], "texture": "#2"},
				"east": {"uv": [5.75, 1.5, 6.5, 2.25], "texture": "#2"},
				"south": {"uv": [5.75, 2.25, 6.5, 3], "texture": "#2"},
				"west": {"uv": [5.75, 3, 6.5, 3.75], "texture": "#2"},
				"up": {"uv": [6.5, 4.5, 5.75, 3.75], "texture": "#2"},
				"down": {"uv": [6.5, 4.5, 5.75, 5.25], "texture": "#2"}
			}
		},
		{
			"from": [-1, 0, 3],
			"to": [2, 3, 6],
			"rotation": {"angle": 0, "axis": "y", "origin": [-1, 0, 3]},
			"faces": {
				"north": {"uv": [3.75, 6, 4.5, 6.75], "texture": "#2"},
				"east": {"uv": [4.5, 6, 5.25, 6.75], "texture": "#2"},
				"south": {"uv": [5.25, 6, 6, 6.75], "texture": "#2"},
				"west": {"uv": [6, 5.25, 6.75, 6], "texture": "#2"},
				"up": {"uv": [6.75, 6.75, 6, 6], "texture": "#2"},
				"down": {"uv": [1.5, 6.25, 0.75, 7], "texture": "#2"}
			}
		},
		{
			"from": [-1, 0, 10],
			"to": [2, 3, 13],
			"rotation": {"angle": 0, "axis": "y", "origin": [-1, 0, 10]},
			"faces": {
				"north": {"uv": [1.5, 6.25, 2.25, 7], "texture": "#2"},
				"east": {"uv": [2.25, 6.25, 3, 7], "texture": "#2"},
				"south": {"uv": [3, 6.25, 3.75, 7], "texture": "#2"},
				"west": {"uv": [0, 6.5, 0.75, 7.25], "texture": "#2"},
				"up": {"uv": [7.25, 0.75, 6.5, 0], "texture": "#2"},
				"down": {"uv": [7.25, 0.75, 6.5, 1.5], "texture": "#2"}
			}
		},
		{
			"from": [-2, 0, 6],
			"to": [1, 3, 10],
			"rotation": {"angle": 0, "axis": "y", "origin": [-2, 0, 6]},
			"faces": {
				"north": {"uv": [6.5, 1.5, 7.25, 2.25], "texture": "#2"},
				"east": {"uv": [2.25, 1, 3.25, 1.75], "texture": "#2"},
				"south": {"uv": [6.5, 2.25, 7.25, 3], "texture": "#2"},
				"west": {"uv": [2.25, 1.75, 3.25, 2.5], "texture": "#2"},
				"up": {"uv": [0.75, 3.5, 0, 2.5], "texture": "#2"},
				"down": {"uv": [1.5, 2.5, 0.75, 3.5], "texture": "#2"}
			}
		},
		{
			"from": [15, 0, 6],
			"to": [18, 3, 10],
			"rotation": {"angle": 0, "axis": "y", "origin": [15, 0, 6]},
			"faces": {
				"north": {"uv": [6.5, 3, 7.25, 3.75], "texture": "#2"},
				"east": {"uv": [2.25, 2.5, 3.25, 3.25], "texture": "#2"},
				"south": {"uv": [6.5, 3.75, 7.25, 4.5], "texture": "#2"},
				"west": {"uv": [3, 0, 4, 0.75], "texture": "#2"},
				"up": {"uv": [2.25, 4, 1.5, 3], "texture": "#2"},
				"down": {"uv": [4, 0.75, 3.25, 1.75], "texture": "#2"}
			}
		},
		{
			"from": [0, 0, 13],
			"to": [3, 3, 16],
			"rotation": {"angle": 0, "axis": "y", "origin": [0, 0, 13]},
			"faces": {
				"north": {"uv": [6.5, 4.5, 7.25, 5.25], "texture": "#2"},
				"east": {"uv": [3.75, 6.75, 4.5, 7.5], "texture": "#2"},
				"south": {"uv": [4.5, 6.75, 5.25, 7.5], "texture": "#2"},
				"west": {"uv": [5.25, 6.75, 6, 7.5], "texture": "#2"},
				"up": {"uv": [7.5, 6, 6.75, 5.25], "texture": "#2"},
				"down": {"uv": [6.75, 6.75, 6, 7.5], "texture": "#2"}
			}
		},
		{
			"from": [3, 0, 14],
			"to": [6, 3, 17],
			"rotation": {"angle": 0, "axis": "y", "origin": [3, 0, 14]},
			"faces": {
				"north": {"uv": [6.75, 6, 7.5, 6.75], "texture": "#2"},
				"east": {"uv": [6.75, 6.75, 7.5, 7.5], "texture": "#2"},
				"south": {"uv": [0.75, 7, 1.5, 7.75], "texture": "#2"},
				"west": {"uv": [1.5, 7, 2.25, 7.75], "texture": "#2"},
				"up": {"uv": [3, 7.75, 2.25, 7], "texture": "#2"},
				"down": {"uv": [3.75, 7, 3, 7.75], "texture": "#2"}
			}
		},
		{
			"from": [3, 0, -1],
			"to": [6, 3, 2],
			"rotation": {"angle": 0, "axis": "y", "origin": [3, 0, -1]},
			"faces": {
				"north": {"uv": [0, 7.25, 0.75, 8], "texture": "#2"},
				"east": {"uv": [7.25, 0, 8, 0.75], "texture": "#2"},
				"south": {"uv": [7.25, 0.75, 8, 1.5], "texture": "#2"},
				"west": {"uv": [7.25, 1.5, 8, 2.25], "texture": "#2"},
				"up": {"uv": [8, 3, 7.25, 2.25], "texture": "#2"},
				"down": {"uv": [8, 3, 7.25, 3.75], "texture": "#2"}
			}
		},
		{
			"from": [10, 0, -1],
			"to": [13, 3, 2],
			"rotation": {"angle": 0, "axis": "y", "origin": [10, 0, -1]},
			"faces": {
				"north": {"uv": [7.25, 3.75, 8, 4.5], "texture": "#2"},
				"east": {"uv": [7.25, 4.5, 8, 5.25], "texture": "#2"},
				"south": {"uv": [3.75, 7.5, 4.5, 8.25], "texture": "#2"},
				"west": {"uv": [4.5, 7.5, 5.25, 8.25], "texture": "#2"},
				"up": {"uv": [6, 8.25, 5.25, 7.5], "texture": "#2"},
				"down": {"uv": [8.25, 5.25, 7.5, 6], "texture": "#2"}
			}
		},
		{
			"from": [6, 0, -2],
			"to": [10, 3, 1],
			"rotation": {"angle": 0, "axis": "y", "origin": [7, 0, -2]},
			"faces": {
				"north": {"uv": [3.25, 1.75, 4.25, 2.5], "texture": "#2"},
				"east": {"uv": [6, 7.5, 6.75, 8.25], "texture": "#2"},
				"south": {"uv": [2.25, 3.25, 3.25, 4], "texture": "#2"},
				"west": {"uv": [7.5, 6, 8.25, 6.75], "texture": "#2"},
				"up": {"uv": [4.25, 3.25, 3.25, 2.5], "texture": "#2"},
				"down": {"uv": [4.25, 3.25, 3.25, 4], "texture": "#2"}
			}
		},
		{
			"from": [6, 0, 15],
			"to": [10, 3, 18],
			"rotation": {"angle": 0, "axis": "y", "origin": [7, 0, 15]},
			"faces": {
				"north": {"uv": [0, 3.5, 1, 4.25], "texture": "#2"},
				"east": {"uv": [6.75, 7.5, 7.5, 8.25], "texture": "#2"},
				"south": {"uv": [4, 0, 5, 0.75], "texture": "#2"},
				"west": {"uv": [7.5, 6.75, 8.25, 7.5], "texture": "#2"},
				"up": {"uv": [5, 1.5, 4, 0.75], "texture": "#2"},
				"down": {"uv": [2, 4, 1, 4.75], "texture": "#2"}
			}
		},
		{
			"from": [10, 0, 14],
			"to": [13, 3, 17],
			"rotation": {"angle": 0, "axis": "y", "origin": [10, 0, 14]},
			"faces": {
				"north": {"uv": [7.5, 7.5, 8.25, 8.25], "texture": "#2"},
				"east": {"uv": [0.75, 7.75, 1.5, 8.5], "texture": "#2"},
				"south": {"uv": [1.5, 7.75, 2.25, 8.5], "texture": "#2"},
				"west": {"uv": [2.25, 7.75, 3, 8.5], "texture": "#2"},
				"up": {"uv": [3.75, 8.5, 3, 7.75], "texture": "#2"},
				"down": {"uv": [0.75, 8, 0, 8.75], "texture": "#2"}
			}
		},
		{
			"from": [13, 0, 13],
			"to": [16, 3, 16],
			"rotation": {"angle": 0, "axis": "y", "origin": [13, 0, 13]},
			"faces": {
				"north": {"uv": [8, 0, 8.75, 0.75], "texture": "#2"},
				"east": {"uv": [8, 0.75, 8.75, 1.5], "texture": "#2"},
				"south": {"uv": [8, 1.5, 8.75, 2.25], "texture": "#2"},
				"west": {"uv": [8, 2.25, 8.75, 3], "texture": "#2"},
				"up": {"uv": [8.75, 3.75, 8, 3], "texture": "#2"},
				"down": {"uv": [8.75, 3.75, 8, 4.5], "texture": "#2"}
			}
		},
		{
			"from": [13, 0, 0],
			"to": [16, 3, 3],
			"rotation": {"angle": 0, "axis": "y", "origin": [13, 0, 0]},
			"faces": {
				"north": {"uv": [8, 4.5, 8.75, 5.25], "texture": "#2"},
				"east": {"uv": [3.75, 8.25, 4.5, 9], "texture": "#2"},
				"south": {"uv": [4.5, 8.25, 5.25, 9], "texture": "#2"},
				"west": {"uv": [5.25, 8.25, 6, 9], "texture": "#2"},
				"up": {"uv": [9, 6, 8.25, 5.25], "texture": "#2"},
				"down": {"uv": [6.75, 8.25, 6, 9], "texture": "#2"}
			}
		},
		{
			"from": [14, 0, 3],
			"to": [17, 3, 6],
			"rotation": {"angle": 0, "axis": "y", "origin": [14, 0, 3]},
			"faces": {
				"north": {"uv": [8.25, 6, 9, 6.75], "texture": "#2"},
				"east": {"uv": [6.75, 8.25, 7.5, 9], "texture": "#2"},
				"south": {"uv": [8.25, 6.75, 9, 7.5], "texture": "#2"},
				"west": {"uv": [7.5, 8.25, 8.25, 9], "texture": "#2"},
				"up": {"uv": [9, 8.25, 8.25, 7.5], "texture": "#2"},
				"down": {"uv": [9, 8.25, 8.25, 9], "texture": "#2"}
			}
		},
		{
			"from": [14, 0, 10],
			"to": [17, 3, 13],
			"rotation": {"angle": 0, "axis": "y", "origin": [14, 0, 10]},
			"faces": {
				"north": {"uv": [2, 4, 2.75, 4.75], "texture": "#2"},
				"east": {"uv": [2.75, 4, 3.5, 4.75], "texture": "#2"},
				"south": {"uv": [3.5, 4, 4.25, 4.75], "texture": "#2"},
				"west": {"uv": [0, 4.25, 0.75, 5], "texture": "#2"},
				"up": {"uv": [5, 2.25, 4.25, 1.5], "texture": "#2"},
				"down": {"uv": [5, 2.25, 4.25, 3], "texture": "#2"}
			}
		},
		{
			"from": [-0.75, 12, 1.75],
			"to": [0.25, 13, 2.75],
			"rotation": {"angle": 0, "axis": "y", "origin": [0.25, 11, -0.25]},
			"faces": {
				"north": {"uv": [1, 2, 2, 3], "texture": "#1"},
				"east": {"uv": [2, 1, 3, 2], "texture": "#1"},
				"south": {"uv": [2, 2, 3, 3], "texture": "#1"},
				"west": {"uv": [0, 3, 1, 4], "texture": "#1"},
				"up": {"uv": [4, 1, 3, 0], "texture": "#1"},
				"down": {"uv": [2, 3, 1, 4], "texture": "#1"}
			}
		},
		{
			"from": [-0.85, 12.25, 2.25],
			"to": [-0.25, 12.75, 2.85],
			"rotation": {"angle": 0, "axis": "y", "origin": [0.25, 11, -0.25]},
			"faces": {
				"north": {"uv": [1, 2, 2, 3], "texture": "#0"},
				"east": {"uv": [2, 1, 3, 2], "texture": "#0"},
				"south": {"uv": [2, 2, 3, 3], "texture": "#0"},
				"west": {"uv": [0, 3, 1, 4], "texture": "#0"},
				"up": {"uv": [4, 1, 3, 0], "texture": "#0"},
				"down": {"uv": [2, 3, 1, 4], "texture": "#0"}
			}
		},
		{
			"from": [1.75, 12, -0.75],
			"to": [2.75, 13, 0.25],
			"rotation": {"angle": 0, "axis": "y", "origin": [0.75, 11, -0.75]},
			"faces": {
				"north": {"uv": [0, 0, 1, 1], "texture": "#1"},
				"east": {"uv": [0, 1, 1, 2], "texture": "#1"},
				"south": {"uv": [1, 0, 2, 1], "texture": "#1"},
				"west": {"uv": [1, 1, 2, 2], "texture": "#1"},
				"up": {"uv": [1, 3, 0, 2], "texture": "#1"},
				"down": {"uv": [3, 0, 2, 1], "texture": "#1"}
			}
		},
		{
			"from": [2.25, 12.25, -0.85],
			"to": [2.85, 12.75, -0.25],
			"rotation": {"angle": 0, "axis": "y", "origin": [0.75, 11, -0.75]},
			"faces": {
				"north": {"uv": [0, 0, 1, 1], "texture": "#0"},
				"east": {"uv": [0, 1, 1, 2], "texture": "#0"},
				"south": {"uv": [1, 0, 2, 1], "texture": "#0"},
				"west": {"uv": [1, 1, 2, 2], "texture": "#0"},
				"up": {"uv": [1, 3, 0, 2], "texture": "#0"},
				"down": {"uv": [3, 0, 2, 1], "texture": "#0"}
			}
		},
		{
			"from": [-2.5, 6.75, -2.5],
			"to": [-2, 7.75, -2],
			"rotation": {"angle": 0, "axis": "y", "origin": [-3.5, 6.25, -4.75]},
			"faces": {
				"north": {"uv": [6, 3, 7, 4], "texture": "#0"},
				"east": {"uv": [4, 6, 5, 7], "texture": "#0"},
				"south": {"uv": [6, 4, 7, 5], "texture": "#0"},
				"west": {"uv": [5, 6, 6, 7], "texture": "#0"},
				"up": {"uv": [7, 6, 6, 5], "texture": "#0"},
				"down": {"uv": [7, 6, 6, 7], "texture": "#0"}
			}
		},
		{
			"from": [-3, 7.5, -3],
			"to": [-2.25, 9, -2.25],
			"rotation": {"angle": 0, "axis": "y", "origin": [-4, 7.5, -5]},
			"faces": {
				"north": {"uv": [5, 2, 6, 4], "texture": "#0"},
				"east": {"uv": [5, 4, 6, 6], "texture": "#0"},
				"south": {"uv": [0, 6, 1, 8], "texture": "#0"},
				"west": {"uv": [6, 0, 7, 2], "texture": "#0"},
				"up": {"uv": [7, 3, 6, 2], "texture": "#0"},
				"down": {"uv": [4, 6, 3, 7], "texture": "#0"}
			}
		},
		{
			"from": [-2.75, 8.5, -2.75],
			"to": [-1.75, 10, -1.75],
			"rotation": {"angle": 0, "axis": "y", "origin": [-3.5, 8.5, -4.5]},
			"faces": {
				"north": {"uv": [2, 4, 3, 6], "texture": "#0"},
				"east": {"uv": [4, 2, 5, 4], "texture": "#0"},
				"south": {"uv": [3, 4, 4, 6], "texture": "#0"},
				"west": {"uv": [4, 4, 5, 6], "texture": "#0"},
				"up": {"uv": [2, 7, 1, 6], "texture": "#0"},
				"down": {"uv": [3, 6, 2, 7], "texture": "#0"}
			}
		},
		{
			"from": [-2.5, 9.5, -2.5],
			"to": [-1, 11, -1],
			"rotation": {"angle": 0, "axis": "y", "origin": [-3, 9.5, -4]},
			"faces": {
				"north": {"uv": [0, 0, 2, 2], "texture": "#0"},
				"east": {"uv": [0, 2, 2, 4], "texture": "#0"},
				"south": {"uv": [2, 0, 4, 2], "texture": "#0"},
				"west": {"uv": [2, 2, 4, 4], "texture": "#0"},
				"up": {"uv": [2, 6, 0, 4], "texture": "#0"},
				"down": {"uv": [6, 0, 4, 2], "texture": "#0"}
			}
		},
		{
			"from": [-2, 10, -2],
			"to": [0, 12.5, 0],
			"rotation": {"angle": 0, "axis": "y", "origin": [-2, 10, -3]},
			"color": 0,
			"faces": {
				"north": {"uv": [0, 0, 0.5, 0.625], "texture": "#missing"},
				"east": {"uv": [0, 0, 0.5, 0.625], "texture": "#missing"},
				"south": {"uv": [0, 0, 0.5, 0.625], "texture": "#missing"},
				"west": {"uv": [0, 0, 0.5, 0.625], "texture": "#missing"},
				"up": {"uv": [0, 0, 0.5, 0.5], "texture": "#missing"},
				"down": {"uv": [0, 0, 0.5, 0.5], "texture": "#missing"}
			}
		},
		{
			"from": [0, 10.5, -1.5],
			"to": [0.5, 12.5, 0],
			"rotation": {"angle": 0, "axis": "y", "origin": [0, 10, -3]},
			"faces": {
				"north": {"uv": [0, 0, 0.125, 0.5], "texture": "#2"},
				"east": {"uv": [0, 0, 0.375, 0.5], "texture": "#2"},
				"south": {"uv": [0, 0, 0.125, 0.5], "texture": "#2"},
				"west": {"uv": [0, 0, 0.375, 0.5], "texture": "#2"},
				"up": {"uv": [0, 0, 0.125, 0.375], "texture": "#2"},
				"down": {"uv": [0, 0, 0.125, 0.375], "texture": "#2"}
			}
		},
		{
			"from": [-1.5, 10.5, 0],
			"to": [0, 12.5, 0.5],
			"rotation": {"angle": 0, "axis": "y", "origin": [-2, 10, -1]},
			"faces": {
				"north": {"uv": [0, 0, 0.375, 0.5], "texture": "#2"},
				"east": {"uv": [0, 0, 0.125, 0.5], "texture": "#2"},
				"south": {"uv": [0, 0, 0.375, 0.5], "texture": "#2"},
				"west": {"uv": [0, 0, 0.125, 0.5], "texture": "#2"},
				"up": {"uv": [0, 0, 0.375, 0.125], "texture": "#2"},
				"down": {"uv": [0, 0, 0.375, 0.125], "texture": "#2"}
			}
		},
		{
			"from": [-1.75, 12.5, -1.75],
			"to": [0, 13, 0],
			"rotation": {"angle": 0, "axis": "y", "origin": [-2, 12.5, -3]},
			"faces": {
				"north": {"uv": [0, 0, 0.4375, 0.125], "texture": "#2"},
				"east": {"uv": [0, 0, 0.4375, 0.125], "texture": "#2"},
				"south": {"uv": [0, 0, 0.4375, 0.125], "texture": "#2"},
				"west": {"uv": [0, 0, 0.4375, 0.125], "texture": "#2"},
				"up": {"uv": [0, 0, 0.4375, 0.4375], "texture": "#2"},
				"down": {"uv": [0, 0, 0.4375, 0.4375], "texture": "#2"}
			}
		},
		{
			"from": [-1.5, 13, -1.5],
			"to": [0, 13.5, 0],
			"rotation": {"angle": 0, "axis": "y", "origin": [-2, 13, -3]},
			"faces": {
				"north": {"uv": [0, 0, 0.375, 0.125], "texture": "#2"},
				"east": {"uv": [0, 0, 0.375, 0.125], "texture": "#2"},
				"south": {"uv": [0, 0, 0.375, 0.125], "texture": "#2"},
				"west": {"uv": [0, 0, 0.375, 0.125], "texture": "#2"},
				"up": {"uv": [0, 0, 0.375, 0.375], "texture": "#2"},
				"down": {"uv": [0, 0, 0.375, 0.375], "texture": "#2"}
			}
		}
	],
	"display": {
		"thirdperson_righthand": {
			"translation": [0, 2.5, 0],
			"scale": [0.35, 0.35, 0.35]
		},
		"thirdperson_lefthand": {
			"scale": [0.35, 0.35, 0.35]
		},
		"firstperson_lefthand": {
			"rotation": [0, 77, 0]
		},
		"ground": {
			"translation": [0, 9.75, 0]
		},
		"gui": {
			"rotation": [20, 0, 0],
			"translation": [0.25, 0, 0],
			"scale": [0.54, 0.56, 0.54]
		},
		"fixed": {
			"rotation": [-90, 0, 0],
			"translation": [0, 0, -13.75],
			"scale": [1.86, 1.86, 1.86]
		}
	},
	"groups": [
		0,
		1,
		2,
		3,
		4,
		5,
		6,
		7,
		8,
		9,
		10,
		11,
		12,
		13,
		14,
		15,
		16,
		17,
		18,
		19,
		20,
		21,
		22,
		23,
		24,
		25,
		26,
		27,
		{
			"name": "group",
			"origin": [0.75, 11, -0.75],
			"color": 0,
			"children": [28, 29, 30, 31]
		},
		{
			"name": "group",
			"origin": [-1, 13, -3],
			"color": 0,
			"children": [32, 33, 34, 35, 36, 37, 38, 39, 40]
		}
	]
}