{
	"credit": "Made with Blockbench",
	"texture_size": [32, 32],
	"textures": {
		"0": "block/black_wool",
		"1": "block/black_concrete",
		"2": "block/nether_wart_block",
		"3": "block/gold_block",
		"particle": "block/black_wool"
	},
	"elements": [
		{
			"from": [4, 2, 4],
			"to": [12, 15, 12],
			"rotation": {"angle": 0, "axis": "y", "origin": [7, 7, 7]},
			"faces": {
				"north": {"uv": [0, 0, 2, 3.5], "texture": "#1"},
				"east": {"uv": [2, 0, 4, 3.5], "texture": "#1"},
				"south": {"uv": [0, 3.5, 2, 7], "texture": "#1"},
				"west": {"uv": [2, 3.5, 4, 7], "texture": "#1"},
				"up": {"uv": [7.5, 9, 5.5, 7], "texture": "#1"},
				"down": {"uv": [5, 7.5, 3, 9.5], "texture": "#1"}
			}
		},
		{
			"from": [5, 2, 3],
			"to": [11, 14.5, 4],
			"rotation": {"angle": 0, "axis": "y", "origin": [7, 7, -1]},
			"faces": {
				"north": {"uv": [1.5, 7, 3, 10.25], "texture": "#1"},
				"east": {"uv": [5.75, 10, 6, 13.25], "texture": "#1"},
				"south": {"uv": [7, 3.5, 8.5, 6.75], "texture": "#1"},
				"west": {"uv": [6, 10, 6.25, 13.25], "texture": "#1"},
				"up": {"uv": [11.5, 2.25, 10, 2], "texture": "#1"},
				"down": {"uv": [11.5, 2.25, 10, 2.5], "texture": "#1"}
			}
		},
		{
			"from": [5, 2, 12],
			"to": [11, 14.5, 13],
			"rotation": {"angle": 0, "axis": "y", "origin": [7, 7, 8]},
			"faces": {
				"north": {"uv": [5.5, 0, 7, 3.5], "texture": "#1"},
				"east": {"uv": [9, 9.75, 9.25, 13.25], "texture": "#1"},
				"south": {"uv": [5.5, 3.5, 7, 7], "texture": "#1"},
				"west": {"uv": [5, 10, 5.25, 13.5], "texture": "#1"},
				"up": {"uv": [11.5, 5.5, 10, 5.25], "texture": "#1"},
				"down": {"uv": [11.5, 5.5, 10, 5.75], "texture": "#1"}
			}
		},
		{
			"from": [12, 2, 5],
			"to": [13, 15.5, 11],
			"rotation": {"angle": 0, "axis": "y", "origin": [15, 7, 7]},
			"faces": {
				"north": {"uv": [4.5, 9.5, 4.75, 13.25], "texture": "#1"},
				"east": {"uv": [4, 0, 5.5, 3.75], "texture": "#1"},
				"south": {"uv": [4.75, 9.5, 5, 13.25], "texture": "#1"},
				"west": {"uv": [4, 3.75, 5.5, 7.5], "texture": "#1"},
				"up": {"uv": [5.25, 9, 5, 7.5], "texture": "#1"},
				"down": {"uv": [5.5, 7.5, 5.25, 9], "texture": "#1"}
			}
		},
		{
			"from": [3, 2, 5],
			"to": [4, 14.5, 11],
			"rotation": {"angle": 0, "axis": "y", "origin": [6, 7, 7]},
			"faces": {
				"north": {"uv": [5.25, 10, 5.5, 13.5], "texture": "#1"},
				"east": {"uv": [0, 7, 1.5, 10.5], "texture": "#1"},
				"south": {"uv": [5.5, 10, 5.75, 13.5], "texture": "#1"},
				"west": {"uv": [7, 0, 8.5, 3.5], "texture": "#1"},
				"up": {"uv": [6.5, 11.5, 6.25, 10], "texture": "#1"},
				"down": {"uv": [1.75, 10.25, 1.5, 11.75], "texture": "#1"}
			}
		},
		{
			"from": [5, 12, 5],
			"to": [12, 15.5, 11],
			"rotation": {"angle": 0, "axis": "y", "origin": [7, 15, 7]},
			"faces": {
				"north": {"uv": [8.5, 2.5, 10.25, 3.5], "texture": "#1"},
				"east": {"uv": [8.5, 4.5, 10, 5.5], "texture": "#1"},
				"south": {"uv": [8.5, 3.5, 10.25, 4.5], "texture": "#1"},
				"west": {"uv": [8.5, 5.5, 10, 6.5], "texture": "#1"},
				"up": {"uv": [9.25, 8.25, 7.5, 6.75], "texture": "#1"},
				"down": {"uv": [9.25, 8.25, 7.5, 9.75], "texture": "#1"}
			}
		},
		{
			"from": [6.25, 12.5, 5.5],
			"to": [12.5, 16, 10.5],
			"rotation": {"angle": 0, "axis": "y", "origin": [7, 15.5, 7]},
			"faces": {
				"north": {"uv": [5, 9, 6.5, 10], "texture": "#1"},
				"east": {"uv": [6.5, 9.75, 7.75, 10.75], "texture": "#1"},
				"south": {"uv": [9.25, 6.5, 10.75, 7.5], "texture": "#1"},
				"west": {"uv": [7.75, 9.75, 9, 10.75], "texture": "#1"},
				"up": {"uv": [10, 1.25, 8.5, 0], "texture": "#1"},
				"down": {"uv": [10, 1.25, 8.5, 2.5], "texture": "#1"}
			}
		},
		{
			"from": [8, 13, 6],
			"to": [13.5, 16.5, 10],
			"rotation": {"angle": 0, "axis": "y", "origin": [7, 16, 7]},
			"faces": {
				"north": {"uv": [9.25, 7.5, 10.75, 8.5], "texture": "#1"},
				"east": {"uv": [10, 0, 11, 1], "texture": "#1"},
				"south": {"uv": [9.25, 8.5, 10.75, 9.5], "texture": "#1"},
				"west": {"uv": [10, 1, 11, 2], "texture": "#1"},
				"up": {"uv": [4.5, 10.5, 3, 9.5], "texture": "#1"},
				"down": {"uv": [10.75, 9.5, 9.25, 10.5], "texture": "#1"}
			}
		},
		{
			"from": [10.25, 16, 6.75],
			"to": [14, 17, 9.25],
			"rotation": {"angle": 0, "axis": "y", "origin": [7, 16.5, 7]},
			"faces": {
				"north": {"uv": [3, 7, 4, 7.25], "texture": "#1"},
				"east": {"uv": [8.5, 6.5, 9.25, 6.75], "texture": "#1"},
				"south": {"uv": [3, 7.25, 4, 7.5], "texture": "#1"},
				"west": {"uv": [10, 5.75, 10.75, 6], "texture": "#1"},
				"up": {"uv": [7.5, 9.75, 6.5, 9], "texture": "#1"},
				"down": {"uv": [11, 4.5, 10, 5.25], "texture": "#1"}
			}
		},
		{
			"from": [3.75, 4, 0.75],
			"to": [4.75, 4.5, 1],
			"rotation": {"angle": 0, "axis": "y", "origin": [4.75, 2.5, -1]},
			"faces": {
				"north": {"uv": [0, 4, 1, 5], "texture": "#2"},
				"east": {"uv": [4, 0, 5, 1], "texture": "#2"},
				"south": {"uv": [1, 4, 2, 5], "texture": "#2"},
				"west": {"uv": [4, 1, 5, 2], "texture": "#2"},
				"up": {"uv": [3, 5, 2, 4], "texture": "#2"},
				"down": {"uv": [5, 2, 4, 3], "texture": "#2"}
			}
		},
		{
			"from": [3.5, 3, 0.75],
			"to": [5.5, 4, 1],
			"rotation": {"angle": 0, "axis": "y", "origin": [4.5, 2, -1]},
			"faces": {
				"north": {"uv": [0, 0, 2, 1], "texture": "#2"},
				"east": {"uv": [3, 4, 4, 5], "texture": "#2"},
				"south": {"uv": [0, 1, 2, 2], "texture": "#2"},
				"west": {"uv": [4, 3, 5, 4], "texture": "#2"},
				"up": {"uv": [2, 3, 0, 2], "texture": "#2"},
				"down": {"uv": [4, 0, 2, 1], "texture": "#2"}
			}
		},
		{
			"from": [4.5, 2.5, 0.75],
			"to": [5.5, 3, 1],
			"rotation": {"angle": 0, "axis": "y", "origin": [5.5, 1, -1]},
			"faces": {
				"north": {"uv": [4, 4, 5, 5], "texture": "#2"},
				"east": {"uv": [0, 5, 1, 6], "texture": "#2"},
				"south": {"uv": [5, 0, 6, 1], "texture": "#2"},
				"west": {"uv": [1, 5, 2, 6], "texture": "#2"},
				"up": {"uv": [6, 2, 5, 1], "texture": "#2"},
				"down": {"uv": [3, 5, 2, 6], "texture": "#2"}
			}
		},
		{
			"from": [5.5, 2, 0.75],
			"to": [6.5, 3, 1],
			"rotation": {"angle": 0, "axis": "y", "origin": [6.5, 1, -1]},
			"faces": {
				"north": {"uv": [5, 2, 6, 3], "texture": "#2"},
				"east": {"uv": [3, 5, 4, 6], "texture": "#2"},
				"south": {"uv": [5, 3, 6, 4], "texture": "#2"},
				"west": {"uv": [4, 5, 5, 6], "texture": "#2"},
				"up": {"uv": [6, 5, 5, 4], "texture": "#2"},
				"down": {"uv": [6, 5, 5, 6], "texture": "#2"}
			}
		},
		{
			"from": [5.5, 3, 0.75],
			"to": [6, 3.5, 1],
			"rotation": {"angle": 0, "axis": "y", "origin": [6.5, 1.5, -1]},
			"faces": {
				"north": {"uv": [0, 6, 1, 7], "texture": "#2"},
				"east": {"uv": [6, 0, 7, 1], "texture": "#2"},
				"south": {"uv": [1, 6, 2, 7], "texture": "#2"},
				"west": {"uv": [6, 1, 7, 2], "texture": "#2"},
				"up": {"uv": [3, 7, 2, 6], "texture": "#2"},
				"down": {"uv": [7, 2, 6, 3], "texture": "#2"}
			}
		},
		{
			"from": [9.5, 2, 0.75],
			"to": [10.5, 3, 1],
			"rotation": {"angle": 0, "axis": "y", "origin": [9.5, 1, -1]},
			"faces": {
				"north": {"uv": [3, 6, 4, 7], "texture": "#2"},
				"east": {"uv": [6, 3, 7, 4], "texture": "#2"},
				"south": {"uv": [4, 6, 5, 7], "texture": "#2"},
				"west": {"uv": [6, 4, 7, 5], "texture": "#2"},
				"up": {"uv": [6, 7, 5, 6], "texture": "#2"},
				"down": {"uv": [7, 5, 6, 6], "texture": "#2"}
			}
		},
		{
			"from": [10, 3, 0.75],
			"to": [10.5, 3.5, 1],
			"rotation": {"angle": 0, "axis": "y", "origin": [9.5, 1.5, -1]},
			"faces": {
				"north": {"uv": [6, 6, 7, 7], "texture": "#2"},
				"east": {"uv": [0, 7, 1, 8], "texture": "#2"},
				"south": {"uv": [7, 0, 8, 1], "texture": "#2"},
				"west": {"uv": [1, 7, 2, 8], "texture": "#2"},
				"up": {"uv": [8, 2, 7, 1], "texture": "#2"},
				"down": {"uv": [3, 7, 2, 8], "texture": "#2"}
			}
		},
		{
			"from": [10.5, 2.5, 0.75],
			"to": [11.5, 3, 1],
			"rotation": {"angle": 0, "axis": "y", "origin": [10.5, 1, -1]},
			"faces": {
				"north": {"uv": [7, 2, 8, 3], "texture": "#2"},
				"east": {"uv": [3, 7, 4, 8], "texture": "#2"},
				"south": {"uv": [7, 3, 8, 4], "texture": "#2"},
				"west": {"uv": [4, 7, 5, 8], "texture": "#2"},
				"up": {"uv": [8, 5, 7, 4], "texture": "#2"},
				"down": {"uv": [6, 7, 5, 8], "texture": "#2"}
			}
		},
		{
			"from": [10.5, 3, 0.75],
			"to": [12.5, 4, 1],
			"rotation": {"angle": 0, "axis": "y", "origin": [11.5, 2, -1]},
			"faces": {
				"north": {"uv": [2, 1, 4, 2], "texture": "#2"},
				"east": {"uv": [7, 5, 8, 6], "texture": "#2"},
				"south": {"uv": [2, 2, 4, 3], "texture": "#2"},
				"west": {"uv": [6, 7, 7, 8], "texture": "#2"},
				"up": {"uv": [2, 4, 0, 3], "texture": "#2"},
				"down": {"uv": [4, 3, 2, 4], "texture": "#2"}
			}
		},
		{
			"from": [11.25, 4, 0.75],
			"to": [12.25, 4.5, 1],
			"rotation": {"angle": 0, "axis": "y", "origin": [11.25, 2.5, -1]},
			"faces": {
				"north": {"uv": [7, 6, 8, 7], "texture": "#2"},
				"east": {"uv": [7, 7, 8, 8], "texture": "#2"},
				"south": {"uv": [0, 8, 1, 9], "texture": "#2"},
				"west": {"uv": [8, 0, 9, 1], "texture": "#2"},
				"up": {"uv": [2, 9, 1, 8], "texture": "#2"},
				"down": {"uv": [9, 1, 8, 2], "texture": "#2"}
			}
		},
		{
			"from": [10, 4, 1],
			"to": [16, 5, 3.5],
			"rotation": {"angle": 0, "axis": "y", "origin": [1, 4, 0]},
			"faces": {
				"north": {"uv": [5.25, 4.25, 6.75, 4.5], "texture": "#0"},
				"east": {"uv": [5.75, 7.25, 6.5, 7.5], "texture": "#0"},
				"south": {"uv": [5.25, 5.25, 6.75, 5.5], "texture": "#0"},
				"west": {"uv": [7.25, 6, 8, 6.25], "texture": "#0"},
				"up": {"uv": [2.5, 2.75, 1, 2], "texture": "#0"},
				"down": {"uv": [4, 2, 2.5, 2.75], "texture": "#0"}
			}
		},
		{
			"from": [9, 3, 1],
			"to": [15, 4, 3.5],
			"rotation": {"angle": 0, "axis": "y", "origin": [-1, 3, 0]},
			"faces": {
				"north": {"uv": [5.5, 0.75, 7, 1], "texture": "#0"},
				"east": {"uv": [7.25, 6.25, 8, 6.5], "texture": "#0"},
				"south": {"uv": [5.5, 1, 7, 1.25], "texture": "#0"},
				"west": {"uv": [7.25, 6.5, 8, 6.75], "texture": "#0"},
				"up": {"uv": [2.5, 3.5, 1, 2.75], "texture": "#0"},
				"down": {"uv": [4, 2.75, 2.5, 3.5], "texture": "#0"}
			}
		},
		{
			"from": [8, 2, 1],
			"to": [13, 3, 3.5],
			"rotation": {"angle": 0, "axis": "y", "origin": [-3, 2, -0.5]},
			"faces": {
				"north": {"uv": [6, 1.5, 7.25, 1.75], "texture": "#0"},
				"east": {"uv": [7.25, 6.75, 8, 7], "texture": "#0"},
				"south": {"uv": [6, 1.75, 7.25, 2], "texture": "#0"},
				"west": {"uv": [7, 7.25, 7.75, 7.5], "texture": "#0"},
				"up": {"uv": [5.25, 2.25, 4, 1.5], "texture": "#0"},
				"down": {"uv": [5.25, 2.25, 4, 3], "texture": "#0"}
			}
		},
		{
			"from": [8, 1, 1],
			"to": [11, 2, 3.5],
			"rotation": {"angle": 0, "axis": "y", "origin": [-3, 1, 0]},
			"faces": {
				"north": {"uv": [0, 7.5, 0.75, 7.75], "texture": "#0"},
				"east": {"uv": [1.5, 7.5, 2.25, 7.75], "texture": "#0"},
				"south": {"uv": [7.5, 1.5, 8.25, 1.75], "texture": "#0"},
				"west": {"uv": [7.5, 1.75, 8.25, 2], "texture": "#0"},
				"up": {"uv": [1.75, 5.75, 1, 5], "texture": "#0"},
				"down": {"uv": [2.5, 5, 1.75, 5.75], "texture": "#0"}
			}
		},
		{
			"from": [12, 5, 1],
			"to": [17, 6, 3.5],
			"rotation": {"angle": 0, "axis": "y", "origin": [3, 5, 0]},
			"faces": {
				"north": {"uv": [6, 2, 7.25, 2.25], "texture": "#0"},
				"east": {"uv": [7.5, 2, 8.25, 2.25], "texture": "#0"},
				"south": {"uv": [5.5, 6, 6.75, 6.25], "texture": "#0"},
				"west": {"uv": [7.5, 2.25, 8.25, 2.5], "texture": "#0"},
				"up": {"uv": [5.25, 3.75, 4, 3], "texture": "#0"},
				"down": {"uv": [5.25, 3.75, 4, 4.5], "texture": "#0"}
			}
		},
		{
			"from": [10, 3, 3],
			"to": [14, 4, 10.5],
			"rotation": {"angle": 0, "axis": "y", "origin": [3, 3, 2]},
			"faces": {
				"north": {"uv": [0, 4, 1, 4.25], "texture": "#0"},
				"east": {"uv": [5.25, 2.25, 7.25, 2.5], "texture": "#0"},
				"south": {"uv": [6.75, 5.5, 7.75, 5.75], "texture": "#0"},
				"west": {"uv": [5.25, 2.5, 7.25, 2.75], "texture": "#0"},
				"up": {"uv": [1, 2, 0, 0], "texture": "#0"},
				"down": {"uv": [2, 0, 1, 2], "texture": "#0"}
			}
		},
		{
			"from": [13, 2, 3.5],
			"to": [14, 2.5, 9.25],
			"rotation": {"angle": 0, "axis": "y", "origin": [3, 1.5, 3]},
			"faces": {
				"north": {"uv": [8.5, 9.5, 8.75, 9.75], "texture": "#0"},
				"east": {"uv": [5.5, 1.25, 7, 1.5], "texture": "#0"},
				"south": {"uv": [9.5, 8.5, 9.75, 8.75], "texture": "#0"},
				"west": {"uv": [5.25, 5.5, 6.75, 5.75], "texture": "#0"},
				"up": {"uv": [0.25, 7.25, 0, 5.75], "texture": "#0"},
				"down": {"uv": [0.5, 5.75, 0.25, 7.25], "texture": "#0"}
			}
		},
		{
			"from": [-2.5, 9, 1],
			"to": [-2, 11, 3],
			"rotation": {"angle": 0, "axis": "y", "origin": [7, 9, 0]},
			"faces": {
				"north": {"uv": [8, 5.75, 8.25, 6.25], "texture": "#0"},
				"east": {"uv": [6.75, 6, 7.25, 6.5], "texture": "#0"},
				"south": {"uv": [8, 6.25, 8.25, 6.75], "texture": "#0"},
				"west": {"uv": [6.75, 6.5, 7.25, 7], "texture": "#0"},
				"up": {"uv": [6.75, 8.5, 6.5, 8], "texture": "#0"},
				"down": {"uv": [7, 8, 6.75, 8.5], "texture": "#0"}
			}
		},
		{
			"from": [-2, 9, 1],
			"to": [-1.5, 10, 3],
			"rotation": {"angle": 0, "axis": "y", "origin": [7.5, 9, 0]},
			"faces": {
				"north": {"uv": [8.75, 9.5, 9, 9.75], "texture": "#0"},
				"east": {"uv": [3.25, 5, 3.75, 5.25], "texture": "#0"},
				"south": {"uv": [9.5, 8.75, 9.75, 9], "texture": "#0"},
				"west": {"uv": [8, 6.75, 8.5, 7], "texture": "#0"},
				"up": {"uv": [7.25, 8.5, 7, 8], "texture": "#0"},
				"down": {"uv": [7.5, 8, 7.25, 8.5], "texture": "#0"}
			}
		},
		{
			"from": [4, 1.5, 1],
			"to": [5, 2, 3],
			"rotation": {"angle": 0, "axis": "y", "origin": [13.5, 1.5, 0]},
			"faces": {
				"north": {"uv": [9, 9.5, 9.25, 9.75], "texture": "#0"},
				"east": {"uv": [8, 7, 8.5, 7.25], "texture": "#0"},
				"south": {"uv": [9.5, 9, 9.75, 9.25], "texture": "#0"},
				"west": {"uv": [7.5, 8, 8, 8.25], "texture": "#0"},
				"up": {"uv": [8.25, 8.5, 8, 8], "texture": "#0"},
				"down": {"uv": [0.25, 8.25, 0, 8.75], "texture": "#0"}
			}
		},
		{
			"from": [0.5, 3.5, 1],
			"to": [1, 4, 3],
			"rotation": {"angle": 0, "axis": "y", "origin": [10, 3.5, 0]},
			"faces": {
				"north": {"uv": [9.25, 9.5, 9.5, 9.75], "texture": "#0"},
				"east": {"uv": [8.25, 0, 8.75, 0.25], "texture": "#0"},
				"south": {"uv": [9.5, 9.25, 9.75, 9.5], "texture": "#0"},
				"west": {"uv": [0.25, 8.25, 0.75, 8.5], "texture": "#0"},
				"up": {"uv": [8.5, 0.75, 8.25, 0.25], "texture": "#0"},
				"down": {"uv": [1, 8.25, 0.75, 8.75], "texture": "#0"}
			}
		},
		{
			"from": [-0.5, 4.5, 1],
			"to": [0, 5, 3],
			"rotation": {"angle": 0, "axis": "y", "origin": [9, 4.5, 0]},
			"faces": {
				"north": {"uv": [9.5, 9.5, 9.75, 9.75], "texture": "#0"},
				"east": {"uv": [1, 8.25, 1.5, 8.5], "texture": "#0"},
				"south": {"uv": [0, 9.75, 0.25, 10], "texture": "#0"},
				"west": {"uv": [8.25, 1.5, 8.75, 1.75], "texture": "#0"},
				"up": {"uv": [8.5, 2.25, 8.25, 1.75], "texture": "#0"},
				"down": {"uv": [2.5, 8.25, 2.25, 8.75], "texture": "#0"}
			}
		},
		{
			"from": [-2.5, 6.5, 1],
			"to": [-2, 7.5, 3],
			"rotation": {"angle": 0, "axis": "y", "origin": [7, 6.5, 0]},
			"faces": {
				"north": {"uv": [9.75, 0.5, 10, 0.75], "texture": "#0"},
				"east": {"uv": [8.25, 2.25, 8.75, 2.5], "texture": "#0"},
				"south": {"uv": [0.75, 9.75, 1, 10], "texture": "#0"},
				"west": {"uv": [8.25, 2.5, 8.75, 2.75], "texture": "#0"},
				"up": {"uv": [2.75, 8.75, 2.5, 8.25], "texture": "#0"},
				"down": {"uv": [8.5, 2.75, 8.25, 3.25], "texture": "#0"}
			}
		},
		{
			"from": [-3, 7, 1],
			"to": [-2.5, 8, 3],
			"rotation": {"angle": 0, "axis": "y", "origin": [7, 7, 0]},
			"faces": {
				"north": {"uv": [9.75, 0.75, 10, 1], "texture": "#0"},
				"east": {"uv": [3.5, 8.25, 4, 8.5], "texture": "#0"},
				"south": {"uv": [1, 9.75, 1.25, 10], "texture": "#0"},
				"west": {"uv": [8.25, 3.75, 8.75, 4], "texture": "#0"},
				"up": {"uv": [4.25, 8.75, 4, 8.25], "texture": "#0"},
				"down": {"uv": [6, 8.25, 5.75, 8.75], "texture": "#0"}
			}
		},
		{
			"from": [-2, 8, 1],
			"to": [-1, 9, 3],
			"rotation": {"angle": 0, "axis": "y", "origin": [8, 8, 0]},
			"faces": {
				"north": {"uv": [9.75, 1, 10, 1.25], "texture": "#0"},
				"east": {"uv": [8.25, 4, 8.75, 4.25], "texture": "#0"},
				"south": {"uv": [1.25, 9.75, 1.5, 10], "texture": "#0"},
				"west": {"uv": [8.25, 5, 8.75, 5.25], "texture": "#0"},
				"up": {"uv": [8.5, 6.25, 8.25, 5.75], "texture": "#0"},
				"down": {"uv": [6.25, 8.25, 6, 8.75], "texture": "#0"}
			}
		},
		{
			"from": [-1, 8, 1],
			"to": [-0.5, 8.5, 3],
			"rotation": {"angle": 0, "axis": "y", "origin": [8.5, 8, 0]},
			"faces": {
				"north": {"uv": [9.75, 1.5, 10, 1.75], "texture": "#0"},
				"east": {"uv": [8.25, 6.25, 8.75, 6.5], "texture": "#0"},
				"south": {"uv": [9.75, 1.75, 10, 2], "texture": "#0"},
				"west": {"uv": [8.25, 6.5, 8.75, 6.75], "texture": "#0"},
				"up": {"uv": [6.5, 8.75, 6.25, 8.25], "texture": "#0"},
				"down": {"uv": [7.75, 8.25, 7.5, 8.75], "texture": "#0"}
			}
		},
		{
			"from": [-1.5, 7.5, 1],
			"to": [-1, 8, 3],
			"rotation": {"angle": 0, "axis": "y", "origin": [8, 7.5, 0]},
			"faces": {
				"north": {"uv": [2, 9.75, 2.25, 10], "texture": "#0"},
				"east": {"uv": [8.25, 8, 8.75, 8.25], "texture": "#0"},
				"south": {"uv": [2.5, 9.75, 2.75, 10], "texture": "#0"},
				"west": {"uv": [8.25, 8.25, 8.75, 8.5], "texture": "#0"},
				"up": {"uv": [8, 8.75, 7.75, 8.25], "texture": "#0"},
				"down": {"uv": [0.5, 8.5, 0.25, 9], "texture": "#0"}
			}
		},
		{
			"from": [-1, 7, 1],
			"to": [0, 8, 3],
			"rotation": {"angle": 0, "axis": "y", "origin": [9, 7, 0]},
			"faces": {
				"north": {"uv": [9.75, 2.5, 10, 2.75], "texture": "#0"},
				"east": {"uv": [8.5, 0.25, 9, 0.5], "texture": "#0"},
				"south": {"uv": [2.75, 9.75, 3, 10], "texture": "#0"},
				"west": {"uv": [8.5, 0.5, 9, 0.75], "texture": "#0"},
				"up": {"uv": [0.75, 9, 0.5, 8.5], "texture": "#0"},
				"down": {"uv": [1.25, 8.5, 1, 9], "texture": "#0"}
			}
		},
		{
			"from": [0, 7, 1],
			"to": [1, 7.5, 3],
			"rotation": {"angle": 0, "axis": "y", "origin": [9.5, 7, 0]},
			"faces": {
				"north": {"uv": [9.75, 2.75, 10, 3], "texture": "#0"},
				"east": {"uv": [8.5, 1.75, 9, 2], "texture": "#0"},
				"south": {"uv": [3.25, 9.75, 3.5, 10], "texture": "#0"},
				"west": {"uv": [8.5, 2, 9, 2.25], "texture": "#0"},
				"up": {"uv": [1.5, 9, 1.25, 8.5], "texture": "#0"},
				"down": {"uv": [8.75, 2.75, 8.5, 3.25], "texture": "#0"}
			}
		},
		{
			"from": [2, 6, 1],
			"to": [3, 6.5, 3],
			"rotation": {"angle": 0, "axis": "y", "origin": [11.5, 6, 0]},
			"faces": {
				"north": {"uv": [9.75, 3.25, 10, 3.5], "texture": "#0"},
				"east": {"uv": [3.5, 8.5, 4, 8.75], "texture": "#0"},
				"south": {"uv": [3.5, 9.75, 3.75, 10], "texture": "#0"},
				"west": {"uv": [8.5, 4.5, 9, 4.75], "texture": "#0"},
				"up": {"uv": [8.75, 6, 8.5, 5.5], "texture": "#0"},
				"down": {"uv": [6.75, 8.5, 6.5, 9], "texture": "#0"}
			}
		},
		{
			"from": [-2, 6, 1],
			"to": [2, 7, 3.5],
			"rotation": {"angle": 0, "axis": "y", "origin": [11, 6, 0]},
			"faces": {
				"north": {"uv": [0.5, 7, 1.5, 7.25], "texture": "#0"},
				"east": {"uv": [2.75, 7.5, 3.5, 7.75], "texture": "#0"},
				"south": {"uv": [7, 0.75, 8, 1], "texture": "#0"},
				"west": {"uv": [7.5, 3.75, 8.25, 4], "texture": "#0"},
				"up": {"uv": [5.5, 1.5, 4.5, 0.75], "texture": "#0"},
				"down": {"uv": [4.75, 4.5, 3.75, 5.25], "texture": "#0"}
			}
		},
		{
			"from": [-1, 5, 1],
			"to": [4, 6, 3.5],
			"rotation": {"angle": 0, "axis": "y", "origin": [13, 5, 0]},
			"faces": {
				"north": {"uv": [0.5, 6.25, 1.75, 6.5], "texture": "#0"},
				"east": {"uv": [7.5, 4, 8.25, 4.25], "texture": "#0"},
				"south": {"uv": [5.5, 6.25, 6.75, 6.5], "texture": "#0"},
				"west": {"uv": [4.75, 7.5, 5.5, 7.75], "texture": "#0"},
				"up": {"uv": [1.25, 5, 0, 4.25], "texture": "#0"},
				"down": {"uv": [2.5, 4.25, 1.25, 5], "texture": "#0"}
			}
		},
		{
			"from": [4, 5, 1],
			"to": [5, 5.5, 3],
			"rotation": {"angle": 0, "axis": "y", "origin": [13.5, 5, 0]},
			"faces": {
				"north": {"uv": [9.75, 3.5, 10, 3.75], "texture": "#0"},
				"east": {"uv": [8.5, 4.75, 9, 5], "texture": "#0"},
				"south": {"uv": [3.75, 9.75, 4, 10], "texture": "#0"},
				"west": {"uv": [8.5, 6, 9, 6.25], "texture": "#0"},
				"up": {"uv": [7, 9, 6.75, 8.5], "texture": "#0"},
				"down": {"uv": [8.75, 6.75, 8.5, 7.25], "texture": "#0"}
			}
		},
		{
			"from": [6, 4, 1],
			"to": [6.5, 4.5, 3],
			"rotation": {"angle": 0, "axis": "y", "origin": [15.5, 4, 0]},
			"faces": {
				"north": {"uv": [9.75, 3.75, 10, 4], "texture": "#0"},
				"east": {"uv": [7, 8.5, 7.5, 8.75], "texture": "#0"},
				"south": {"uv": [4.25, 9.75, 4.5, 10], "texture": "#0"},
				"west": {"uv": [8.5, 7.25, 9, 7.5], "texture": "#0"},
				"up": {"uv": [8.75, 8, 8.5, 7.5], "texture": "#0"},
				"down": {"uv": [8.25, 8.5, 8, 9], "texture": "#0"}
			}
		},
		{
			"from": [0, 4, 1],
			"to": [6, 5, 3.5],
			"rotation": {"angle": 0, "axis": "y", "origin": [15, 4, 0]},
			"faces": {
				"north": {"uv": [5.75, 0, 7.25, 0.25], "texture": "#0"},
				"east": {"uv": [5.5, 7.5, 6.25, 7.75], "texture": "#0"},
				"south": {"uv": [5.75, 0.25, 7.25, 0.5], "texture": "#0"},
				"west": {"uv": [7, 7.5, 7.75, 7.75], "texture": "#0"},
				"up": {"uv": [4.5, 0.75, 3, 0], "texture": "#0"},
				"down": {"uv": [4.5, 0.75, 3, 1.5], "texture": "#0"}
			}
		},
		{
			"from": [1, 3, 1],
			"to": [7, 4, 3.5],
			"rotation": {"angle": 0, "axis": "y", "origin": [17, 3, 0]},
			"faces": {
				"north": {"uv": [0.5, 5.75, 2, 6], "texture": "#0"},
				"east": {"uv": [0, 7.75, 0.75, 8], "texture": "#0"},
				"south": {"uv": [5.75, 0.5, 7.25, 0.75], "texture": "#0"},
				"west": {"uv": [1.5, 7.75, 2.25, 8], "texture": "#0"},
				"up": {"uv": [2.5, 4.25, 1, 3.5], "texture": "#0"},
				"down": {"uv": [4, 3.5, 2.5, 4.25], "texture": "#0"}
			}
		},
		{
			"from": [7, 3, 1],
			"to": [7.5, 3.5, 3],
			"rotation": {"angle": 0, "axis": "y", "origin": [16.5, 3, 0]},
			"faces": {
				"north": {"uv": [4.5, 9.75, 4.75, 10], "texture": "#0"},
				"east": {"uv": [8.25, 8.5, 8.75, 8.75], "texture": "#0"},
				"south": {"uv": [9.75, 4.5, 10, 4.75], "texture": "#0"},
				"west": {"uv": [8.75, 0, 9.25, 0.25], "texture": "#0"},
				"up": {"uv": [0.25, 9.25, 0, 8.75], "texture": "#0"},
				"down": {"uv": [1, 8.75, 0.75, 9.25], "texture": "#0"}
			}
		},
		{
			"from": [3, 2, 1],
			"to": [8, 3, 3.5],
			"rotation": {"angle": 0, "axis": "y", "origin": [19, 2, -0.5]},
			"faces": {
				"north": {"uv": [0.5, 6.5, 1.75, 6.75], "texture": "#0"},
				"east": {"uv": [2.75, 7.75, 3.5, 8], "texture": "#0"},
				"south": {"uv": [5.5, 6.5, 6.75, 6.75], "texture": "#0"},
				"west": {"uv": [4.25, 7.75, 5, 8], "texture": "#0"},
				"up": {"uv": [3.75, 5, 2.5, 4.25], "texture": "#0"},
				"down": {"uv": [5.75, 0, 4.5, 0.75], "texture": "#0"}
			}
		},
		{
			"from": [5, 1, 1],
			"to": [8, 2, 3.5],
			"rotation": {"angle": 0, "axis": "y", "origin": [19, 1, 0]},
			"faces": {
				"north": {"uv": [7.75, 4.5, 8.5, 4.75], "texture": "#0"},
				"east": {"uv": [7.75, 4.75, 8.5, 5], "texture": "#0"},
				"south": {"uv": [5, 7.75, 5.75, 8], "texture": "#0"},
				"west": {"uv": [7.75, 5.5, 8.5, 5.75], "texture": "#0"},
				"up": {"uv": [3.25, 5.75, 2.5, 5], "texture": "#0"},
				"down": {"uv": [6, 1.5, 5.25, 2.25], "texture": "#0"}
			}
		},
		{
			"from": [2, 4.5, 14.5],
			"to": [3, 5, 15.5],
			"rotation": {"angle": 0, "axis": "y", "origin": [13, 4.5, 11]},
			"faces": {
				"north": {"uv": [9.75, 4.75, 10, 5], "texture": "#0"},
				"east": {"uv": [5, 9.75, 5.25, 10], "texture": "#0"},
				"south": {"uv": [5.25, 9.75, 5.5, 10], "texture": "#0"},
				"west": {"uv": [5.5, 9.75, 5.75, 10], "texture": "#0"},
				"up": {"uv": [10, 5.75, 9.75, 5.5], "texture": "#0"},
				"down": {"uv": [6, 9.75, 5.75, 10], "texture": "#0"}
			}
		},
		{
			"from": [2, 4, 11.5],
			"to": [3, 4.5, 14.5],
			"rotation": {"angle": 0, "axis": "y", "origin": [13, 4, 8]},
			"faces": {
				"north": {"uv": [9.75, 5.75, 10, 6], "texture": "#0"},
				"east": {"uv": [5.75, 7.75, 6.5, 8], "texture": "#0"},
				"south": {"uv": [9.75, 6, 10, 6.25], "texture": "#0"},
				"west": {"uv": [7, 7.75, 7.75, 8], "texture": "#0"},
				"up": {"uv": [2, 7, 1.75, 6.25], "texture": "#0"},
				"down": {"uv": [1, 7.5, 0.75, 8.25], "texture": "#0"}
			}
		},
		{
			"from": [2, 3.5, 10.5],
			"to": [3, 4, 12.5],
			"rotation": {"angle": 0, "axis": "y", "origin": [13, 3.5, 7]},
			"faces": {
				"north": {"uv": [9.75, 6.25, 10, 6.5], "texture": "#0"},
				"east": {"uv": [8.75, 0.75, 9.25, 1], "texture": "#0"},
				"south": {"uv": [6.5, 9.75, 6.75, 10], "texture": "#0"},
				"west": {"uv": [8.75, 1, 9.25, 1.25], "texture": "#0"},
				"up": {"uv": [9, 1.75, 8.75, 1.25], "texture": "#0"},
				"down": {"uv": [1.75, 8.75, 1.5, 9.25], "texture": "#0"}
			}
		},
		{
			"from": [2, 7.5, 16],
			"to": [3, 8, 16.5],
			"rotation": {"angle": 0, "axis": "y", "origin": [13, 7.5, 12.5]},
			"faces": {
				"north": {"uv": [6.75, 9.75, 7, 10], "texture": "#0"},
				"east": {"uv": [9.75, 6.75, 10, 7], "texture": "#0"},
				"south": {"uv": [7.5, 9.75, 7.75, 10], "texture": "#0"},
				"west": {"uv": [9.75, 7.5, 10, 7.75], "texture": "#0"},
				"up": {"uv": [8, 10, 7.75, 9.75], "texture": "#0"},
				"down": {"uv": [10, 7.75, 9.75, 8], "texture": "#0"}
			}
		},
		{
			"from": [2, 6.5, 15.5],
			"to": [3, 7, 16],
			"rotation": {"angle": 0, "axis": "y", "origin": [13, 6.5, 12]},
			"faces": {
				"north": {"uv": [8, 9.75, 8.25, 10], "texture": "#0"},
				"east": {"uv": [9.75, 8, 10, 8.25], "texture": "#0"},
				"south": {"uv": [8.25, 9.75, 8.5, 10], "texture": "#0"},
				"west": {"uv": [8.5, 9.75, 8.75, 10], "texture": "#0"},
				"up": {"uv": [10, 8.75, 9.75, 8.5], "texture": "#0"},
				"down": {"uv": [9, 9.75, 8.75, 10], "texture": "#0"}
			}
		},
		{
			"from": [2, 7.5, 15.5],
			"to": [3, 8, 16],
			"rotation": {"angle": 0, "axis": "y", "origin": [13, 7.5, 12]},
			"faces": {
				"north": {"uv": [9.75, 8.75, 10, 9], "texture": "#0"},
				"east": {"uv": [9, 9.75, 9.25, 10], "texture": "#0"},
				"south": {"uv": [9.75, 9, 10, 9.25], "texture": "#0"},
				"west": {"uv": [9.25, 9.75, 9.5, 10], "texture": "#0"},
				"up": {"uv": [10, 9.5, 9.75, 9.25], "texture": "#0"},
				"down": {"uv": [9.75, 9.75, 9.5, 10], "texture": "#0"}
			}
		},
		{
			"from": [2, 7, 14.5],
			"to": [3, 7.5, 16],
			"rotation": {"angle": 0, "axis": "y", "origin": [13, 7, 11]},
			"faces": {
				"north": {"uv": [9.75, 9.5, 10, 9.75], "texture": "#0"},
				"east": {"uv": [1.75, 8.75, 2.25, 9], "texture": "#0"},
				"south": {"uv": [9.75, 9.75, 10, 10], "texture": "#0"},
				"west": {"uv": [2.25, 8.75, 2.75, 9], "texture": "#0"},
				"up": {"uv": [9, 2.75, 8.75, 2.25], "texture": "#0"},
				"down": {"uv": [3, 8.75, 2.75, 9.25], "texture": "#0"}
			}
		},
		{
			"from": [2, 5.5, 13.5],
			"to": [3, 6, 14.5],
			"rotation": {"angle": 0, "axis": "y", "origin": [13, 5.5, 10]},
			"faces": {
				"north": {"uv": [0, 10, 0.25, 10.25], "texture": "#0"},
				"east": {"uv": [10, 0, 10.25, 0.25], "texture": "#0"},
				"south": {"uv": [0.25, 10, 0.5, 10.25], "texture": "#0"},
				"west": {"uv": [10, 0.25, 10.25, 0.5], "texture": "#0"},
				"up": {"uv": [0.75, 10.25, 0.5, 10], "texture": "#0"},
				"down": {"uv": [10.25, 0.5, 10, 0.75], "texture": "#0"}
			}
		},
		{
			"from": [2, 6, 13],
			"to": [3, 7, 15.5],
			"rotation": {"angle": 0, "axis": "y", "origin": [13, 6, 11]},
			"faces": {
				"north": {"uv": [0.75, 10, 1, 10.25], "texture": "#0"},
				"east": {"uv": [7.75, 7.25, 8.5, 7.5], "texture": "#0"},
				"south": {"uv": [10, 0.75, 10.25, 1], "texture": "#0"},
				"west": {"uv": [7.75, 7.5, 8.5, 7.75], "texture": "#0"},
				"up": {"uv": [2.5, 8.25, 2.25, 7.5], "texture": "#0"},
				"down": {"uv": [3.75, 7.5, 3.5, 8.25], "texture": "#0"}
			}
		},
		{
			"from": [3.9, 1, 11],
			"to": [3.9, 2, 13],
			"rotation": {"angle": 0, "axis": "y", "origin": [13.9, 1, 8.75]},
			"faces": {
				"north": {"uv": [0, 0, 0, 0.25], "texture": "#0"},
				"east": {"uv": [8.75, 2.75, 9.25, 3], "texture": "#0"},
				"south": {"uv": [0, 0, 0, 0.25], "texture": "#0"},
				"west": {"uv": [3, 8.75, 3.5, 9], "texture": "#0"},
				"up": {"uv": [0, 0.5, 0, 0], "texture": "#0"},
				"down": {"uv": [0, 0, 0, 0.5], "texture": "#0"}
			}
		},
		{
			"from": [3.9, 1.5, 13],
			"to": [3.9, 2, 14],
			"rotation": {"angle": 0, "axis": "y", "origin": [13.9, 1, 10.75]},
			"faces": {
				"north": {"uv": [0, 0, 0, 0.25], "texture": "#0"},
				"east": {"uv": [1, 10, 1.25, 10.25], "texture": "#0"},
				"south": {"uv": [0, 0, 0, 0.25], "texture": "#0"},
				"west": {"uv": [10, 1, 10.25, 1.25], "texture": "#0"},
				"up": {"uv": [0, 0.25, 0, 0], "texture": "#0"},
				"down": {"uv": [0, 0, 0, 0.25], "texture": "#0"}
			}
		},
		{
			"from": [3.9, 2.5, 15],
			"to": [3.9, 3, 16],
			"rotation": {"angle": 0, "axis": "y", "origin": [13.9, 2, 12.75]},
			"faces": {
				"north": {"uv": [0, 0, 0, 0.25], "texture": "#0"},
				"east": {"uv": [1.25, 10, 1.5, 10.25], "texture": "#0"},
				"south": {"uv": [0, 0, 0, 0.25], "texture": "#0"},
				"west": {"uv": [10, 1.25, 10.25, 1.5], "texture": "#0"},
				"up": {"uv": [0, 0.25, 0, 0], "texture": "#0"},
				"down": {"uv": [0, 0, 0, 0.25], "texture": "#0"}
			}
		},
		{
			"from": [3.9, 3, 12],
			"to": [3.9, 3.5, 14],
			"rotation": {"angle": 0, "axis": "y", "origin": [13.9, 2.5, 9.75]},
			"faces": {
				"north": {"uv": [0, 0, 0, 0.25], "texture": "#0"},
				"east": {"uv": [8.75, 3, 9.25, 3.25], "texture": "#0"},
				"south": {"uv": [0, 0, 0, 0.25], "texture": "#0"},
				"west": {"uv": [8.75, 3.25, 9.25, 3.5], "texture": "#0"},
				"up": {"uv": [0, 0.5, 0, 0], "texture": "#0"},
				"down": {"uv": [0, 0, 0, 0.5], "texture": "#0"}
			}
		},
		{
			"from": [3.9, 4, 16],
			"to": [3.9, 4.5, 18],
			"rotation": {"angle": 0, "axis": "y", "origin": [13.9, 3.5, 13.75]},
			"faces": {
				"north": {"uv": [0, 0, 0, 0.25], "texture": "#0"},
				"east": {"uv": [3.5, 8.75, 4, 9], "texture": "#0"},
				"south": {"uv": [0, 0, 0, 0.25], "texture": "#0"},
				"west": {"uv": [8.75, 3.5, 9.25, 3.75], "texture": "#0"},
				"up": {"uv": [0, 0.5, 0, 0], "texture": "#0"},
				"down": {"uv": [0, 0, 0, 0.5], "texture": "#0"}
			}
		},
		{
			"from": [3.9, 1.5, 10],
			"to": [3.9, 2, 11],
			"rotation": {"angle": 0, "axis": "y", "origin": [13.9, 1, 7.75]},
			"faces": {
				"north": {"uv": [0, 0, 0, 0.25], "texture": "#0"},
				"east": {"uv": [1.5, 10, 1.75, 10.25], "texture": "#0"},
				"south": {"uv": [0, 0, 0, 0.25], "texture": "#0"},
				"west": {"uv": [10, 1.5, 10.25, 1.75], "texture": "#0"},
				"up": {"uv": [0, 0.25, 0, 0], "texture": "#0"},
				"down": {"uv": [0, 0, 0, 0.25], "texture": "#0"}
			}
		},
		{
			"from": [12.1, 4, 16],
			"to": [12.1, 4.5, 18],
			"rotation": {"angle": 0, "axis": "y", "origin": [2.1, 3.5, 13.75]},
			"faces": {
				"north": {"uv": [0, 0, 0, 0.25], "texture": "#0"},
				"east": {"uv": [8.75, 3.75, 9.25, 4], "texture": "#0"},
				"south": {"uv": [0, 0, 0, 0.25], "texture": "#0"},
				"west": {"uv": [4, 8.75, 4.5, 9], "texture": "#0"},
				"up": {"uv": [0, 0.5, 0, 0], "texture": "#0"},
				"down": {"uv": [0, 0, 0, 0.5], "texture": "#0"}
			}
		},
		{
			"from": [12.1, 2.5, 15],
			"to": [12.1, 3, 16],
			"rotation": {"angle": 0, "axis": "y", "origin": [2.1, 2, 12.75]},
			"faces": {
				"north": {"uv": [0, 0, 0, 0.25], "texture": "#0"},
				"east": {"uv": [1.75, 10, 2, 10.25], "texture": "#0"},
				"south": {"uv": [0, 0, 0, 0.25], "texture": "#0"},
				"west": {"uv": [10, 1.75, 10.25, 2], "texture": "#0"},
				"up": {"uv": [0, 0.25, 0, 0], "texture": "#0"},
				"down": {"uv": [0, 0, 0, 0.25], "texture": "#0"}
			}
		},
		{
			"from": [12.1, 3, 14],
			"to": [12.1, 4, 17],
			"rotation": {"angle": 0, "axis": "y", "origin": [2.1, 3, 10.75]},
			"faces": {
				"north": {"uv": [0, 0, 0, 0.25], "texture": "#0"},
				"east": {"uv": [7.75, 7.75, 8.5, 8], "texture": "#0"},
				"south": {"uv": [0, 0, 0, 0.25], "texture": "#0"},
				"west": {"uv": [0, 8, 0.75, 8.25], "texture": "#0"},
				"up": {"uv": [0, 0.75, 0, 0], "texture": "#0"},
				"down": {"uv": [0, 0, 0, 0.75], "texture": "#0"}
			}
		},
		{
			"from": [12.1, 3, 12],
			"to": [12.1, 3.5, 14],
			"rotation": {"angle": 0, "axis": "y", "origin": [2.1, 2.5, 9.75]},
			"faces": {
				"north": {"uv": [0, 0, 0, 0.25], "texture": "#0"},
				"east": {"uv": [8.75, 4, 9.25, 4.25], "texture": "#0"},
				"south": {"uv": [0, 0, 0, 0.25], "texture": "#0"},
				"west": {"uv": [8.75, 4.25, 9.25, 4.5], "texture": "#0"},
				"up": {"uv": [0, 0.5, 0, 0], "texture": "#0"},
				"down": {"uv": [0, 0, 0, 0.5], "texture": "#0"}
			}
		},
		{
			"from": [12.1, 1.5, 13],
			"to": [12.1, 2, 14],
			"rotation": {"angle": 0, "axis": "y", "origin": [2.1, 1, 10.75]},
			"faces": {
				"north": {"uv": [0, 0, 0, 0.25], "texture": "#0"},
				"east": {"uv": [2, 10, 2.25, 10.25], "texture": "#0"},
				"south": {"uv": [0, 0, 0, 0.25], "texture": "#0"},
				"west": {"uv": [10, 2, 10.25, 2.25], "texture": "#0"},
				"up": {"uv": [0, 0.25, 0, 0], "texture": "#0"},
				"down": {"uv": [0, 0, 0, 0.25], "texture": "#0"}
			}
		},
		{
			"from": [12.1, 1, 11],
			"to": [12.1, 2, 13],
			"rotation": {"angle": 0, "axis": "y", "origin": [2.1, 1, 8.75]},
			"faces": {
				"north": {"uv": [0, 0, 0, 0.25], "texture": "#0"},
				"east": {"uv": [4.5, 8.75, 5, 9], "texture": "#0"},
				"south": {"uv": [0, 0, 0, 0.25], "texture": "#0"},
				"west": {"uv": [5, 8.75, 5.5, 9], "texture": "#0"},
				"up": {"uv": [0, 0.5, 0, 0], "texture": "#0"},
				"down": {"uv": [0, 0, 0, 0.5], "texture": "#0"}
			}
		},
		{
			"from": [12.1, 2, 11],
			"to": [12.1, 3, 15],
			"rotation": {"angle": 0, "axis": "y", "origin": [2.1, 2, 8.75]},
			"faces": {
				"north": {"uv": [0, 0, 0, 0.25], "texture": "#0"},
				"east": {"uv": [7, 1, 8, 1.25], "texture": "#0"},
				"south": {"uv": [0, 0, 0, 0.25], "texture": "#0"},
				"west": {"uv": [7, 1.25, 8, 1.5], "texture": "#0"},
				"up": {"uv": [0, 1, 0, 0], "texture": "#0"},
				"down": {"uv": [0, 0, 0, 1], "texture": "#0"}
			}
		},
		{
			"from": [12.1, 1.5, 10],
			"to": [12.1, 2, 11],
			"rotation": {"angle": 0, "axis": "y", "origin": [2.1, 1, 7.75]},
			"faces": {
				"north": {"uv": [0, 0, 0, 0.25], "texture": "#0"},
				"east": {"uv": [2.25, 10, 2.5, 10.25], "texture": "#0"},
				"south": {"uv": [0, 0, 0, 0.25], "texture": "#0"},
				"west": {"uv": [10, 2.25, 10.25, 2.5], "texture": "#0"},
				"up": {"uv": [0, 0.25, 0, 0], "texture": "#0"},
				"down": {"uv": [0, 0, 0, 0.25], "texture": "#0"}
			}
		},
		{
			"from": [3.9, 2, 11],
			"to": [3.9, 3, 15],
			"rotation": {"angle": 0, "axis": "y", "origin": [13.9, 2, 8.75]},
			"faces": {
				"north": {"uv": [0, 0, 0, 0.25], "texture": "#0"},
				"east": {"uv": [7, 3.25, 8, 3.5], "texture": "#0"},
				"south": {"uv": [0, 0, 0, 0.25], "texture": "#0"},
				"west": {"uv": [7, 3.5, 8, 3.75], "texture": "#0"},
				"up": {"uv": [0, 1, 0, 0], "texture": "#0"},
				"down": {"uv": [0, 0, 0, 1], "texture": "#0"}
			}
		},
		{
			"from": [3.9, 3, 14],
			"to": [3.9, 4, 17],
			"rotation": {"angle": 0, "axis": "y", "origin": [13.9, 3, 10.75]},
			"faces": {
				"north": {"uv": [0, 0, 0, 0.25], "texture": "#0"},
				"east": {"uv": [8, 0.75, 8.75, 1], "texture": "#0"},
				"south": {"uv": [0, 0, 0, 0.25], "texture": "#0"},
				"west": {"uv": [8, 1, 8.75, 1.25], "texture": "#0"},
				"up": {"uv": [0, 0.75, 0, 0], "texture": "#0"},
				"down": {"uv": [0, 0, 0, 0.75], "texture": "#0"}
			}
		},
		{
			"from": [5, 2, 13.1],
			"to": [6, 4, 13.1],
			"rotation": {"angle": 0, "axis": "y", "origin": [16, 2, 11.1]},
			"faces": {
				"north": {"uv": [8.75, 5, 9, 5.5], "texture": "#0"},
				"east": {"uv": [0, 0, 0, 0.5], "texture": "#0"},
				"south": {"uv": [5.5, 8.75, 5.75, 9.25], "texture": "#0"},
				"west": {"uv": [0, 0, 0, 0.5], "texture": "#0"},
				"up": {"uv": [0.25, 0, 0, 0], "texture": "#0"},
				"down": {"uv": [0.25, 0, 0, 0], "texture": "#0"}
			}
		},
		{
			"from": [6, 3, 13.1],
			"to": [6.5, 3.5, 13.1],
			"rotation": {"angle": 0, "axis": "y", "origin": [17, 3, 11.1]},
			"faces": {
				"north": {"uv": [2.5, 10, 2.75, 10.25], "texture": "#0"},
				"east": {"uv": [0, 0, 0, 0.25], "texture": "#0"},
				"south": {"uv": [10, 2.5, 10.25, 2.75], "texture": "#0"},
				"west": {"uv": [0, 0, 0, 0.25], "texture": "#0"},
				"up": {"uv": [0.25, 0, 0, 0], "texture": "#0"},
				"down": {"uv": [0.25, 0, 0, 0], "texture": "#0"}
			}
		},
		{
			"from": [6, 6, 13.1],
			"to": [6.5, 6.5, 13.1],
			"rotation": {"angle": 0, "axis": "y", "origin": [17, 6, 11.1]},
			"faces": {
				"north": {"uv": [2.75, 10, 3, 10.25], "texture": "#0"},
				"east": {"uv": [0, 0, 0, 0.25], "texture": "#0"},
				"south": {"uv": [10, 2.75, 10.25, 3], "texture": "#0"},
				"west": {"uv": [0, 0, 0, 0.25], "texture": "#0"},
				"up": {"uv": [0.25, 0, 0, 0], "texture": "#0"},
				"down": {"uv": [0.25, 0, 0, 0], "texture": "#0"}
			}
		},
		{
			"from": [7.5, 2.5, 13.1],
			"to": [7.75, 3.5, 13.1],
			"rotation": {"angle": 0, "axis": "y", "origin": [18.5, 2.5, 11.1]},
			"faces": {
				"north": {"uv": [3, 10, 3.25, 10.25], "texture": "#0"},
				"east": {"uv": [0, 0, 0, 0.25], "texture": "#0"},
				"south": {"uv": [10, 3, 10.25, 3.25], "texture": "#0"},
				"west": {"uv": [0, 0, 0, 0.25], "texture": "#0"},
				"up": {"uv": [0.25, 0, 0, 0], "texture": "#0"},
				"down": {"uv": [0.25, 0, 0, 0], "texture": "#0"}
			}
		},
		{
			"from": [8.25, 2.5, 13.1],
			"to": [8.5, 3.5, 13.1],
			"rotation": {"angle": 0, "axis": "y", "origin": [19.25, 2.5, 11.1]},
			"faces": {
				"north": {"uv": [3.25, 10, 3.5, 10.25], "texture": "#0"},
				"east": {"uv": [0, 0, 0, 0.25], "texture": "#0"},
				"south": {"uv": [10, 3.25, 10.25, 3.5], "texture": "#0"},
				"west": {"uv": [0, 0, 0, 0.25], "texture": "#0"},
				"up": {"uv": [0.25, 0, 0, 0], "texture": "#0"},
				"down": {"uv": [0.25, 0, 0, 0], "texture": "#0"}
			}
		},
		{
			"from": [6, 1, 13.1],
			"to": [7, 3, 13.1],
			"rotation": {"angle": 0, "axis": "y", "origin": [17, 1, 11.1]},
			"faces": {
				"north": {"uv": [8.75, 5.5, 9, 6], "texture": "#0"},
				"east": {"uv": [0, 0, 0, 0.5], "texture": "#0"},
				"south": {"uv": [5.75, 8.75, 6, 9.25], "texture": "#0"},
				"west": {"uv": [0, 0, 0, 0.5], "texture": "#0"},
				"up": {"uv": [0.25, 0, 0, 0], "texture": "#0"},
				"down": {"uv": [0.25, 0, 0, 0], "texture": "#0"}
			}
		},
		{
			"from": [7, 2.5, 13.1],
			"to": [7.5, 5, 13.1],
			"rotation": {"angle": 0, "axis": "y", "origin": [18, 3, 11.1]},
			"faces": {
				"north": {"uv": [1.5, 8, 1.75, 8.75], "texture": "#0"},
				"east": {"uv": [0, 0, 0, 0.75], "texture": "#0"},
				"south": {"uv": [1.75, 8, 2, 8.75], "texture": "#0"},
				"west": {"uv": [0, 0, 0, 0.75], "texture": "#0"},
				"up": {"uv": [0.25, 0, 0, 0], "texture": "#0"},
				"down": {"uv": [0.25, 0, 0, 0], "texture": "#0"}
			}
		},
		{
			"from": [9.5, 3, 13.1],
			"to": [10, 3.5, 13.1],
			"rotation": {"angle": 0, "axis": "y", "origin": [-1, 3, 11.1]},
			"faces": {
				"north": {"uv": [3.5, 10, 3.75, 10.25], "texture": "#0"},
				"east": {"uv": [0, 0, 0, 0.25], "texture": "#0"},
				"south": {"uv": [10, 3.5, 10.25, 3.75], "texture": "#0"},
				"west": {"uv": [0, 0, 0, 0.25], "texture": "#0"},
				"up": {"uv": [0.25, 0, 0, 0], "texture": "#0"},
				"down": {"uv": [0.25, 0, 0, 0], "texture": "#0"}
			}
		},
		{
			"from": [9, 1, 13.1],
			"to": [10, 3, 13.1],
			"rotation": {"angle": 0, "axis": "y", "origin": [-1, 1, 11.1]},
			"faces": {
				"north": {"uv": [6, 8.75, 6.25, 9.25], "texture": "#0"},
				"east": {"uv": [0, 0, 0, 0.5], "texture": "#0"},
				"south": {"uv": [6.25, 8.75, 6.5, 9.25], "texture": "#0"},
				"west": {"uv": [0, 0, 0, 0.5], "texture": "#0"},
				"up": {"uv": [0.25, 0, 0, 0], "texture": "#0"},
				"down": {"uv": [0.25, 0, 0, 0], "texture": "#0"}
			}
		},
		{
			"from": [7, 1, 13.1],
			"to": [9, 2.5, 13.1],
			"rotation": {"angle": 0, "axis": "y", "origin": [-3, 1, 11.1]},
			"faces": {
				"north": {"uv": [1.5, 7, 2, 7.5], "texture": "#0"},
				"east": {"uv": [0, 0, 0, 0.5], "texture": "#0"},
				"south": {"uv": [7, 3.75, 7.5, 4.25], "texture": "#0"},
				"west": {"uv": [0, 0, 0, 0.5], "texture": "#0"},
				"up": {"uv": [0.5, 0, 0, 0], "texture": "#0"},
				"down": {"uv": [0.5, 0, 0, 0], "texture": "#0"}
			}
		},
		{
			"from": [9.5, 6, 13.1],
			"to": [10, 6.5, 13.1],
			"rotation": {"angle": 0, "axis": "y", "origin": [-1, 6, 11.1]},
			"faces": {
				"north": {"uv": [3.75, 10, 4, 10.25], "texture": "#0"},
				"east": {"uv": [0, 0, 0, 0.25], "texture": "#0"},
				"south": {"uv": [10, 3.75, 10.25, 4], "texture": "#0"},
				"west": {"uv": [0, 0, 0, 0.25], "texture": "#0"},
				"up": {"uv": [0.25, 0, 0, 0], "texture": "#0"},
				"down": {"uv": [0.25, 0, 0, 0], "texture": "#0"}
			}
		},
		{
			"from": [9, 4, 13.1],
			"to": [9.5, 6, 13.1],
			"rotation": {"angle": 0, "axis": "y", "origin": [-1, 5, 11.1]},
			"faces": {
				"north": {"uv": [8.75, 6.25, 9, 6.75], "texture": "#0"},
				"east": {"uv": [0, 0, 0, 0.5], "texture": "#0"},
				"south": {"uv": [8.75, 6.75, 9, 7.25], "texture": "#0"},
				"west": {"uv": [0, 0, 0, 0.5], "texture": "#0"},
				"up": {"uv": [0.25, 0, 0, 0], "texture": "#0"},
				"down": {"uv": [0.25, 0, 0, 0], "texture": "#0"}
			}
		},
		{
			"from": [8.5, 2.5, 13.1],
			"to": [9, 5, 13.1],
			"rotation": {"angle": 0, "axis": "y", "origin": [-2, 3, 11.1]},
			"faces": {
				"north": {"uv": [2, 8, 2.25, 8.75], "texture": "#0"},
				"east": {"uv": [0, 0, 0, 0.75], "texture": "#0"},
				"south": {"uv": [2.75, 8, 3, 8.75], "texture": "#0"},
				"west": {"uv": [0, 0, 0, 0.75], "texture": "#0"},
				"up": {"uv": [0.25, 0, 0, 0], "texture": "#0"},
				"down": {"uv": [0.25, 0, 0, 0], "texture": "#0"}
			}
		},
		{
			"from": [6.5, 4, 13.1],
			"to": [7, 6, 13.1],
			"rotation": {"angle": 0, "axis": "y", "origin": [17, 5, 11.1]},
			"faces": {
				"north": {"uv": [7, 8.75, 7.25, 9.25], "texture": "#0"},
				"east": {"uv": [0, 0, 0, 0.5], "texture": "#0"},
				"south": {"uv": [7.25, 8.75, 7.5, 9.25], "texture": "#0"},
				"west": {"uv": [0, 0, 0, 0.5], "texture": "#0"},
				"up": {"uv": [0.25, 0, 0, 0], "texture": "#0"},
				"down": {"uv": [0.25, 0, 0, 0], "texture": "#0"}
			}
		},
		{
			"from": [12, 5.5, 13.1],
			"to": [12.5, 8, 13.1],
			"rotation": {"angle": 0, "axis": "y", "origin": [1.5, 6, 11.1]},
			"faces": {
				"north": {"uv": [3, 8, 3.25, 8.75], "texture": "#0"},
				"east": {"uv": [0, 0, 0, 0.75], "texture": "#0"},
				"south": {"uv": [3.25, 8, 3.5, 8.75], "texture": "#0"},
				"west": {"uv": [0, 0, 0, 0.75], "texture": "#0"},
				"up": {"uv": [0.25, 0, 0, 0], "texture": "#0"},
				"down": {"uv": [0.25, 0, 0, 0], "texture": "#0"}
			}
		},
		{
			"from": [11.5, 6, 13.1],
			"to": [12, 7, 13.1],
			"rotation": {"angle": 0, "axis": "y", "origin": [1, 6, 11.1]},
			"faces": {
				"north": {"uv": [4, 10, 4.25, 10.25], "texture": "#0"},
				"east": {"uv": [0, 0, 0, 0.25], "texture": "#0"},
				"south": {"uv": [10, 4, 10.25, 4.25], "texture": "#0"},
				"west": {"uv": [0, 0, 0, 0.25], "texture": "#0"},
				"up": {"uv": [0.25, 0, 0, 0], "texture": "#0"},
				"down": {"uv": [0.25, 0, 0, 0], "texture": "#0"}
			}
		},
		{
			"from": [11, 4, 13.1],
			"to": [12, 6, 13.1],
			"rotation": {"angle": 0, "axis": "y", "origin": [1, 4, 11.1]},
			"faces": {
				"north": {"uv": [7.5, 8.75, 7.75, 9.25], "texture": "#0"},
				"east": {"uv": [0, 0, 0, 0.5], "texture": "#0"},
				"south": {"uv": [8.75, 7.5, 9, 8], "texture": "#0"},
				"west": {"uv": [0, 0, 0, 0.5], "texture": "#0"},
				"up": {"uv": [0.25, 0, 0, 0], "texture": "#0"},
				"down": {"uv": [0.25, 0, 0, 0], "texture": "#0"}
			}
		},
		{
			"from": [10.5, 4, 13.1],
			"to": [11, 5, 13.1],
			"rotation": {"angle": 0, "axis": "y", "origin": [0, 4, 11.1]},
			"faces": {
				"north": {"uv": [4.25, 10, 4.5, 10.25], "texture": "#0"},
				"east": {"uv": [0, 0, 0, 0.25], "texture": "#0"},
				"south": {"uv": [10, 4.25, 10.25, 4.5], "texture": "#0"},
				"west": {"uv": [0, 0, 0, 0.25], "texture": "#0"},
				"up": {"uv": [0.25, 0, 0, 0], "texture": "#0"},
				"down": {"uv": [0.25, 0, 0, 0], "texture": "#0"}
			}
		},
		{
			"from": [11, 3, 13.1],
			"to": [11.5, 4, 13.1],
			"rotation": {"angle": 0, "axis": "y", "origin": [0.5, 3, 11.1]},
			"faces": {
				"north": {"uv": [4.5, 10, 4.75, 10.25], "texture": "#0"},
				"east": {"uv": [0, 0, 0, 0.25], "texture": "#0"},
				"south": {"uv": [10, 4.5, 10.25, 4.75], "texture": "#0"},
				"west": {"uv": [0, 0, 0, 0.25], "texture": "#0"},
				"up": {"uv": [0.25, 0, 0, 0], "texture": "#0"},
				"down": {"uv": [0.25, 0, 0, 0], "texture": "#0"}
			}
		},
		{
			"from": [10, 2, 13.1],
			"to": [11, 4, 13.1],
			"rotation": {"angle": 0, "axis": "y", "origin": [0, 2, 11.1]},
			"faces": {
				"north": {"uv": [7.75, 8.75, 8, 9.25], "texture": "#0"},
				"east": {"uv": [0, 0, 0, 0.5], "texture": "#0"},
				"south": {"uv": [8.75, 8, 9, 8.5], "texture": "#0"},
				"west": {"uv": [0, 0, 0, 0.5], "texture": "#0"},
				"up": {"uv": [0.25, 0, 0, 0], "texture": "#0"},
				"down": {"uv": [0.25, 0, 0, 0], "texture": "#0"}
			}
		},
		{
			"from": [4, 4, 13.1],
			"to": [5, 6, 13.1],
			"rotation": {"angle": 0, "axis": "y", "origin": [15, 4, 11.1]},
			"faces": {
				"north": {"uv": [8.25, 8.75, 8.5, 9.25], "texture": "#0"},
				"east": {"uv": [0, 0, 0, 0.5], "texture": "#0"},
				"south": {"uv": [8.5, 8.75, 8.75, 9.25], "texture": "#0"},
				"west": {"uv": [0, 0, 0, 0.5], "texture": "#0"},
				"up": {"uv": [0.25, 0, 0, 0], "texture": "#0"},
				"down": {"uv": [0.25, 0, 0, 0], "texture": "#0"}
			}
		},
		{
			"from": [5, 4, 13.1],
			"to": [5.5, 5, 13.1],
			"rotation": {"angle": 0, "axis": "y", "origin": [16, 4, 11.1]},
			"faces": {
				"north": {"uv": [4.75, 10, 5, 10.25], "texture": "#0"},
				"east": {"uv": [0, 0, 0, 0.25], "texture": "#0"},
				"south": {"uv": [10, 4.75, 10.25, 5], "texture": "#0"},
				"west": {"uv": [0, 0, 0, 0.25], "texture": "#0"},
				"up": {"uv": [0.25, 0, 0, 0], "texture": "#0"},
				"down": {"uv": [0.25, 0, 0, 0], "texture": "#0"}
			}
		},
		{
			"from": [4.5, 3, 13.1],
			"to": [5, 4, 13.1],
			"rotation": {"angle": 0, "axis": "y", "origin": [15.5, 3, 11.1]},
			"faces": {
				"north": {"uv": [5, 10, 5.25, 10.25], "texture": "#0"},
				"east": {"uv": [0, 0, 0, 0.25], "texture": "#0"},
				"south": {"uv": [10, 5, 10.25, 5.25], "texture": "#0"},
				"west": {"uv": [0, 0, 0, 0.25], "texture": "#0"},
				"up": {"uv": [0.25, 0, 0, 0], "texture": "#0"},
				"down": {"uv": [0.25, 0, 0, 0], "texture": "#0"}
			}
		},
		{
			"from": [4, 6, 13.1],
			"to": [4.5, 7, 13.1],
			"rotation": {"angle": 0, "axis": "y", "origin": [15, 6, 11.1]},
			"faces": {
				"north": {"uv": [5.25, 10, 5.5, 10.25], "texture": "#0"},
				"east": {"uv": [0, 0, 0, 0.25], "texture": "#0"},
				"south": {"uv": [10, 5.25, 10.25, 5.5], "texture": "#0"},
				"west": {"uv": [0, 0, 0, 0.25], "texture": "#0"},
				"up": {"uv": [0.25, 0, 0, 0], "texture": "#0"},
				"down": {"uv": [0.25, 0, 0, 0], "texture": "#0"}
			}
		},
		{
			"from": [3.5, 5.5, 13.1],
			"to": [4, 8, 13.1],
			"rotation": {"angle": 0, "axis": "y", "origin": [14.5, 6, 11.1]},
			"faces": {
				"north": {"uv": [4.25, 8, 4.5, 8.75], "texture": "#0"},
				"east": {"uv": [0, 0, 0, 0.75], "texture": "#0"},
				"south": {"uv": [4.5, 8, 4.75, 8.75], "texture": "#0"},
				"west": {"uv": [0, 0, 0, 0.75], "texture": "#0"},
				"up": {"uv": [0.25, 0, 0, 0], "texture": "#0"},
				"down": {"uv": [0.25, 0, 0, 0], "texture": "#0"}
			}
		},
		{
			"from": [2, 6, 11],
			"to": [3, 6.5, 13],
			"rotation": {"angle": 0, "axis": "y", "origin": [13, 6, 7.5]},
			"faces": {
				"north": {"uv": [5.5, 10, 5.75, 10.25], "texture": "#0"},
				"east": {"uv": [8.75, 8.5, 9.25, 8.75], "texture": "#0"},
				"south": {"uv": [10, 5.5, 10.25, 5.75], "texture": "#0"},
				"west": {"uv": [8.75, 8.75, 9.25, 9], "texture": "#0"},
				"up": {"uv": [0.5, 9.5, 0.25, 9], "texture": "#0"},
				"down": {"uv": [9.25, 0.25, 9, 0.75], "texture": "#0"}
			}
		},
		{
			"from": [2, 5, 8],
			"to": [3, 5.5, 9.5],
			"rotation": {"angle": 0, "axis": "y", "origin": [13, 5, 4.5]},
			"faces": {
				"north": {"uv": [5.75, 10, 6, 10.25], "texture": "#0"},
				"east": {"uv": [1, 9, 1.5, 9.25], "texture": "#0"},
				"south": {"uv": [10, 5.75, 10.25, 6], "texture": "#0"},
				"west": {"uv": [9, 1.25, 9.5, 1.5], "texture": "#0"},
				"up": {"uv": [0.75, 9.5, 0.5, 9], "texture": "#0"},
				"down": {"uv": [9.25, 1.5, 9, 2], "texture": "#0"}
			}
		},
		{
			"from": [2, 5, 9.5],
			"to": [3, 6, 13.5],
			"rotation": {"angle": 0, "axis": "y", "origin": [13, 5, 8]},
			"faces": {
				"north": {"uv": [6, 10, 6.25, 10.25], "texture": "#0"},
				"east": {"uv": [4.25, 7, 5.25, 7.25], "texture": "#0"},
				"south": {"uv": [10, 6, 10.25, 6.25], "texture": "#0"},
				"west": {"uv": [5.5, 7, 6.5, 7.25], "texture": "#0"},
				"up": {"uv": [6.75, 8, 6.5, 7], "texture": "#0"},
				"down": {"uv": [7, 7, 6.75, 8], "texture": "#0"}
			}
		},
		{
			"from": [2, 4, 4],
			"to": [3, 4.5, 6],
			"rotation": {"angle": 0, "axis": "y", "origin": [13, 4, 1.5]},
			"faces": {
				"north": {"uv": [6.25, 10, 6.5, 10.25], "texture": "#0"},
				"east": {"uv": [1.75, 9, 2.25, 9.25], "texture": "#0"},
				"south": {"uv": [10, 6.25, 10.25, 6.5], "texture": "#0"},
				"west": {"uv": [9, 2, 9.5, 2.25], "texture": "#0"},
				"up": {"uv": [2.5, 9.5, 2.25, 9], "texture": "#0"},
				"down": {"uv": [9.25, 2.25, 9, 2.75], "texture": "#0"}
			}
		},
		{
			"from": [2, 4, 6],
			"to": [3, 5, 11.5],
			"rotation": {"angle": 0, "axis": "y", "origin": [13, 4, 5]},
			"faces": {
				"north": {"uv": [6.5, 10, 6.75, 10.25], "texture": "#0"},
				"east": {"uv": [2, 5.75, 3.5, 6], "texture": "#0"},
				"south": {"uv": [10, 6.5, 10.25, 6.75], "texture": "#0"},
				"west": {"uv": [5.75, 4.5, 7.25, 4.75], "texture": "#0"},
				"up": {"uv": [3.75, 7.25, 3.5, 5.75], "texture": "#0"},
				"down": {"uv": [4, 5.75, 3.75, 7.25], "texture": "#0"}
			}
		},
		{
			"from": [2, 2.5, 1],
			"to": [3, 3, 8],
			"rotation": {"angle": 0, "axis": "y", "origin": [11.5, 2.5, 0]},
			"faces": {
				"north": {"uv": [6.75, 10, 7, 10.25], "texture": "#0"},
				"east": {"uv": [5.25, 3.75, 7, 4], "texture": "#0"},
				"south": {"uv": [10, 6.75, 10.25, 7], "texture": "#0"},
				"west": {"uv": [5.25, 4, 7, 4.25], "texture": "#0"},
				"up": {"uv": [5, 7, 4.75, 5.25], "texture": "#0"},
				"down": {"uv": [5.25, 5.25, 5, 7], "texture": "#0"}
			}
		},
		{
			"from": [2, 3, 3],
			"to": [6, 4, 10.5],
			"rotation": {"angle": 0, "axis": "y", "origin": [13, 3, 2]},
			"faces": {
				"north": {"uv": [7, 5.75, 8, 6], "texture": "#0"},
				"east": {"uv": [5.25, 2.75, 7.25, 3], "texture": "#0"},
				"south": {"uv": [7, 7, 8, 7.25], "texture": "#0"},
				"west": {"uv": [5.25, 3, 7.25, 3.25], "texture": "#0"},
				"up": {"uv": [1, 4, 0, 2], "texture": "#0"},
				"down": {"uv": [3, 0, 2, 2], "texture": "#0"}
			}
		},
		{
			"from": [2, 0.5, 13.25],
			"to": [3, 1, 15.25],
			"rotation": {"angle": 0, "axis": "y", "origin": [13, 0, 10]},
			"faces": {
				"north": {"uv": [7, 10, 7.25, 10.25], "texture": "#0"},
				"east": {"uv": [3, 9, 3.5, 9.25], "texture": "#0"},
				"south": {"uv": [10, 7, 10.25, 7.25], "texture": "#0"},
				"west": {"uv": [3.5, 9, 4, 9.25], "texture": "#0"},
				"up": {"uv": [2.75, 9.5, 2.5, 9], "texture": "#0"},
				"down": {"uv": [4.25, 9, 4, 9.5], "texture": "#0"}
			}
		},
		{
			"from": [2, 1, 9.75],
			"to": [3, 1.5, 13.25],
			"rotation": {"angle": 0, "axis": "y", "origin": [13, 0.5, 8]},
			"faces": {
				"north": {"uv": [7.25, 10, 7.5, 10.25], "texture": "#0"},
				"east": {"uv": [0, 7.25, 1, 7.5], "texture": "#0"},
				"south": {"uv": [10, 7.25, 10.25, 7.5], "texture": "#0"},
				"west": {"uv": [7.25, 0, 8.25, 0.25], "texture": "#0"},
				"up": {"uv": [1.25, 8.25, 1, 7.25], "texture": "#0"},
				"down": {"uv": [1.5, 7.25, 1.25, 8.25], "texture": "#0"}
			}
		},
		{
			"from": [2, 1.5, 6],
			"to": [3, 2, 11.25],
			"rotation": {"angle": 0, "axis": "y", "origin": [13, 1, 5]},
			"faces": {
				"north": {"uv": [7.5, 10, 7.75, 10.25], "texture": "#0"},
				"east": {"uv": [0.5, 6.75, 1.75, 7], "texture": "#0"},
				"south": {"uv": [10, 7.5, 10.25, 7.75], "texture": "#0"},
				"west": {"uv": [6.75, 4.25, 8, 4.5], "texture": "#0"},
				"up": {"uv": [2.75, 7.25, 2.5, 6], "texture": "#0"},
				"down": {"uv": [3, 6, 2.75, 7.25], "texture": "#0"}
			}
		},
		{
			"from": [2, 2, 3.5],
			"to": [3, 2.5, 9.25],
			"rotation": {"angle": 0, "axis": "y", "origin": [13, 1.5, 3]},
			"faces": {
				"north": {"uv": [7.75, 10, 8, 10.25], "texture": "#0"},
				"east": {"uv": [5.75, 4.75, 7.25, 5], "texture": "#0"},
				"south": {"uv": [10, 7.75, 10.25, 8], "texture": "#0"},
				"west": {"uv": [5.75, 5, 7.25, 5.25], "texture": "#0"},
				"up": {"uv": [4.25, 7.25, 4, 5.75], "texture": "#0"},
				"down": {"uv": [5.5, 5.75, 5.25, 7.25], "texture": "#0"}
			}
		},
		{
			"from": [13, 1.5, 6],
			"to": [14, 2, 11.25],
			"rotation": {"angle": 0, "axis": "y", "origin": [3, 1, 5]},
			"faces": {
				"north": {"uv": [8, 10, 8.25, 10.25], "texture": "#0"},
				"east": {"uv": [6.75, 5.25, 8, 5.5], "texture": "#0"},
				"south": {"uv": [10, 8, 10.25, 8.25], "texture": "#0"},
				"west": {"uv": [5.5, 6.75, 6.75, 7], "texture": "#0"},
				"up": {"uv": [3.25, 7.25, 3, 6], "texture": "#0"},
				"down": {"uv": [3.5, 6, 3.25, 7.25], "texture": "#0"}
			}
		},
		{
			"from": [13, 1, 9.75],
			"to": [14, 1.5, 13.25],
			"rotation": {"angle": 0, "axis": "y", "origin": [3, 0.5, 8]},
			"faces": {
				"north": {"uv": [8.25, 10, 8.5, 10.25], "texture": "#0"},
				"east": {"uv": [7.25, 0.25, 8.25, 0.5], "texture": "#0"},
				"south": {"uv": [10, 8.25, 10.25, 8.5], "texture": "#0"},
				"west": {"uv": [7.25, 0.5, 8.25, 0.75], "texture": "#0"},
				"up": {"uv": [7.5, 2.5, 7.25, 1.5], "texture": "#0"},
				"down": {"uv": [2.75, 7.25, 2.5, 8.25], "texture": "#0"}
			}
		},
		{
			"from": [13, 0.5, 13.25],
			"to": [14, 1, 15.25],
			"rotation": {"angle": 0, "axis": "y", "origin": [3, 0, 10]},
			"faces": {
				"north": {"uv": [8.5, 10, 8.75, 10.25], "texture": "#0"},
				"east": {"uv": [4.25, 9, 4.75, 9.25], "texture": "#0"},
				"south": {"uv": [10, 8.5, 10.25, 8.75], "texture": "#0"},
				"west": {"uv": [9, 4.5, 9.5, 4.75], "texture": "#0"},
				"up": {"uv": [5, 9.5, 4.75, 9], "texture": "#0"},
				"down": {"uv": [9.25, 4.75, 9, 5.25], "texture": "#0"}
			}
		},
		{
			"from": [13, 4, 6],
			"to": [14, 5, 11.5],
			"rotation": {"angle": 0, "axis": "y", "origin": [3, 4, 5]},
			"faces": {
				"north": {"uv": [8.75, 10, 9, 10.25], "texture": "#0"},
				"east": {"uv": [5.5, 5.75, 7, 6], "texture": "#0"},
				"south": {"uv": [10, 8.75, 10.25, 9], "texture": "#0"},
				"west": {"uv": [0.5, 6, 2, 6.25], "texture": "#0"},
				"up": {"uv": [2.25, 7.5, 2, 6], "texture": "#0"},
				"down": {"uv": [2.5, 6, 2.25, 7.5], "texture": "#0"}
			}
		},
		{
			"from": [13, 5, 9.5],
			"to": [14, 6, 13.5],
			"rotation": {"angle": 0, "axis": "y", "origin": [3, 5, 8]},
			"faces": {
				"north": {"uv": [9, 10, 9.25, 10.25], "texture": "#0"},
				"east": {"uv": [7.25, 2.5, 8.25, 2.75], "texture": "#0"},
				"south": {"uv": [10, 9, 10.25, 9.25], "texture": "#0"},
				"west": {"uv": [2.75, 7.25, 3.75, 7.5], "texture": "#0"},
				"up": {"uv": [4, 8.25, 3.75, 7.25], "texture": "#0"},
				"down": {"uv": [4.25, 7.25, 4, 8.25], "texture": "#0"}
			}
		},
		{
			"from": [13, 6, 13],
			"to": [14, 7, 15.5],
			"rotation": {"angle": 0, "axis": "y", "origin": [3, 6, 11]},
			"faces": {
				"north": {"uv": [9.25, 10, 9.5, 10.25], "texture": "#0"},
				"east": {"uv": [8, 1.25, 8.75, 1.5], "texture": "#0"},
				"south": {"uv": [10, 9.25, 10.25, 9.5], "texture": "#0"},
				"west": {"uv": [8, 3.25, 8.75, 3.5], "texture": "#0"},
				"up": {"uv": [5, 8.75, 4.75, 8], "texture": "#0"},
				"down": {"uv": [5.25, 8, 5, 8.75], "texture": "#0"}
			}
		},
		{
			"from": [13, 6, 11],
			"to": [14, 6.5, 13],
			"rotation": {"angle": 0, "axis": "y", "origin": [3, 6, 7.5]},
			"faces": {
				"north": {"uv": [9.5, 10, 9.75, 10.25], "texture": "#0"},
				"east": {"uv": [5, 9, 5.5, 9.25], "texture": "#0"},
				"south": {"uv": [10, 9.5, 10.25, 9.75], "texture": "#0"},
				"west": {"uv": [9, 5.25, 9.5, 5.5], "texture": "#0"},
				"up": {"uv": [9.25, 6, 9, 5.5], "texture": "#0"},
				"down": {"uv": [9.25, 6, 9, 6.5], "texture": "#0"}
			}
		},
		{
			"from": [13, 5, 8],
			"to": [14, 5.5, 9.5],
			"rotation": {"angle": 0, "axis": "y", "origin": [3, 5, 4.5]},
			"faces": {
				"north": {"uv": [9.75, 10, 10, 10.25], "texture": "#0"},
				"east": {"uv": [6.5, 9, 7, 9.25], "texture": "#0"},
				"south": {"uv": [10, 9.75, 10.25, 10], "texture": "#0"},
				"west": {"uv": [9, 6.5, 9.5, 6.75], "texture": "#0"},
				"up": {"uv": [9.25, 7.25, 9, 6.75], "texture": "#0"},
				"down": {"uv": [9.25, 7.25, 9, 7.75], "texture": "#0"}
			}
		},
		{
			"from": [13, 4, 4],
			"to": [14, 4.5, 6],
			"rotation": {"angle": 0, "axis": "y", "origin": [3, 4, 1.5]},
			"faces": {
				"north": {"uv": [10, 10, 10.25, 10.25], "texture": "#0"},
				"east": {"uv": [9, 7.75, 9.5, 8], "texture": "#0"},
				"south": {"uv": [0, 10.25, 0.25, 10.5], "texture": "#0"},
				"west": {"uv": [9, 8, 9.5, 8.25], "texture": "#0"},
				"up": {"uv": [8.25, 9.5, 8, 9], "texture": "#0"},
				"down": {"uv": [9, 9, 8.75, 9.5], "texture": "#0"}
			}
		},
		{
			"from": [13, 3.5, 10.5],
			"to": [14, 4, 12.5],
			"rotation": {"angle": 0, "axis": "y", "origin": [3, 3.5, 7]},
			"faces": {
				"north": {"uv": [10.25, 0, 10.5, 0.25], "texture": "#0"},
				"east": {"uv": [9, 8.25, 9.5, 8.5], "texture": "#0"},
				"south": {"uv": [0.25, 10.25, 0.5, 10.5], "texture": "#0"},
				"west": {"uv": [9, 9, 9.5, 9.25], "texture": "#0"},
				"up": {"uv": [0.25, 9.75, 0, 9.25], "texture": "#0"},
				"down": {"uv": [9.5, 0, 9.25, 0.5], "texture": "#0"}
			}
		},
		{
			"from": [13, 4, 11.5],
			"to": [14, 4.5, 14.5],
			"rotation": {"angle": 0, "axis": "y", "origin": [3, 4, 8]},
			"faces": {
				"north": {"uv": [10.25, 0.25, 10.5, 0.5], "texture": "#0"},
				"east": {"uv": [8, 3.5, 8.75, 3.75], "texture": "#0"},
				"south": {"uv": [0.5, 10.25, 0.75, 10.5], "texture": "#0"},
				"west": {"uv": [8, 4.25, 8.75, 4.5], "texture": "#0"},
				"up": {"uv": [5.5, 8.75, 5.25, 8], "texture": "#0"},
				"down": {"uv": [5.75, 8, 5.5, 8.75], "texture": "#0"}
			}
		},
		{
			"from": [13, 4.5, 14.5],
			"to": [14, 5, 15.5],
			"rotation": {"angle": 0, "axis": "y", "origin": [3, 4.5, 11]},
			"faces": {
				"north": {"uv": [10.25, 0.5, 10.5, 0.75], "texture": "#0"},
				"east": {"uv": [0.75, 10.25, 1, 10.5], "texture": "#0"},
				"south": {"uv": [10.25, 0.75, 10.5, 1], "texture": "#0"},
				"west": {"uv": [1, 10.25, 1.25, 10.5], "texture": "#0"},
				"up": {"uv": [10.5, 1.25, 10.25, 1], "texture": "#0"},
				"down": {"uv": [1.5, 10.25, 1.25, 10.5], "texture": "#0"}
			}
		},
		{
			"from": [13, 5.5, 13.5],
			"to": [14, 6, 14.5],
			"rotation": {"angle": 0, "axis": "y", "origin": [3, 5.5, 10]},
			"faces": {
				"north": {"uv": [10.25, 1.25, 10.5, 1.5], "texture": "#0"},
				"east": {"uv": [1.5, 10.25, 1.75, 10.5], "texture": "#0"},
				"south": {"uv": [10.25, 1.5, 10.5, 1.75], "texture": "#0"},
				"west": {"uv": [1.75, 10.25, 2, 10.5], "texture": "#0"},
				"up": {"uv": [10.5, 2, 10.25, 1.75], "texture": "#0"},
				"down": {"uv": [2.25, 10.25, 2, 10.5], "texture": "#0"}
			}
		},
		{
			"from": [13, 7, 14.5],
			"to": [14, 7.5, 16],
			"rotation": {"angle": 0, "axis": "y", "origin": [3, 7, 11]},
			"faces": {
				"north": {"uv": [10.25, 2, 10.5, 2.25], "texture": "#0"},
				"east": {"uv": [9.25, 0.5, 9.75, 0.75], "texture": "#0"},
				"south": {"uv": [2.25, 10.25, 2.5, 10.5], "texture": "#0"},
				"west": {"uv": [0.75, 9.25, 1.25, 9.5], "texture": "#0"},
				"up": {"uv": [9.5, 1.25, 9.25, 0.75], "texture": "#0"},
				"down": {"uv": [1.5, 9.25, 1.25, 9.75], "texture": "#0"}
			}
		},
		{
			"from": [13, 6.5, 15.5],
			"to": [14, 7, 16],
			"rotation": {"angle": 0, "axis": "y", "origin": [3, 6.5, 12]},
			"faces": {
				"north": {"uv": [10.25, 2.25, 10.5, 2.5], "texture": "#0"},
				"east": {"uv": [2.5, 10.25, 2.75, 10.5], "texture": "#0"},
				"south": {"uv": [10.25, 2.5, 10.5, 2.75], "texture": "#0"},
				"west": {"uv": [2.75, 10.25, 3, 10.5], "texture": "#0"},
				"up": {"uv": [10.5, 3, 10.25, 2.75], "texture": "#0"},
				"down": {"uv": [3.25, 10.25, 3, 10.5], "texture": "#0"}
			}
		},
		{
			"from": [13, 7.5, 15.5],
			"to": [14, 8, 16],
			"rotation": {"angle": 0, "axis": "y", "origin": [3, 7.5, 12]},
			"faces": {
				"north": {"uv": [10.25, 3, 10.5, 3.25], "texture": "#0"},
				"east": {"uv": [3.25, 10.25, 3.5, 10.5], "texture": "#0"},
				"south": {"uv": [10.25, 3.25, 10.5, 3.5], "texture": "#0"},
				"west": {"uv": [3.5, 10.25, 3.75, 10.5], "texture": "#0"},
				"up": {"uv": [10.5, 3.75, 10.25, 3.5], "texture": "#0"},
				"down": {"uv": [4, 10.25, 3.75, 10.5], "texture": "#0"}
			}
		},
		{
			"from": [13, 7.5, 16],
			"to": [14, 8, 16.5],
			"rotation": {"angle": 0, "axis": "y", "origin": [3, 7.5, 12.5]},
			"faces": {
				"north": {"uv": [10.25, 3.75, 10.5, 4], "texture": "#0"},
				"east": {"uv": [4, 10.25, 4.25, 10.5], "texture": "#0"},
				"south": {"uv": [10.25, 4, 10.5, 4.25], "texture": "#0"},
				"west": {"uv": [4.25, 10.25, 4.5, 10.5], "texture": "#0"},
				"up": {"uv": [10.5, 4.5, 10.25, 4.25], "texture": "#0"},
				"down": {"uv": [4.75, 10.25, 4.5, 10.5], "texture": "#0"}
			}
		},
		{
			"from": [14, 6, 1],
			"to": [18, 7, 3.5],
			"rotation": {"angle": 0, "axis": "y", "origin": [5, 6, 0]},
			"faces": {
				"north": {"uv": [7.25, 2.75, 8.25, 3], "texture": "#0"},
				"east": {"uv": [8, 5.25, 8.75, 5.5], "texture": "#0"},
				"south": {"uv": [7.25, 3, 8.25, 3.25], "texture": "#0"},
				"west": {"uv": [5.75, 8, 6.5, 8.25], "texture": "#0"},
				"up": {"uv": [5.75, 5.25, 4.75, 4.5], "texture": "#0"},
				"down": {"uv": [1, 5, 0, 5.75], "texture": "#0"}
			}
		},
		{
			"from": [18.5, 7, 1],
			"to": [19, 8, 3],
			"rotation": {"angle": 0, "axis": "y", "origin": [9, 7, 0]},
			"faces": {
				"north": {"uv": [10.25, 4.5, 10.5, 4.75], "texture": "#0"},
				"east": {"uv": [1.5, 9.25, 2, 9.5], "texture": "#0"},
				"south": {"uv": [4.75, 10.25, 5, 10.5], "texture": "#0"},
				"west": {"uv": [9.25, 1.5, 9.75, 1.75], "texture": "#0"},
				"up": {"uv": [2.25, 9.75, 2, 9.25], "texture": "#0"},
				"down": {"uv": [9.5, 2.25, 9.25, 2.75], "texture": "#0"}
			}
		},
		{
			"from": [16, 7, 1],
			"to": [17, 8, 3],
			"rotation": {"angle": 0, "axis": "y", "origin": [7, 7, 0]},
			"faces": {
				"north": {"uv": [10.25, 4.75, 10.5, 5], "texture": "#0"},
				"east": {"uv": [9.25, 1.75, 9.75, 2], "texture": "#0"},
				"south": {"uv": [5, 10.25, 5.25, 10.5], "texture": "#0"},
				"west": {"uv": [2.75, 9.25, 3.25, 9.5], "texture": "#0"},
				"up": {"uv": [9.5, 3.25, 9.25, 2.75], "texture": "#0"},
				"down": {"uv": [3.5, 9.25, 3.25, 9.75], "texture": "#0"}
			}
		},
		{
			"from": [17, 8, 1],
			"to": [18, 9, 3],
			"rotation": {"angle": 0, "axis": "y", "origin": [8, 8, 0]},
			"faces": {
				"north": {"uv": [10.25, 5, 10.5, 5.25], "texture": "#0"},
				"east": {"uv": [9.25, 3.25, 9.75, 3.5], "texture": "#0"},
				"south": {"uv": [5.25, 10.25, 5.5, 10.5], "texture": "#0"},
				"west": {"uv": [3.5, 9.25, 4, 9.5], "texture": "#0"},
				"up": {"uv": [9.5, 4, 9.25, 3.5], "texture": "#0"},
				"down": {"uv": [9.5, 4, 9.25, 4.5], "texture": "#0"}
			}
		},
		{
			"from": [18, 9, 1],
			"to": [18.5, 11, 3],
			"rotation": {"angle": 0, "axis": "y", "origin": [9, 9, 0]},
			"faces": {
				"north": {"uv": [4.25, 9.25, 4.5, 9.75], "texture": "#0"},
				"east": {"uv": [4.25, 7.25, 4.75, 7.75], "texture": "#0"},
				"south": {"uv": [4.5, 9.25, 4.75, 9.75], "texture": "#0"},
				"west": {"uv": [7.25, 4.5, 7.75, 5], "texture": "#0"},
				"up": {"uv": [9.5, 5.25, 9.25, 4.75], "texture": "#0"},
				"down": {"uv": [5.25, 9.25, 5, 9.75], "texture": "#0"}
			}
		},
		{
			"from": [17.5, 9, 1],
			"to": [18, 10, 3],
			"rotation": {"angle": 0, "axis": "y", "origin": [8.5, 9, 0]},
			"faces": {
				"north": {"uv": [10.25, 5.25, 10.5, 5.5], "texture": "#0"},
				"east": {"uv": [5.25, 9.25, 5.75, 9.5], "texture": "#0"},
				"south": {"uv": [5.5, 10.25, 5.75, 10.5], "texture": "#0"},
				"west": {"uv": [9.25, 5.5, 9.75, 5.75], "texture": "#0"},
				"up": {"uv": [6, 9.75, 5.75, 9.25], "texture": "#0"},
				"down": {"uv": [9.5, 5.75, 9.25, 6.25], "texture": "#0"}
			}
		},
		{
			"from": [16.5, 8, 1],
			"to": [17, 8.5, 3],
			"rotation": {"angle": 0, "axis": "y", "origin": [7.5, 8, 0]},
			"faces": {
				"north": {"uv": [10.25, 5.5, 10.5, 5.75], "texture": "#0"},
				"east": {"uv": [6, 9.25, 6.5, 9.5], "texture": "#0"},
				"south": {"uv": [5.75, 10.25, 6, 10.5], "texture": "#0"},
				"west": {"uv": [9.25, 6.25, 9.75, 6.5], "texture": "#0"},
				"up": {"uv": [6.75, 9.75, 6.5, 9.25], "texture": "#0"},
				"down": {"uv": [7, 9.25, 6.75, 9.75], "texture": "#0"}
			}
		},
		{
			"from": [16, 4.5, 1],
			"to": [16.5, 5, 3],
			"rotation": {"angle": 0, "axis": "y", "origin": [7, 4.5, 0]},
			"faces": {
				"north": {"uv": [10.25, 5.75, 10.5, 6], "texture": "#0"},
				"east": {"uv": [9.25, 6.75, 9.75, 7], "texture": "#0"},
				"south": {"uv": [6, 10.25, 6.25, 10.5], "texture": "#0"},
				"west": {"uv": [7, 9.25, 7.5, 9.5], "texture": "#0"},
				"up": {"uv": [9.5, 7.5, 9.25, 7], "texture": "#0"},
				"down": {"uv": [7.75, 9.25, 7.5, 9.75], "texture": "#0"}
			}
		},
		{
			"from": [15, 3.5, 1],
			"to": [15.5, 4, 3],
			"rotation": {"angle": 0, "axis": "y", "origin": [6, 3.5, 0]},
			"faces": {
				"north": {"uv": [10.25, 6, 10.5, 6.25], "texture": "#0"},
				"east": {"uv": [9.25, 7.5, 9.75, 7.75], "texture": "#0"},
				"south": {"uv": [6.25, 10.25, 6.5, 10.5], "texture": "#0"},
				"west": {"uv": [8.25, 9.25, 8.75, 9.5], "texture": "#0"},
				"up": {"uv": [8, 9.75, 7.75, 9.25], "texture": "#0"},
				"down": {"uv": [9.5, 8.5, 9.25, 9], "texture": "#0"}
			}
		},
		{
			"from": [17, 5.5, 1],
			"to": [17.5, 6, 3],
			"rotation": {"angle": 0, "axis": "y", "origin": [8, 5.5, 0]},
			"faces": {
				"north": {"uv": [10.25, 6.25, 10.5, 6.5], "texture": "#0"},
				"east": {"uv": [9, 9.25, 9.5, 9.5], "texture": "#0"},
				"south": {"uv": [6.5, 10.25, 6.75, 10.5], "texture": "#0"},
				"west": {"uv": [9.5, 0, 10, 0.25], "texture": "#0"},
				"up": {"uv": [0.5, 10, 0.25, 9.5], "texture": "#0"},
				"down": {"uv": [0.75, 9.5, 0.5, 10], "texture": "#0"}
			}
		},
		{
			"from": [18, 6.5, 1],
			"to": [18.5, 7.5, 3],
			"rotation": {"angle": 0, "axis": "y", "origin": [9, 6.5, 0]},
			"faces": {
				"north": {"uv": [10.25, 6.5, 10.5, 6.75], "texture": "#0"},
				"east": {"uv": [9.5, 0.25, 10, 0.5], "texture": "#0"},
				"south": {"uv": [6.75, 10.25, 7, 10.5], "texture": "#0"},
				"west": {"uv": [0.75, 9.5, 1.25, 9.75], "texture": "#0"},
				"up": {"uv": [9.75, 1.25, 9.5, 0.75], "texture": "#0"},
				"down": {"uv": [1.75, 9.5, 1.5, 10], "texture": "#0"}
			}
		},
		{
			"from": [17, 7.5, 1],
			"to": [17.5, 8, 3],
			"rotation": {"angle": 0, "axis": "y", "origin": [8, 7.5, 0]},
			"faces": {
				"north": {"uv": [10.25, 6.75, 10.5, 7], "texture": "#0"},
				"east": {"uv": [9.5, 1.25, 10, 1.5], "texture": "#0"},
				"south": {"uv": [7, 10.25, 7.25, 10.5], "texture": "#0"},
				"west": {"uv": [9.5, 2, 10, 2.25], "texture": "#0"},
				"up": {"uv": [2, 10, 1.75, 9.5], "texture": "#0"},
				"down": {"uv": [2.5, 9.5, 2.25, 10], "texture": "#0"}
			}
		},
		{
			"from": [9.5, 4, 1],
			"to": [10, 4.5, 3],
			"rotation": {"angle": 0, "axis": "y", "origin": [0.5, 4, 0]},
			"faces": {
				"north": {"uv": [10.25, 7, 10.5, 7.25], "texture": "#0"},
				"east": {"uv": [9.5, 2.25, 10, 2.5], "texture": "#0"},
				"south": {"uv": [7.25, 10.25, 7.5, 10.5], "texture": "#0"},
				"west": {"uv": [2.5, 9.5, 3, 9.75], "texture": "#0"},
				"up": {"uv": [9.75, 3, 9.5, 2.5], "texture": "#0"},
				"down": {"uv": [3.25, 9.5, 3, 10], "texture": "#0"}
			}
		},
		{
			"from": [8.5, 3, 1],
			"to": [9, 3.5, 3],
			"rotation": {"angle": 0, "axis": "y", "origin": [-0.5, 3, 0]},
			"faces": {
				"north": {"uv": [10.25, 7.25, 10.5, 7.5], "texture": "#0"},
				"east": {"uv": [9.5, 3, 10, 3.25], "texture": "#0"},
				"south": {"uv": [7.5, 10.25, 7.75, 10.5], "texture": "#0"},
				"west": {"uv": [3.5, 9.5, 4, 9.75], "texture": "#0"},
				"up": {"uv": [9.75, 4, 9.5, 3.5], "texture": "#0"},
				"down": {"uv": [4.25, 9.5, 4, 10], "texture": "#0"}
			}
		},
		{
			"from": [15, 7, 1],
			"to": [16, 7.5, 3],
			"rotation": {"angle": 0, "axis": "y", "origin": [6.5, 7, 0]},
			"faces": {
				"north": {"uv": [10.25, 7.5, 10.5, 7.75], "texture": "#0"},
				"east": {"uv": [9.5, 4, 10, 4.25], "texture": "#0"},
				"south": {"uv": [7.75, 10.25, 8, 10.5], "texture": "#0"},
				"west": {"uv": [9.5, 4.25, 10, 4.5], "texture": "#0"},
				"up": {"uv": [9.75, 5, 9.5, 4.5], "texture": "#0"},
				"down": {"uv": [5, 9.5, 4.75, 10], "texture": "#0"}
			}
		},
		{
			"from": [13, 6, 1],
			"to": [14, 6.5, 3],
			"rotation": {"angle": 0, "axis": "y", "origin": [4.5, 6, 0]},
			"faces": {
				"north": {"uv": [10.25, 7.75, 10.5, 8], "texture": "#0"},
				"east": {"uv": [9.5, 5, 10, 5.25], "texture": "#0"},
				"south": {"uv": [8, 10.25, 8.25, 10.5], "texture": "#0"},
				"west": {"uv": [5.25, 9.5, 5.75, 9.75], "texture": "#0"},
				"up": {"uv": [9.75, 6.25, 9.5, 5.75], "texture": "#0"},
				"down": {"uv": [6.25, 9.5, 6, 10], "texture": "#0"}
			}
		},
		{
			"from": [11, 5, 1],
			"to": [12, 5.5, 3],
			"rotation": {"angle": 0, "axis": "y", "origin": [2.5, 5, 0]},
			"faces": {
				"north": {"uv": [10.25, 8, 10.5, 8.25], "texture": "#0"},
				"east": {"uv": [9.5, 5.25, 10, 5.5], "texture": "#0"},
				"south": {"uv": [8.25, 10.25, 8.5, 10.5], "texture": "#0"},
				"west": {"uv": [9.5, 6.5, 10, 6.75], "texture": "#0"},
				"up": {"uv": [6.5, 10, 6.25, 9.5], "texture": "#0"},
				"down": {"uv": [7.25, 9.5, 7, 10], "texture": "#0"}
			}
		},
		{
			"from": [11, 1.5, 1],
			"to": [12, 2, 3],
			"rotation": {"angle": 0, "axis": "y", "origin": [2.5, 1.5, 0]},
			"faces": {
				"north": {"uv": [10.25, 8.25, 10.5, 8.5], "texture": "#0"},
				"east": {"uv": [9.5, 7, 10, 7.25], "texture": "#0"},
				"south": {"uv": [8.5, 10.25, 8.75, 10.5], "texture": "#0"},
				"west": {"uv": [9.5, 7.25, 10, 7.5], "texture": "#0"},
				"up": {"uv": [7.5, 10, 7.25, 9.5], "texture": "#0"},
				"down": {"uv": [9.75, 7.75, 9.5, 8.25], "texture": "#0"}
			}
		},
		{
			"from": [6, 0.5, 1],
			"to": [10, 1, 3],
			"rotation": {"angle": 0, "axis": "y", "origin": [-0.5, 0.5, 0]},
			"faces": {
				"north": {"uv": [4.75, 7.25, 5.75, 7.5], "texture": "#0"},
				"east": {"uv": [8, 9.5, 8.5, 9.75], "texture": "#0"},
				"south": {"uv": [7.25, 5, 8.25, 5.25], "texture": "#0"},
				"west": {"uv": [9.5, 8.25, 10, 8.5], "texture": "#0"},
				"up": {"uv": [4, 2, 3, 1.5], "texture": "#0"},
				"down": {"uv": [4.25, 5.25, 3.25, 5.75], "texture": "#0"}
			}
		},
		{
			"from": [13, 2.5, 1],
			"to": [14, 3, 8],
			"rotation": {"angle": 0, "axis": "y", "origin": [4.5, 2.5, 0]},
			"faces": {
				"north": {"uv": [3.75, 4.25, 4, 4.5], "texture": "#0"},
				"east": {"uv": [5.25, 3.25, 7, 3.5], "texture": "#0"},
				"south": {"uv": [6.25, 7.5, 6.5, 7.75], "texture": "#0"},
				"west": {"uv": [5.25, 3.5, 7, 3.75], "texture": "#0"},
				"up": {"uv": [4.5, 7, 4.25, 5.25], "texture": "#0"},
				"down": {"uv": [4.75, 5.25, 4.5, 7], "texture": "#0"}
			}
		},
		{
			"from": [6, 3, 2.75],
			"to": [8, 4, 3],
			"rotation": {"angle": 0, "axis": "y", "origin": [6, 3, 2]},
			"faces": {
				"north": {"uv": [3, 2, 4, 2.5], "texture": "#3"},
				"east": {"uv": [6, 6, 6.5, 6.5], "texture": "#3"},
				"south": {"uv": [2.5, 3, 3.5, 3.5], "texture": "#3"},
				"west": {"uv": [0, 6.5, 0.5, 7], "texture": "#3"},
				"up": {"uv": [4, 3, 3, 2.5], "texture": "#3"},
				"down": {"uv": [4.5, 0, 3.5, 0.5], "texture": "#3"}
			}
		},
		{
			"from": [7.25, 4.5, 2.75],
			"to": [8, 5, 3],
			"rotation": {"angle": 0, "axis": "y", "origin": [6, 4, 2]},
			"faces": {
				"north": {"uv": [6.5, 0, 7, 0.5], "texture": "#3"},
				"east": {"uv": [0.5, 6.5, 1, 7], "texture": "#3"},
				"south": {"uv": [6.5, 0.5, 7, 1], "texture": "#3"},
				"west": {"uv": [1, 6.5, 1.5, 7], "texture": "#3"},
				"up": {"uv": [7, 1.5, 6.5, 1], "texture": "#3"},
				"down": {"uv": [2, 6.5, 1.5, 7], "texture": "#3"}
			}
		},
		{
			"from": [7, 4.5, 2.75],
			"to": [7.25, 5.25, 3],
			"rotation": {"angle": 0, "axis": "y", "origin": [5.75, 4, 2]},
			"faces": {
				"north": {"uv": [6.5, 1.5, 7, 2], "texture": "#3"},
				"east": {"uv": [2, 6.5, 2.5, 7], "texture": "#3"},
				"south": {"uv": [6.5, 2, 7, 2.5], "texture": "#3"},
				"west": {"uv": [2.5, 6.5, 3, 7], "texture": "#3"},
				"up": {"uv": [7, 3, 6.5, 2.5], "texture": "#3"},
				"down": {"uv": [3.5, 6.5, 3, 7], "texture": "#3"}
			}
		},
		{
			"from": [7, 4, 2.75],
			"to": [8, 4.5, 3],
			"rotation": {"angle": 0, "axis": "y", "origin": [6, 3.5, 2]},
			"faces": {
				"north": {"uv": [6.5, 3, 7, 3.5], "texture": "#3"},
				"east": {"uv": [3.5, 6.5, 4, 7], "texture": "#3"},
				"south": {"uv": [6.5, 3.5, 7, 4], "texture": "#3"},
				"west": {"uv": [4, 6.5, 4.5, 7], "texture": "#3"},
				"up": {"uv": [7, 4.5, 6.5, 4], "texture": "#3"},
				"down": {"uv": [5, 6.5, 4.5, 7], "texture": "#3"}
			}
		},
		{
			"from": [6, 4, 2.75],
			"to": [7, 5, 3],
			"rotation": {"angle": 0, "axis": "y", "origin": [5, 4, 2]},
			"faces": {
				"north": {"uv": [6.5, 4.5, 7, 5], "texture": "#3"},
				"east": {"uv": [5, 6.5, 5.5, 7], "texture": "#3"},
				"south": {"uv": [6.5, 5, 7, 5.5], "texture": "#3"},
				"west": {"uv": [5.5, 6.5, 6, 7], "texture": "#3"},
				"up": {"uv": [7, 6, 6.5, 5.5], "texture": "#3"},
				"down": {"uv": [6.5, 6.5, 6, 7], "texture": "#3"}
			}
		},
		{
			"from": [6.5, 5, 2.85],
			"to": [7, 6, 3.1],
			"rotation": {"angle": 0, "axis": "y", "origin": [6, 5, 2.1]},
			"faces": {
				"north": {"uv": [6.5, 6, 7, 6.5], "texture": "#3"},
				"east": {"uv": [6.5, 6.5, 7, 7], "texture": "#3"},
				"south": {"uv": [0, 7, 0.5, 7.5], "texture": "#3"},
				"west": {"uv": [7, 0, 7.5, 0.5], "texture": "#3"},
				"up": {"uv": [1, 7.5, 0.5, 7], "texture": "#3"},
				"down": {"uv": [7.5, 0.5, 7, 1], "texture": "#3"}
			}
		},
		{
			"from": [5.5, 5, 2.75],
			"to": [6, 5.25, 3],
			"rotation": {"angle": 0, "axis": "y", "origin": [5, 5, 2]},
			"faces": {
				"north": {"uv": [1, 7, 1.5, 7.5], "texture": "#3"},
				"east": {"uv": [7, 1, 7.5, 1.5], "texture": "#3"},
				"south": {"uv": [1.5, 7, 2, 7.5], "texture": "#3"},
				"west": {"uv": [7, 1.5, 7.5, 2], "texture": "#3"},
				"up": {"uv": [2.5, 7.5, 2, 7], "texture": "#3"},
				"down": {"uv": [7.5, 2, 7, 2.5], "texture": "#3"}
			}
		},
		{
			"from": [5, 5.25, 2.75],
			"to": [5.5, 5.75, 3],
			"rotation": {"angle": 0, "axis": "y", "origin": [4.5, 5.25, 2]},
			"faces": {
				"north": {"uv": [2.5, 7, 3, 7.5], "texture": "#3"},
				"east": {"uv": [7, 2.5, 7.5, 3], "texture": "#3"},
				"south": {"uv": [3, 7, 3.5, 7.5], "texture": "#3"},
				"west": {"uv": [7, 3, 7.5, 3.5], "texture": "#3"},
				"up": {"uv": [4, 7.5, 3.5, 7], "texture": "#3"},
				"down": {"uv": [7.5, 3.5, 7, 4], "texture": "#3"}
			}
		},
		{
			"from": [4.5, 5.75, 3],
			"to": [5, 6.25, 3.25],
			"rotation": {"angle": 0, "axis": "y", "origin": [4, 5.75, 2.25]},
			"faces": {
				"north": {"uv": [4, 7, 4.5, 7.5], "texture": "#3"},
				"east": {"uv": [7, 4, 7.5, 4.5], "texture": "#3"},
				"south": {"uv": [4.5, 7, 5, 7.5], "texture": "#3"},
				"west": {"uv": [7, 4.5, 7.5, 5], "texture": "#3"},
				"up": {"uv": [5.5, 7.5, 5, 7], "texture": "#3"},
				"down": {"uv": [7.5, 5, 7, 5.5], "texture": "#3"}
			}
		},
		{
			"from": [5, 5.75, 2.75],
			"to": [5.25, 6, 3],
			"rotation": {"angle": 0, "axis": "y", "origin": [4.5, 5.75, 2]},
			"faces": {
				"north": {"uv": [5.5, 7, 6, 7.5], "texture": "#3"},
				"east": {"uv": [7, 5.5, 7.5, 6], "texture": "#3"},
				"south": {"uv": [6, 7, 6.5, 7.5], "texture": "#3"},
				"west": {"uv": [7, 6, 7.5, 6.5], "texture": "#3"},
				"up": {"uv": [7, 7.5, 6.5, 7], "texture": "#3"},
				"down": {"uv": [7.5, 6.5, 7, 7], "texture": "#3"}
			}
		},
		{
			"from": [5.5, 5.25, 2.75],
			"to": [5.75, 5.5, 3],
			"rotation": {"angle": 0, "axis": "y", "origin": [5, 5.25, 2]},
			"faces": {
				"north": {"uv": [7, 7, 7.5, 7.5], "texture": "#3"},
				"east": {"uv": [0, 7.5, 0.5, 8], "texture": "#3"},
				"south": {"uv": [7.5, 0, 8, 0.5], "texture": "#3"},
				"west": {"uv": [0.5, 7.5, 1, 8], "texture": "#3"},
				"up": {"uv": [8, 1, 7.5, 0.5], "texture": "#3"},
				"down": {"uv": [1.5, 7.5, 1, 8], "texture": "#3"}
			}
		},
		{
			"from": [5.25, 5, 2.75],
			"to": [5.5, 5.25, 3],
			"rotation": {"angle": 0, "axis": "y", "origin": [4.75, 5, 2]},
			"faces": {
				"north": {"uv": [7.5, 1, 8, 1.5], "texture": "#3"},
				"east": {"uv": [1.5, 7.5, 2, 8], "texture": "#3"},
				"south": {"uv": [7.5, 1.5, 8, 2], "texture": "#3"},
				"west": {"uv": [2, 7.5, 2.5, 8], "texture": "#3"},
				"up": {"uv": [8, 2.5, 7.5, 2], "texture": "#3"},
				"down": {"uv": [3, 7.5, 2.5, 8], "texture": "#3"}
			}
		},
		{
			"from": [4.75, 5.5, 2.75],
			"to": [5, 5.75, 3],
			"rotation": {"angle": 0, "axis": "y", "origin": [4.25, 5.5, 2]},
			"faces": {
				"north": {"uv": [7.5, 2.5, 8, 3], "texture": "#3"},
				"east": {"uv": [3, 7.5, 3.5, 8], "texture": "#3"},
				"south": {"uv": [7.5, 3, 8, 3.5], "texture": "#3"},
				"west": {"uv": [3.5, 7.5, 4, 8], "texture": "#3"},
				"up": {"uv": [8, 4, 7.5, 3.5], "texture": "#3"},
				"down": {"uv": [4.5, 7.5, 4, 8], "texture": "#3"}
			}
		},
		{
			"from": [4.5, 6.25, 3.25],
			"to": [4.75, 6.5, 3.5],
			"rotation": {"angle": 0, "axis": "y", "origin": [4, 6.25, 2.5]},
			"faces": {
				"north": {"uv": [7.5, 4, 8, 4.5], "texture": "#3"},
				"east": {"uv": [4.5, 7.5, 5, 8], "texture": "#3"},
				"south": {"uv": [7.5, 4.5, 8, 5], "texture": "#3"},
				"west": {"uv": [5, 7.5, 5.5, 8], "texture": "#3"},
				"up": {"uv": [8, 5.5, 7.5, 5], "texture": "#3"},
				"down": {"uv": [6, 7.5, 5.5, 8], "texture": "#3"}
			}
		},
		{
			"from": [4.25, 6.25, 3.25],
			"to": [4.5, 6.5, 3.5],
			"rotation": {"angle": 0, "axis": "y", "origin": [3.75, 6.25, 2.5]},
			"faces": {
				"north": {"uv": [7.5, 5.5, 8, 6], "texture": "#3"},
				"east": {"uv": [6, 7.5, 6.5, 8], "texture": "#3"},
				"south": {"uv": [7.5, 6, 8, 6.5], "texture": "#3"},
				"west": {"uv": [6.5, 7.5, 7, 8], "texture": "#3"},
				"up": {"uv": [8, 7, 7.5, 6.5], "texture": "#3"},
				"down": {"uv": [7.5, 7.5, 7, 8], "texture": "#3"}
			}
		},
		{
			"from": [4, 6.5, 3.5],
			"to": [4.25, 6.75, 3.75],
			"rotation": {"angle": 0, "axis": "y", "origin": [3.5, 6.5, 2.75]},
			"faces": {
				"north": {"uv": [7.5, 7, 8, 7.5], "texture": "#3"},
				"east": {"uv": [7.5, 7.5, 8, 8], "texture": "#3"},
				"south": {"uv": [0, 8, 0.5, 8.5], "texture": "#3"},
				"west": {"uv": [8, 0, 8.5, 0.5], "texture": "#3"},
				"up": {"uv": [1, 8.5, 0.5, 8], "texture": "#3"},
				"down": {"uv": [8.5, 0.5, 8, 1], "texture": "#3"}
			}
		},
		{
			"from": [3.25, 6.75, 3.75],
			"to": [4, 7.5, 4.25],
			"rotation": {"angle": 0, "axis": "y", "origin": [3.25, 6.75, 3.25]},
			"faces": {
				"north": {"uv": [1, 8, 1.5, 8.5], "texture": "#3"},
				"east": {"uv": [8, 1, 8.5, 1.5], "texture": "#3"},
				"south": {"uv": [1.5, 8, 2, 8.5], "texture": "#3"},
				"west": {"uv": [8, 1.5, 8.5, 2], "texture": "#3"},
				"up": {"uv": [2.5, 8.5, 2, 8], "texture": "#3"},
				"down": {"uv": [8.5, 2, 8, 2.5], "texture": "#3"}
			}
		},
		{
			"from": [11, 5.75, 3],
			"to": [11.5, 6.25, 3.25],
			"rotation": {"angle": 0, "axis": "y", "origin": [12, 5.75, 2.25]},
			"faces": {
				"north": {"uv": [2.5, 8, 3, 8.5], "texture": "#3"},
				"east": {"uv": [8, 2.5, 8.5, 3], "texture": "#3"},
				"south": {"uv": [3, 8, 3.5, 8.5], "texture": "#3"},
				"west": {"uv": [8, 3, 8.5, 3.5], "texture": "#3"},
				"up": {"uv": [4, 8.5, 3.5, 8], "texture": "#3"},
				"down": {"uv": [8.5, 3.5, 8, 4], "texture": "#3"}
			}
		},
		{
			"from": [11.25, 6.25, 3.25],
			"to": [11.5, 6.5, 3.5],
			"rotation": {"angle": 0, "axis": "y", "origin": [12, 6.25, 2.5]},
			"faces": {
				"north": {"uv": [4, 8, 4.5, 8.5], "texture": "#3"},
				"east": {"uv": [8, 4, 8.5, 4.5], "texture": "#3"},
				"south": {"uv": [4.5, 8, 5, 8.5], "texture": "#3"},
				"west": {"uv": [8, 4.5, 8.5, 5], "texture": "#3"},
				"up": {"uv": [5.5, 8.5, 5, 8], "texture": "#3"},
				"down": {"uv": [8.5, 5, 8, 5.5], "texture": "#3"}
			}
		},
		{
			"from": [11.5, 6.25, 3.25],
			"to": [11.75, 6.5, 3.5],
			"rotation": {"angle": 0, "axis": "y", "origin": [12.25, 6.25, 2.5]},
			"faces": {
				"north": {"uv": [5.5, 8, 6, 8.5], "texture": "#3"},
				"east": {"uv": [8, 5.5, 8.5, 6], "texture": "#3"},
				"south": {"uv": [6, 8, 6.5, 8.5], "texture": "#3"},
				"west": {"uv": [8, 6, 8.5, 6.5], "texture": "#3"},
				"up": {"uv": [7, 8.5, 6.5, 8], "texture": "#3"},
				"down": {"uv": [8.5, 6.5, 8, 7], "texture": "#3"}
			}
		},
		{
			"from": [11.75, 6.5, 3.5],
			"to": [12, 6.75, 3.75],
			"rotation": {"angle": 0, "axis": "y", "origin": [12.5, 6.5, 2.75]},
			"faces": {
				"north": {"uv": [7, 8, 7.5, 8.5], "texture": "#3"},
				"east": {"uv": [8, 7, 8.5, 7.5], "texture": "#3"},
				"south": {"uv": [7.5, 8, 8, 8.5], "texture": "#3"},
				"west": {"uv": [8, 7.5, 8.5, 8], "texture": "#3"},
				"up": {"uv": [8.5, 8.5, 8, 8], "texture": "#3"},
				"down": {"uv": [0.5, 8.5, 0, 9], "texture": "#3"}
			}
		},
		{
			"from": [12, 6.75, 3.75],
			"to": [12.75, 7.5, 4.25],
			"rotation": {"angle": 0, "axis": "y", "origin": [12.75, 6.75, 3.25]},
			"faces": {
				"north": {"uv": [8.5, 0, 9, 0.5], "texture": "#3"},
				"east": {"uv": [0.5, 8.5, 1, 9], "texture": "#3"},
				"south": {"uv": [8.5, 0.5, 9, 1], "texture": "#3"},
				"west": {"uv": [1, 8.5, 1.5, 9], "texture": "#3"},
				"up": {"uv": [9, 1.5, 8.5, 1], "texture": "#3"},
				"down": {"uv": [2, 8.5, 1.5, 9], "texture": "#3"}
			}
		},
		{
			"from": [5.4, 9, 2.8],
			"to": [6.15, 9.75, 3.3],
			"rotation": {"angle": 0, "axis": "y", "origin": [5.4, 9, 2.3]},
			"faces": {
				"north": {"uv": [8.5, 1.5, 9, 2], "texture": "#3"},
				"east": {"uv": [2, 8.5, 2.5, 9], "texture": "#3"},
				"south": {"uv": [8.5, 2, 9, 2.5], "texture": "#3"},
				"west": {"uv": [2.5, 8.5, 3, 9], "texture": "#3"},
				"up": {"uv": [9, 3, 8.5, 2.5], "texture": "#3"},
				"down": {"uv": [3.5, 8.5, 3, 9], "texture": "#3"}
			}
		},
		{
			"from": [6.25, 6, 2.85],
			"to": [6.75, 7, 3.1],
			"rotation": {"angle": 0, "axis": "y", "origin": [5.75, 6, 2.1]},
			"faces": {
				"north": {"uv": [8.5, 3, 9, 3.5], "texture": "#3"},
				"east": {"uv": [3.5, 8.5, 4, 9], "texture": "#3"},
				"south": {"uv": [8.5, 3.5, 9, 4], "texture": "#3"},
				"west": {"uv": [4, 8.5, 4.5, 9], "texture": "#3"},
				"up": {"uv": [9, 4.5, 8.5, 4], "texture": "#3"},
				"down": {"uv": [5, 8.5, 4.5, 9], "texture": "#3"}
			}
		},
		{
			"from": [6.15, 7, 2.95],
			"to": [6.5, 8, 3.2],
			"rotation": {"angle": 0, "axis": "y", "origin": [5.75, 7.5, 2.2]},
			"faces": {
				"north": {"uv": [8.5, 4.5, 9, 5], "texture": "#3"},
				"east": {"uv": [5, 8.5, 5.5, 9], "texture": "#3"},
				"south": {"uv": [8.5, 5, 9, 5.5], "texture": "#3"},
				"west": {"uv": [5.5, 8.5, 6, 9], "texture": "#3"},
				"up": {"uv": [9, 6, 8.5, 5.5], "texture": "#3"},
				"down": {"uv": [6.5, 8.5, 6, 9], "texture": "#3"}
			}
		},
		{
			"from": [6, 8, 2.95],
			"to": [6.25, 9, 3.2],
			"rotation": {"angle": 0, "axis": "y", "origin": [5.25, 8.5, 2.2]},
			"faces": {
				"north": {"uv": [8.5, 6, 9, 6.5], "texture": "#3"},
				"east": {"uv": [6.5, 8.5, 7, 9], "texture": "#3"},
				"south": {"uv": [8.5, 6.5, 9, 7], "texture": "#3"},
				"west": {"uv": [7, 8.5, 7.5, 9], "texture": "#3"},
				"up": {"uv": [9, 7.5, 8.5, 7], "texture": "#3"},
				"down": {"uv": [8, 8.5, 7.5, 9], "texture": "#3"}
			}
		},
		{
			"from": [7.5, 5, 2.75],
			"to": [8, 7, 3],
			"rotation": {"angle": 0, "axis": "y", "origin": [6, 5, 2]},
			"faces": {
				"north": {"uv": [0.5, 3.5, 1, 4.5], "texture": "#3"},
				"east": {"uv": [1, 3.5, 1.5, 4.5], "texture": "#3"},
				"south": {"uv": [1.5, 3.5, 2, 4.5], "texture": "#3"},
				"west": {"uv": [2, 3.5, 2.5, 4.5], "texture": "#3"},
				"up": {"uv": [9, 8, 8.5, 7.5], "texture": "#3"},
				"down": {"uv": [8.5, 8.5, 8, 9], "texture": "#3"}
			}
		},
		{
			"from": [7.75, 7, 2.75],
			"to": [8, 10, 3],
			"rotation": {"angle": 0, "axis": "y", "origin": [6, 7, 2]},
			"faces": {
				"north": {"uv": [1.5, 0, 2, 1.5], "texture": "#3"},
				"east": {"uv": [0.5, 1.5, 1, 3], "texture": "#3"},
				"south": {"uv": [1, 1.5, 1.5, 3], "texture": "#3"},
				"west": {"uv": [1.5, 1.5, 2, 3], "texture": "#3"},
				"up": {"uv": [9, 8.5, 8.5, 8], "texture": "#3"},
				"down": {"uv": [9, 8.5, 8.5, 9], "texture": "#3"}
			}
		},
		{
			"from": [8, 3, 2.75],
			"to": [10, 4, 3],
			"rotation": {"angle": 0, "axis": "y", "origin": [10, 3, 2]},
			"faces": {
				"north": {"uv": [0.5, 3, 1.5, 3.5], "texture": "#3"},
				"east": {"uv": [5.5, 6, 6, 6.5], "texture": "#3"},
				"south": {"uv": [3, 1, 4, 1.5], "texture": "#3"},
				"west": {"uv": [6, 5.5, 6.5, 6], "texture": "#3"},
				"up": {"uv": [2.5, 3.5, 1.5, 3], "texture": "#3"},
				"down": {"uv": [4, 1.5, 3, 2], "texture": "#3"}
			}
		},
		{
			"from": [8, 4.5, 2.75],
			"to": [8.75, 5, 3],
			"rotation": {"angle": 0, "axis": "y", "origin": [10, 4, 2]},
			"faces": {
				"north": {"uv": [3, 3.5, 3.5, 4], "texture": "#3"},
				"east": {"uv": [3.5, 3, 4, 3.5], "texture": "#3"},
				"south": {"uv": [3.5, 3.5, 4, 4], "texture": "#3"},
				"west": {"uv": [0, 4, 0.5, 4.5], "texture": "#3"},
				"up": {"uv": [4.5, 1, 4, 0.5], "texture": "#3"},
				"down": {"uv": [4.5, 1, 4, 1.5], "texture": "#3"}
			}
		},
		{
			"from": [8.75, 4.5, 2.75],
			"to": [9, 5.25, 3],
			"rotation": {"angle": 0, "axis": "y", "origin": [10.25, 4, 2]},
			"faces": {
				"north": {"uv": [4, 1.5, 4.5, 2], "texture": "#3"},
				"east": {"uv": [4, 2, 4.5, 2.5], "texture": "#3"},
				"south": {"uv": [2.5, 4, 3, 4.5], "texture": "#3"},
				"west": {"uv": [4, 2.5, 4.5, 3], "texture": "#3"},
				"up": {"uv": [3.5, 4.5, 3, 4], "texture": "#3"},
				"down": {"uv": [4.5, 3, 4, 3.5], "texture": "#3"}
			}
		},
		{
			"from": [8, 4, 2.75],
			"to": [9, 4.5, 3],
			"rotation": {"angle": 0, "axis": "y", "origin": [10, 3.5, 2]},
			"faces": {
				"north": {"uv": [3.5, 4, 4, 4.5], "texture": "#3"},
				"east": {"uv": [4, 3.5, 4.5, 4], "texture": "#3"},
				"south": {"uv": [4, 4, 4.5, 4.5], "texture": "#3"},
				"west": {"uv": [0, 4.5, 0.5, 5], "texture": "#3"},
				"up": {"uv": [5, 0.5, 4.5, 0], "texture": "#3"},
				"down": {"uv": [1, 4.5, 0.5, 5], "texture": "#3"}
			}
		},
		{
			"from": [9, 4, 2.75],
			"to": [10, 5, 3],
			"rotation": {"angle": 0, "axis": "y", "origin": [11, 4, 2]},
			"faces": {
				"north": {"uv": [4.5, 0.5, 5, 1], "texture": "#3"},
				"east": {"uv": [1, 4.5, 1.5, 5], "texture": "#3"},
				"south": {"uv": [4.5, 1, 5, 1.5], "texture": "#3"},
				"west": {"uv": [1.5, 4.5, 2, 5], "texture": "#3"},
				"up": {"uv": [5, 2, 4.5, 1.5], "texture": "#3"},
				"down": {"uv": [2.5, 4.5, 2, 5], "texture": "#3"}
			}
		},
		{
			"from": [9, 5, 2.85],
			"to": [9.5, 6, 3.1],
			"rotation": {"angle": 0, "axis": "y", "origin": [10, 5, 2.1]},
			"faces": {
				"north": {"uv": [4.5, 2, 5, 2.5], "texture": "#3"},
				"east": {"uv": [2.5, 4.5, 3, 5], "texture": "#3"},
				"south": {"uv": [4.5, 2.5, 5, 3], "texture": "#3"},
				"west": {"uv": [3, 4.5, 3.5, 5], "texture": "#3"},
				"up": {"uv": [5, 3.5, 4.5, 3], "texture": "#3"},
				"down": {"uv": [4, 4.5, 3.5, 5], "texture": "#3"}
			}
		},
		{
			"from": [10, 5, 2.75],
			"to": [10.5, 5.25, 3],
			"rotation": {"angle": 0, "axis": "y", "origin": [11, 5, 2]},
			"faces": {
				"north": {"uv": [4.5, 3.5, 5, 4], "texture": "#3"},
				"east": {"uv": [4, 4.5, 4.5, 5], "texture": "#3"},
				"south": {"uv": [4.5, 4, 5, 4.5], "texture": "#3"},
				"west": {"uv": [4.5, 4.5, 5, 5], "texture": "#3"},
				"up": {"uv": [0.5, 5.5, 0, 5], "texture": "#3"},
				"down": {"uv": [5.5, 0, 5, 0.5], "texture": "#3"}
			}
		},
		{
			"from": [10.5, 5.25, 2.75],
			"to": [11, 5.75, 3],
			"rotation": {"angle": 0, "axis": "y", "origin": [11.5, 5.25, 2]},
			"faces": {
				"north": {"uv": [0.5, 5, 1, 5.5], "texture": "#3"},
				"east": {"uv": [5, 0.5, 5.5, 1], "texture": "#3"},
				"south": {"uv": [1, 5, 1.5, 5.5], "texture": "#3"},
				"west": {"uv": [5, 1, 5.5, 1.5], "texture": "#3"},
				"up": {"uv": [2, 5.5, 1.5, 5], "texture": "#3"},
				"down": {"uv": [5.5, 1.5, 5, 2], "texture": "#3"}
			}
		},
		{
			"from": [10.75, 5.75, 2.75],
			"to": [11, 6, 3],
			"rotation": {"angle": 0, "axis": "y", "origin": [11.5, 5.75, 2]},
			"faces": {
				"north": {"uv": [2, 5, 2.5, 5.5], "texture": "#3"},
				"east": {"uv": [5, 2, 5.5, 2.5], "texture": "#3"},
				"south": {"uv": [2.5, 5, 3, 5.5], "texture": "#3"},
				"west": {"uv": [5, 2.5, 5.5, 3], "texture": "#3"},
				"up": {"uv": [3.5, 5.5, 3, 5], "texture": "#3"},
				"down": {"uv": [5.5, 3, 5, 3.5], "texture": "#3"}
			}
		},
		{
			"from": [10.25, 5.25, 2.75],
			"to": [10.5, 5.5, 3],
			"rotation": {"angle": 0, "axis": "y", "origin": [11, 5.25, 2]},
			"faces": {
				"north": {"uv": [3.5, 5, 4, 5.5], "texture": "#3"},
				"east": {"uv": [5, 3.5, 5.5, 4], "texture": "#3"},
				"south": {"uv": [4, 5, 4.5, 5.5], "texture": "#3"},
				"west": {"uv": [5, 4, 5.5, 4.5], "texture": "#3"},
				"up": {"uv": [5, 5.5, 4.5, 5], "texture": "#3"},
				"down": {"uv": [5.5, 4.5, 5, 5], "texture": "#3"}
			}
		},
		{
			"from": [10.5, 5, 2.75],
			"to": [10.75, 5.25, 3],
			"rotation": {"angle": 0, "axis": "y", "origin": [11.25, 5, 2]},
			"faces": {
				"north": {"uv": [5, 5, 5.5, 5.5], "texture": "#3"},
				"east": {"uv": [0, 5.5, 0.5, 6], "texture": "#3"},
				"south": {"uv": [5.5, 0, 6, 0.5], "texture": "#3"},
				"west": {"uv": [0.5, 5.5, 1, 6], "texture": "#3"},
				"up": {"uv": [6, 1, 5.5, 0.5], "texture": "#3"},
				"down": {"uv": [1.5, 5.5, 1, 6], "texture": "#3"}
			}
		},
		{
			"from": [11, 5.5, 2.75],
			"to": [11.25, 5.75, 3],
			"rotation": {"angle": 0, "axis": "y", "origin": [11.75, 5.5, 2]},
			"faces": {
				"north": {"uv": [5.5, 1, 6, 1.5], "texture": "#3"},
				"east": {"uv": [1.5, 5.5, 2, 6], "texture": "#3"},
				"south": {"uv": [5.5, 1.5, 6, 2], "texture": "#3"},
				"west": {"uv": [2, 5.5, 2.5, 6], "texture": "#3"},
				"up": {"uv": [6, 2.5, 5.5, 2], "texture": "#3"},
				"down": {"uv": [3, 5.5, 2.5, 6], "texture": "#3"}
			}
		},
		{
			"from": [9.85, 9, 2.8],
			"to": [10.6, 9.75, 3.3],
			"rotation": {"angle": 0, "axis": "y", "origin": [10.6, 9, 2.3]},
			"faces": {
				"north": {"uv": [5.5, 2.5, 6, 3], "texture": "#3"},
				"east": {"uv": [3, 5.5, 3.5, 6], "texture": "#3"},
				"south": {"uv": [5.5, 3, 6, 3.5], "texture": "#3"},
				"west": {"uv": [3.5, 5.5, 4, 6], "texture": "#3"},
				"up": {"uv": [6, 4, 5.5, 3.5], "texture": "#3"},
				"down": {"uv": [4.5, 5.5, 4, 6], "texture": "#3"}
			}
		},
		{
			"from": [7.63, 10, 2.5],
			"to": [8.38, 10.75, 3],
			"rotation": {"angle": 0, "axis": "y", "origin": [8.4, 10, 2]},
			"faces": {
				"north": {"uv": [5.5, 4, 6, 4.5], "texture": "#3"},
				"east": {"uv": [4.5, 5.5, 5, 6], "texture": "#3"},
				"south": {"uv": [5.5, 4.5, 6, 5], "texture": "#3"},
				"west": {"uv": [5, 5.5, 5.5, 6], "texture": "#3"},
				"up": {"uv": [6, 5.5, 5.5, 5], "texture": "#3"},
				"down": {"uv": [6, 5.5, 5.5, 6], "texture": "#3"}
			}
		},
		{
			"from": [9.25, 6, 2.85],
			"to": [9.75, 7, 3.1],
			"rotation": {"angle": 0, "axis": "y", "origin": [10.25, 6, 2.1]},
			"faces": {
				"north": {"uv": [0, 6, 0.5, 6.5], "texture": "#3"},
				"east": {"uv": [6, 0, 6.5, 0.5], "texture": "#3"},
				"south": {"uv": [0.5, 6, 1, 6.5], "texture": "#3"},
				"west": {"uv": [6, 0.5, 6.5, 1], "texture": "#3"},
				"up": {"uv": [1.5, 6.5, 1, 6], "texture": "#3"},
				"down": {"uv": [6.5, 1, 6, 1.5], "texture": "#3"}
			}
		},
		{
			"from": [9.5, 7, 2.95],
			"to": [9.85, 8, 3.2],
			"rotation": {"angle": 0, "axis": "y", "origin": [10.25, 7.5, 2.2]},
			"faces": {
				"north": {"uv": [1.5, 6, 2, 6.5], "texture": "#3"},
				"east": {"uv": [6, 1.5, 6.5, 2], "texture": "#3"},
				"south": {"uv": [2, 6, 2.5, 6.5], "texture": "#3"},
				"west": {"uv": [6, 2, 6.5, 2.5], "texture": "#3"},
				"up": {"uv": [3, 6.5, 2.5, 6], "texture": "#3"},
				"down": {"uv": [6.5, 2.5, 6, 3], "texture": "#3"}
			}
		},
		{
			"from": [9.75, 8, 2.95],
			"to": [10, 9, 3.2],
			"rotation": {"angle": 0, "axis": "y", "origin": [10.75, 8.5, 2.2]},
			"faces": {
				"north": {"uv": [3, 6, 3.5, 6.5], "texture": "#3"},
				"east": {"uv": [6, 3, 6.5, 3.5], "texture": "#3"},
				"south": {"uv": [3.5, 6, 4, 6.5], "texture": "#3"},
				"west": {"uv": [6, 3.5, 6.5, 4], "texture": "#3"},
				"up": {"uv": [4.5, 6.5, 4, 6], "texture": "#3"},
				"down": {"uv": [6.5, 4, 6, 4.5], "texture": "#3"}
			}
		},
		{
			"from": [8, 5, 2.75],
			"to": [8.5, 7, 3],
			"rotation": {"angle": 0, "axis": "y", "origin": [10, 5, 2]},
			"faces": {
				"north": {"uv": [2, 2, 2.5, 3], "texture": "#3"},
				"east": {"uv": [2.5, 2, 3, 3], "texture": "#3"},
				"south": {"uv": [0, 3, 0.5, 4], "texture": "#3"},
				"west": {"uv": [3, 0, 3.5, 1], "texture": "#3"},
				"up": {"uv": [5, 6.5, 4.5, 6], "texture": "#3"},
				"down": {"uv": [6.5, 4.5, 6, 5], "texture": "#3"}
			}
		},
		{
			"from": [8, 7, 2.75],
			"to": [8.25, 10, 3],
			"rotation": {"angle": 0, "axis": "y", "origin": [10, 7, 2]},
			"faces": {
				"north": {"uv": [0, 0, 0.5, 1.5], "texture": "#3"},
				"east": {"uv": [0.5, 0, 1, 1.5], "texture": "#3"},
				"south": {"uv": [1, 0, 1.5, 1.5], "texture": "#3"},
				"west": {"uv": [0, 1.5, 0.5, 3], "texture": "#3"},
				"up": {"uv": [5.5, 6.5, 5, 6], "texture": "#3"},
				"down": {"uv": [6.5, 5, 6, 5.5], "texture": "#3"}
			}
		}
	],
	"display": {
		"thirdperson_righthand": {
			"translation": [0, 3.25, 0],
			"scale": [0.69, 0.69, 0.69]
		},
		"thirdperson_lefthand": {
			"translation": [0, 3.25, 0],
			"scale": [0.69, 0.69, 0.69]
		},
		"firstperson_righthand": {
			"scale": [0.69, 0.69, 0.69]
		},
		"firstperson_lefthand": {
			"scale": [0.69, 0.69, 0.69]
		},
		"ground": {
			"translation": [0, 3, 0],
			"scale": [0.69, 0.69, 0.69]
		},
		"gui": {
			"rotation": [0, 180, 0],
			"translation": [0, -0.5, 0],
			"scale": [0.69, 0.69, 0.69]
		},
		"head": {
			"translation": [0, 14, 1.25],
			"scale": [1.35, 1.35, 1.35]
		},
		"fixed": {
			"rotation": [-90, 0, 0],
			"translation": [0, 0, -13.25],
			"scale": [1.73, 1.73, 1.73]
		}
	},
	"groups": [
		{
			"name": "group",
			"origin": [7, 14.5, 7],
			"color": 0,
			"children": [0, 1, 2, 3, 4, 5, 6, 7, 8]
		},
		{
			"name": "group",
			"origin": [11.25, 2.5, -1],
			"color": 0,
			"children": [9, 10, 11, 12, 13, 14, 15, 16, 17, 18]
		},
		19,
		20,
		21,
		22,
		23,
		24,
		25,
		26,
		27,
		28,
		29,
		30,
		31,
		32,
		33,
		34,
		35,
		36,
		37,
		38,
		39,
		40,
		41,
		42,
		43,
		44,
		45,
		46,
		47,
		48,
		49,
		50,
		51,
		52,
		53,
		54,
		55,
		56,
		57,
		58,
		59,
		60,
		61,
		62,
		63,
		64,
		65,
		66,
		67,
		68,
		69,
		70,
		71,
		72,
		73,
		74,
		75,
		76,
		77,
		78,
		79,
		80,
		81,
		82,
		83,
		84,
		85,
		86,
		87,
		88,
		89,
		90,
		91,
		92,
		93,
		94,
		95,
		96,
		97,
		98,
		99,
		100,
		101,
		102,
		103,
		104,
		105,
		106,
		107,
		108,
		109,
		110,
		111,
		112,
		113,
		114,
		115,
		116,
		117,
		118,
		119,
		120,
		121,
		122,
		123,
		124,
		125,
		126,
		127,
		128,
		129,
		130,
		131,
		132,
		133,
		134,
		135,
		136,
		137,
		138,
		139,
		140,
		141,
		142,
		143,
		144,
		145,
		{
			"name": "group",
			"origin": [6, 7, 2],
			"color": 0,
			"children": [
				146,
				147,
				148,
				149,
				150,
				151,
				152,
				153,
				154,
				155,
				156,
				157,
				158,
				159,
				160,
				161,
				162,
				163,
				164,
				165,
				166,
				167,
				168,
				169,
				170,
				171,
				172,
				173,
				{
					"name": "group",
					"origin": [6, 7, 2],
					"color": 0,
					"children": [174, 175, 176, 177, 178, 179, 180, 181, 182, 183, 184, 185, 186, 187, 188, 189, 190, 191, 192]
				}
			]
		}
	]
}