{
	"credit": "Made with Blockbench",
	"texture_size": [32, 32],
	"textures": {
		"0": "block/cyan_terracotta",
		"2": "block/black_terracotta",
		"3": "block/mushroom_stem",
		"4": "block/black_wool",
		"particle": "block/cyan_terracotta"
	},
	"elements": [
		{
			"from": [1, 0, 1],
			"to": [2, 2, 15],
			"faces": {
				"north": {"uv": [8.5, 7, 9, 8], "texture": "#2"},
				"east": {"uv": [0, 0, 7, 1], "texture": "#2"},
				"south": {"uv": [8.5, 8, 9, 9], "texture": "#2"},
				"west": {"uv": [0, 1, 7, 2], "texture": "#2"},
				"up": {"uv": [1.5, 14, 1, 7], "texture": "#2"},
				"down": {"uv": [2, 7, 1.5, 14], "texture": "#2"}
			}
		},
		{
			"from": [14, 0, 1],
			"to": [15, 2, 15],
			"faces": {
				"north": {"uv": [9, 7, 9.5, 8], "texture": "#2"},
				"east": {"uv": [0, 2, 7, 3], "texture": "#2"},
				"south": {"uv": [9, 8, 9.5, 9], "texture": "#2"},
				"west": {"uv": [0, 3, 7, 4], "texture": "#2"},
				"up": {"uv": [2.5, 14, 2, 7], "texture": "#2"},
				"down": {"uv": [3, 7, 2.5, 14], "texture": "#2"}
			}
		},
		{
			"from": [2, 0, 1],
			"to": [14, 2, 2],
			"faces": {
				"north": {"uv": [0, 6, 6, 7], "texture": "#2"},
				"east": {"uv": [9, 1, 9.5, 2], "texture": "#2"},
				"south": {"uv": [6, 4, 12, 5], "texture": "#2"},
				"west": {"uv": [9, 2, 9.5, 3], "texture": "#2"},
				"up": {"uv": [13, 5.5, 7, 5], "texture": "#2"},
				"down": {"uv": [13, 5.5, 7, 6], "texture": "#2"}
			}
		},
		{
			"from": [2, 0, 14],
			"to": [14, 2, 15],
			"faces": {
				"north": {"uv": [0, 4, 6, 5], "texture": "#2"},
				"east": {"uv": [8.5, 1, 9, 2], "texture": "#2"},
				"south": {"uv": [0, 5, 6, 6], "texture": "#2"},
				"west": {"uv": [8.5, 2, 9, 3], "texture": "#2"},
				"up": {"uv": [13, 3.5, 7, 3], "texture": "#2"},
				"down": {"uv": [13, 3.5, 7, 4], "texture": "#2"}
			}
		},
		{
			"from": [7, 8, 2],
			"to": [9, 9, 14],
			"faces": {
				"north": {"uv": [9.5, 0.5, 10.5, 1], "texture": "#2"},
				"east": {"uv": [7, 6, 13, 6.5], "texture": "#2"},
				"south": {"uv": [9.5, 1, 10.5, 1.5], "texture": "#2"},
				"west": {"uv": [7, 6.5, 13, 7], "texture": "#2"},
				"up": {"uv": [7, 11, 6, 5], "texture": "#2"},
				"down": {"uv": [1, 7, 0, 13], "texture": "#2"}
			}
		},
		{
			"from": [7, 2, 14],
			"to": [9, 8, 15],
			"faces": {
				"north": {"uv": [7, 0, 8, 3], "texture": "#2"},
				"east": {"uv": [7, 7, 7.5, 10], "texture": "#2"},
				"south": {"uv": [3, 7, 4, 10], "texture": "#2"},
				"west": {"uv": [7.5, 7, 8, 10], "texture": "#2"},
				"up": {"uv": [9.5, 0.5, 8.5, 0], "texture": "#2"},
				"down": {"uv": [9.5, 0.5, 8.5, 1], "texture": "#2"}
			}
		},
		{
			"from": [7, 2, 1],
			"to": [9, 8, 2],
			"faces": {
				"north": {"uv": [4, 7, 5, 10], "texture": "#2"},
				"east": {"uv": [8, 0, 8.5, 3], "texture": "#2"},
				"south": {"uv": [5, 7, 6, 10], "texture": "#2"},
				"west": {"uv": [8, 7, 8.5, 10], "texture": "#2"},
				"up": {"uv": [9.5, 9.5, 8.5, 9], "texture": "#2"},
				"down": {"uv": [10.5, 0, 9.5, 0.5], "texture": "#2"}
			}
		},
		{
			"from": [13.2, 3, 6],
			"to": [17, 7, 10],
			"faces": {
				"north": {"uv": [0, 0, 2, 2], "texture": "#3"},
				"east": {"uv": [0, 2, 2, 4], "texture": "#3"},
				"south": {"uv": [2, 0, 4, 2], "texture": "#3"},
				"west": {"uv": [2, 2, 4, 4], "texture": "#3"},
				"up": {"uv": [2, 6, 0, 4], "texture": "#3"},
				"down": {"uv": [6, 0, 4, 2], "texture": "#3"}
			}
		},
		{
			"from": [-1, 3, 6],
			"to": [2.8, 7, 10],
			"faces": {
				"north": {"uv": [2, 4, 4, 6], "texture": "#3"},
				"east": {"uv": [4, 2, 6, 4], "texture": "#3"},
				"south": {"uv": [4, 4, 6, 6], "texture": "#3"},
				"west": {"uv": [0, 6, 2, 8], "texture": "#3"},
				"up": {"uv": [8, 2, 6, 0], "texture": "#3"},
				"down": {"uv": [4, 6, 2, 8], "texture": "#3"}
			}
		},
		{
			"from": [16.25, -2.75, 6.25],
			"to": [19.75, 0.75, 9.75],
			"rotation": {"angle": 22.5, "axis": "z", "origin": [0, 0, 0]},
			"faces": {
				"north": {"uv": [2, 4, 3.75, 5.75], "texture": "#3"},
				"east": {"uv": [4, 2, 5.75, 3.75], "texture": "#3"},
				"south": {"uv": [4, 4, 5.75, 5.75], "texture": "#3"},
				"west": {"uv": [0, 6, 1.75, 7.75], "texture": "#3"},
				"up": {"uv": [7.75, 1.75, 6, 0], "texture": "#3"},
				"down": {"uv": [3.75, 6, 2, 7.75], "texture": "#3"}
			}
		},
		{
			"from": [-5.25, 3.25, 6.25],
			"to": [-1.75, 6.75, 9.75],
			"rotation": {"angle": -22.5, "axis": "z", "origin": [0, 0, 0]},
			"faces": {
				"north": {"uv": [2, 8, 3.75, 9.75], "texture": "#3"},
				"east": {"uv": [8, 2, 9.75, 3.75], "texture": "#3"},
				"south": {"uv": [4, 8, 5.75, 9.75], "texture": "#3"},
				"west": {"uv": [8, 4, 9.75, 5.75], "texture": "#3"},
				"up": {"uv": [7.75, 9.75, 6, 8], "texture": "#3"},
				"down": {"uv": [9.75, 6, 8, 7.75], "texture": "#3"}
			}
		},
		{
			"from": [17.5, -9.5, 6.5],
			"to": [20.5, -6.5, 9.5],
			"rotation": {"angle": 45, "axis": "z", "origin": [0, 0, 0]},
			"faces": {
				"north": {"uv": [6, 2, 7.5, 3.5], "texture": "#3"},
				"east": {"uv": [6, 3.5, 7.5, 5], "texture": "#3"},
				"south": {"uv": [4, 6, 5.5, 7.5], "texture": "#3"},
				"west": {"uv": [6, 5, 7.5, 6.5], "texture": "#3"},
				"up": {"uv": [7, 8, 5.5, 6.5], "texture": "#3"},
				"down": {"uv": [8.5, 6.5, 7, 8], "texture": "#3"}
			}
		},
		{
			"from": [-9, 1.5, 6.5],
			"to": [-6, 4.5, 9.5],
			"rotation": {"angle": -45, "axis": "z", "origin": [0, 0, 0]},
			"faces": {
				"north": {"uv": [1.5, 10, 3, 11.5], "texture": "#3"},
				"east": {"uv": [10, 1.5, 11.5, 3], "texture": "#3"},
				"south": {"uv": [3, 10, 4.5, 11.5], "texture": "#3"},
				"west": {"uv": [10, 3, 11.5, 4.5], "texture": "#3"},
				"up": {"uv": [6, 11.5, 4.5, 10], "texture": "#3"},
				"down": {"uv": [11.5, 4.5, 10, 6], "texture": "#3"}
			}
		},
		{
			"from": [14, 15.25, 6.75],
			"to": [16.5, 17.75, 9.25],
			"rotation": {"angle": -22.5, "axis": "z", "origin": [0, 0, 0]},
			"faces": {
				"north": {"uv": [7.5, 2, 8.75, 3.25], "texture": "#3"},
				"east": {"uv": [7.5, 3.5, 8.75, 4.75], "texture": "#3"},
				"south": {"uv": [4, 7.5, 5.25, 8.75], "texture": "#3"},
				"west": {"uv": [7.5, 5, 8.75, 6.25], "texture": "#3"},
				"up": {"uv": [1.25, 9.25, 0, 8], "texture": "#3"},
				"down": {"uv": [9.25, 0, 8, 1.25], "texture": "#3"}
			}
		},
		{
			"from": [-1.75, 9, 6.75],
			"to": [0.75, 11.5, 9.25],
			"rotation": {"angle": 22.5, "axis": "z", "origin": [0, 0, 0]},
			"faces": {
				"north": {"uv": [10.5, 11, 11.75, 12.25], "texture": "#3"},
				"east": {"uv": [0, 11.5, 1.25, 12.75], "texture": "#3"},
				"south": {"uv": [11.5, 0, 12.75, 1.25], "texture": "#3"},
				"west": {"uv": [1.5, 11.5, 2.75, 12.75], "texture": "#3"},
				"up": {"uv": [12.75, 2.75, 11.5, 1.5], "texture": "#3"},
				"down": {"uv": [4.25, 11.5, 3, 12.75], "texture": "#3"}
			}
		},
		{
			"from": [14.5, 17.75, 7.25],
			"to": [16, 19.25, 8.75],
			"rotation": {"angle": -22.5, "axis": "z", "origin": [0, 0, 0]},
			"faces": {
				"north": {"uv": [1.5, 8, 2.25, 8.75], "texture": "#3"},
				"east": {"uv": [2.5, 8, 3.25, 8.75], "texture": "#3"},
				"south": {"uv": [5.5, 8, 6.25, 8.75], "texture": "#3"},
				"west": {"uv": [6.5, 8, 7.25, 8.75], "texture": "#3"},
				"up": {"uv": [8.25, 8.75, 7.5, 8], "texture": "#3"},
				"down": {"uv": [9.25, 6.5, 8.5, 7.25], "texture": "#3"}
			}
		},
		{
			"from": [-1.25, 11.35, 7.25],
			"to": [0.25, 12.85, 8.75],
			"rotation": {"angle": 22.5, "axis": "z", "origin": [0, 0, 0]},
			"faces": {
				"north": {"uv": [6.5, 11.5, 7.25, 12.25], "texture": "#3"},
				"east": {"uv": [12, 10.5, 12.75, 11.25], "texture": "#3"},
				"south": {"uv": [12, 11.5, 12.75, 12.25], "texture": "#3"},
				"west": {"uv": [12.5, 3, 13.25, 3.75], "texture": "#3"},
				"up": {"uv": [13.25, 4.75, 12.5, 4], "texture": "#3"},
				"down": {"uv": [5.25, 12.5, 4.5, 13.25], "texture": "#3"}
			}
		},
		{
			"from": [20.95, 11.7, 7.45],
			"to": [22.05, 12.8, 8.55],
			"faces": {
				"north": {"uv": [5.5, 6, 6, 6.5], "texture": "#3"},
				"east": {"uv": [8, 1.5, 8.5, 2], "texture": "#3"},
				"south": {"uv": [3.5, 8, 4, 8.5], "texture": "#3"},
				"west": {"uv": [8.5, 1.5, 9, 2], "texture": "#3"},
				"up": {"uv": [4, 9, 3.5, 8.5], "texture": "#3"},
				"down": {"uv": [9, 7.5, 8.5, 8], "texture": "#3"}
			}
		},
		{
			"from": [-6.05, 11.5, 7.45],
			"to": [-4.95, 12.6, 8.55],
			"faces": {
				"north": {"uv": [11.5, 10.5, 12, 11], "texture": "#3"},
				"east": {"uv": [12, 7, 12.5, 7.5], "texture": "#3"},
				"south": {"uv": [12.5, 5, 13, 5.5], "texture": "#3"},
				"west": {"uv": [5.5, 12.5, 6, 13], "texture": "#3"},
				"up": {"uv": [13, 6, 12.5, 5.5], "texture": "#3"},
				"down": {"uv": [6.5, 12.5, 6, 13], "texture": "#3"}
			}
		},
		{
			"from": [21.15, 12.65, 7.65],
			"to": [21.85, 13.35, 8.35],
			"faces": {
				"north": {"uv": [8.5, 8, 8.75, 8.25], "texture": "#3"},
				"east": {"uv": [8.5, 8.5, 8.75, 8.75], "texture": "#3"},
				"south": {"uv": [1.5, 9, 1.75, 9.25], "texture": "#3"},
				"west": {"uv": [9, 1.5, 9.25, 1.75], "texture": "#3"},
				"up": {"uv": [2.25, 9.25, 2, 9], "texture": "#3"},
				"down": {"uv": [9.25, 2, 9, 2.25], "texture": "#3"}
			}
		},
		{
			"from": [-5.85, 12.55, 7.65],
			"to": [-5.15, 13.25, 8.35],
			"faces": {
				"north": {"uv": [12.5, 7.5, 12.75, 7.75], "texture": "#3"},
				"east": {"uv": [8, 12.5, 8.25, 12.75], "texture": "#3"},
				"south": {"uv": [12.5, 8, 12.75, 8.25], "texture": "#3"},
				"west": {"uv": [8.5, 12.5, 8.75, 12.75], "texture": "#3"},
				"up": {"uv": [12.75, 8.75, 12.5, 8.5], "texture": "#3"},
				"down": {"uv": [9.25, 12.5, 9, 12.75], "texture": "#3"}
			}
		},
		{
			"from": [1.6, 0.6, 14.6],
			"to": [2.4, 1.4, 15.4],
			"faces": {
				"north": {"uv": [11, 2, 12, 3], "texture": "#4"},
				"east": {"uv": [3, 11, 4, 12], "texture": "#4"},
				"south": {"uv": [11, 3, 12, 4], "texture": "#4"},
				"west": {"uv": [4, 11, 5, 12], "texture": "#4"},
				"up": {"uv": [12, 5, 11, 4], "texture": "#4"},
				"down": {"uv": [6, 11, 5, 12], "texture": "#4"}
			}
		},
		{
			"from": [0.6, 0.6, 12.6],
			"to": [1.4, 1.4, 13.4],
			"faces": {
				"north": {"uv": [11, 5, 12, 6], "texture": "#4"},
				"east": {"uv": [6, 11, 7, 12], "texture": "#4"},
				"south": {"uv": [11, 6, 12, 7], "texture": "#4"},
				"west": {"uv": [7, 11, 8, 12], "texture": "#4"},
				"up": {"uv": [12, 8, 11, 7], "texture": "#4"},
				"down": {"uv": [9, 11, 8, 12], "texture": "#4"}
			}
		},
		{
			"from": [0.6, 0.6, 10.6],
			"to": [1.4, 1.4, 11.4],
			"faces": {
				"north": {"uv": [11, 8, 12, 9], "texture": "#4"},
				"east": {"uv": [9, 11, 10, 12], "texture": "#4"},
				"south": {"uv": [11, 9, 12, 10], "texture": "#4"},
				"west": {"uv": [10, 11, 11, 12], "texture": "#4"},
				"up": {"uv": [12, 11, 11, 10], "texture": "#4"},
				"down": {"uv": [12, 11, 11, 12], "texture": "#4"}
			}
		},
		{
			"from": [0.6, 0.6, 8.6],
			"to": [1.4, 1.4, 9.4],
			"faces": {
				"north": {"uv": [0, 12, 1, 13], "texture": "#4"},
				"east": {"uv": [12, 0, 13, 1], "texture": "#4"},
				"south": {"uv": [1, 12, 2, 13], "texture": "#4"},
				"west": {"uv": [12, 1, 13, 2], "texture": "#4"},
				"up": {"uv": [3, 13, 2, 12], "texture": "#4"},
				"down": {"uv": [13, 2, 12, 3], "texture": "#4"}
			}
		},
		{
			"from": [0.6, 0.6, 6.6],
			"to": [1.4, 1.4, 7.4],
			"faces": {
				"north": {"uv": [3, 12, 4, 13], "texture": "#4"},
				"east": {"uv": [12, 3, 13, 4], "texture": "#4"},
				"south": {"uv": [4, 12, 5, 13], "texture": "#4"},
				"west": {"uv": [12, 4, 13, 5], "texture": "#4"},
				"up": {"uv": [6, 13, 5, 12], "texture": "#4"},
				"down": {"uv": [13, 5, 12, 6], "texture": "#4"}
			}
		},
		{
			"from": [0.6, 0.6, 4.6],
			"to": [1.4, 1.4, 5.4],
			"faces": {
				"north": {"uv": [6, 12, 7, 13], "texture": "#4"},
				"east": {"uv": [12, 6, 13, 7], "texture": "#4"},
				"south": {"uv": [7, 12, 8, 13], "texture": "#4"},
				"west": {"uv": [12, 7, 13, 8], "texture": "#4"},
				"up": {"uv": [9, 13, 8, 12], "texture": "#4"},
				"down": {"uv": [13, 8, 12, 9], "texture": "#4"}
			}
		},
		{
			"from": [0.6, 0.6, 2.6],
			"to": [1.4, 1.4, 3.4],
			"faces": {
				"north": {"uv": [9, 12, 10, 13], "texture": "#4"},
				"east": {"uv": [12, 9, 13, 10], "texture": "#4"},
				"south": {"uv": [10, 12, 11, 13], "texture": "#4"},
				"west": {"uv": [12, 10, 13, 11], "texture": "#4"},
				"up": {"uv": [12, 13, 11, 12], "texture": "#4"},
				"down": {"uv": [13, 11, 12, 12], "texture": "#4"}
			}
		},
		{
			"from": [2.6, 0.6, 0.6],
			"to": [3.4, 1.4, 1.4],
			"faces": {
				"north": {"uv": [0, 0, 1, 1], "texture": "#4"},
				"east": {"uv": [0, 1, 1, 2], "texture": "#4"},
				"south": {"uv": [1, 0, 2, 1], "texture": "#4"},
				"west": {"uv": [1, 1, 2, 2], "texture": "#4"},
				"up": {"uv": [1, 3, 0, 2], "texture": "#4"},
				"down": {"uv": [3, 0, 2, 1], "texture": "#4"}
			}
		},
		{
			"from": [4.6, 0.6, 0.6],
			"to": [5.4, 1.4, 1.4],
			"faces": {
				"north": {"uv": [1, 2, 2, 3], "texture": "#4"},
				"east": {"uv": [2, 1, 3, 2], "texture": "#4"},
				"south": {"uv": [2, 2, 3, 3], "texture": "#4"},
				"west": {"uv": [0, 3, 1, 4], "texture": "#4"},
				"up": {"uv": [4, 1, 3, 0], "texture": "#4"},
				"down": {"uv": [2, 3, 1, 4], "texture": "#4"}
			}
		},
		{
			"from": [6.6, 0.6, 0.6],
			"to": [7.4, 1.4, 1.4],
			"faces": {
				"north": {"uv": [3, 1, 4, 2], "texture": "#4"},
				"east": {"uv": [2, 3, 3, 4], "texture": "#4"},
				"south": {"uv": [3, 2, 4, 3], "texture": "#4"},
				"west": {"uv": [3, 3, 4, 4], "texture": "#4"},
				"up": {"uv": [1, 5, 0, 4], "texture": "#4"},
				"down": {"uv": [5, 0, 4, 1], "texture": "#4"}
			}
		},
		{
			"from": [8.6, 0.6, 0.6],
			"to": [9.4, 1.4, 1.4],
			"faces": {
				"north": {"uv": [1, 4, 2, 5], "texture": "#4"},
				"east": {"uv": [4, 1, 5, 2], "texture": "#4"},
				"south": {"uv": [2, 4, 3, 5], "texture": "#4"},
				"west": {"uv": [4, 2, 5, 3], "texture": "#4"},
				"up": {"uv": [4, 5, 3, 4], "texture": "#4"},
				"down": {"uv": [5, 3, 4, 4], "texture": "#4"}
			}
		},
		{
			"from": [10.6, 0.6, 0.6],
			"to": [11.4, 1.4, 1.4],
			"faces": {
				"north": {"uv": [4, 4, 5, 5], "texture": "#4"},
				"east": {"uv": [0, 5, 1, 6], "texture": "#4"},
				"south": {"uv": [5, 0, 6, 1], "texture": "#4"},
				"west": {"uv": [1, 5, 2, 6], "texture": "#4"},
				"up": {"uv": [6, 2, 5, 1], "texture": "#4"},
				"down": {"uv": [3, 5, 2, 6], "texture": "#4"}
			}
		},
		{
			"from": [12.6, 0.6, 0.6],
			"to": [13.4, 1.4, 1.4],
			"faces": {
				"north": {"uv": [5, 2, 6, 3], "texture": "#4"},
				"east": {"uv": [3, 5, 4, 6], "texture": "#4"},
				"south": {"uv": [5, 3, 6, 4], "texture": "#4"},
				"west": {"uv": [4, 5, 5, 6], "texture": "#4"},
				"up": {"uv": [6, 5, 5, 4], "texture": "#4"},
				"down": {"uv": [6, 5, 5, 6], "texture": "#4"}
			}
		},
		{
			"from": [3.6, 0.6, 14.6],
			"to": [4.4, 1.4, 15.4],
			"faces": {
				"north": {"uv": [10, 10, 11, 11], "texture": "#4"},
				"east": {"uv": [0, 11, 1, 12], "texture": "#4"},
				"south": {"uv": [11, 0, 12, 1], "texture": "#4"},
				"west": {"uv": [1, 11, 2, 12], "texture": "#4"},
				"up": {"uv": [12, 2, 11, 1], "texture": "#4"},
				"down": {"uv": [3, 11, 2, 12], "texture": "#4"}
			}
		},
		{
			"from": [5.6, 0.6, 14.6],
			"to": [6.4, 1.4, 15.4],
			"faces": {
				"north": {"uv": [7, 10, 8, 11], "texture": "#4"},
				"east": {"uv": [10, 7, 11, 8], "texture": "#4"},
				"south": {"uv": [8, 10, 9, 11], "texture": "#4"},
				"west": {"uv": [10, 8, 11, 9], "texture": "#4"},
				"up": {"uv": [10, 11, 9, 10], "texture": "#4"},
				"down": {"uv": [11, 9, 10, 10], "texture": "#4"}
			}
		},
		{
			"from": [7.6, 0.6, 14.6],
			"to": [8.4, 1.4, 15.4],
			"faces": {
				"north": {"uv": [4, 10, 5, 11], "texture": "#4"},
				"east": {"uv": [10, 4, 11, 5], "texture": "#4"},
				"south": {"uv": [5, 10, 6, 11], "texture": "#4"},
				"west": {"uv": [10, 5, 11, 6], "texture": "#4"},
				"up": {"uv": [7, 11, 6, 10], "texture": "#4"},
				"down": {"uv": [11, 6, 10, 7], "texture": "#4"}
			}
		},
		{
			"from": [7.6, 2.6, 14.6],
			"to": [8.4, 3.4, 15.4],
			"faces": {
				"north": {"uv": [1, 10, 2, 11], "texture": "#4"},
				"east": {"uv": [10, 1, 11, 2], "texture": "#4"},
				"south": {"uv": [2, 10, 3, 11], "texture": "#4"},
				"west": {"uv": [10, 2, 11, 3], "texture": "#4"},
				"up": {"uv": [4, 11, 3, 10], "texture": "#4"},
				"down": {"uv": [11, 3, 10, 4], "texture": "#4"}
			}
		},
		{
			"from": [7.6, 4.6, 14.6],
			"to": [8.4, 5.4, 15.4],
			"faces": {
				"north": {"uv": [9, 7, 10, 8], "texture": "#4"},
				"east": {"uv": [8, 9, 9, 10], "texture": "#4"},
				"south": {"uv": [9, 8, 10, 9], "texture": "#4"},
				"west": {"uv": [9, 9, 10, 10], "texture": "#4"},
				"up": {"uv": [1, 11, 0, 10], "texture": "#4"},
				"down": {"uv": [11, 0, 10, 1], "texture": "#4"}
			}
		},
		{
			"from": [7.6, 6.6, 14.6],
			"to": [8.4, 7.4, 15.4],
			"faces": {
				"north": {"uv": [9, 4, 10, 5], "texture": "#4"},
				"east": {"uv": [5, 9, 6, 10], "texture": "#4"},
				"south": {"uv": [9, 5, 10, 6], "texture": "#4"},
				"west": {"uv": [6, 9, 7, 10], "texture": "#4"},
				"up": {"uv": [10, 7, 9, 6], "texture": "#4"},
				"down": {"uv": [8, 9, 7, 10], "texture": "#4"}
			}
		},
		{
			"from": [1.6, 3, 10],
			"to": [2.4, 7.05, 10.8],
			"faces": {
				"north": {"uv": [8.5, 0, 9, 2], "texture": "#2"},
				"east": {"uv": [8.5, 7, 9, 9], "texture": "#2"},
				"south": {"uv": [9, 0, 9.5, 2], "texture": "#2"},
				"west": {"uv": [9, 7, 9.5, 9], "texture": "#2"},
				"up": {"uv": [12, 8, 11.5, 7.5], "texture": "#2"},
				"down": {"uv": [12, 8, 11.5, 8.5], "texture": "#2"}
			}
		},
		{
			"from": [1.6, 3, 5.3],
			"to": [2.4, 7.05, 6.1],
			"faces": {
				"north": {"uv": [9.5, 0, 10, 2], "texture": "#2"},
				"east": {"uv": [9.5, 7, 10, 9], "texture": "#2"},
				"south": {"uv": [9.5, 9, 10, 11], "texture": "#2"},
				"west": {"uv": [10, 0, 10.5, 2], "texture": "#2"},
				"up": {"uv": [11.5, 12, 11, 11.5], "texture": "#2"},
				"down": {"uv": [12, 11.5, 11.5, 12], "texture": "#2"}
			}
		},
		{
			"from": [13.6, 3, 10],
			"to": [14.4, 7.05, 10.8],
			"faces": {
				"north": {"uv": [3.5, 10.5, 4, 12.5], "texture": "#2"},
				"east": {"uv": [4, 10.5, 4.5, 12.5], "texture": "#2"},
				"south": {"uv": [4.5, 10.5, 5, 12.5], "texture": "#2"},
				"west": {"uv": [10.5, 7.5, 11, 9.5], "texture": "#2"},
				"up": {"uv": [6.5, 12.5, 6, 12], "texture": "#2"},
				"down": {"uv": [7, 12, 6.5, 12.5], "texture": "#2"}
			}
		},
		{
			"from": [13.6, 3, 5.3],
			"to": [14.4, 7.05, 6.1],
			"faces": {
				"north": {"uv": [7, 10, 7.5, 12], "texture": "#2"},
				"east": {"uv": [7.5, 10, 8, 12], "texture": "#2"},
				"south": {"uv": [10, 7.5, 10.5, 9.5], "texture": "#2"},
				"west": {"uv": [8, 10, 8.5, 12], "texture": "#2"},
				"up": {"uv": [12.5, 4.5, 12, 4], "texture": "#2"},
				"down": {"uv": [12.5, 4.5, 12, 5], "texture": "#2"}
			}
		},
		{
			"from": [1.6, 6.9, 6],
			"to": [2.4, 7.7, 10.05],
			"faces": {
				"north": {"uv": [11.5, 8.5, 12, 9], "texture": "#2"},
				"east": {"uv": [8.5, 2, 10.5, 2.5], "texture": "#2"},
				"south": {"uv": [11.5, 9, 12, 9.5], "texture": "#2"},
				"west": {"uv": [8.5, 2.5, 10.5, 3], "texture": "#2"},
				"up": {"uv": [9, 11, 8.5, 9], "texture": "#2"},
				"down": {"uv": [9.5, 9, 9, 11], "texture": "#2"}
			}
		},
		{
			"from": [13.6, 6.9, 6],
			"to": [14.4, 7.7, 10.05],
			"faces": {
				"north": {"uv": [5, 12, 5.5, 12.5], "texture": "#2"},
				"east": {"uv": [10, 9.5, 12, 10], "texture": "#2"},
				"south": {"uv": [5.5, 12, 6, 12.5], "texture": "#2"},
				"west": {"uv": [10, 10, 12, 10.5], "texture": "#2"},
				"up": {"uv": [11, 2, 10.5, 0], "texture": "#2"},
				"down": {"uv": [3.5, 10.5, 3, 12.5], "texture": "#2"}
			}
		},
		{
			"from": [1.6, 2.2, 6],
			"to": [2.4, 3, 10.05],
			"faces": {
				"north": {"uv": [12, 0, 12.5, 0.5], "texture": "#2"},
				"east": {"uv": [3, 10, 5, 10.5], "texture": "#2"},
				"south": {"uv": [12, 0.5, 12.5, 1], "texture": "#2"},
				"west": {"uv": [10, 7, 12, 7.5], "texture": "#2"},
				"up": {"uv": [5.5, 12, 5, 10], "texture": "#2"},
				"down": {"uv": [6, 10, 5.5, 12], "texture": "#2"}
			}
		},
		{
			"from": [13.6, 2.2, 6],
			"to": [14.4, 3, 10.05],
			"faces": {
				"north": {"uv": [7, 12, 7.5, 12.5], "texture": "#2"},
				"east": {"uv": [10.5, 2, 12.5, 2.5], "texture": "#2"},
				"south": {"uv": [12, 7, 12.5, 7.5], "texture": "#2"},
				"west": {"uv": [10.5, 2.5, 12.5, 3], "texture": "#2"},
				"up": {"uv": [10.5, 12.5, 10, 10.5], "texture": "#2"},
				"down": {"uv": [11, 10.5, 10.5, 12.5], "texture": "#2"}
			}
		},
		{
			"from": [7.6, 8.6, 12.6],
			"to": [8.4, 9.4, 13.4],
			"faces": {
				"north": {"uv": [9, 1, 10, 2], "texture": "#4"},
				"east": {"uv": [2, 9, 3, 10], "texture": "#4"},
				"south": {"uv": [9, 2, 10, 3], "texture": "#4"},
				"west": {"uv": [3, 9, 4, 10], "texture": "#4"},
				"up": {"uv": [10, 4, 9, 3], "texture": "#4"},
				"down": {"uv": [5, 9, 4, 10], "texture": "#4"}
			}
		},
		{
			"from": [7.6, 8.6, 10.6],
			"to": [8.4, 9.4, 11.4],
			"faces": {
				"north": {"uv": [7, 8, 8, 9], "texture": "#4"},
				"east": {"uv": [8, 7, 9, 8], "texture": "#4"},
				"south": {"uv": [8, 8, 9, 9], "texture": "#4"},
				"west": {"uv": [0, 9, 1, 10], "texture": "#4"},
				"up": {"uv": [10, 1, 9, 0], "texture": "#4"},
				"down": {"uv": [2, 9, 1, 10], "texture": "#4"}
			}
		},
		{
			"from": [7.6, 8.6, 8.6],
			"to": [8.4, 9.4, 9.4],
			"faces": {
				"north": {"uv": [4, 8, 5, 9], "texture": "#4"},
				"east": {"uv": [8, 4, 9, 5], "texture": "#4"},
				"south": {"uv": [5, 8, 6, 9], "texture": "#4"},
				"west": {"uv": [8, 5, 9, 6], "texture": "#4"},
				"up": {"uv": [7, 9, 6, 8], "texture": "#4"},
				"down": {"uv": [9, 6, 8, 7], "texture": "#4"}
			}
		},
		{
			"from": [7.6, 8.6, 6.6],
			"to": [8.4, 9.4, 7.4],
			"faces": {
				"north": {"uv": [1, 8, 2, 9], "texture": "#4"},
				"east": {"uv": [8, 1, 9, 2], "texture": "#4"},
				"south": {"uv": [2, 8, 3, 9], "texture": "#4"},
				"west": {"uv": [8, 2, 9, 3], "texture": "#4"},
				"up": {"uv": [4, 9, 3, 8], "texture": "#4"},
				"down": {"uv": [9, 3, 8, 4], "texture": "#4"}
			}
		},
		{
			"from": [7.6, 8.6, 4.6],
			"to": [8.4, 9.4, 5.4],
			"faces": {
				"north": {"uv": [7, 5, 8, 6], "texture": "#4"},
				"east": {"uv": [6, 7, 7, 8], "texture": "#4"},
				"south": {"uv": [7, 6, 8, 7], "texture": "#4"},
				"west": {"uv": [7, 7, 8, 8], "texture": "#4"},
				"up": {"uv": [1, 9, 0, 8], "texture": "#4"},
				"down": {"uv": [9, 0, 8, 1], "texture": "#4"}
			}
		},
		{
			"from": [7.6, 8.6, 2.6],
			"to": [8.4, 9.4, 3.4],
			"faces": {
				"north": {"uv": [7, 2, 8, 3], "texture": "#4"},
				"east": {"uv": [3, 7, 4, 8], "texture": "#4"},
				"south": {"uv": [7, 3, 8, 4], "texture": "#4"},
				"west": {"uv": [4, 7, 5, 8], "texture": "#4"},
				"up": {"uv": [8, 5, 7, 4], "texture": "#4"},
				"down": {"uv": [6, 7, 5, 8], "texture": "#4"}
			}
		},
		{
			"from": [7.6, 6.6, 0.6],
			"to": [8.4, 7.4, 1.4],
			"faces": {
				"north": {"uv": [6, 6, 7, 7], "texture": "#4"},
				"east": {"uv": [0, 7, 1, 8], "texture": "#4"},
				"south": {"uv": [7, 0, 8, 1], "texture": "#4"},
				"west": {"uv": [1, 7, 2, 8], "texture": "#4"},
				"up": {"uv": [8, 2, 7, 1], "texture": "#4"},
				"down": {"uv": [3, 7, 2, 8], "texture": "#4"}
			}
		},
		{
			"from": [7.6, 4.6, 0.6],
			"to": [8.4, 5.4, 1.4],
			"faces": {
				"north": {"uv": [3, 6, 4, 7], "texture": "#4"},
				"east": {"uv": [6, 3, 7, 4], "texture": "#4"},
				"south": {"uv": [4, 6, 5, 7], "texture": "#4"},
				"west": {"uv": [6, 4, 7, 5], "texture": "#4"},
				"up": {"uv": [6, 7, 5, 6], "texture": "#4"},
				"down": {"uv": [7, 5, 6, 6], "texture": "#4"}
			}
		},
		{
			"from": [7.6, 2.6, 0.6],
			"to": [8.4, 3.4, 1.4],
			"faces": {
				"north": {"uv": [0, 6, 1, 7], "texture": "#4"},
				"east": {"uv": [6, 0, 7, 1], "texture": "#4"},
				"south": {"uv": [1, 6, 2, 7], "texture": "#4"},
				"west": {"uv": [6, 1, 7, 2], "texture": "#4"},
				"up": {"uv": [3, 7, 2, 6], "texture": "#4"},
				"down": {"uv": [7, 2, 6, 3], "texture": "#4"}
			}
		},
		{
			"from": [9.6, 0.6, 14.6],
			"to": [10.4, 1.4, 15.4],
			"faces": {
				"north": {"uv": [4, 14, 5, 15], "texture": "#4"},
				"east": {"uv": [14, 4, 15, 5], "texture": "#4"},
				"south": {"uv": [5, 14, 6, 15], "texture": "#4"},
				"west": {"uv": [14, 5, 15, 6], "texture": "#4"},
				"up": {"uv": [7, 15, 6, 14], "texture": "#4"},
				"down": {"uv": [15, 6, 14, 7], "texture": "#4"}
			}
		},
		{
			"from": [11.6, 0.6, 14.6],
			"to": [12.4, 1.4, 15.4],
			"faces": {
				"north": {"uv": [7, 14, 8, 15], "texture": "#4"},
				"east": {"uv": [14, 7, 15, 8], "texture": "#4"},
				"south": {"uv": [8, 14, 9, 15], "texture": "#4"},
				"west": {"uv": [14, 8, 15, 9], "texture": "#4"},
				"up": {"uv": [10, 15, 9, 14], "texture": "#4"},
				"down": {"uv": [15, 9, 14, 10], "texture": "#4"}
			}
		},
		{
			"from": [13.6, 0.6, 14.6],
			"to": [14.4, 1.4, 15.4],
			"faces": {
				"north": {"uv": [10, 14, 11, 15], "texture": "#4"},
				"east": {"uv": [14, 10, 15, 11], "texture": "#4"},
				"south": {"uv": [11, 14, 12, 15], "texture": "#4"},
				"west": {"uv": [14, 11, 15, 12], "texture": "#4"},
				"up": {"uv": [13, 15, 12, 14], "texture": "#4"},
				"down": {"uv": [15, 12, 14, 13], "texture": "#4"}
			}
		},
		{
			"from": [14.6, 0.6, 12.6],
			"to": [15.4, 1.4, 13.4],
			"faces": {
				"north": {"uv": [1, 14, 2, 15], "texture": "#4"},
				"east": {"uv": [14, 1, 15, 2], "texture": "#4"},
				"south": {"uv": [2, 14, 3, 15], "texture": "#4"},
				"west": {"uv": [14, 2, 15, 3], "texture": "#4"},
				"up": {"uv": [4, 15, 3, 14], "texture": "#4"},
				"down": {"uv": [15, 3, 14, 4], "texture": "#4"}
			}
		},
		{
			"from": [14.6, 0.6, 10.6],
			"to": [15.4, 1.4, 11.4],
			"faces": {
				"north": {"uv": [13, 11, 14, 12], "texture": "#4"},
				"east": {"uv": [12, 13, 13, 14], "texture": "#4"},
				"south": {"uv": [13, 12, 14, 13], "texture": "#4"},
				"west": {"uv": [13, 13, 14, 14], "texture": "#4"},
				"up": {"uv": [1, 15, 0, 14], "texture": "#4"},
				"down": {"uv": [15, 0, 14, 1], "texture": "#4"}
			}
		},
		{
			"from": [14.6, 0.6, 8.6],
			"to": [15.4, 1.4, 9.4],
			"faces": {
				"north": {"uv": [13, 8, 14, 9], "texture": "#4"},
				"east": {"uv": [9, 13, 10, 14], "texture": "#4"},
				"south": {"uv": [13, 9, 14, 10], "texture": "#4"},
				"west": {"uv": [10, 13, 11, 14], "texture": "#4"},
				"up": {"uv": [14, 11, 13, 10], "texture": "#4"},
				"down": {"uv": [12, 13, 11, 14], "texture": "#4"}
			}
		},
		{
			"from": [14.6, 0.6, 6.6],
			"to": [15.4, 1.4, 7.4],
			"faces": {
				"north": {"uv": [13, 5, 14, 6], "texture": "#4"},
				"east": {"uv": [6, 13, 7, 14], "texture": "#4"},
				"south": {"uv": [13, 6, 14, 7], "texture": "#4"},
				"west": {"uv": [7, 13, 8, 14], "texture": "#4"},
				"up": {"uv": [14, 8, 13, 7], "texture": "#4"},
				"down": {"uv": [9, 13, 8, 14], "texture": "#4"}
			}
		},
		{
			"from": [14.6, 0.6, 4.6],
			"to": [15.4, 1.4, 5.4],
			"faces": {
				"north": {"uv": [13, 2, 14, 3], "texture": "#4"},
				"east": {"uv": [3, 13, 4, 14], "texture": "#4"},
				"south": {"uv": [13, 3, 14, 4], "texture": "#4"},
				"west": {"uv": [4, 13, 5, 14], "texture": "#4"},
				"up": {"uv": [14, 5, 13, 4], "texture": "#4"},
				"down": {"uv": [6, 13, 5, 14], "texture": "#4"}
			}
		},
		{
			"from": [14.6, 0.6, 2.6],
			"to": [15.4, 1.4, 3.4],
			"faces": {
				"north": {"uv": [12, 12, 13, 13], "texture": "#4"},
				"east": {"uv": [0, 13, 1, 14], "texture": "#4"},
				"south": {"uv": [13, 0, 14, 1], "texture": "#4"},
				"west": {"uv": [1, 13, 2, 14], "texture": "#4"},
				"up": {"uv": [14, 2, 13, 1], "texture": "#4"},
				"down": {"uv": [3, 13, 2, 14], "texture": "#4"}
			}
		},
		{
			"from": [2, 1, 3],
			"to": [3, 8, 14],
			"faces": {
				"north": {"uv": [0.5, 7, 0.75, 8.75], "texture": "#0"},
				"east": {"uv": [2.5, 3.5, 5.25, 5.25], "texture": "#0"},
				"south": {"uv": [0.75, 7, 1, 8.75], "texture": "#0"},
				"west": {"uv": [0, 5.25, 2.75, 7], "texture": "#0"},
				"up": {"uv": [5.75, 8.5, 5.5, 5.75], "texture": "#0"},
				"down": {"uv": [6, 5.75, 5.75, 8.5], "texture": "#0"}
			}
		},
		{
			"from": [13, 1, 2],
			"to": [14, 8, 13],
			"faces": {
				"north": {"uv": [1.5, 7, 1.75, 8.75], "texture": "#0"},
				"east": {"uv": [2.75, 5.25, 5.5, 7], "texture": "#0"},
				"south": {"uv": [1.75, 7, 2, 8.75], "texture": "#0"},
				"west": {"uv": [5.25, 3.5, 8, 5.25], "texture": "#0"},
				"up": {"uv": [6.25, 9, 6, 6.25], "texture": "#0"},
				"down": {"uv": [6.5, 6.25, 6.25, 9], "texture": "#0"}
			}
		},
		{
			"from": [2, 1, 2],
			"to": [13, 8, 3],
			"faces": {
				"north": {"uv": [5.25, 0, 8, 1.75], "texture": "#0"},
				"east": {"uv": [1, 7, 1.25, 8.75], "texture": "#0"},
				"south": {"uv": [5.25, 1.75, 8, 3.5], "texture": "#0"},
				"west": {"uv": [1.25, 7, 1.5, 8.75], "texture": "#0"},
				"up": {"uv": [8.75, 6, 6, 5.75], "texture": "#0"},
				"down": {"uv": [8.75, 6, 6, 6.25], "texture": "#0"}
			}
		},
		{
			"from": [3, 1, 13],
			"to": [14, 8, 14],
			"faces": {
				"north": {"uv": [2.5, 0, 5.25, 1.75], "texture": "#0"},
				"east": {"uv": [0, 7, 0.25, 8.75], "texture": "#0"},
				"south": {"uv": [2.5, 1.75, 5.25, 3.5], "texture": "#0"},
				"west": {"uv": [0.25, 7, 0.5, 8.75], "texture": "#0"},
				"up": {"uv": [8.25, 5.5, 5.5, 5.25], "texture": "#0"},
				"down": {"uv": [8.25, 5.5, 5.5, 5.75], "texture": "#0"}
			}
		},
		{
			"from": [3, 7.5, 3],
			"to": [13, 8.5, 13],
			"faces": {
				"north": {"uv": [0, 5, 2.5, 5.25], "texture": "#0"},
				"east": {"uv": [6.5, 6.25, 9, 6.5], "texture": "#0"},
				"south": {"uv": [6.5, 6.5, 9, 6.75], "texture": "#0"},
				"west": {"uv": [6.5, 6.75, 9, 7], "texture": "#0"},
				"up": {"uv": [2.5, 2.5, 0, 0], "texture": "#0"},
				"down": {"uv": [2.5, 2.5, 0, 5], "texture": "#0"}
			}
		}
	],
	"display": {
		"thirdperson_righthand": {
			"translation": [0, 3, 0],
			"scale": [0.5, 0.5, 0.5]
		},
		"thirdperson_lefthand": {
			"translation": [0, 3, 0],
			"scale": [0.5, 0.5, 0.5]
		},
		"firstperson_righthand": {
			"translation": [0, 1.5, -3.75],
			"scale": [0.5, 0.5, 0.5]
		},
		"firstperson_lefthand": {
			"translation": [0, 1.25, -2],
			"scale": [0.5, 0.5, 0.5]
		},
		"ground": {
			"translation": [0, 5, 0],
			"scale": [0.7, 0.7, 0.7]
		},
		"gui": {
			"rotation": [16, 0, 0],
			"scale": [0.5, 0.5, 0.5]
		},
		"head": {
			"translation": [0, 10, 0],
			"scale": [1.22, 1.22, 1.22]
		},
		"fixed": {
			"rotation": [-90, 0, 0],
			"translation": [0, 1, -10.5],
			"scale": [1.3, 1.3, 1.3]
		}
	},
	"groups": [
		0,
		1,
		2,
		3,
		4,
		5,
		6,
		{
			"name": "group",
			"origin": [0, 0, 0],
			"color": 0,
			"children": []
		},
		{
			"name": "group",
			"origin": [0, 0, 0],
			"color": 0,
			"children": [7, 8, 9, 10, 11, 12, 13, 14, 15, 16, 17, 18, 19, 20]
		},
		21,
		22,
		23,
		24,
		25,
		26,
		27,
		28,
		29,
		30,
		31,
		32,
		33,
		34,
		35,
		36,
		37,
		38,
		39,
		40,
		41,
		42,
		43,
		44,
		45,
		46,
		47,
		48,
		49,
		50,
		51,
		52,
		53,
		54,
		55,
		56,
		57,
		58,
		59,
		60,
		61,
		62,
		63,
		64,
		65,
		66,
		67,
		68,
		69,
		70
	]
}