{
	"credit": "Made with Blockbench",
	"textures": {
		"0": "block/black_wool",
		"1": "block/purple_wool",
		"2": "block/gold_block",
		"particle": "block/black_wool"
	},
	"elements": [
		{
			"from": [1, 5, 3],
			"to": [11, 10, 13],
			"rotation": {"angle": -22.5, "axis": "z", "origin": [0, 0, 0]},
			"faces": {
				"north": {"uv": [7.5, 4, 10, 5.25], "texture": "#0"},
				"east": {"uv": [4.5, 8.5, 7, 9.75], "texture": "#0"},
				"south": {"uv": [7, 8.5, 9.5, 9.75], "texture": "#0"},
				"west": {"uv": [0, 9, 2.5, 10.25], "texture": "#0"},
				"up": {"uv": [7, 8.5, 4.5, 6], "texture": "#0"},
				"down": {"uv": [9.5, 6, 7, 8.5], "texture": "#0"}
			}
		},
		{
			"from": [2, 10, 4],
			"to": [11, 15, 12],
			"rotation": {"angle": -22.5, "axis": "z", "origin": [0, 0, 0]},
			"faces": {
				"north": {"uv": [9.5, 9.25, 11.75, 10.5], "texture": "#0"},
				"east": {"uv": [9.75, 2.75, 11.75, 4], "texture": "#0"},
				"south": {"uv": [9.75, 0, 12, 1.25], "texture": "#0"},
				"west": {"uv": [4.25, 9.75, 6.25, 11], "texture": "#0"},
				"up": {"uv": [9.75, 2, 7.5, 0], "texture": "#0"},
				"down": {"uv": [9.75, 2, 7.5, 4], "texture": "#0"}
			}
		},
		{
			"from": [-3, 14.9, 5],
			"to": [4, 19.9, 11],
			"rotation": {"angle": -45, "axis": "z", "origin": [0, 0, 0]},
			"faces": {
				"north": {"uv": [6.25, 9.75, 8, 11], "texture": "#0"},
				"east": {"uv": [8, 9.75, 9.5, 11], "texture": "#0"},
				"south": {"uv": [10, 4, 11.75, 5.25], "texture": "#0"},
				"west": {"uv": [0, 10.25, 1.5, 11.5], "texture": "#0"},
				"up": {"uv": [4.25, 10.5, 2.5, 9], "texture": "#0"},
				"down": {"uv": [11.5, 1.25, 9.75, 2.75], "texture": "#0"}
			}
		},
		{
			"from": [17.7, 4, 6],
			"to": [22.7, 9, 10],
			"rotation": {"angle": 22.5, "axis": "z", "origin": [0, 0, 0]},
			"faces": {
				"north": {"uv": [1.5, 10.5, 2.75, 11.75], "texture": "#0"},
				"east": {"uv": [9.5, 10.5, 10.5, 11.75], "texture": "#0"},
				"south": {"uv": [2.75, 10.5, 4, 11.75], "texture": "#0"},
				"west": {"uv": [10.5, 10.5, 11.5, 11.75], "texture": "#0"},
				"up": {"uv": [5.25, 12, 4, 11], "texture": "#0"},
				"down": {"uv": [6.5, 11, 5.25, 12], "texture": "#0"}
			}
		},
		{
			"from": [27.7, 6, 8],
			"to": [30.7, 8, 8],
			"rotation": {"angle": 22.5, "axis": "z", "origin": [0, 0, 0]},
			"faces": {
				"north": {"uv": [8.75, 5.25, 9.5, 5.75], "texture": "#0"},
				"east": {"uv": [0, 0, 0, 0.5], "texture": "#0"},
				"south": {"uv": [11.5, 2.25, 12.25, 2.75], "texture": "#0"},
				"west": {"uv": [0, 0, 0, 0.5], "texture": "#0"},
				"up": {"uv": [0.75, 0, 0, 0], "texture": "#0"},
				"down": {"uv": [0.75, 0, 0, 0], "texture": "#0"}
			}
		},
		{
			"from": [29.7, 8, 8],
			"to": [31.7, 10, 8],
			"rotation": {"angle": 22.5, "axis": "z", "origin": [0, 0, 0]},
			"faces": {
				"north": {"uv": [8.25, 11.5, 8.75, 12], "texture": "#0"},
				"east": {"uv": [0, 0, 0, 0.5], "texture": "#0"},
				"south": {"uv": [11.5, 10.5, 12, 11], "texture": "#0"},
				"west": {"uv": [0, 0, 0, 0.5], "texture": "#0"},
				"up": {"uv": [0.5, 0, 0, 0], "texture": "#0"},
				"down": {"uv": [0.5, 0, 0, 0], "texture": "#0"}
			}
		},
		{
			"from": [27.7, 10, 8],
			"to": [30.7, 11, 8],
			"rotation": {"angle": 22.5, "axis": "z", "origin": [0, 0, 0]},
			"faces": {
				"north": {"uv": [8.75, 5.75, 9.5, 6], "texture": "#0"},
				"east": {"uv": [0, 0, 0, 0.25], "texture": "#0"},
				"south": {"uv": [1.5, 10.25, 2.25, 10.5], "texture": "#0"},
				"west": {"uv": [0, 0, 0, 0.25], "texture": "#0"},
				"up": {"uv": [0.75, 0, 0, 0], "texture": "#0"},
				"down": {"uv": [0.75, 0, 0, 0], "texture": "#0"}
			}
		},
		{
			"from": [27.7, 9, 8],
			"to": [28.7, 10, 8],
			"rotation": {"angle": 22.5, "axis": "z", "origin": [0, 0, 0]},
			"faces": {
				"north": {"uv": [4.25, 9, 4.5, 9.25], "texture": "#0"},
				"east": {"uv": [0, 0, 0, 0.25], "texture": "#0"},
				"south": {"uv": [4.25, 9.25, 4.5, 9.5], "texture": "#0"},
				"west": {"uv": [0, 0, 0, 0.25], "texture": "#0"},
				"up": {"uv": [0.25, 0, 0, 0], "texture": "#0"},
				"down": {"uv": [0.25, 0, 0, 0], "texture": "#0"}
			}
		},
		{
			"from": [22.7, 5, 7],
			"to": [27.7, 8, 9],
			"rotation": {"angle": 22.5, "axis": "z", "origin": [0, 0, 0]},
			"faces": {
				"north": {"uv": [7.5, 5.25, 8.75, 6], "texture": "#0"},
				"east": {"uv": [9, 11, 9.5, 11.75], "texture": "#0"},
				"south": {"uv": [6.5, 11, 7.75, 11.75], "texture": "#0"},
				"west": {"uv": [7.75, 11.5, 8.25, 12.25], "texture": "#0"},
				"up": {"uv": [9, 11.5, 7.75, 11], "texture": "#0"},
				"down": {"uv": [1.25, 11.5, 0, 12], "texture": "#0"}
			}
		},
		{
			"from": [2, 1, 2],
			"to": [14, 5, 14],
			"faces": {
				"north": {"uv": [9.5, 5.25, 12.5, 6.25], "texture": "#0"},
				"east": {"uv": [9.5, 6.25, 12.5, 7.25], "texture": "#0"},
				"south": {"uv": [9.5, 7.25, 12.5, 8.25], "texture": "#0"},
				"west": {"uv": [9.5, 8.25, 12.5, 9.25], "texture": "#0"},
				"up": {"uv": [7.5, 3, 4.5, 0], "texture": "#0"},
				"down": {"uv": [7.5, 3, 4.5, 6], "texture": "#0"}
			}
		},
		{
			"from": [-1, 0, -1],
			"to": [17, 1, 17],
			"faces": {
				"north": {"uv": [11.5, 1.25, 16, 1.5], "texture": "#0"},
				"east": {"uv": [11.5, 1.5, 16, 1.75], "texture": "#0"},
				"south": {"uv": [11.5, 1.75, 16, 2], "texture": "#0"},
				"west": {"uv": [11.5, 2, 16, 2.25], "texture": "#0"},
				"up": {"uv": [4.5, 4.5, 0, 0], "texture": "#0"},
				"down": {"uv": [4.5, 4.5, 0, 9], "texture": "#0"}
			}
		},
		{
			"from": [1.75, 1, 1.75],
			"to": [14.25, 3, 14.5],
			"faces": {
				"north": {"uv": [6.5, 0, 13, 1], "texture": "#1"},
				"east": {"uv": [6.5, 1, 13, 2], "texture": "#1"},
				"south": {"uv": [6.5, 2, 13, 3], "texture": "#1"},
				"west": {"uv": [6.5, 3, 13, 4], "texture": "#1"},
				"up": {"uv": [6.5, 6.5, 0, 0], "texture": "#1"},
				"down": {"uv": [6.5, 6.5, 0, 13], "texture": "#1"}
			}
		},
		{
			"from": [1, -5.5, 6],
			"to": [3, -3.5, 8],
			"rotation": {"angle": -45, "axis": "x", "origin": [0, 0, 0]},
			"faces": {
				"north": {"uv": [0, 0, 2, 2], "texture": "#2"},
				"east": {"uv": [0, 2, 2, 4], "texture": "#2"},
				"south": {"uv": [2, 0, 4, 2], "texture": "#2"},
				"west": {"uv": [2, 2, 4, 4], "texture": "#2"},
				"up": {"uv": [2, 6, 0, 4], "texture": "#2"},
				"down": {"uv": [6, 0, 4, 2], "texture": "#2"}
			}
		}
	],
	"display": {
		"thirdperson_righthand": {
			"translation": [0, 3.25, 0],
			"scale": [0.41, 0.41, 0.41]
		},
		"thirdperson_lefthand": {
			"translation": [0, 3.25, 0],
			"scale": [0.41, 0.41, 0.41]
		},
		"firstperson_righthand": {
			"translation": [0, 4, 0],
			"scale": [0.5, 0.5, 0.5]
		},
		"firstperson_lefthand": {
			"translation": [0, 4, 0],
			"scale": [0.5, 0.5, 0.5]
		},
		"ground": {
			"translation": [0, 1.75, 0],
			"scale": [0.5, 0.5, 0.5]
		},
		"gui": {
			"rotation": [17, 0, 0],
			"translation": [-2.5, -1.25, 0],
			"scale": [0.55, 0.55, 0.55]
		},
		"head": {
			"rotation": [0, -90, 0],
			"translation": [0, 14.5, 0]
		},
		"fixed": {
			"rotation": [-90, 0, 0],
			"translation": [0, 0, -11.75],
			"scale": [1.51, 1.51, 1.51]
		}
	},
	"groups": [
		{
			"name": "group",
			"origin": [0, 0, 0],
			"color": 0,
			"children": [0, 1, 2, 3, 4, 5, 6, 7, 8, 9, 10]
		},
		11,
		12
	]
}