{
	"credit": "Made with Blockbench",
	"textures": {
		"0": "block/packed_mud",
		"1": "block/black_wool",
		"2": "block/fire_1",
		"particle": "block/packed_mud"
	},
	"elements": [
		{
			"from": [3, 0, 6],
			"to": [6, 8, 9],
			"rotation": {"angle": 0, "axis": "y", "origin": [3, 0, 6]},
			"faces": {
				"north": {"uv": [0, 0, 3, 8], "texture": "#0"},
				"east": {"uv": [3, 0, 6, 8], "texture": "#0"},
				"south": {"uv": [6, 0, 9, 8], "texture": "#0"},
				"west": {"uv": [0, 8, 3, 16], "texture": "#0"},
				"up": {"uv": [6, 11, 3, 8], "texture": "#0"},
				"down": {"uv": [9, 8, 6, 11], "texture": "#0"}
			}
		},
		{
			"from": [7, 0, 9],
			"to": [10, 6, 12],
			"rotation": {"angle": 0, "axis": "y", "origin": [7, 0, 9]},
			"faces": {
				"north": {"uv": [0, 0, 3, 6], "texture": "#0"},
				"east": {"uv": [6, 0, 9, 6], "texture": "#0"},
				"south": {"uv": [3, 0, 6, 6], "texture": "#0"},
				"west": {"uv": [0, 8, 3, 14], "texture": "#0"},
				"up": {"uv": [6, 8, 9, 11], "texture": "#0"},
				"down": {"uv": [3, 8, 6, 11], "texture": "#0"}
			}
		},
		{
			"from": [9, 0, 4],
			"to": [11, 5, 6],
			"rotation": {"angle": 0, "axis": "y", "origin": [8, 0, 4]},
			"faces": {
				"north": {"uv": [3, 0, 5, 5], "texture": "#0"},
				"east": {"uv": [0, 0, 2, 5], "texture": "#0"},
				"south": {"uv": [0, 8, 2, 13], "texture": "#0"},
				"west": {"uv": [6, 0, 8, 5], "texture": "#0"},
				"up": {"uv": [6, 8, 8, 10], "texture": "#0"},
				"down": {"uv": [3, 8, 5, 10], "texture": "#0"}
			}
		},
		{
			"from": [5, 0, 3],
			"to": [7, 4, 5],
			"rotation": {"angle": 0, "axis": "y", "origin": [4, 0, 3]},
			"faces": {
				"north": {"uv": [3, 0, 5, 4], "texture": "#0"},
				"east": {"uv": [0, 0, 2, 4], "texture": "#0"},
				"south": {"uv": [6, 0, 8, 4], "texture": "#0"},
				"west": {"uv": [0, 8, 2, 12], "texture": "#0"},
				"up": {"uv": [6, 8, 8, 10], "texture": "#0"},
				"down": {"uv": [4, 8, 6, 10], "texture": "#0"}
			}
		},
		{
			"from": [11, 0, 7],
			"to": [13, 3, 9],
			"rotation": {"angle": 0, "axis": "y", "origin": [10, 0, 7]},
			"faces": {
				"north": {"uv": [0, 0, 2, 3], "texture": "#0"},
				"east": {"uv": [3, 0, 5, 3], "texture": "#0"},
				"south": {"uv": [0, 8, 2, 11], "texture": "#0"},
				"west": {"uv": [6, 0, 8, 3], "texture": "#0"},
				"up": {"uv": [6, 8, 8, 10], "texture": "#0"},
				"down": {"uv": [3, 8, 5, 10], "texture": "#0"}
			}
		},
		{
			"from": [2.5, 7.25, 7],
			"to": [3.25, 8.25, 8.5],
			"rotation": {"angle": 0, "axis": "y", "origin": [2, 7, 7]},
			"faces": {
				"north": {"uv": [0, 0, 0.75, 1], "texture": "#0"},
				"east": {"uv": [0, 0, 1.5, 1], "texture": "#0"},
				"south": {"uv": [0, 0, 0.75, 1], "texture": "#0"},
				"west": {"uv": [0, 0, 1.5, 1], "texture": "#0"},
				"up": {"uv": [0, 0, 0.75, 1.5], "texture": "#0"},
				"down": {"uv": [0, 0, 0.75, 1.5], "texture": "#0"}
			}
		},
		{
			"from": [2.75, 5.5, 7.25],
			"to": [3, 7.25, 7.75],
			"rotation": {"angle": 0, "axis": "y", "origin": [2, 6, 7]},
			"faces": {
				"north": {"uv": [0, 0, 0.25, 1.75], "texture": "#0"},
				"east": {"uv": [0, 0, 0.5, 1.75], "texture": "#0"},
				"south": {"uv": [0, 0, 0.25, 1.75], "texture": "#0"},
				"west": {"uv": [0, 0, 0.5, 1.75], "texture": "#0"},
				"up": {"uv": [0, 0, 0.25, 0.5], "texture": "#0"},
				"down": {"uv": [0, 0, 0.25, 0.5], "texture": "#0"}
			}
		},
		{
			"from": [2.75, 7.5, 8.5],
			"to": [3, 8, 9],
			"rotation": {"angle": 0, "axis": "y", "origin": [2, 7, 8.25]},
			"faces": {
				"north": {"uv": [0, 0, 0.25, 0.5], "texture": "#0"},
				"east": {"uv": [0, 0, 0.5, 0.5], "texture": "#0"},
				"south": {"uv": [0, 0, 0.25, 0.5], "texture": "#0"},
				"west": {"uv": [0, 0, 0.5, 0.5], "texture": "#0"},
				"up": {"uv": [0, 0, 0.25, 0.5], "texture": "#0"},
				"down": {"uv": [0, 0, 0.25, 0.5], "texture": "#0"}
			}
		},
		{
			"from": [2.75, 7.5, 6.5],
			"to": [3, 8.25, 7],
			"rotation": {"angle": 0, "axis": "y", "origin": [2, 7, 6.25]},
			"faces": {
				"north": {"uv": [0, 0, 0.25, 0.75], "texture": "#0"},
				"east": {"uv": [0, 0, 0.5, 0.75], "texture": "#0"},
				"south": {"uv": [0, 0, 0.25, 0.75], "texture": "#0"},
				"west": {"uv": [0, 0, 0.5, 0.75], "texture": "#0"},
				"up": {"uv": [0, 0, 0.25, 0.5], "texture": "#0"},
				"down": {"uv": [0, 0, 0.25, 0.5], "texture": "#0"}
			}
		},
		{
			"from": [2.75, 6, 6],
			"to": [3, 8, 6.5],
			"rotation": {"angle": 0, "axis": "y", "origin": [2, 7, 5.75]},
			"faces": {
				"north": {"uv": [0, 0, 0.25, 2], "texture": "#0"},
				"east": {"uv": [0, 0, 0.5, 2], "texture": "#0"},
				"south": {"uv": [0, 0, 0.25, 2], "texture": "#0"},
				"west": {"uv": [0, 0, 0.5, 2], "texture": "#0"},
				"up": {"uv": [0, 0, 0.25, 0.5], "texture": "#0"},
				"down": {"uv": [0, 0, 0.25, 0.5], "texture": "#0"}
			}
		},
		{
			"from": [3, 7.5, 5.75],
			"to": [4, 8.25, 6],
			"rotation": {"angle": 0, "axis": "y", "origin": [3, 7, 5.25]},
			"faces": {
				"north": {"uv": [0, 0, 1, 0.75], "texture": "#0"},
				"east": {"uv": [0, 0, 0.25, 0.75], "texture": "#0"},
				"south": {"uv": [0, 0, 1, 0.75], "texture": "#0"},
				"west": {"uv": [0, 0, 0.25, 0.75], "texture": "#0"},
				"up": {"uv": [0, 0, 1, 0.25], "texture": "#0"},
				"down": {"uv": [0, 0, 1, 0.25], "texture": "#0"}
			}
		},
		{
			"from": [4, 4, 5.75],
			"to": [4.5, 8.25, 6.25],
			"rotation": {"angle": 0, "axis": "y", "origin": [4, 7, 5.25]},
			"faces": {
				"north": {"uv": [0, 0, 0.5, 4.25], "texture": "#0"},
				"east": {"uv": [0, 0, 0.5, 4.25], "texture": "#0"},
				"south": {"uv": [0, 0, 0.5, 4.25], "texture": "#0"},
				"west": {"uv": [0, 0, 0.5, 4.25], "texture": "#0"},
				"up": {"uv": [0, 0, 0.5, 0.5], "texture": "#0"},
				"down": {"uv": [0, 0, 0.5, 0.5], "texture": "#0"}
			}
		},
		{
			"from": [5, 6, 5.75],
			"to": [5.5, 8.25, 6],
			"rotation": {"angle": 0, "axis": "y", "origin": [5, 7, 5.25]},
			"faces": {
				"north": {"uv": [0, 0, 0.5, 2.25], "texture": "#0"},
				"east": {"uv": [0, 0, 0.25, 2.25], "texture": "#0"},
				"south": {"uv": [0, 0, 0.5, 2.25], "texture": "#0"},
				"west": {"uv": [0, 0, 0.25, 2.25], "texture": "#0"},
				"up": {"uv": [0, 0, 0.5, 0.25], "texture": "#0"},
				"down": {"uv": [0, 0, 0.5, 0.25], "texture": "#0"}
			}
		},
		{
			"from": [4, 7, 5.5],
			"to": [4.75, 8, 5.75],
			"rotation": {"angle": 0, "axis": "y", "origin": [3.5, 7, 5]},
			"faces": {
				"north": {"uv": [0, 0, 0.75, 1], "texture": "#0"},
				"east": {"uv": [0, 0, 0.25, 1], "texture": "#0"},
				"south": {"uv": [0, 0, 0.75, 1], "texture": "#0"},
				"west": {"uv": [0, 0, 0.25, 1], "texture": "#0"},
				"up": {"uv": [0, 0, 0.75, 0.25], "texture": "#0"},
				"down": {"uv": [0, 0, 0.75, 0.25], "texture": "#0"}
			}
		},
		{
			"from": [4.5, 7, 5.75],
			"to": [5, 8, 6],
			"rotation": {"angle": 0, "axis": "y", "origin": [4, 7, 5.25]},
			"faces": {
				"north": {"uv": [0, 0, 0.5, 1], "texture": "#0"},
				"east": {"uv": [0, 0, 0.25, 1], "texture": "#0"},
				"south": {"uv": [0, 0, 0.5, 1], "texture": "#0"},
				"west": {"uv": [0, 0, 0.25, 1], "texture": "#0"},
				"up": {"uv": [0, 0, 0.5, 0.25], "texture": "#0"},
				"down": {"uv": [0, 0, 0.5, 0.25], "texture": "#0"}
			}
		},
		{
			"from": [3.5, 2, 9],
			"to": [4, 8.25, 9.25],
			"rotation": {"angle": 0, "axis": "y", "origin": [3.5, 7, 8.25]},
			"faces": {
				"north": {"uv": [0, 0, 0.5, 6.25], "texture": "#0"},
				"east": {"uv": [0, 0, 0.25, 6.25], "texture": "#0"},
				"south": {"uv": [0, 0, 0.5, 6.25], "texture": "#0"},
				"west": {"uv": [0, 0, 0.25, 6.25], "texture": "#0"},
				"up": {"uv": [0, 0, 0.5, 0.25], "texture": "#0"},
				"down": {"uv": [0, 0, 0.5, 0.25], "texture": "#0"}
			}
		},
		{
			"from": [3, 7, 9],
			"to": [3.5, 8, 9.25],
			"rotation": {"angle": 0, "axis": "y", "origin": [2.5, 7, 8.5]},
			"faces": {
				"north": {"uv": [0, 0, 0.5, 1], "texture": "#0"},
				"east": {"uv": [0, 0, 0.25, 1], "texture": "#0"},
				"south": {"uv": [0, 0, 0.5, 1], "texture": "#0"},
				"west": {"uv": [0, 0, 0.25, 1], "texture": "#0"},
				"up": {"uv": [0, 0, 0.5, 0.25], "texture": "#0"},
				"down": {"uv": [0, 0, 0.5, 0.25], "texture": "#0"}
			}
		},
		{
			"from": [4, 7.25, 8.75],
			"to": [5.75, 8.25, 9.25],
			"rotation": {"angle": 0, "axis": "y", "origin": [3.5, 7, 8.5]},
			"faces": {
				"north": {"uv": [0, 0, 1.75, 1], "texture": "#0"},
				"east": {"uv": [0, 0, 0.5, 1], "texture": "#0"},
				"south": {"uv": [0, 0, 1.75, 1], "texture": "#0"},
				"west": {"uv": [0, 0, 0.5, 1], "texture": "#0"},
				"up": {"uv": [0, 0, 1.75, 0.5], "texture": "#0"},
				"down": {"uv": [0, 0, 1.75, 0.5], "texture": "#0"}
			}
		},
		{
			"from": [4, 6.25, 8.75],
			"to": [4.5, 7.25, 9.25],
			"rotation": {"angle": 0, "axis": "y", "origin": [3.5, 6, 8.5]},
			"faces": {
				"north": {"uv": [0, 0, 0.5, 1], "texture": "#0"},
				"east": {"uv": [0, 0, 0.5, 1], "texture": "#0"},
				"south": {"uv": [0, 0, 0.5, 1], "texture": "#0"},
				"west": {"uv": [0, 0, 0.5, 1], "texture": "#0"},
				"up": {"uv": [0, 0, 0.5, 0.5], "texture": "#0"},
				"down": {"uv": [0, 0, 0.5, 0.5], "texture": "#0"}
			}
		},
		{
			"from": [4.5, 7, 8.75],
			"to": [5, 7.25, 9.25],
			"rotation": {"angle": 0, "axis": "y", "origin": [4.5, 6, 8.5]},
			"faces": {
				"north": {"uv": [0, 0, 0.5, 0.25], "texture": "#0"},
				"east": {"uv": [0, 0, 0.5, 0.25], "texture": "#0"},
				"south": {"uv": [0, 0, 0.5, 0.25], "texture": "#0"},
				"west": {"uv": [0, 0, 0.5, 0.25], "texture": "#0"},
				"up": {"uv": [0, 0, 0.5, 0.5], "texture": "#0"},
				"down": {"uv": [0, 0, 0.5, 0.5], "texture": "#0"}
			}
		},
		{
			"from": [5, 5.25, 8.75],
			"to": [5.5, 7.25, 9.25],
			"rotation": {"angle": 0, "axis": "y", "origin": [5, 6, 8.5]},
			"faces": {
				"north": {"uv": [0, 0, 0.5, 2], "texture": "#0"},
				"east": {"uv": [0, 0, 0.5, 2], "texture": "#0"},
				"south": {"uv": [0, 0, 0.5, 2], "texture": "#0"},
				"west": {"uv": [0, 0, 0.5, 2], "texture": "#0"},
				"up": {"uv": [0, 0, 0.5, 0.5], "texture": "#0"},
				"down": {"uv": [0, 0, 0.5, 0.5], "texture": "#0"}
			}
		},
		{
			"from": [4.25, 7.25, 9],
			"to": [5.5, 8, 9.5],
			"rotation": {"angle": 0, "axis": "y", "origin": [5, 6.25, 8.75]},
			"faces": {
				"north": {"uv": [0, 0, 1.25, 0.75], "texture": "#0"},
				"east": {"uv": [0, 0, 0.5, 0.75], "texture": "#0"},
				"south": {"uv": [0, 0, 1.25, 0.75], "texture": "#0"},
				"west": {"uv": [0, 0, 0.5, 0.75], "texture": "#0"},
				"up": {"uv": [0, 0, 1.25, 0.5], "texture": "#0"},
				"down": {"uv": [0, 0, 1.25, 0.5], "texture": "#0"}
			}
		},
		{
			"from": [4, 6.75, 9],
			"to": [4.25, 7.75, 9.5],
			"rotation": {"angle": 0, "axis": "y", "origin": [4.75, 6.25, 8.75]},
			"faces": {
				"north": {"uv": [0, 0, 0.25, 1], "texture": "#0"},
				"east": {"uv": [0, 0, 0.5, 1], "texture": "#0"},
				"south": {"uv": [0, 0, 0.25, 1], "texture": "#0"},
				"west": {"uv": [0, 0, 0.5, 1], "texture": "#0"},
				"up": {"uv": [0, 0, 0.25, 0.5], "texture": "#0"},
				"down": {"uv": [0, 0, 0.25, 0.5], "texture": "#0"}
			}
		},
		{
			"from": [5.75, 7.5, 7.5],
			"to": [6.25, 8.25, 8.25],
			"rotation": {"angle": 0, "axis": "y", "origin": [5.25, 7, 7.25]},
			"faces": {
				"north": {"uv": [0, 0, 0.5, 0.75], "texture": "#0"},
				"east": {"uv": [0, 0, 0.75, 0.75], "texture": "#0"},
				"south": {"uv": [0, 0, 0.5, 0.75], "texture": "#0"},
				"west": {"uv": [0, 0, 0.75, 0.75], "texture": "#0"},
				"up": {"uv": [0, 0, 0.5, 0.75], "texture": "#0"},
				"down": {"uv": [0, 0, 0.5, 0.75], "texture": "#0"}
			}
		},
		{
			"from": [6, 5.25, 7],
			"to": [6.25, 8.25, 7.5],
			"rotation": {"angle": 0, "axis": "y", "origin": [5.25, 7, 6.5]},
			"faces": {
				"north": {"uv": [0, 0, 0.25, 3], "texture": "#0"},
				"east": {"uv": [0, 0, 0.5, 3], "texture": "#0"},
				"south": {"uv": [0, 0, 0.25, 3], "texture": "#0"},
				"west": {"uv": [0, 0, 0.5, 3], "texture": "#0"},
				"up": {"uv": [0, 0, 0.25, 0.5], "texture": "#0"},
				"down": {"uv": [0, 0, 0.25, 0.5], "texture": "#0"}
			}
		},
		{
			"from": [6, 7, 6.5],
			"to": [6.25, 8, 7],
			"rotation": {"angle": 0, "axis": "y", "origin": [5.25, 7, 6.25]},
			"faces": {
				"north": {"uv": [0, 0, 0.25, 1], "texture": "#0"},
				"east": {"uv": [0, 0, 0.5, 1], "texture": "#0"},
				"south": {"uv": [0, 0, 0.25, 1], "texture": "#0"},
				"west": {"uv": [0, 0, 0.5, 1], "texture": "#0"},
				"up": {"uv": [0, 0, 0.25, 0.5], "texture": "#0"},
				"down": {"uv": [0, 0, 0.25, 0.5], "texture": "#0"}
			}
		},
		{
			"from": [6, 7.25, 6],
			"to": [6.25, 7.75, 6.5],
			"rotation": {"angle": 0, "axis": "y", "origin": [5.25, 7, 5.75]},
			"faces": {
				"north": {"uv": [0, 0, 0.25, 0.5], "texture": "#0"},
				"east": {"uv": [0, 0, 0.5, 0.5], "texture": "#0"},
				"south": {"uv": [0, 0, 0.25, 0.5], "texture": "#0"},
				"west": {"uv": [0, 0, 0.5, 0.5], "texture": "#0"},
				"up": {"uv": [0, 0, 0.25, 0.5], "texture": "#0"},
				"down": {"uv": [0, 0, 0.25, 0.5], "texture": "#0"}
			}
		},
		{
			"from": [5.5, 7.5, 5.75],
			"to": [6, 8, 6],
			"rotation": {"angle": 0, "axis": "y", "origin": [5, 7, 5.25]},
			"faces": {
				"north": {"uv": [0, 0, 0.5, 0.5], "texture": "#0"},
				"east": {"uv": [0, 0, 0.25, 0.5], "texture": "#0"},
				"south": {"uv": [0, 0, 0.5, 0.5], "texture": "#0"},
				"west": {"uv": [0, 0, 0.25, 0.5], "texture": "#0"},
				"up": {"uv": [0, 0, 0.5, 0.25], "texture": "#0"},
				"down": {"uv": [0, 0, 0.5, 0.25], "texture": "#0"}
			}
		},
		{
			"from": [6, 6.5, 8.25],
			"to": [6.25, 8, 8.75],
			"rotation": {"angle": 0, "axis": "y", "origin": [5.25, 7, 8]},
			"faces": {
				"north": {"uv": [0, 0, 0.25, 1.5], "texture": "#0"},
				"east": {"uv": [0, 0, 0.5, 1.5], "texture": "#0"},
				"south": {"uv": [0, 0, 0.25, 1.5], "texture": "#0"},
				"west": {"uv": [0, 0, 0.5, 1.5], "texture": "#0"},
				"up": {"uv": [0, 0, 0.25, 0.5], "texture": "#0"},
				"down": {"uv": [0, 0, 0.25, 0.5], "texture": "#0"}
			}
		},
		{
			"from": [6, 7, 8.75],
			"to": [6.25, 7.75, 9],
			"rotation": {"angle": 0, "axis": "y", "origin": [5.25, 7, 8.5]},
			"faces": {
				"north": {"uv": [0, 0, 0.25, 0.75], "texture": "#0"},
				"east": {"uv": [0, 0, 0.25, 0.75], "texture": "#0"},
				"south": {"uv": [0, 0, 0.25, 0.75], "texture": "#0"},
				"west": {"uv": [0, 0, 0.25, 0.75], "texture": "#0"},
				"up": {"uv": [0, 0, 0.25, 0.25], "texture": "#0"},
				"down": {"uv": [0, 0, 0.25, 0.25], "texture": "#0"}
			}
		},
		{
			"from": [5.75, 7.5, 9],
			"to": [6, 8, 9.25],
			"rotation": {"angle": 0, "axis": "y", "origin": [5, 7, 8.75]},
			"faces": {
				"north": {"uv": [0, 0, 0.25, 0.5], "texture": "#0"},
				"east": {"uv": [0, 0, 0.25, 0.5], "texture": "#0"},
				"south": {"uv": [0, 0, 0.25, 0.5], "texture": "#0"},
				"west": {"uv": [0, 0, 0.25, 0.5], "texture": "#0"},
				"up": {"uv": [0, 0, 0.25, 0.25], "texture": "#0"},
				"down": {"uv": [0, 0, 0.25, 0.25], "texture": "#0"}
			}
		},
		{
			"from": [7.5, 5.25, 8.5],
			"to": [9, 6.25, 9],
			"rotation": {"angle": 0, "axis": "y", "origin": [9, 5, 8]},
			"faces": {
				"north": {"uv": [0, 0, 1.5, 1], "texture": "#0"},
				"east": {"uv": [0, 0, 0.5, 1], "texture": "#0"},
				"south": {"uv": [0, 0, 1.5, 1], "texture": "#0"},
				"west": {"uv": [0, 0, 0.5, 1], "texture": "#0"},
				"up": {"uv": [0, 0, 0.5, 1.5], "rotation": 90, "texture": "#0"},
				"down": {"uv": [0, 0, 0.5, 1.5], "rotation": 270, "texture": "#0"}
			}
		},
		{
			"from": [8.25, 3.5, 8.75],
			"to": [8.75, 5.25, 9],
			"rotation": {"angle": 0, "axis": "y", "origin": [9, 4, 8]},
			"faces": {
				"north": {"uv": [0, 0, 0.5, 1.75], "texture": "#0"},
				"east": {"uv": [0, 0, 0.25, 1.75], "texture": "#0"},
				"south": {"uv": [0, 0, 0.5, 1.75], "texture": "#0"},
				"west": {"uv": [0, 0, 0.25, 1.75], "texture": "#0"},
				"up": {"uv": [0, 0, 0.25, 0.5], "rotation": 90, "texture": "#0"},
				"down": {"uv": [0, 0, 0.25, 0.5], "rotation": 270, "texture": "#0"}
			}
		},
		{
			"from": [7, 5.5, 8.75],
			"to": [7.5, 6, 9],
			"rotation": {"angle": 0, "axis": "y", "origin": [7.75, 5, 8]},
			"faces": {
				"north": {"uv": [0, 0, 0.5, 0.5], "texture": "#0"},
				"east": {"uv": [0, 0, 0.25, 0.5], "texture": "#0"},
				"south": {"uv": [0, 0, 0.5, 0.5], "texture": "#0"},
				"west": {"uv": [0, 0, 0.25, 0.5], "texture": "#0"},
				"up": {"uv": [0, 0, 0.25, 0.5], "rotation": 90, "texture": "#0"},
				"down": {"uv": [0, 0, 0.25, 0.5], "rotation": 270, "texture": "#0"}
			}
		},
		{
			"from": [9, 5.5, 8.75],
			"to": [9.5, 6.25, 9.25],
			"rotation": {"angle": 0, "axis": "y", "origin": [9.75, 5, 8]},
			"faces": {
				"north": {"uv": [0, 0, 0.5, 0.75], "texture": "#0"},
				"east": {"uv": [0, 0, 0.5, 0.75], "texture": "#0"},
				"south": {"uv": [0, 0, 0.5, 0.75], "texture": "#0"},
				"west": {"uv": [0, 0, 0.5, 0.75], "texture": "#0"},
				"up": {"uv": [0, 0, 0.5, 0.5], "rotation": 90, "texture": "#0"},
				"down": {"uv": [0, 0, 0.5, 0.5], "rotation": 270, "texture": "#0"}
			}
		},
		{
			"from": [9.5, 4, 8.75],
			"to": [10, 6, 9],
			"rotation": {"angle": 0, "axis": "y", "origin": [10.25, 5, 8]},
			"faces": {
				"north": {"uv": [0, 0, 0.5, 2], "texture": "#0"},
				"east": {"uv": [0, 0, 0.25, 2], "texture": "#0"},
				"south": {"uv": [0, 0, 0.5, 2], "texture": "#0"},
				"west": {"uv": [0, 0, 0.25, 2], "texture": "#0"},
				"up": {"uv": [0, 0, 0.25, 0.5], "rotation": 90, "texture": "#0"},
				"down": {"uv": [0, 0, 0.25, 0.5], "rotation": 270, "texture": "#0"}
			}
		},
		{
			"from": [10, 5.5, 9],
			"to": [10.25, 6.25, 10],
			"rotation": {"angle": 0, "axis": "y", "origin": [10.75, 5, 9]},
			"faces": {
				"north": {"uv": [0, 0, 0.25, 0.75], "texture": "#0"},
				"east": {"uv": [0, 0, 1, 0.75], "texture": "#0"},
				"south": {"uv": [0, 0, 0.25, 0.75], "texture": "#0"},
				"west": {"uv": [0, 0, 1, 0.75], "texture": "#0"},
				"up": {"uv": [0, 0, 1, 0.25], "rotation": 90, "texture": "#0"},
				"down": {"uv": [0, 0, 1, 0.25], "rotation": 270, "texture": "#0"}
			}
		},
		{
			"from": [9.75, 2, 10],
			"to": [10.25, 6.25, 10.5],
			"rotation": {"angle": 0, "axis": "y", "origin": [10.75, 5, 10]},
			"faces": {
				"north": {"uv": [0, 0, 0.5, 4.25], "texture": "#0"},
				"east": {"uv": [0, 0, 0.5, 4.25], "texture": "#0"},
				"south": {"uv": [0, 0, 0.5, 4.25], "texture": "#0"},
				"west": {"uv": [0, 0, 0.5, 4.25], "texture": "#0"},
				"up": {"uv": [0, 0, 0.5, 0.5], "rotation": 90, "texture": "#0"},
				"down": {"uv": [0, 0, 0.5, 0.5], "rotation": 270, "texture": "#0"}
			}
		},
		{
			"from": [10, 4, 11],
			"to": [10.25, 6.25, 11.5],
			"rotation": {"angle": 0, "axis": "y", "origin": [10.75, 5, 11]},
			"faces": {
				"north": {"uv": [0, 0, 0.25, 2.25], "texture": "#0"},
				"east": {"uv": [0, 0, 0.5, 2.25], "texture": "#0"},
				"south": {"uv": [0, 0, 0.25, 2.25], "texture": "#0"},
				"west": {"uv": [0, 0, 0.5, 2.25], "texture": "#0"},
				"up": {"uv": [0, 0, 0.5, 0.25], "rotation": 90, "texture": "#0"},
				"down": {"uv": [0, 0, 0.5, 0.25], "rotation": 270, "texture": "#0"}
			}
		},
		{
			"from": [10.25, 5, 10],
			"to": [10.5, 6, 10.75],
			"rotation": {"angle": 0, "axis": "y", "origin": [11, 5, 9.5]},
			"faces": {
				"north": {"uv": [0, 0, 0.25, 1], "texture": "#0"},
				"east": {"uv": [0, 0, 0.75, 1], "texture": "#0"},
				"south": {"uv": [0, 0, 0.25, 1], "texture": "#0"},
				"west": {"uv": [0, 0, 0.75, 1], "texture": "#0"},
				"up": {"uv": [0, 0, 0.75, 0.25], "rotation": 90, "texture": "#0"},
				"down": {"uv": [0, 0, 0.75, 0.25], "rotation": 270, "texture": "#0"}
			}
		},
		{
			"from": [10, 5, 10.5],
			"to": [10.25, 6, 11],
			"rotation": {"angle": 0, "axis": "y", "origin": [10.75, 5, 10]},
			"faces": {
				"north": {"uv": [0, 0, 0.25, 1], "texture": "#0"},
				"east": {"uv": [0, 0, 0.5, 1], "texture": "#0"},
				"south": {"uv": [0, 0, 0.25, 1], "texture": "#0"},
				"west": {"uv": [0, 0, 0.5, 1], "texture": "#0"},
				"up": {"uv": [0, 0, 0.5, 0.25], "rotation": 90, "texture": "#0"},
				"down": {"uv": [0, 0, 0.5, 0.25], "rotation": 270, "texture": "#0"}
			}
		},
		{
			"from": [6.75, 0, 9.5],
			"to": [7.25, 6.25, 10],
			"rotation": {"angle": 0, "axis": "y", "origin": [7.75, 5, 9.5]},
			"faces": {
				"north": {"uv": [0, 0, 0.5, 6.25], "texture": "#0"},
				"east": {"uv": [0, 0, 0.5, 6.25], "texture": "#0"},
				"south": {"uv": [0, 0, 0.5, 6.25], "texture": "#0"},
				"west": {"uv": [0, 0, 0.5, 6.25], "texture": "#0"},
				"up": {"uv": [0, 0, 0.5, 0.5], "rotation": 90, "texture": "#0"},
				"down": {"uv": [0, 0, 0.5, 0.5], "rotation": 270, "texture": "#0"}
			}
		},
		{
			"from": [6.75, 5, 9],
			"to": [7, 6, 9.5],
			"rotation": {"angle": 0, "axis": "y", "origin": [7.5, 5, 8.5]},
			"faces": {
				"north": {"uv": [0, 0, 0.25, 1], "texture": "#0"},
				"east": {"uv": [0, 0, 0.5, 1], "texture": "#0"},
				"south": {"uv": [0, 0, 0.25, 1], "texture": "#0"},
				"west": {"uv": [0, 0, 0.5, 1], "texture": "#0"},
				"up": {"uv": [0, 0, 0.5, 0.25], "rotation": 90, "texture": "#0"},
				"down": {"uv": [0, 0, 0.5, 0.25], "rotation": 270, "texture": "#0"}
			}
		},
		{
			"from": [6.75, 5.25, 10],
			"to": [7, 6.25, 11.75],
			"rotation": {"angle": 0, "axis": "y", "origin": [7.5, 5, 9.5]},
			"faces": {
				"north": {"uv": [0, 0, 0.25, 1], "texture": "#0"},
				"east": {"uv": [0, 0, 1.75, 1], "texture": "#0"},
				"south": {"uv": [0, 0, 0.25, 1], "texture": "#0"},
				"west": {"uv": [0, 0, 1.75, 1], "texture": "#0"},
				"up": {"uv": [0, 0, 1.75, 0.25], "rotation": 90, "texture": "#0"},
				"down": {"uv": [0, 0, 1.75, 0.25], "rotation": 270, "texture": "#0"}
			}
		},
		{
			"from": [6.75, 4.25, 10],
			"to": [7.25, 5.25, 10.5],
			"rotation": {"angle": 0, "axis": "y", "origin": [7.5, 4, 9.5]},
			"faces": {
				"north": {"uv": [0, 0, 0.5, 1], "texture": "#0"},
				"east": {"uv": [0, 0, 0.5, 1], "texture": "#0"},
				"south": {"uv": [0, 0, 0.5, 1], "texture": "#0"},
				"west": {"uv": [0, 0, 0.5, 1], "texture": "#0"},
				"up": {"uv": [0, 0, 0.5, 0.5], "rotation": 90, "texture": "#0"},
				"down": {"uv": [0, 0, 0.5, 0.5], "rotation": 270, "texture": "#0"}
			}
		},
		{
			"from": [6.75, 5, 10.5],
			"to": [7.25, 5.25, 11],
			"rotation": {"angle": 0, "axis": "y", "origin": [7.5, 4, 10.5]},
			"faces": {
				"north": {"uv": [0, 0, 0.5, 0.25], "texture": "#0"},
				"east": {"uv": [0, 0, 0.5, 0.25], "texture": "#0"},
				"south": {"uv": [0, 0, 0.5, 0.25], "texture": "#0"},
				"west": {"uv": [0, 0, 0.5, 0.25], "texture": "#0"},
				"up": {"uv": [0, 0, 0.5, 0.5], "rotation": 90, "texture": "#0"},
				"down": {"uv": [0, 0, 0.5, 0.5], "rotation": 270, "texture": "#0"}
			}
		},
		{
			"from": [6.75, 3.25, 11],
			"to": [7.25, 5.25, 11.5],
			"rotation": {"angle": 0, "axis": "y", "origin": [7.5, 4, 11]},
			"faces": {
				"north": {"uv": [0, 0, 0.5, 2], "texture": "#0"},
				"east": {"uv": [0, 0, 0.5, 2], "texture": "#0"},
				"south": {"uv": [0, 0, 0.5, 2], "texture": "#0"},
				"west": {"uv": [0, 0, 0.5, 2], "texture": "#0"},
				"up": {"uv": [0, 0, 0.5, 0.5], "rotation": 90, "texture": "#0"},
				"down": {"uv": [0, 0, 0.5, 0.5], "rotation": 270, "texture": "#0"}
			}
		},
		{
			"from": [6.5, 5.25, 10.25],
			"to": [7, 6, 11.5],
			"rotation": {"angle": 0, "axis": "y", "origin": [7.25, 4.25, 11]},
			"faces": {
				"north": {"uv": [0, 0, 0.5, 0.75], "texture": "#0"},
				"east": {"uv": [0, 0, 1.25, 0.75], "texture": "#0"},
				"south": {"uv": [0, 0, 0.5, 0.75], "texture": "#0"},
				"west": {"uv": [0, 0, 1.25, 0.75], "texture": "#0"},
				"up": {"uv": [0, 0, 1.25, 0.5], "rotation": 90, "texture": "#0"},
				"down": {"uv": [0, 0, 1.25, 0.5], "rotation": 270, "texture": "#0"}
			}
		},
		{
			"from": [6.5, 4.75, 10],
			"to": [7, 5.75, 10.25],
			"rotation": {"angle": 0, "axis": "y", "origin": [7.25, 4.25, 10.75]},
			"faces": {
				"north": {"uv": [0, 0, 0.5, 1], "texture": "#0"},
				"east": {"uv": [0, 0, 0.25, 1], "texture": "#0"},
				"south": {"uv": [0, 0, 0.5, 1], "texture": "#0"},
				"west": {"uv": [0, 0, 0.25, 1], "texture": "#0"},
				"up": {"uv": [0, 0, 0.25, 0.5], "rotation": 90, "texture": "#0"},
				"down": {"uv": [0, 0, 0.25, 0.5], "rotation": 270, "texture": "#0"}
			}
		},
		{
			"from": [7.75, 5.5, 11.5],
			"to": [8.5, 6.25, 12.25],
			"rotation": {"angle": 0, "axis": "y", "origin": [8.75, 5, 11.25]},
			"faces": {
				"north": {"uv": [0, 0, 0.75, 0.75], "texture": "#0"},
				"east": {"uv": [0, 0, 0.75, 0.75], "texture": "#0"},
				"south": {"uv": [0, 0, 0.75, 0.75], "texture": "#0"},
				"west": {"uv": [0, 0, 0.75, 0.75], "texture": "#0"},
				"up": {"uv": [0, 0, 0.75, 0.75], "rotation": 90, "texture": "#0"},
				"down": {"uv": [0, 0, 0.75, 0.75], "rotation": 270, "texture": "#0"}
			}
		},
		{
			"from": [8.5, 3.25, 11.75],
			"to": [9, 6.25, 12.25],
			"rotation": {"angle": 0, "axis": "y", "origin": [9.5, 5, 11.25]},
			"faces": {
				"north": {"uv": [0, 0, 0.5, 3], "texture": "#0"},
				"east": {"uv": [0, 0, 0.5, 3], "texture": "#0"},
				"south": {"uv": [0, 0, 0.5, 3], "texture": "#0"},
				"west": {"uv": [0, 0, 0.5, 3], "texture": "#0"},
				"up": {"uv": [0, 0, 0.5, 0.5], "rotation": 90, "texture": "#0"},
				"down": {"uv": [0, 0, 0.5, 0.5], "rotation": 270, "texture": "#0"}
			}
		},
		{
			"from": [9, 5, 12],
			"to": [9.5, 6, 12.25],
			"rotation": {"angle": 0, "axis": "y", "origin": [9.75, 5, 11.25]},
			"faces": {
				"north": {"uv": [0, 0, 0.5, 1], "texture": "#0"},
				"east": {"uv": [0, 0, 0.25, 1], "texture": "#0"},
				"south": {"uv": [0, 0, 0.5, 1], "texture": "#0"},
				"west": {"uv": [0, 0, 0.25, 1], "texture": "#0"},
				"up": {"uv": [0, 0, 0.25, 0.5], "rotation": 90, "texture": "#0"},
				"down": {"uv": [0, 0, 0.25, 0.5], "rotation": 270, "texture": "#0"}
			}
		},
		{
			"from": [9.5, 5.25, 12],
			"to": [10, 5.75, 12.25],
			"rotation": {"angle": 0, "axis": "y", "origin": [10.25, 5, 11.25]},
			"faces": {
				"north": {"uv": [0, 0, 0.5, 0.5], "texture": "#0"},
				"east": {"uv": [0, 0, 0.25, 0.5], "texture": "#0"},
				"south": {"uv": [0, 0, 0.5, 0.5], "texture": "#0"},
				"west": {"uv": [0, 0, 0.25, 0.5], "texture": "#0"},
				"up": {"uv": [0, 0, 0.25, 0.5], "rotation": 90, "texture": "#0"},
				"down": {"uv": [0, 0, 0.25, 0.5], "rotation": 270, "texture": "#0"}
			}
		},
		{
			"from": [10, 5.5, 11.5],
			"to": [10.25, 6, 12],
			"rotation": {"angle": 0, "axis": "y", "origin": [10.75, 5, 11]},
			"faces": {
				"north": {"uv": [0, 0, 0.25, 0.5], "texture": "#0"},
				"east": {"uv": [0, 0, 0.5, 0.5], "texture": "#0"},
				"south": {"uv": [0, 0, 0.25, 0.5], "texture": "#0"},
				"west": {"uv": [0, 0, 0.5, 0.5], "texture": "#0"},
				"up": {"uv": [0, 0, 0.5, 0.25], "rotation": 90, "texture": "#0"},
				"down": {"uv": [0, 0, 0.5, 0.25], "rotation": 270, "texture": "#0"}
			}
		},
		{
			"from": [7.25, 4.5, 12],
			"to": [7.75, 6, 12.25],
			"rotation": {"angle": 0, "axis": "y", "origin": [8, 5, 11.25]},
			"faces": {
				"north": {"uv": [0, 0, 0.5, 1.5], "texture": "#0"},
				"east": {"uv": [0, 0, 0.25, 1.5], "texture": "#0"},
				"south": {"uv": [0, 0, 0.5, 1.5], "texture": "#0"},
				"west": {"uv": [0, 0, 0.25, 1.5], "texture": "#0"},
				"up": {"uv": [0, 0, 0.25, 0.5], "rotation": 90, "texture": "#0"},
				"down": {"uv": [0, 0, 0.25, 0.5], "rotation": 270, "texture": "#0"}
			}
		},
		{
			"from": [7, 5, 12],
			"to": [7.25, 5.75, 12.25],
			"rotation": {"angle": 0, "axis": "y", "origin": [7.5, 5, 11.25]},
			"faces": {
				"north": {"uv": [0, 0, 0.25, 0.75], "texture": "#0"},
				"east": {"uv": [0, 0, 0.25, 0.75], "texture": "#0"},
				"south": {"uv": [0, 0, 0.25, 0.75], "texture": "#0"},
				"west": {"uv": [0, 0, 0.25, 0.75], "texture": "#0"},
				"up": {"uv": [0, 0, 0.25, 0.25], "rotation": 90, "texture": "#0"},
				"down": {"uv": [0, 0, 0.25, 0.25], "rotation": 270, "texture": "#0"}
			}
		},
		{
			"from": [6.75, 5.5, 11.75],
			"to": [7, 6, 12],
			"rotation": {"angle": 0, "axis": "y", "origin": [7.25, 5, 11]},
			"faces": {
				"north": {"uv": [0, 0, 0.25, 0.5], "texture": "#0"},
				"east": {"uv": [0, 0, 0.25, 0.5], "texture": "#0"},
				"south": {"uv": [0, 0, 0.25, 0.5], "texture": "#0"},
				"west": {"uv": [0, 0, 0.25, 0.5], "texture": "#0"},
				"up": {"uv": [0, 0, 0.25, 0.25], "rotation": 90, "texture": "#0"},
				"down": {"uv": [0, 0, 0.25, 0.25], "rotation": 270, "texture": "#0"}
			}
		},
		{
			"from": [9.75, 3, 3.75],
			"to": [10, 5.25, 4],
			"rotation": {"angle": 0, "axis": "y", "origin": [10.25, 4, 3]},
			"faces": {
				"north": {"uv": [3, 4, 3.25, 6.25], "texture": "#0"},
				"east": {"uv": [7, 4, 7.25, 6.25], "texture": "#0"},
				"south": {"uv": [2, 10, 2.25, 12.25], "texture": "#0"},
				"west": {"uv": [2, 2, 2.25, 4.25], "texture": "#0"},
				"up": {"uv": [0, 0, 0.25, 0.25], "rotation": 90, "texture": "#0"},
				"down": {"uv": [0, 0, 0.25, 0.25], "rotation": 270, "texture": "#0"}
			}
		},
		{
			"from": [9, 4, 3.75],
			"to": [9.25, 4.75, 4],
			"rotation": {"angle": 0, "axis": "y", "origin": [9.5, 3.75, 2.75]},
			"faces": {
				"north": {"uv": [0, 0, 0.25, 0.75], "texture": "#0"},
				"east": {"uv": [0, 0, 0.25, 0.75], "texture": "#0"},
				"south": {"uv": [0, 0, 0.25, 0.75], "texture": "#0"},
				"west": {"uv": [0, 0, 0.25, 0.75], "texture": "#0"},
				"up": {"uv": [0, 0, 0.25, 0.25], "rotation": 90, "texture": "#0"},
				"down": {"uv": [0, 0, 0.25, 0.25], "rotation": 270, "texture": "#0"}
			}
		},
		{
			"from": [8.75, 4.75, 4.25],
			"to": [9, 5.25, 5.5],
			"rotation": {"angle": 0, "axis": "y", "origin": [9.25, 4.5, 3.25]},
			"faces": {
				"north": {"uv": [0, 0, 0.25, 0.5], "texture": "#0"},
				"east": {"uv": [0, 0, 1.25, 0.5], "texture": "#0"},
				"south": {"uv": [0, 0, 0.25, 0.5], "texture": "#0"},
				"west": {"uv": [0, 0, 1.25, 0.5], "texture": "#0"},
				"up": {"uv": [0, 0, 1.25, 0.25], "rotation": 90, "texture": "#0"},
				"down": {"uv": [0, 0, 1.25, 0.25], "rotation": 270, "texture": "#0"}
			}
		},
		{
			"from": [11, 4.5, 4.25],
			"to": [11.25, 5.25, 4.75],
			"rotation": {"angle": 0, "axis": "y", "origin": [11.5, 4.5, 3.25]},
			"faces": {
				"north": {"uv": [0, 0, 0.25, 0.75], "texture": "#0"},
				"east": {"uv": [0, 0, 0.5, 0.75], "texture": "#0"},
				"south": {"uv": [0, 0, 0.25, 0.75], "texture": "#0"},
				"west": {"uv": [0, 0, 0.5, 0.75], "texture": "#0"},
				"up": {"uv": [0, 0, 0.5, 0.25], "rotation": 90, "texture": "#0"},
				"down": {"uv": [0, 0, 0.5, 0.25], "rotation": 270, "texture": "#0"}
			}
		},
		{
			"from": [11.25, 4.5, 4.75],
			"to": [11.5, 5, 5.5],
			"rotation": {"angle": 0, "axis": "y", "origin": [11.75, 4.5, 3.75]},
			"faces": {
				"north": {"uv": [0, 0, 0.25, 0.5], "texture": "#0"},
				"east": {"uv": [0, 0, 0.75, 0.5], "texture": "#0"},
				"south": {"uv": [0, 0, 0.25, 0.5], "texture": "#0"},
				"west": {"uv": [0, 0, 0.75, 0.5], "texture": "#0"},
				"up": {"uv": [0, 0, 0.75, 0.25], "rotation": 90, "texture": "#0"},
				"down": {"uv": [0, 0, 0.75, 0.25], "rotation": 270, "texture": "#0"}
			}
		},
		{
			"from": [10.75, 4.25, 5],
			"to": [11.25, 5.25, 5.75],
			"rotation": {"angle": 0, "axis": "y", "origin": [11.5, 4.5, 4]},
			"faces": {
				"north": {"uv": [0, 0, 0.5, 1], "texture": "#0"},
				"east": {"uv": [0, 0, 0.75, 1], "texture": "#0"},
				"south": {"uv": [0, 0, 0.5, 1], "texture": "#0"},
				"west": {"uv": [0, 0, 0.75, 1], "texture": "#0"},
				"up": {"uv": [0, 0, 0.75, 0.5], "rotation": 90, "texture": "#0"},
				"down": {"uv": [0, 0, 0.75, 0.5], "rotation": 270, "texture": "#0"}
			}
		},
		{
			"from": [9, 5, 4.75],
			"to": [9.25, 5.25, 5.75],
			"rotation": {"angle": 0, "axis": "y", "origin": [9.5, 4.5, 3.25]},
			"faces": {
				"north": {"uv": [0, 0, 0.25, 0.25], "texture": "#0"},
				"east": {"uv": [0, 0, 1, 0.25], "texture": "#0"},
				"south": {"uv": [0, 0, 0.25, 0.25], "texture": "#0"},
				"west": {"uv": [0, 0, 1, 0.25], "texture": "#0"},
				"up": {"uv": [0, 0, 1, 0.25], "rotation": 90, "texture": "#0"},
				"down": {"uv": [0, 0, 1, 0.25], "rotation": 270, "texture": "#0"}
			}
		},
		{
			"from": [8.75, 1.75, 4],
			"to": [9, 4.75, 4.5],
			"rotation": {"angle": 0, "axis": "y", "origin": [9.25, 3.75, 3]},
			"faces": {
				"north": {"uv": [0, 0, 0.25, 3], "texture": "#0"},
				"east": {"uv": [8, 8, 8.5, 11], "texture": "#0"},
				"south": {"uv": [0, 0, 0.25, 3], "texture": "#0"},
				"west": {"uv": [4, 2, 4.5, 5], "texture": "#0"},
				"up": {"uv": [0, 0, 0.5, 0.25], "rotation": 90, "texture": "#0"},
				"down": {"uv": [0, 0, 0.5, 0.25], "rotation": 270, "texture": "#0"}
			}
		},
		{
			"from": [8.75, 3, 5],
			"to": [9, 4.75, 5.25],
			"rotation": {"angle": 0, "axis": "y", "origin": [9.25, 3.75, 4]},
			"faces": {
				"north": {"uv": [0, 0, 0.25, 1.75], "texture": "#0"},
				"east": {"uv": [0, 0, 0.25, 1.75], "texture": "#0"},
				"south": {"uv": [0, 0, 0.25, 1.75], "texture": "#0"},
				"west": {"uv": [0, 0, 0.25, 1.75], "texture": "#0"},
				"up": {"uv": [0, 0, 0.25, 0.25], "rotation": 90, "texture": "#0"},
				"down": {"uv": [0, 0, 0.25, 0.25], "rotation": 270, "texture": "#0"}
			}
		},
		{
			"from": [8.75, 4.25, 5.75],
			"to": [9, 5, 6],
			"rotation": {"angle": 0, "axis": "y", "origin": [9.25, 4.25, 4.75]},
			"faces": {
				"north": {"uv": [0, 0, 0.25, 0.75], "texture": "#0"},
				"east": {"uv": [0, 0, 0.25, 0.75], "texture": "#0"},
				"south": {"uv": [0, 0, 0.25, 0.75], "texture": "#0"},
				"west": {"uv": [0, 0, 0.25, 0.75], "texture": "#0"},
				"up": {"uv": [0, 0, 0.25, 0.25], "rotation": 90, "texture": "#0"},
				"down": {"uv": [0, 0, 0.25, 0.25], "rotation": 270, "texture": "#0"}
			}
		},
		{
			"from": [11, 1.5, 4.75],
			"to": [11.25, 5, 5],
			"rotation": {"angle": 0, "axis": "y", "origin": [11.5, 4, 3.75]},
			"faces": {
				"north": {"uv": [0, 0, 0.25, 3.5], "texture": "#0"},
				"east": {"uv": [0, 0, 0.25, 3.5], "texture": "#0"},
				"south": {"uv": [0, 0, 0.25, 3.5], "texture": "#0"},
				"west": {"uv": [7, 0, 7.25, 3.5], "texture": "#0"},
				"up": {"uv": [0, 0, 0.25, 0.25], "rotation": 90, "texture": "#0"},
				"down": {"uv": [0, 0, 0.25, 0.25], "rotation": 270, "texture": "#0"}
			}
		},
		{
			"from": [10, 3.5, 6],
			"to": [10.25, 5, 6.25],
			"rotation": {"angle": 0, "axis": "y", "origin": [10.5, 4, 5]},
			"faces": {
				"north": {"uv": [0, 0, 0.25, 1.5], "texture": "#0"},
				"east": {"uv": [0, 0, 0.25, 1.5], "texture": "#0"},
				"south": {"uv": [0, 0, 0.25, 1.5], "texture": "#0"},
				"west": {"uv": [0, 0, 0.25, 1.5], "texture": "#0"},
				"up": {"uv": [0, 0, 0.25, 0.25], "rotation": 90, "texture": "#0"},
				"down": {"uv": [0, 0, 0.25, 0.25], "rotation": 270, "texture": "#0"}
			}
		},
		{
			"from": [10.25, 4.75, 6],
			"to": [10.75, 5, 6.25],
			"rotation": {"angle": 0, "axis": "y", "origin": [10.75, 4, 5]},
			"faces": {
				"north": {"uv": [0, 0, 0.5, 0.25], "texture": "#0"},
				"east": {"uv": [0, 0, 0.25, 0.25], "texture": "#0"},
				"south": {"uv": [0, 0, 0.5, 0.25], "texture": "#0"},
				"west": {"uv": [0, 0, 0.25, 0.25], "texture": "#0"},
				"up": {"uv": [0, 0, 0.25, 0.5], "rotation": 90, "texture": "#0"},
				"down": {"uv": [0, 0, 0.25, 0.5], "rotation": 270, "texture": "#0"}
			}
		},
		{
			"from": [9.25, 3, 6],
			"to": [9.5, 4.5, 6.25],
			"rotation": {"angle": 0, "axis": "y", "origin": [9.75, 3.5, 5]},
			"faces": {
				"north": {"uv": [0, 0, 0.25, 1.5], "texture": "#0"},
				"east": {"uv": [0, 0, 0.25, 1.5], "texture": "#0"},
				"south": {"uv": [0, 0, 0.25, 1.5], "texture": "#0"},
				"west": {"uv": [0, 0, 0.25, 1.5], "texture": "#0"},
				"up": {"uv": [0, 0, 0.25, 0.25], "rotation": 90, "texture": "#0"},
				"down": {"uv": [0, 0, 0.25, 0.25], "rotation": 270, "texture": "#0"}
			}
		},
		{
			"from": [11, 4.25, 4],
			"to": [11.25, 5, 4.25],
			"rotation": {"angle": 0, "axis": "y", "origin": [11.5, 4, 3]},
			"faces": {
				"north": {"uv": [0, 0, 0.25, 0.75], "texture": "#0"},
				"east": {"uv": [0, 0, 0.25, 0.75], "texture": "#0"},
				"south": {"uv": [0, 0, 0.25, 0.75], "texture": "#0"},
				"west": {"uv": [0, 0, 0.25, 0.75], "texture": "#0"},
				"up": {"uv": [0, 0, 0.25, 0.25], "rotation": 90, "texture": "#0"},
				"down": {"uv": [0, 0, 0.25, 0.25], "rotation": 270, "texture": "#0"}
			}
		},
		{
			"from": [9.25, 4.25, 3.75],
			"to": [9.75, 5, 4],
			"rotation": {"angle": 0, "axis": "y", "origin": [9.75, 4, 2.75]},
			"faces": {
				"north": {"uv": [0, 0, 0.5, 0.75], "texture": "#0"},
				"east": {"uv": [0, 0, 0.25, 0.75], "texture": "#0"},
				"south": {"uv": [0, 0, 0.5, 0.75], "texture": "#0"},
				"west": {"uv": [0, 0, 0.25, 0.75], "texture": "#0"},
				"up": {"uv": [0, 0, 0.25, 0.5], "rotation": 90, "texture": "#0"},
				"down": {"uv": [0, 0, 0.25, 0.5], "rotation": 270, "texture": "#0"}
			}
		},
		{
			"from": [10, 4.25, 3.75],
			"to": [10.5, 5.25, 4.25],
			"rotation": {"angle": 0, "axis": "y", "origin": [10.75, 4, 3]},
			"faces": {
				"north": {"uv": [0, 0, 0.5, 1], "texture": "#0"},
				"east": {"uv": [0, 0, 0.5, 1], "texture": "#0"},
				"south": {"uv": [0, 0, 0.5, 1], "texture": "#0"},
				"west": {"uv": [0, 0, 0.5, 1], "texture": "#0"},
				"up": {"uv": [0, 0, 0.5, 0.5], "rotation": 90, "texture": "#0"},
				"down": {"uv": [0, 0, 0.5, 0.5], "rotation": 270, "texture": "#0"}
			}
		},
		{
			"from": [9, 4.5, 5.75],
			"to": [10, 5.25, 6.25],
			"rotation": {"angle": 0, "axis": "y", "origin": [10.25, 4, 5]},
			"faces": {
				"north": {"uv": [0, 0, 1, 0.75], "texture": "#0"},
				"east": {"uv": [0, 0, 0.5, 0.75], "texture": "#0"},
				"south": {"uv": [0, 0, 1, 0.75], "texture": "#0"},
				"west": {"uv": [0, 0, 0.5, 0.75], "texture": "#0"},
				"up": {"uv": [0, 0, 0.5, 1], "rotation": 90, "texture": "#0"},
				"down": {"uv": [0, 0, 0.5, 1], "rotation": 270, "texture": "#0"}
			}
		},
		{
			"from": [10.5, 4.5, 3.75],
			"to": [11, 5, 4],
			"rotation": {"angle": 0, "axis": "y", "origin": [11.25, 4, 3]},
			"faces": {
				"north": {"uv": [0, 0, 0.5, 0.5], "texture": "#0"},
				"east": {"uv": [0, 0, 0.25, 0.5], "texture": "#0"},
				"south": {"uv": [0, 0, 0.5, 0.5], "texture": "#0"},
				"west": {"uv": [0, 0, 0.25, 0.5], "texture": "#0"},
				"up": {"uv": [0, 0, 0.25, 0.5], "rotation": 90, "texture": "#0"},
				"down": {"uv": [0, 0, 0.25, 0.5], "rotation": 270, "texture": "#0"}
			}
		},
		{
			"from": [13, 1, 7.75],
			"to": [13.25, 3.25, 8],
			"rotation": {"angle": 0, "axis": "y", "origin": [14, 2, 8.25]},
			"faces": {
				"north": {"uv": [0, 0, 0.25, 2.25], "texture": "#0"},
				"east": {"uv": [0, 0, 0.25, 2.25], "texture": "#0"},
				"south": {"uv": [0, 0, 0.25, 2.25], "texture": "#0"},
				"west": {"uv": [0, 0, 0.25, 2.25], "texture": "#0"},
				"up": {"uv": [0, 0, 0.25, 0.25], "rotation": 180, "texture": "#0"},
				"down": {"uv": [0, 0, 0.25, 0.25], "rotation": 180, "texture": "#0"}
			}
		},
		{
			"from": [13, 2, 7],
			"to": [13.25, 2.75, 7.25],
			"rotation": {"angle": 0, "axis": "y", "origin": [14.25, 1.75, 7.5]},
			"faces": {
				"north": {"uv": [0, 0, 0.25, 0.75], "texture": "#0"},
				"east": {"uv": [0, 0, 0.25, 0.75], "texture": "#0"},
				"south": {"uv": [0, 0, 0.25, 0.75], "texture": "#0"},
				"west": {"uv": [0, 0, 0.25, 0.75], "texture": "#0"},
				"up": {"uv": [0, 0, 0.25, 0.25], "rotation": 180, "texture": "#0"},
				"down": {"uv": [0, 0, 0.25, 0.25], "rotation": 180, "texture": "#0"}
			}
		},
		{
			"from": [11.5, 2.75, 6.75],
			"to": [12.75, 3.25, 7],
			"rotation": {"angle": 0, "axis": "y", "origin": [13.75, 2.5, 7.25]},
			"faces": {
				"north": {"uv": [0, 0, 1.25, 0.5], "texture": "#0"},
				"east": {"uv": [0, 0, 0.25, 0.5], "texture": "#0"},
				"south": {"uv": [0, 0, 1.25, 0.5], "texture": "#0"},
				"west": {"uv": [0, 0, 0.25, 0.5], "texture": "#0"},
				"up": {"uv": [0, 0, 1.25, 0.25], "rotation": 180, "texture": "#0"},
				"down": {"uv": [0, 0, 1.25, 0.25], "rotation": 180, "texture": "#0"}
			}
		},
		{
			"from": [12.25, 2.5, 9],
			"to": [12.75, 3.25, 9.25],
			"rotation": {"angle": 0, "axis": "y", "origin": [13.75, 2.5, 9.5]},
			"faces": {
				"north": {"uv": [0, 0, 0.5, 0.75], "texture": "#0"},
				"east": {"uv": [0, 0, 0.25, 0.75], "texture": "#0"},
				"south": {"uv": [0, 0, 0.5, 0.75], "texture": "#0"},
				"west": {"uv": [0, 0, 0.25, 0.75], "texture": "#0"},
				"up": {"uv": [0, 0, 0.5, 0.25], "rotation": 180, "texture": "#0"},
				"down": {"uv": [0, 0, 0.5, 0.25], "rotation": 180, "texture": "#0"}
			}
		},
		{
			"from": [11.5, 2.5, 9.25],
			"to": [12.25, 3, 9.5],
			"rotation": {"angle": 0, "axis": "y", "origin": [13.25, 2.5, 9.75]},
			"faces": {
				"north": {"uv": [0, 0, 0.75, 0.5], "texture": "#0"},
				"east": {"uv": [0, 0, 0.25, 0.5], "texture": "#0"},
				"south": {"uv": [0, 0, 0.75, 0.5], "texture": "#0"},
				"west": {"uv": [0, 0, 0.25, 0.5], "texture": "#0"},
				"up": {"uv": [0, 0, 0.75, 0.25], "rotation": 180, "texture": "#0"},
				"down": {"uv": [0, 0, 0.75, 0.25], "rotation": 180, "texture": "#0"}
			}
		},
		{
			"from": [11.25, 2.25, 8.75],
			"to": [12, 3.25, 9.25],
			"rotation": {"angle": 0, "axis": "y", "origin": [13, 2.5, 9.5]},
			"faces": {
				"north": {"uv": [0, 0, 0.75, 1], "texture": "#0"},
				"east": {"uv": [0, 0, 0.5, 1], "texture": "#0"},
				"south": {"uv": [0, 0, 0.75, 1], "texture": "#0"},
				"west": {"uv": [0, 0, 0.5, 1], "texture": "#0"},
				"up": {"uv": [0, 0, 0.75, 0.5], "rotation": 180, "texture": "#0"},
				"down": {"uv": [0, 0, 0.75, 0.5], "rotation": 180, "texture": "#0"}
			}
		},
		{
			"from": [11.25, 3, 7],
			"to": [12.25, 3.25, 7.25],
			"rotation": {"angle": 0, "axis": "y", "origin": [13.75, 2.5, 7.5]},
			"faces": {
				"north": {"uv": [0, 0, 1, 0.25], "texture": "#0"},
				"east": {"uv": [0, 0, 0.25, 0.25], "texture": "#0"},
				"south": {"uv": [0, 0, 1, 0.25], "texture": "#0"},
				"west": {"uv": [0, 0, 0.25, 0.25], "texture": "#0"},
				"up": {"uv": [0, 0, 1, 0.25], "rotation": 180, "texture": "#0"},
				"down": {"uv": [0, 0, 1, 0.25], "rotation": 180, "texture": "#0"}
			}
		},
		{
			"from": [12.5, -0.25, 6.75],
			"to": [13, 2.75, 7],
			"rotation": {"angle": 0, "axis": "y", "origin": [14, 1.75, 7.25]},
			"faces": {
				"north": {"uv": [0, 0, 0.5, 3], "texture": "#0"},
				"east": {"uv": [0, 0, 0.25, 3], "texture": "#0"},
				"south": {"uv": [0, 0, 0.5, 3], "texture": "#0"},
				"west": {"uv": [0, 0, 0.25, 3], "texture": "#0"},
				"up": {"uv": [0, 0, 0.5, 0.25], "rotation": 180, "texture": "#0"},
				"down": {"uv": [0, 0, 0.5, 0.25], "rotation": 180, "texture": "#0"}
			}
		},
		{
			"from": [11.75, 1, 6.75],
			"to": [12, 2.75, 7],
			"rotation": {"angle": 0, "axis": "y", "origin": [13, 1.75, 7.25]},
			"faces": {
				"north": {"uv": [0, 0, 0.25, 1.75], "texture": "#0"},
				"east": {"uv": [0, 0, 0.25, 1.75], "texture": "#0"},
				"south": {"uv": [0, 0, 0.25, 1.75], "texture": "#0"},
				"west": {"uv": [0, 0, 0.25, 1.75], "texture": "#0"},
				"up": {"uv": [0, 0, 0.25, 0.25], "rotation": 180, "texture": "#0"},
				"down": {"uv": [0, 0, 0.25, 0.25], "rotation": 180, "texture": "#0"}
			}
		},
		{
			"from": [11, 2.25, 6.75],
			"to": [11.25, 3, 7],
			"rotation": {"angle": 0, "axis": "y", "origin": [12.25, 2.25, 7.25]},
			"faces": {
				"north": {"uv": [0, 0, 0.25, 0.75], "texture": "#0"},
				"east": {"uv": [0, 0, 0.25, 0.75], "texture": "#0"},
				"south": {"uv": [0, 0, 0.25, 0.75], "texture": "#0"},
				"west": {"uv": [0, 0, 0.25, 0.75], "texture": "#0"},
				"up": {"uv": [0, 0, 0.25, 0.25], "rotation": 180, "texture": "#0"},
				"down": {"uv": [0, 0, 0.25, 0.25], "rotation": 180, "texture": "#0"}
			}
		},
		{
			"from": [12, -0.5, 9],
			"to": [12.25, 3, 9.25],
			"rotation": {"angle": 0, "axis": "y", "origin": [13.25, 2, 9.5]},
			"faces": {
				"north": {"uv": [0, 0, 0.25, 3.5], "texture": "#0"},
				"east": {"uv": [0, 0, 0.25, 3.5], "texture": "#0"},
				"south": {"uv": [0, 0, 0.25, 3.5], "texture": "#0"},
				"west": {"uv": [0, 0, 0.25, 3.5], "texture": "#0"},
				"up": {"uv": [0, 0, 0.25, 0.25], "rotation": 180, "texture": "#0"},
				"down": {"uv": [0, 0, 0.25, 0.25], "rotation": 180, "texture": "#0"}
			}
		},
		{
			"from": [10.75, 1.5, 8],
			"to": [11, 3, 8.25],
			"rotation": {"angle": 0, "axis": "y", "origin": [12, 2, 8.5]},
			"faces": {
				"north": {"uv": [0, 0, 0.25, 1.5], "texture": "#0"},
				"east": {"uv": [0, 0, 0.25, 1.5], "texture": "#0"},
				"south": {"uv": [0, 0, 0.25, 1.5], "texture": "#0"},
				"west": {"uv": [0, 0, 0.25, 1.5], "texture": "#0"},
				"up": {"uv": [0, 0, 0.25, 0.25], "rotation": 180, "texture": "#0"},
				"down": {"uv": [0, 0, 0.25, 0.25], "rotation": 180, "texture": "#0"}
			}
		},
		{
			"from": [10.75, 2.75, 8.25],
			"to": [11, 3, 8.75],
			"rotation": {"angle": 0, "axis": "y", "origin": [12, 2, 8.75]},
			"faces": {
				"north": {"uv": [0, 0, 0.25, 0.25], "texture": "#0"},
				"east": {"uv": [0, 0, 0.5, 0.25], "texture": "#0"},
				"south": {"uv": [0, 0, 0.25, 0.25], "texture": "#0"},
				"west": {"uv": [0, 0, 0.5, 0.25], "texture": "#0"},
				"up": {"uv": [0, 0, 0.25, 0.5], "rotation": 180, "texture": "#0"},
				"down": {"uv": [0, 0, 0.25, 0.5], "rotation": 180, "texture": "#0"}
			}
		},
		{
			"from": [10.75, 1, 7.25],
			"to": [11, 2.5, 7.5],
			"rotation": {"angle": 0, "axis": "y", "origin": [12, 1.5, 7.75]},
			"faces": {
				"north": {"uv": [0, 0, 0.25, 1.5], "texture": "#0"},
				"east": {"uv": [0, 0, 0.25, 1.5], "texture": "#0"},
				"south": {"uv": [0, 0, 0.25, 1.5], "texture": "#0"},
				"west": {"uv": [0, 0, 0.25, 1.5], "texture": "#0"},
				"up": {"uv": [0, 0, 0.25, 0.25], "rotation": 180, "texture": "#0"},
				"down": {"uv": [0, 0, 0.25, 0.25], "rotation": 180, "texture": "#0"}
			}
		},
		{
			"from": [12.75, 2.25, 9],
			"to": [13, 3, 9.25],
			"rotation": {"angle": 0, "axis": "y", "origin": [14, 2, 9.5]},
			"faces": {
				"north": {"uv": [0, 0, 0.25, 0.75], "texture": "#0"},
				"east": {"uv": [0, 0, 0.25, 0.75], "texture": "#0"},
				"south": {"uv": [0, 0, 0.25, 0.75], "texture": "#0"},
				"west": {"uv": [0, 0, 0.25, 0.75], "texture": "#0"},
				"up": {"uv": [0, 0, 0.25, 0.25], "rotation": 180, "texture": "#0"},
				"down": {"uv": [0, 0, 0.25, 0.25], "rotation": 180, "texture": "#0"}
			}
		},
		{
			"from": [13, 2.25, 7.25],
			"to": [13.25, 3, 7.75],
			"rotation": {"angle": 0, "axis": "y", "origin": [14.25, 2, 7.75]},
			"faces": {
				"north": {"uv": [0, 0, 0.25, 0.75], "texture": "#0"},
				"east": {"uv": [0, 0, 0.5, 0.75], "texture": "#0"},
				"south": {"uv": [0, 0, 0.25, 0.75], "texture": "#0"},
				"west": {"uv": [0, 0, 0.5, 0.75], "texture": "#0"},
				"up": {"uv": [0, 0, 0.25, 0.5], "rotation": 180, "texture": "#0"},
				"down": {"uv": [0, 0, 0.25, 0.5], "rotation": 180, "texture": "#0"}
			}
		},
		{
			"from": [12.75, 2.25, 8],
			"to": [13.25, 3.25, 8.5],
			"rotation": {"angle": 0, "axis": "y", "origin": [14, 2, 8.75]},
			"faces": {
				"north": {"uv": [0, 0, 0.5, 1], "texture": "#0"},
				"east": {"uv": [0, 0, 0.5, 1], "texture": "#0"},
				"south": {"uv": [0, 0, 0.5, 1], "texture": "#0"},
				"west": {"uv": [0, 0, 0.5, 1], "texture": "#0"},
				"up": {"uv": [0, 0, 0.5, 0.5], "rotation": 180, "texture": "#0"},
				"down": {"uv": [0, 0, 0.5, 0.5], "rotation": 180, "texture": "#0"}
			}
		},
		{
			"from": [10.75, 2.5, 7],
			"to": [11.25, 3.25, 8],
			"rotation": {"angle": 0, "axis": "y", "origin": [12, 2, 8.25]},
			"faces": {
				"north": {"uv": [0, 0, 0.5, 0.75], "texture": "#0"},
				"east": {"uv": [0, 0, 1, 0.75], "texture": "#0"},
				"south": {"uv": [0, 0, 0.5, 0.75], "texture": "#0"},
				"west": {"uv": [0, 0, 1, 0.75], "texture": "#0"},
				"up": {"uv": [0, 0, 0.5, 1], "rotation": 180, "texture": "#0"},
				"down": {"uv": [0, 0, 0.5, 1], "rotation": 180, "texture": "#0"}
			}
		},
		{
			"from": [13, 2.5, 8.5],
			"to": [13.25, 3, 9],
			"rotation": {"angle": 0, "axis": "y", "origin": [14, 2, 9.25]},
			"faces": {
				"north": {"uv": [0, 0, 0.25, 0.5], "texture": "#0"},
				"east": {"uv": [0, 0, 0.5, 0.5], "texture": "#0"},
				"south": {"uv": [0, 0, 0.25, 0.5], "texture": "#0"},
				"west": {"uv": [0, 0, 0.5, 0.5], "texture": "#0"},
				"up": {"uv": [0, 0, 0.25, 0.5], "rotation": 180, "texture": "#0"},
				"down": {"uv": [0, 0, 0.25, 0.5], "rotation": 180, "texture": "#0"}
			}
		},
		{
			"from": [6, 2, 5],
			"to": [6.25, 4.25, 5.25],
			"rotation": {"angle": 0, "axis": "y", "origin": [5.75, 3, 6]},
			"faces": {
				"north": {"uv": [0, 0, 0.25, 2.25], "texture": "#0"},
				"east": {"uv": [0, 0, 0.25, 2.25], "texture": "#0"},
				"south": {"uv": [0, 0, 0.25, 2.25], "texture": "#0"},
				"west": {"uv": [0, 0, 0.25, 2.25], "texture": "#0"},
				"up": {"uv": [0, 0, 0.25, 0.25], "rotation": 270, "texture": "#0"},
				"down": {"uv": [0, 0, 0.25, 0.25], "rotation": 90, "texture": "#0"}
			}
		},
		{
			"from": [6.75, 3, 5],
			"to": [7, 3.75, 5.25],
			"rotation": {"angle": 0, "axis": "y", "origin": [6.5, 2.75, 6.25]},
			"faces": {
				"north": {"uv": [0, 0, 0.25, 0.75], "texture": "#0"},
				"east": {"uv": [0, 0, 0.25, 0.75], "texture": "#0"},
				"south": {"uv": [0, 0, 0.25, 0.75], "texture": "#0"},
				"west": {"uv": [0, 0, 0.25, 0.75], "texture": "#0"},
				"up": {"uv": [0, 0, 0.25, 0.25], "rotation": 270, "texture": "#0"},
				"down": {"uv": [0, 0, 0.25, 0.25], "rotation": 90, "texture": "#0"}
			}
		},
		{
			"from": [7, 3.75, 3.5],
			"to": [7.25, 4.25, 4.75],
			"rotation": {"angle": 0, "axis": "y", "origin": [6.75, 3.5, 5.75]},
			"faces": {
				"north": {"uv": [0, 0, 0.25, 0.5], "texture": "#0"},
				"east": {"uv": [0, 0, 1.25, 0.5], "texture": "#0"},
				"south": {"uv": [0, 0, 0.25, 0.5], "texture": "#0"},
				"west": {"uv": [0, 0, 1.25, 0.5], "texture": "#0"},
				"up": {"uv": [0, 0, 1.25, 0.25], "rotation": 270, "texture": "#0"},
				"down": {"uv": [0, 0, 1.25, 0.25], "rotation": 90, "texture": "#0"}
			}
		},
		{
			"from": [4.75, 3.5, 4.25],
			"to": [5, 4.25, 4.75],
			"rotation": {"angle": 0, "axis": "y", "origin": [4.5, 3.5, 5.75]},
			"faces": {
				"north": {"uv": [0, 0, 0.25, 0.75], "texture": "#0"},
				"east": {"uv": [0, 0, 0.5, 0.75], "texture": "#0"},
				"south": {"uv": [0, 0, 0.25, 0.75], "texture": "#0"},
				"west": {"uv": [0, 0, 0.5, 0.75], "texture": "#0"},
				"up": {"uv": [0, 0, 0.5, 0.25], "rotation": 270, "texture": "#0"},
				"down": {"uv": [0, 0, 0.5, 0.25], "rotation": 90, "texture": "#0"}
			}
		},
		{
			"from": [4.5, 3.5, 3.5],
			"to": [4.75, 4, 4.25],
			"rotation": {"angle": 0, "axis": "y", "origin": [4.25, 3.5, 5.25]},
			"faces": {
				"north": {"uv": [0, 0, 0.25, 0.5], "texture": "#0"},
				"east": {"uv": [0, 0, 0.75, 0.5], "texture": "#0"},
				"south": {"uv": [0, 0, 0.25, 0.5], "texture": "#0"},
				"west": {"uv": [0, 0, 0.75, 0.5], "texture": "#0"},
				"up": {"uv": [0, 0, 0.75, 0.25], "rotation": 270, "texture": "#0"},
				"down": {"uv": [0, 0, 0.75, 0.25], "rotation": 90, "texture": "#0"}
			}
		},
		{
			"from": [4.75, 3.25, 3.25],
			"to": [5.25, 4.25, 4],
			"rotation": {"angle": 0, "axis": "y", "origin": [4.5, 3.5, 5]},
			"faces": {
				"north": {"uv": [0, 0, 0.5, 1], "texture": "#0"},
				"east": {"uv": [0, 0, 0.75, 1], "texture": "#0"},
				"south": {"uv": [0, 0, 0.5, 1], "texture": "#0"},
				"west": {"uv": [0, 0, 0.75, 1], "texture": "#0"},
				"up": {"uv": [0, 0, 0.75, 0.5], "rotation": 270, "texture": "#0"},
				"down": {"uv": [0, 0, 0.75, 0.5], "rotation": 90, "texture": "#0"}
			}
		},
		{
			"from": [6.75, 4, 3.25],
			"to": [7, 4.25, 4.25],
			"rotation": {"angle": 0, "axis": "y", "origin": [6.5, 3.5, 5.75]},
			"faces": {
				"north": {"uv": [0, 0, 0.25, 0.25], "texture": "#0"},
				"east": {"uv": [0, 0, 1, 0.25], "texture": "#0"},
				"south": {"uv": [0, 0, 0.25, 0.25], "texture": "#0"},
				"west": {"uv": [0, 0, 1, 0.25], "texture": "#0"},
				"up": {"uv": [0, 0, 1, 0.25], "rotation": 270, "texture": "#0"},
				"down": {"uv": [0, 0, 1, 0.25], "rotation": 90, "texture": "#0"}
			}
		},
		{
			"from": [7, 0.75, 4.5],
			"to": [7.25, 3.75, 5],
			"rotation": {"angle": 0, "axis": "y", "origin": [6.75, 2.75, 6]},
			"faces": {
				"north": {"uv": [0, 0, 0.25, 3], "texture": "#0"},
				"east": {"uv": [0, 0, 0.5, 3], "texture": "#0"},
				"south": {"uv": [0, 0, 0.25, 3], "texture": "#0"},
				"west": {"uv": [1, 0, 1.5, 3], "texture": "#0"},
				"up": {"uv": [0, 0, 0.5, 0.25], "rotation": 270, "texture": "#0"},
				"down": {"uv": [0, 0, 0.5, 0.25], "rotation": 90, "texture": "#0"}
			}
		},
		{
			"from": [7, 2, 3.75],
			"to": [7.25, 3.75, 4],
			"rotation": {"angle": 0, "axis": "y", "origin": [6.75, 2.75, 5]},
			"faces": {
				"north": {"uv": [0, 0, 0.25, 1.75], "texture": "#0"},
				"east": {"uv": [0, 0, 0.25, 1.75], "texture": "#0"},
				"south": {"uv": [0, 0, 0.25, 1.75], "texture": "#0"},
				"west": {"uv": [0, 0, 0.25, 1.75], "texture": "#0"},
				"up": {"uv": [0, 0, 0.25, 0.25], "rotation": 270, "texture": "#0"},
				"down": {"uv": [0, 0, 0.25, 0.25], "rotation": 90, "texture": "#0"}
			}
		},
		{
			"from": [7, 3.25, 3],
			"to": [7.25, 4, 3.25],
			"rotation": {"angle": 0, "axis": "y", "origin": [6.75, 3.25, 4.25]},
			"faces": {
				"north": {"uv": [0, 0, 0.25, 0.75], "texture": "#0"},
				"east": {"uv": [0, 0, 0.25, 0.75], "texture": "#0"},
				"south": {"uv": [0, 0, 0.25, 0.75], "texture": "#0"},
				"west": {"uv": [0, 0, 0.25, 0.75], "texture": "#0"},
				"up": {"uv": [0, 0, 0.25, 0.25], "rotation": 270, "texture": "#0"},
				"down": {"uv": [0, 0, 0.25, 0.25], "rotation": 90, "texture": "#0"}
			}
		},
		{
			"from": [4.75, 0.5, 4],
			"to": [5, 4, 4.25],
			"rotation": {"angle": 0, "axis": "y", "origin": [4.5, 3, 5.25]},
			"faces": {
				"north": {"uv": [0, 0, 0.25, 3.5], "texture": "#0"},
				"east": {"uv": [0, 0, 0.25, 3.5], "texture": "#0"},
				"south": {"uv": [0, 0, 0.25, 3.5], "texture": "#0"},
				"west": {"uv": [0, 0, 0.25, 3.5], "texture": "#0"},
				"up": {"uv": [0, 0, 0.25, 0.25], "rotation": 270, "texture": "#0"},
				"down": {"uv": [0, 0, 0.25, 0.25], "rotation": 90, "texture": "#0"}
			}
		},
		{
			"from": [5.75, 2.5, 2.75],
			"to": [6, 4, 3],
			"rotation": {"angle": 0, "axis": "y", "origin": [5.5, 3, 4]},
			"faces": {
				"north": {"uv": [0, 0, 0.25, 1.5], "texture": "#0"},
				"east": {"uv": [0, 0, 0.25, 1.5], "texture": "#0"},
				"south": {"uv": [0, 0, 0.25, 1.5], "texture": "#0"},
				"west": {"uv": [0, 0, 0.25, 1.5], "texture": "#0"},
				"up": {"uv": [0, 0, 0.25, 0.25], "rotation": 270, "texture": "#0"},
				"down": {"uv": [0, 0, 0.25, 0.25], "rotation": 90, "texture": "#0"}
			}
		},
		{
			"from": [5.25, 3.75, 2.75],
			"to": [5.75, 4, 3],
			"rotation": {"angle": 0, "axis": "y", "origin": [5.25, 3, 4]},
			"faces": {
				"north": {"uv": [0, 0, 0.5, 0.25], "texture": "#0"},
				"east": {"uv": [0, 0, 0.25, 0.25], "texture": "#0"},
				"south": {"uv": [0, 0, 0.5, 0.25], "texture": "#0"},
				"west": {"uv": [0, 0, 0.25, 0.25], "texture": "#0"},
				"up": {"uv": [0, 0, 0.25, 0.5], "rotation": 270, "texture": "#0"},
				"down": {"uv": [0, 0, 0.25, 0.5], "rotation": 90, "texture": "#0"}
			}
		},
		{
			"from": [6.5, 2, 2.75],
			"to": [6.75, 3.5, 3],
			"rotation": {"angle": 0, "axis": "y", "origin": [6.25, 2.5, 4]},
			"faces": {
				"north": {"uv": [0, 0, 0.25, 1.5], "texture": "#0"},
				"east": {"uv": [0, 0, 0.25, 1.5], "texture": "#0"},
				"south": {"uv": [0, 0, 0.25, 1.5], "texture": "#0"},
				"west": {"uv": [0, 0, 0.25, 1.5], "texture": "#0"},
				"up": {"uv": [0, 0, 0.25, 0.25], "rotation": 270, "texture": "#0"},
				"down": {"uv": [0, 0, 0.25, 0.25], "rotation": 90, "texture": "#0"}
			}
		},
		{
			"from": [4.75, 3.25, 4.75],
			"to": [5, 4, 5],
			"rotation": {"angle": 0, "axis": "y", "origin": [4.5, 3, 6]},
			"faces": {
				"north": {"uv": [0, 0, 0.25, 0.75], "texture": "#0"},
				"east": {"uv": [0, 0, 0.25, 0.75], "texture": "#0"},
				"south": {"uv": [0, 0, 0.25, 0.75], "texture": "#0"},
				"west": {"uv": [0, 0, 0.25, 0.75], "texture": "#0"},
				"up": {"uv": [0, 0, 0.25, 0.25], "rotation": 270, "texture": "#0"},
				"down": {"uv": [0, 0, 0.25, 0.25], "rotation": 90, "texture": "#0"}
			}
		},
		{
			"from": [6.25, 3.25, 5],
			"to": [6.75, 4, 5.25],
			"rotation": {"angle": 0, "axis": "y", "origin": [6.25, 3, 6.25]},
			"faces": {
				"north": {"uv": [0, 0, 0.5, 0.75], "texture": "#0"},
				"east": {"uv": [0, 0, 0.25, 0.75], "texture": "#0"},
				"south": {"uv": [0, 0, 0.5, 0.75], "texture": "#0"},
				"west": {"uv": [0, 0, 0.25, 0.75], "texture": "#0"},
				"up": {"uv": [0, 0, 0.25, 0.5], "rotation": 270, "texture": "#0"},
				"down": {"uv": [0, 0, 0.25, 0.5], "rotation": 90, "texture": "#0"}
			}
		},
		{
			"from": [5.5, 3.25, 4.75],
			"to": [6, 4.25, 5.25],
			"rotation": {"angle": 0, "axis": "y", "origin": [5.25, 3, 6]},
			"faces": {
				"north": {"uv": [0, 0, 0.5, 1], "texture": "#0"},
				"east": {"uv": [0, 0, 0.5, 1], "texture": "#0"},
				"south": {"uv": [0, 0, 0.5, 1], "texture": "#0"},
				"west": {"uv": [0, 0, 0.5, 1], "texture": "#0"},
				"up": {"uv": [0, 0, 0.5, 0.5], "rotation": 270, "texture": "#0"},
				"down": {"uv": [0, 0, 0.5, 0.5], "rotation": 90, "texture": "#0"}
			}
		},
		{
			"from": [6, 3.5, 2.75],
			"to": [7, 4.25, 3.25],
			"rotation": {"angle": 0, "axis": "y", "origin": [5.75, 3, 4]},
			"faces": {
				"north": {"uv": [0, 0, 1, 0.75], "texture": "#0"},
				"east": {"uv": [0, 0, 0.5, 0.75], "texture": "#0"},
				"south": {"uv": [0, 0, 1, 0.75], "texture": "#0"},
				"west": {"uv": [0, 0, 0.5, 0.75], "texture": "#0"},
				"up": {"uv": [0, 0, 0.5, 1], "rotation": 270, "texture": "#0"},
				"down": {"uv": [0, 0, 0.5, 1], "rotation": 90, "texture": "#0"}
			}
		},
		{
			"from": [5, 3.5, 5],
			"to": [5.5, 4, 5.25],
			"rotation": {"angle": 0, "axis": "y", "origin": [4.75, 3, 6]},
			"faces": {
				"north": {"uv": [0, 0, 0.5, 0.5], "texture": "#0"},
				"east": {"uv": [0, 0, 0.25, 0.5], "texture": "#0"},
				"south": {"uv": [0, 0, 0.5, 0.5], "texture": "#0"},
				"west": {"uv": [0, 0, 0.25, 0.5], "texture": "#0"},
				"up": {"uv": [0, 0, 0.25, 0.5], "rotation": 270, "texture": "#0"},
				"down": {"uv": [0, 0, 0.25, 0.5], "rotation": 90, "texture": "#0"}
			}
		},
		{
			"from": [5.75, 4, 4],
			"to": [6.25, 5, 4],
			"rotation": {"angle": 0, "axis": "y", "origin": [5, 4, 2]},
			"faces": {
				"north": {"uv": [0, 0, 1, 1], "texture": "#1"},
				"east": {"uv": [0, 0, 0, 1], "texture": "#1"},
				"south": {"uv": [0, 1, 1, 2], "texture": "#1"},
				"west": {"uv": [0, 0, 0, 1], "texture": "#1"},
				"up": {"uv": [1, 0, 0, 0], "texture": "#1"},
				"down": {"uv": [1, 0, 0, 0], "texture": "#1"}
			}
		},
		{
			"from": [6, 4, 3.75],
			"to": [6, 5, 4.25],
			"rotation": {"angle": 0, "axis": "y", "origin": [5.25, 4, 2]},
			"faces": {
				"north": {"uv": [0, 0, 0, 1], "texture": "#1"},
				"east": {"uv": [1, 0, 2, 1], "texture": "#1"},
				"south": {"uv": [0, 0, 0, 1], "texture": "#1"},
				"west": {"uv": [1, 1, 2, 2], "texture": "#1"},
				"up": {"uv": [0, 1, 0, 0], "texture": "#1"},
				"down": {"uv": [0, 0, 0, 1], "texture": "#1"}
			}
		},
		{
			"from": [9.75, 5, 5],
			"to": [10.25, 6, 5],
			"rotation": {"angle": 0, "axis": "y", "origin": [9, 5, 3]},
			"faces": {
				"north": {"uv": [0, 2, 1, 3], "texture": "#1"},
				"east": {"uv": [0, 0, 0, 1], "texture": "#1"},
				"south": {"uv": [2, 0, 3, 1], "texture": "#1"},
				"west": {"uv": [0, 0, 0, 1], "texture": "#1"},
				"up": {"uv": [1, 0, 0, 0], "texture": "#1"},
				"down": {"uv": [1, 0, 0, 0], "texture": "#1"}
			}
		},
		{
			"from": [10, 5, 4.75],
			"to": [10, 6, 5.25],
			"rotation": {"angle": 0, "axis": "y", "origin": [9.25, 5, 3]},
			"faces": {
				"north": {"uv": [0, 0, 0, 1], "texture": "#1"},
				"east": {"uv": [1, 2, 2, 3], "texture": "#1"},
				"south": {"uv": [0, 0, 0, 1], "texture": "#1"},
				"west": {"uv": [2, 1, 3, 2], "texture": "#1"},
				"up": {"uv": [0, 1, 0, 0], "texture": "#1"},
				"down": {"uv": [0, 0, 0, 1], "texture": "#1"}
			}
		},
		{
			"from": [11.75, 3, 8],
			"to": [12.25, 4, 8],
			"rotation": {"angle": 0, "axis": "y", "origin": [11, 3, 6]},
			"faces": {
				"north": {"uv": [2, 2, 3, 3], "texture": "#1"},
				"east": {"uv": [0, 0, 0, 1], "texture": "#1"},
				"south": {"uv": [0, 3, 1, 4], "texture": "#1"},
				"west": {"uv": [0, 0, 0, 1], "texture": "#1"},
				"up": {"uv": [1, 0, 0, 0], "texture": "#1"},
				"down": {"uv": [1, 0, 0, 0], "texture": "#1"}
			}
		},
		{
			"from": [12, 3, 7.75],
			"to": [12, 4, 8.25],
			"rotation": {"angle": 0, "axis": "y", "origin": [11.25, 3, 6]},
			"faces": {
				"north": {"uv": [0, 0, 0, 1], "texture": "#1"},
				"east": {"uv": [3, 0, 4, 1], "texture": "#1"},
				"south": {"uv": [0, 0, 0, 1], "texture": "#1"},
				"west": {"uv": [1, 3, 2, 4], "texture": "#1"},
				"up": {"uv": [0, 1, 0, 0], "texture": "#1"},
				"down": {"uv": [0, 0, 0, 1], "texture": "#1"}
			}
		},
		{
			"from": [8.25, 6, 10.5],
			"to": [8.75, 7, 10.5],
			"rotation": {"angle": 0, "axis": "y", "origin": [7.5, 6, 8.5]},
			"faces": {
				"north": {"uv": [3, 1, 4, 2], "texture": "#1"},
				"east": {"uv": [0, 0, 0, 1], "texture": "#1"},
				"south": {"uv": [2, 3, 3, 4], "texture": "#1"},
				"west": {"uv": [0, 0, 0, 1], "texture": "#1"},
				"up": {"uv": [1, 0, 0, 0], "texture": "#1"},
				"down": {"uv": [1, 0, 0, 0], "texture": "#1"}
			}
		},
		{
			"from": [8.5, 6, 10.25],
			"to": [8.5, 7, 10.75],
			"rotation": {"angle": 0, "axis": "y", "origin": [7.75, 6, 8.5]},
			"faces": {
				"north": {"uv": [0, 0, 0, 1], "texture": "#1"},
				"east": {"uv": [3, 2, 4, 3], "texture": "#1"},
				"south": {"uv": [0, 0, 0, 1], "texture": "#1"},
				"west": {"uv": [3, 3, 4, 4], "texture": "#1"},
				"up": {"uv": [0, 1, 0, 0], "texture": "#1"},
				"down": {"uv": [0, 0, 0, 1], "texture": "#1"}
			}
		},
		{
			"from": [4.25, 8, 7.5],
			"to": [4.75, 9, 7.5],
			"rotation": {"angle": 0, "axis": "y", "origin": [3.5, 8, 5.5]},
			"faces": {
				"north": {"uv": [0, 4, 1, 5], "texture": "#1"},
				"east": {"uv": [0, 0, 0, 1], "texture": "#1"},
				"south": {"uv": [4, 0, 5, 1], "texture": "#1"},
				"west": {"uv": [0, 0, 0, 1], "texture": "#1"},
				"up": {"uv": [1, 0, 0, 0], "texture": "#1"},
				"down": {"uv": [1, 0, 0, 0], "texture": "#1"}
			}
		},
		{
			"from": [4.5, 8, 7.25],
			"to": [4.5, 9, 7.75],
			"rotation": {"angle": 0, "axis": "y", "origin": [3.75, 8, 5.5]},
			"faces": {
				"north": {"uv": [0, 0, 0, 1], "texture": "#1"},
				"east": {"uv": [1, 4, 2, 5], "texture": "#1"},
				"south": {"uv": [0, 0, 0, 1], "texture": "#1"},
				"west": {"uv": [4, 1, 5, 2], "texture": "#1"},
				"up": {"uv": [0, 1, 0, 0], "texture": "#1"},
				"down": {"uv": [0, 0, 0, 1], "texture": "#1"}
			}
		},
		{
			"from": [5, 4.75, 4],
			"to": [7, 6.75, 4],
			"rotation": {"angle": 0, "axis": "y", "origin": [5, 4.75, 4]},
			"faces": {
				"north": {"uv": [0, 8, 2, 10], "texture": "#2"},
				"east": {"uv": [0, 0, 0, 2], "texture": "#2"},
				"south": {"uv": [8, 0, 10, 2], "texture": "#2"},
				"west": {"uv": [0, 0, 0, 2], "texture": "#2"},
				"up": {"uv": [2, 0, 0, 0], "texture": "#2"},
				"down": {"uv": [2, 0, 0, 0], "texture": "#2"}
			}
		},
		{
			"from": [6, 4.75, 3],
			"to": [6, 6.75, 5],
			"rotation": {"angle": 0, "axis": "y", "origin": [6, 4.75, 3]},
			"faces": {
				"north": {"uv": [0, 0, 0, 2], "texture": "#2"},
				"east": {"uv": [2, 8, 4, 10], "texture": "#2"},
				"south": {"uv": [0, 0, 0, 2], "texture": "#2"},
				"west": {"uv": [8, 2, 10, 4], "texture": "#2"},
				"up": {"uv": [0, 2, 0, 0], "texture": "#2"},
				"down": {"uv": [0, 0, 0, 2], "texture": "#2"}
			}
		},
		{
			"from": [9, 5.75, 5],
			"to": [11, 7.75, 5],
			"rotation": {"angle": 0, "axis": "y", "origin": [9, 5.75, 5]},
			"faces": {
				"north": {"uv": [6, 2, 8, 4], "texture": "#2"},
				"east": {"uv": [0, 0, 0, 2], "texture": "#2"},
				"south": {"uv": [4, 6, 6, 8], "texture": "#2"},
				"west": {"uv": [0, 0, 0, 2], "texture": "#2"},
				"up": {"uv": [2, 0, 0, 0], "texture": "#2"},
				"down": {"uv": [2, 0, 0, 0], "texture": "#2"}
			}
		},
		{
			"from": [10, 5.75, 4],
			"to": [10, 7.75, 6],
			"rotation": {"angle": 0, "axis": "y", "origin": [10, 5.75, 4]},
			"faces": {
				"north": {"uv": [0, 0, 0, 2], "texture": "#2"},
				"east": {"uv": [6, 4, 8, 6], "texture": "#2"},
				"south": {"uv": [0, 0, 0, 2], "texture": "#2"},
				"west": {"uv": [6, 6, 8, 8], "texture": "#2"},
				"up": {"uv": [0, 2, 0, 0], "texture": "#2"},
				"down": {"uv": [0, 0, 0, 2], "texture": "#2"}
			}
		},
		{
			"from": [7.5, 6.75, 10.5],
			"to": [9.5, 8.75, 10.5],
			"rotation": {"angle": 0, "axis": "y", "origin": [7.5, 6.75, 10.5]},
			"faces": {
				"north": {"uv": [4, 4, 6, 6], "texture": "#2"},
				"east": {"uv": [0, 0, 0, 2], "texture": "#2"},
				"south": {"uv": [4, 4, 6, 6], "texture": "#2"},
				"west": {"uv": [0, 0, 0, 2], "texture": "#2"},
				"up": {"uv": [2, 0, 0, 0], "texture": "#2"},
				"down": {"uv": [2, 0, 0, 0], "texture": "#2"}
			}
		},
		{
			"from": [8.5, 6.75, 9.5],
			"to": [8.5, 8.75, 11.5],
			"rotation": {"angle": 0, "axis": "y", "origin": [8.5, 6.75, 9.5]},
			"faces": {
				"north": {"uv": [0, 0, 0, 2], "texture": "#2"},
				"east": {"uv": [4, 4, 6, 6], "texture": "#2"},
				"south": {"uv": [0, 0, 0, 2], "texture": "#2"},
				"west": {"uv": [5, 5, 7, 7], "texture": "#2"},
				"up": {"uv": [0, 2, 0, 0], "texture": "#2"},
				"down": {"uv": [0, 0, 0, 2], "texture": "#2"}
			}
		},
		{
			"from": [11, 3.75, 8],
			"to": [13, 5.75, 8],
			"rotation": {"angle": 0, "axis": "y", "origin": [11, 3.75, 8]},
			"faces": {
				"north": {"uv": [4, 4, 6, 6], "texture": "#2"},
				"east": {"uv": [0, 0, 0, 2], "texture": "#2"},
				"south": {"uv": [0, 6, 2, 8], "texture": "#2"},
				"west": {"uv": [0, 0, 0, 2], "texture": "#2"},
				"up": {"uv": [2, 0, 0, 0], "texture": "#2"},
				"down": {"uv": [2, 0, 0, 0], "texture": "#2"}
			}
		},
		{
			"from": [12, 3.75, 7],
			"to": [12, 5.75, 9],
			"rotation": {"angle": 0, "axis": "y", "origin": [12, 3.75, 7]},
			"faces": {
				"north": {"uv": [0, 0, 0, 2], "texture": "#2"},
				"east": {"uv": [6, 0, 8, 2], "texture": "#2"},
				"south": {"uv": [0, 0, 0, 2], "texture": "#2"},
				"west": {"uv": [2, 6, 4, 8], "texture": "#2"},
				"up": {"uv": [0, 2, 0, 0], "texture": "#2"},
				"down": {"uv": [0, 0, 0, 2], "texture": "#2"}
			}
		},
		{
			"from": [3.5, 8.75, 7.5],
			"to": [5.5, 10.75, 7.5],
			"rotation": {"angle": 0, "axis": "y", "origin": [3.5, 8.75, 7.5]},
			"faces": {
				"north": {"uv": [3, 3, 5, 5], "texture": "#2"},
				"east": {"uv": [0, 0, 0, 2], "texture": "#2"},
				"south": {"uv": [5, 5, 7, 7], "texture": "#2"},
				"west": {"uv": [0, 0, 0, 2], "texture": "#2"},
				"up": {"uv": [2, 0, 0, 0], "texture": "#2"},
				"down": {"uv": [2, 0, 0, 0], "texture": "#2"}
			}
		},
		{
			"from": [4.5, 8.75, 6.5],
			"to": [4.5, 10.75, 8.5],
			"rotation": {"angle": 0, "axis": "y", "origin": [4.5, 8.75, 6.5]},
			"faces": {
				"north": {"uv": [0, 0, 0, 2], "texture": "#2"},
				"east": {"uv": [6, 5, 8, 7], "texture": "#2"},
				"south": {"uv": [0, 0, 0, 2], "texture": "#2"},
				"west": {"uv": [4, 3, 6, 5], "texture": "#2"},
				"up": {"uv": [0, 2, 0, 0], "texture": "#2"},
				"down": {"uv": [0, 0, 0, 2], "texture": "#2"}
			}
		}
	],
	"display": {
		"thirdperson_righthand": {
			"translation": [0, 3, 0],
			"scale": [0.35, 0.35, 0.35]
		},
		"thirdperson_lefthand": {
			"translation": [0, 3, 0],
			"scale": [0.35, 0.35, 0.35]
		},
		"firstperson_righthand": {
			"translation": [0, 5.5, 0],
			"scale": [0.69, 0.69, 0.69]
		},
		"firstperson_lefthand": {
			"translation": [0, 5.5, 0],
			"scale": [0.69, 0.69, 0.69]
		},
		"ground": {
			"translation": [0, 6, 0]
		},
		"head": {
			"translation": [0, 14.75, 0]
		},
		"fixed": {
			"rotation": [-90, 0, 0],
			"translation": [0, 0, -20.75],
			"scale": [2.57, 2.57, 2.57]
		}
	},
	"groups": [
		{
			"name": "group",
			"origin": [3.75, 8, 5.5],
			"color": 0,
			"children": [0, 1, 2, 3, 4]
		},
		{
			"name": "group",
			"origin": [5, 7, 8.75],
			"color": 0,
			"children": [5, 6, 7, 8, 9, 10, 11, 12, 13, 14, 15, 16, 17, 18, 19, 20, 21, 22, 23, 24, 25, 26, 27, 28, 29, 30]
		},
		{
			"name": "group",
			"origin": [5, 7, 8.75],
			"color": 0,
			"children": [31, 32, 33, 34, 35, 36, 37, 38, 39, 40, 41, 42, 43, 44, 45, 46, 47, 48, 49, 50, 51, 52, 53, 54, 55, 56]
		},
		{
			"name": "group",
			"origin": [11.25, 4, 3],
			"color": 0,
			"children": [57, 58, 59, 60, 61, 62, 63, 64, 65, 66, 67, 68, 69, 70, 71, 72, 73, 74, 75]
		},
		{
			"name": "group",
			"origin": [11.25, 4, 3],
			"color": 0,
			"children": [
				76,
				77,
				78,
				79,
				80,
				81,
				82,
				83,
				84,
				85,
				86,
				87,
				88,
				89,
				90,
				91,
				92,
				93,
				94,
				{
					"name": "group",
					"origin": [11.25, 4, 3],
					"color": 0,
					"children": [95, 96, 97, 98, 99, 100, 101, 102, 103, 104, 105, 106, 107, 108, 109, 110, 111, 112, 113]
				}
			]
		},
		114,
		115,
		116,
		117,
		118,
		119,
		120,
		121,
		122,
		123,
		124,
		125,
		126,
		127,
		128,
		129,
		130,
		131,
		132,
		133
	]
}