{
	"credit": "Made with Blockbench",
	"texture_size": [8, 8],
	"textures": {
		"0": "block/magenta_wool",
		"1": "block/black_concrete",
		"2": "block/white_concrete",
		"3": "block/yellow_wool",
		"4": "block/pink_concrete_powder",
		"particle": "block/magenta_wool"
	},
	"elements": [
		{
			"from": [3.25, 0.9, 2.5],
			"to": [13.25, 5.9, 12.5],
			"rotation": {"angle": 0, "axis": "y", "origin": [0, 0.4, 0]},
			"faces": {
				"north": {"uv": [5, 0, 10, 2.5], "texture": "#0"},
				"east": {"uv": [5, 2.5, 10, 5], "texture": "#0"},
				"south": {"uv": [5, 5, 10, 7.5], "texture": "#0"},
				"west": {"uv": [5, 7.5, 10, 10], "texture": "#0"},
				"up": {"uv": [5, 5, 0, 0], "texture": "#0"},
				"down": {"uv": [5, 5, 0, 10], "texture": "#0"}
			}
		},
		{
			"from": [8.55, -1.4, 2.15],
			"to": [10.55, -1.25, 2.15],
			"rotation": {"angle": 22.5, "axis": "z", "origin": [0, 0.4, 0]},
			"faces": {
				"north": {"uv": [0, 0, 4, 0.3], "texture": "#1"},
				"east": {"uv": [0, 0, 0, 0.3], "texture": "#1"},
				"south": {"uv": [0, 0, 4, 0.3], "texture": "#1"},
				"west": {"uv": [0, 0, 0, 0.3], "texture": "#1"},
				"up": {"uv": [0, 0, 4, 0], "texture": "#1"},
				"down": {"uv": [0, 0, 4, 0], "texture": "#1"}
			}
		},
		{
			"from": [9.25, 2.9, 2.25],
			"to": [10.25, 3.9, 2.5],
			"rotation": {"angle": 0, "axis": "y", "origin": [0, 0.4, 0]},
			"faces": {
				"north": {"uv": [0, 0, 2, 2], "texture": "#1"},
				"east": {"uv": [0, 0, 0.5, 2], "texture": "#1"},
				"south": {"uv": [0, 0, 2, 2], "texture": "#1"},
				"west": {"uv": [0, 0, 0.5, 2], "texture": "#1"},
				"up": {"uv": [0, 0, 2, 0.5], "texture": "#1"},
				"down": {"uv": [0, 0, 2, 0.5], "texture": "#1"}
			}
		},
		{
			"from": [10.25, 2.9, 2.25],
			"to": [11.25, 3.9, 2.5],
			"rotation": {"angle": 0, "axis": "y", "origin": [0, 0.4, 0]},
			"faces": {
				"north": {"uv": [0, 0, 2, 2], "texture": "#2"},
				"east": {"uv": [2, 0, 3, 2], "texture": "#2"},
				"south": {"uv": [0, 2, 2, 4], "texture": "#2"},
				"west": {"uv": [2, 2, 3, 4], "texture": "#2"},
				"up": {"uv": [2, 5, 0, 4], "texture": "#2"},
				"down": {"uv": [6, 0, 4, 1], "texture": "#2"}
			}
		},
		{
			"from": [4.5, 7.4, 4],
			"to": [6.5, 8.4, 4.3],
			"rotation": {"angle": 0, "axis": "y", "origin": [0, 0.4, 0]},
			"faces": {
				"north": {"uv": [0, 0, 4, 2], "texture": "#0"},
				"east": {"uv": [0, 0, 0.6, 2], "texture": "#0"},
				"south": {"uv": [0, 0, 4, 2], "texture": "#0"},
				"west": {"uv": [0, 0, 0.6, 2], "texture": "#0"},
				"up": {"uv": [0, 0, 4, 0.6], "texture": "#0"},
				"down": {"uv": [0, 0, 4, 0.6], "texture": "#0"}
			}
		},
		{
			"from": [10, 7.4, 4],
			"to": [12, 8.4, 4.3],
			"rotation": {"angle": 0, "axis": "y", "origin": [0, 0.4, 0]},
			"faces": {
				"north": {"uv": [0, 0, 4, 2], "texture": "#0"},
				"east": {"uv": [0, 0, 0.6, 2], "texture": "#0"},
				"south": {"uv": [0, 0, 4, 2], "texture": "#0"},
				"west": {"uv": [0, 0, 0.6, 2], "texture": "#0"},
				"up": {"uv": [0, 0, 4, 0.6], "texture": "#0"},
				"down": {"uv": [0, 0, 4, 0.6], "texture": "#0"}
			}
		},
		{
			"from": [3.5, 4.4, 4],
			"to": [7.5, 6.4, 4.3],
			"rotation": {"angle": 0, "axis": "y", "origin": [0, 0.4, 0]},
			"faces": {
				"north": {"uv": [0, 0, 8, 4], "texture": "#0"},
				"east": {"uv": [8, 2, 9, 6], "texture": "#0"},
				"south": {"uv": [0, 4, 8, 8], "texture": "#0"},
				"west": {"uv": [8, 6, 9, 10], "texture": "#0"},
				"up": {"uv": [8, 9, 0, 8], "texture": "#0"},
				"down": {"uv": [16, 0, 8, 1], "texture": "#0"}
			}
		},
		{
			"from": [9, 4.4, 4],
			"to": [13, 6.4, 4.3],
			"rotation": {"angle": 0, "axis": "y", "origin": [0, 0.4, 0]},
			"faces": {
				"north": {"uv": [0, 0, 8, 4], "texture": "#0"},
				"east": {"uv": [0, 0, 0.6, 4], "texture": "#0"},
				"south": {"uv": [0, 0, 8, 4], "texture": "#0"},
				"west": {"uv": [0, 0, 0.6, 4], "texture": "#0"},
				"up": {"uv": [0, 0, 8, 0.6], "texture": "#0"},
				"down": {"uv": [0, 0, 8, 0.6], "texture": "#0"}
			}
		},
		{
			"from": [7.75, 1.9, 2],
			"to": [8.75, 2.9, 3],
			"rotation": {"angle": 0, "axis": "y", "origin": [0, 0.4, 0]},
			"faces": {
				"north": {"uv": [0, 0, 1, 1], "texture": "#1"},
				"east": {"uv": [0, 1, 1, 2], "texture": "#1"},
				"south": {"uv": [1, 0, 2, 1], "texture": "#1"},
				"west": {"uv": [1, 1, 2, 2], "texture": "#1"},
				"up": {"uv": [1, 3, 0, 2], "texture": "#1"},
				"down": {"uv": [3, 0, 2, 1], "texture": "#1"}
			}
		},
		{
			"from": [5, 8.4, 4],
			"to": [6, 9.4, 4.3],
			"rotation": {"angle": 0, "axis": "y", "origin": [0, 0.4, 0]},
			"faces": {
				"north": {"uv": [0, 0, 2, 2], "texture": "#0"},
				"east": {"uv": [0, 0, 0.6, 2], "texture": "#0"},
				"south": {"uv": [0, 0, 2, 2], "texture": "#0"},
				"west": {"uv": [0, 0, 0.6, 2], "texture": "#0"},
				"up": {"uv": [0, 0, 2, 0.6], "texture": "#0"},
				"down": {"uv": [0, 0, 2, 0.6], "texture": "#0"}
			}
		},
		{
			"from": [10.5, 8.4, 4],
			"to": [11.5, 9.4, 4.3],
			"rotation": {"angle": 0, "axis": "y", "origin": [0, 0.4, 0]},
			"faces": {
				"north": {"uv": [0, 0, 2, 2], "texture": "#0"},
				"east": {"uv": [0, 0, 0.6, 2], "texture": "#0"},
				"south": {"uv": [0, 0, 2, 2], "texture": "#0"},
				"west": {"uv": [0, 0, 0.6, 2], "texture": "#0"},
				"up": {"uv": [0, 0, 2, 0.6], "texture": "#0"},
				"down": {"uv": [0, 0, 2, 0.6], "texture": "#0"}
			}
		},
		{
			"from": [4, 6.4, 4],
			"to": [7, 7.4, 4.3],
			"rotation": {"angle": 0, "axis": "y", "origin": [0, 0.4, 0]},
			"faces": {
				"north": {"uv": [0, 0, 6, 2], "texture": "#0"},
				"east": {"uv": [0, 0, 0.6, 2], "texture": "#0"},
				"south": {"uv": [0, 0, 6, 2], "texture": "#0"},
				"west": {"uv": [0, 0, 0.6, 2], "texture": "#0"},
				"up": {"uv": [0, 0, 6, 0.6], "texture": "#0"},
				"down": {"uv": [0, 0, 6, 0.6], "texture": "#0"}
			}
		},
		{
			"from": [9.5, 6.4, 4],
			"to": [12.5, 7.4, 4.3],
			"rotation": {"angle": 0, "axis": "y", "origin": [0, 0.4, 0]},
			"faces": {
				"north": {"uv": [0, 0, 6, 2], "texture": "#0"},
				"east": {"uv": [0, 0, 0.6, 2], "texture": "#0"},
				"south": {"uv": [0, 0, 6, 2], "texture": "#0"},
				"west": {"uv": [0, 0, 0.6, 2], "texture": "#0"},
				"up": {"uv": [0, 0, 6, 0.6], "texture": "#0"},
				"down": {"uv": [0, 0, 6, 0.6], "texture": "#0"}
			}
		},
		{
			"from": [6.25, 2.9, 2.25],
			"to": [7.25, 3.9, 2.5],
			"rotation": {"angle": 0, "axis": "y", "origin": [0, 0.4, 0]},
			"faces": {
				"north": {"uv": [0, 0, 2, 2], "texture": "#1"},
				"east": {"uv": [0, 0, 0.5, 2], "texture": "#1"},
				"south": {"uv": [0, 0, 2, 2], "texture": "#1"},
				"west": {"uv": [0, 0, 0.5, 2], "texture": "#1"},
				"up": {"uv": [0, 0, 2, 0.5], "texture": "#1"},
				"down": {"uv": [0, 0, 2, 0.5], "texture": "#1"}
			}
		},
		{
			"from": [5.25, 2.9, 2.25],
			"to": [6.25, 3.9, 2.5],
			"rotation": {"angle": 0, "axis": "y", "origin": [0, 0.4, 0]},
			"faces": {
				"north": {"uv": [0, 0, 2, 2], "texture": "#2"},
				"east": {"uv": [0, 0, 0.5, 2], "texture": "#2"},
				"south": {"uv": [0, 0, 2, 2], "texture": "#2"},
				"west": {"uv": [0, 0, 0.5, 2], "texture": "#2"},
				"up": {"uv": [0, 0, 2, 0.5], "texture": "#2"},
				"down": {"uv": [0, 0, 2, 0.5], "texture": "#2"}
			}
		},
		{
			"from": [11.25, 2.2, 2.35],
			"to": [12.25, 2.6, 2.5],
			"rotation": {"angle": 0, "axis": "y", "origin": [0, 0.4, 0]},
			"faces": {
				"north": {"uv": [0, 0, 2, 0.8], "texture": "#4"},
				"east": {"uv": [0, 0, 0.3, 0.8], "texture": "#4"},
				"south": {"uv": [0, 0, 2, 0.8], "texture": "#4"},
				"west": {"uv": [0, 0, 0.3, 0.8], "texture": "#4"},
				"up": {"uv": [0, 0, 2, 0.3], "texture": "#4"},
				"down": {"uv": [0, 0, 2, 0.3], "texture": "#4"}
			}
		},
		{
			"from": [4.25, 2.2, 2.35],
			"to": [5.25, 2.6, 2.5],
			"rotation": {"angle": 0, "axis": "y", "origin": [0, 0.4, 0]},
			"faces": {
				"north": {"uv": [0, 0, 2, 0.8], "texture": "#4"},
				"east": {"uv": [0, 0, 0.3, 0.8], "texture": "#4"},
				"south": {"uv": [0, 0, 2, 0.8], "texture": "#4"},
				"west": {"uv": [0, 0, 0.3, 0.8], "texture": "#4"},
				"up": {"uv": [0, 0, 2, 0.3], "texture": "#4"},
				"down": {"uv": [0, 0, 2, 0.3], "texture": "#4"}
			}
		},
		{
			"from": [5, 6.9, 3.75],
			"to": [6, 7.9, 4],
			"rotation": {"angle": 0, "axis": "y", "origin": [0, 0.4, 0]},
			"faces": {
				"north": {"uv": [0, 0, 2, 2], "texture": "#4"},
				"east": {"uv": [0, 0, 0.5, 2], "texture": "#4"},
				"south": {"uv": [0, 0, 2, 2], "texture": "#4"},
				"west": {"uv": [0, 0, 0.5, 2], "texture": "#4"},
				"up": {"uv": [0, 0, 2, 0.5], "texture": "#4"},
				"down": {"uv": [0, 0, 2, 0.5], "texture": "#4"}
			}
		},
		{
			"from": [4.5, 5.9, 3.75],
			"to": [6.5, 6.9, 4],
			"rotation": {"angle": 0, "axis": "y", "origin": [0, 0.4, 0]},
			"faces": {
				"north": {"uv": [0, 0, 4, 2], "texture": "#4"},
				"east": {"uv": [0, 0, 0.5, 2], "texture": "#4"},
				"south": {"uv": [0, 0, 4, 2], "texture": "#4"},
				"west": {"uv": [0, 0, 0.5, 2], "texture": "#4"},
				"up": {"uv": [0, 0, 4, 0.5], "texture": "#4"},
				"down": {"uv": [0, 0, 4, 0.5], "texture": "#4"}
			}
		},
		{
			"from": [10, 5.9, 3.75],
			"to": [12, 6.9, 4],
			"rotation": {"angle": 0, "axis": "y", "origin": [0, 0.4, 0]},
			"faces": {
				"north": {"uv": [0, 0, 4, 2], "texture": "#4"},
				"east": {"uv": [4, 2, 5, 4], "texture": "#4"},
				"south": {"uv": [0, 2, 4, 4], "texture": "#4"},
				"west": {"uv": [4, 4, 5, 6], "texture": "#4"},
				"up": {"uv": [4, 5, 0, 4], "texture": "#4"},
				"down": {"uv": [8, 0, 4, 1], "texture": "#4"}
			}
		},
		{
			"from": [10.5, 6.9, 3.75],
			"to": [11.5, 7.9, 4],
			"rotation": {"angle": 0, "axis": "y", "origin": [0, 0.4, 0]},
			"faces": {
				"north": {"uv": [0, 0, 2, 2], "texture": "#4"},
				"east": {"uv": [0, 0, 0.5, 2], "texture": "#4"},
				"south": {"uv": [0, 0, 2, 2], "texture": "#4"},
				"west": {"uv": [0, 0, 0.5, 2], "texture": "#4"},
				"up": {"uv": [0, 0, 2, 0.5], "texture": "#4"},
				"down": {"uv": [0, 0, 2, 0.5], "texture": "#4"}
			}
		},
		{
			"from": [4.55, 4.9, 2.15],
			"to": [6.55, 5.05, 2.15],
			"rotation": {"angle": -22.5, "axis": "z", "origin": [0, 0.4, 0]},
			"faces": {
				"north": {"uv": [0, 0, 4, 0.3], "texture": "#1"},
				"east": {"uv": [0, 0, 0, 0.3], "texture": "#1"},
				"south": {"uv": [0, 0, 4, 0.3], "texture": "#1"},
				"west": {"uv": [0, 0, 0, 0.3], "texture": "#1"},
				"up": {"uv": [0, 0, 4, 0], "texture": "#1"},
				"down": {"uv": [0, 0, 4, 0], "texture": "#1"}
			}
		},
		{
			"from": [5.75, 1.9, 2.15],
			"to": [7.75, 2.05, 2.15],
			"rotation": {"angle": 0, "axis": "z", "origin": [0, 0.4, 0]},
			"faces": {
				"north": {"uv": [0, 0, 4, 0.3], "texture": "#1"},
				"east": {"uv": [0, 0, 0, 0.3], "texture": "#1"},
				"south": {"uv": [0, 0, 4, 0.3], "texture": "#1"},
				"west": {"uv": [0, 0, 0, 0.3], "texture": "#1"},
				"up": {"uv": [0, 0, 4, 0], "texture": "#1"},
				"down": {"uv": [0, 0, 4, 0], "texture": "#1"}
			}
		},
		{
			"from": [8.65, 1.9, 2.15],
			"to": [10.65, 2.05, 2.15],
			"rotation": {"angle": 0, "axis": "y", "origin": [0, 0.4, 0]},
			"faces": {
				"north": {"uv": [0, 0, 4, 0.3], "texture": "#1"},
				"east": {"uv": [0, 0, 0, 0.3], "texture": "#1"},
				"south": {"uv": [0, 0, 4, 0.3], "texture": "#1"},
				"west": {"uv": [0, 0, 0, 0.3], "texture": "#1"},
				"up": {"uv": [0, 0, 4, 0], "texture": "#1"},
				"down": {"uv": [0, 0, 4, 0], "texture": "#1"}
			}
		},
		{
			"from": [2.3, 0, 1.7],
			"to": [14.1, 1, 13.5],
			"faces": {
				"north": {"uv": [0, 0, 16, 2], "texture": "#3"},
				"east": {"uv": [0, 0, 16, 2], "texture": "#3"},
				"south": {"uv": [0, 0, 16, 2], "texture": "#3"},
				"west": {"uv": [0, 0, 16, 2], "texture": "#3"},
				"up": {"uv": [0, 0, 16, 16], "texture": "#3"},
				"down": {"uv": [0, 0, 16, 16], "texture": "#3"}
			}
		}
	],
	"display": {
		"thirdperson_righthand": {
			"rotation": [102, 0, 0],
			"translation": [0, 0, 3.5]
		},
		"thirdperson_lefthand": {
			"rotation": [101, 0, 0],
			"translation": [0, 0, 4.25]
		},
		"firstperson_righthand": {
			"translation": [0, 5.5, 0],
			"scale": [0.8, 0.8, 0.8]
		},
		"firstperson_lefthand": {
			"translation": [0, 5.25, 0],
			"scale": [0.8, 0.8, 0.8]
		},
		"ground": {
			"translation": [0, 3.5, 0],
			"scale": [0.8, 0.8, 0.8]
		},
		"gui": {
			"rotation": [18, 180, 0],
			"translation": [0.25, 3.75, -4]
		},
		"head": {
			"translation": [-0.25, 17.5, 0.5],
			"scale": [1.4, 1.4, 1.4]
		},
		"fixed": {
			"rotation": [-90, 0, 0],
			"translation": [-0.75, -0.5, -13.5],
			"scale": [1.8, 1.8, 1.8]
		}
	}
}