{
	"credit": "Made with Blockbench",
	"textures": {
		"0": "block/hay_block_top",
		"1": "block/light_gray_terracotta",
		"particle": "block/hay_block_top"
	},
	"elements": [
		{
			"from": [15, 2, 1],
			"to": [17, 2.5, 17],
			"rotation": {"angle": 0, "axis": "y", "origin": [14, 2, 6]},
			"faces": {
				"north": {"uv": [9.5, 0.75, 10, 1], "texture": "#0"},
				"east": {"uv": [4.75, 4, 8.75, 4.25], "texture": "#0"},
				"south": {"uv": [9.5, 1, 10, 1.25], "texture": "#0"},
				"west": {"uv": [4.75, 4.25, 8.75, 4.5], "texture": "#0"},
				"up": {"uv": [0.5, 4, 0, 0], "texture": "#0"},
				"down": {"uv": [1, 0, 0.5, 4], "texture": "#0"}
			}
		},
		{
			"from": [14, 2.5, 0.5],
			"to": [15.5, 3, 15.5],
			"rotation": {"angle": 0, "axis": "y", "origin": [13, 2.5, 6]},
			"faces": {
				"north": {"uv": [1.25, 9.5, 1.75, 9.75], "texture": "#0"},
				"east": {"uv": [6, 0, 9.75, 0.25], "texture": "#0"},
				"south": {"uv": [9.5, 1.25, 10, 1.5], "texture": "#0"},
				"west": {"uv": [6, 0.25, 9.75, 0.5], "texture": "#0"},
				"up": {"uv": [2.5, 5.75, 2, 2], "texture": "#0"},
				"down": {"uv": [3, 2, 2.5, 5.75], "texture": "#0"}
			}
		},
		{
			"from": [-1, 2, -1],
			"to": [1, 2.5, 15],
			"rotation": {"angle": 0, "axis": "y", "origin": [-1, 2, 3]},
			"faces": {
				"north": {"uv": [1.75, 9.5, 2.25, 9.75], "texture": "#0"},
				"east": {"uv": [4.75, 4.5, 8.75, 4.75], "texture": "#0"},
				"south": {"uv": [2.25, 9.5, 2.75, 9.75], "texture": "#0"},
				"west": {"uv": [4.75, 4.75, 8.75, 5], "texture": "#0"},
				"up": {"uv": [1.5, 4, 1, 0], "texture": "#0"},
				"down": {"uv": [2, 0, 1.5, 4], "texture": "#0"}
			}
		},
		{
			"from": [0.5, 2.5, 2],
			"to": [2, 3, 14],
			"rotation": {"angle": 0, "axis": "y", "origin": [0, 2.5, 3]},
			"faces": {
				"north": {"uv": [9.5, 2.5, 10, 2.75], "texture": "#0"},
				"east": {"uv": [6.5, 2.5, 9.5, 2.75], "texture": "#0"},
				"south": {"uv": [2.75, 9.5, 3.25, 9.75], "texture": "#0"},
				"west": {"uv": [6.5, 2.75, 9.5, 3], "texture": "#0"},
				"up": {"uv": [1.75, 7, 1.25, 4], "texture": "#0"},
				"down": {"uv": [4.75, 4, 4.25, 7], "texture": "#0"}
			}
		},
		{
			"from": [2, 3, 2],
			"to": [3, 3.5, 14],
			"rotation": {"angle": 0, "axis": "y", "origin": [1, 3, 3]},
			"faces": {
				"north": {"uv": [3.25, 6.75, 3.5, 7], "texture": "#0"},
				"east": {"uv": [6.5, 3, 9.5, 3.25], "texture": "#0"},
				"south": {"uv": [3.25, 7, 3.5, 7.25], "texture": "#0"},
				"west": {"uv": [6.5, 3.25, 9.5, 3.5], "texture": "#0"},
				"up": {"uv": [1.25, 8.25, 1, 5.25], "texture": "#0"},
				"down": {"uv": [4.25, 5.25, 4, 8.25], "texture": "#0"}
			}
		},
		{
			"from": [3, 3.5, 4],
			"to": [4, 4, 12],
			"rotation": {"angle": 0, "axis": "y", "origin": [2, 3.5, 3]},
			"faces": {
				"north": {"uv": [4.25, 7, 4.5, 7.25], "texture": "#0"},
				"east": {"uv": [1.25, 7.5, 3.25, 7.75], "texture": "#0"},
				"south": {"uv": [3.25, 7.25, 3.5, 7.5], "texture": "#0"},
				"west": {"uv": [2.5, 8.25, 4.5, 8.5], "texture": "#0"},
				"up": {"uv": [2, 6, 1.75, 4], "texture": "#0"},
				"down": {"uv": [4.75, 7, 4.5, 9], "texture": "#0"}
			}
		},
		{
			"from": [12, 3.5, 4],
			"to": [13, 4, 12],
			"rotation": {"angle": 0, "axis": "y", "origin": [11, 3.5, 3]},
			"faces": {
				"north": {"uv": [4.25, 7.25, 4.5, 7.5], "texture": "#0"},
				"east": {"uv": [5.75, 8.25, 7.75, 8.5], "texture": "#0"},
				"south": {"uv": [3.25, 7.5, 3.5, 7.75], "texture": "#0"},
				"west": {"uv": [8.25, 6.5, 10.25, 6.75], "texture": "#0"},
				"up": {"uv": [5, 10, 4.75, 8], "texture": "#0"},
				"down": {"uv": [5.25, 8, 5, 10], "texture": "#0"}
			}
		},
		{
			"from": [11, 4, 4],
			"to": [12, 4.5, 12],
			"rotation": {"angle": 0, "axis": "y", "origin": [10, 4, 3]},
			"faces": {
				"north": {"uv": [4.25, 7.5, 4.5, 7.75], "texture": "#0"},
				"east": {"uv": [8.25, 6.75, 10.25, 7], "texture": "#0"},
				"south": {"uv": [3.75, 7.75, 4, 8], "texture": "#0"},
				"west": {"uv": [8.25, 7, 10.25, 7.25], "texture": "#0"},
				"up": {"uv": [8.5, 9.25, 8.25, 7.25], "texture": "#0"},
				"down": {"uv": [8, 8.25, 7.75, 10.25], "texture": "#0"}
			}
		},
		{
			"from": [10, 4.5, 6],
			"to": [11.5, 5, 10],
			"rotation": {"angle": 0, "axis": "y", "origin": [9, 4.5, 3]},
			"faces": {
				"north": {"uv": [9.5, 2.75, 10, 3], "texture": "#0"},
				"east": {"uv": [2, 5.75, 3, 6], "texture": "#0"},
				"south": {"uv": [9.5, 3, 10, 3.25], "texture": "#0"},
				"west": {"uv": [0, 7.75, 1, 8], "texture": "#0"},
				"up": {"uv": [0.5, 9.5, 0, 8.5], "texture": "#0"},
				"down": {"uv": [1, 8.5, 0.5, 9.5], "texture": "#0"}
			}
		},
		{
			"from": [4.5, 4.5, 6],
			"to": [6, 5, 10],
			"rotation": {"angle": 0, "axis": "y", "origin": [4, 4.5, 3]},
			"faces": {
				"north": {"uv": [3.25, 9.5, 3.75, 9.75], "texture": "#0"},
				"east": {"uv": [0, 8, 1, 8.25], "texture": "#0"},
				"south": {"uv": [9.5, 3.25, 10, 3.5], "texture": "#0"},
				"west": {"uv": [9, 6, 10, 6.25], "texture": "#0"},
				"up": {"uv": [1.5, 9.5, 1, 8.5], "texture": "#0"},
				"down": {"uv": [2, 8.5, 1.5, 9.5], "texture": "#0"}
			}
		},
		{
			"from": [5, 5, 5],
			"to": [7, 5.5, 11],
			"rotation": {"angle": 0, "axis": "y", "origin": [5, 5, 3]},
			"faces": {
				"north": {"uv": [9.5, 3.5, 10, 3.75], "texture": "#0"},
				"east": {"uv": [8.5, 8.25, 10, 8.5], "texture": "#0"},
				"south": {"uv": [9.5, 3.75, 10, 4], "texture": "#0"},
				"west": {"uv": [8.5, 8.5, 10, 8.75], "texture": "#0"},
				"up": {"uv": [0.5, 7.75, 0, 6.25], "texture": "#0"},
				"down": {"uv": [1, 6.25, 0.5, 7.75], "texture": "#0"}
			}
		},
		{
			"from": [9, 5, 5],
			"to": [11, 5.5, 11],
			"rotation": {"angle": 0, "axis": "y", "origin": [8, 5, 3]},
			"faces": {
				"north": {"uv": [4.25, 9.5, 4.75, 9.75], "texture": "#0"},
				"east": {"uv": [2, 8.75, 3.5, 9], "texture": "#0"},
				"south": {"uv": [5.25, 9.5, 5.75, 9.75], "texture": "#0"},
				"west": {"uv": [8.75, 4, 10.25, 4.25], "texture": "#0"},
				"up": {"uv": [4, 7.75, 3.5, 6.25], "texture": "#0"},
				"down": {"uv": [5.25, 6.5, 4.75, 8], "texture": "#0"}
			}
		},
		{
			"from": [4, 4, 4],
			"to": [5, 4.5, 12],
			"rotation": {"angle": 0, "axis": "y", "origin": [3, 4, 3]},
			"faces": {
				"north": {"uv": [4.25, 7.75, 4.5, 8], "texture": "#0"},
				"east": {"uv": [2, 8.5, 4, 8.75], "texture": "#0"},
				"south": {"uv": [3.75, 8, 4, 8.25], "texture": "#0"},
				"west": {"uv": [5.75, 8.5, 7.75, 8.75], "texture": "#0"},
				"up": {"uv": [8.25, 10.25, 8, 8.25], "texture": "#0"},
				"down": {"uv": [4.25, 8.5, 4, 10.5], "texture": "#0"}
			}
		},
		{
			"from": [13, 3, 2],
			"to": [14, 3.5, 14],
			"rotation": {"angle": 0, "axis": "y", "origin": [12, 3, 3]},
			"faces": {
				"north": {"uv": [4.25, 8, 4.5, 8.25], "texture": "#0"},
				"east": {"uv": [6.5, 3.5, 9.5, 3.75], "texture": "#0"},
				"south": {"uv": [4.25, 8.5, 4.5, 8.75], "texture": "#0"},
				"west": {"uv": [6.5, 3.75, 9.5, 4], "texture": "#0"},
				"up": {"uv": [5.5, 9.5, 5.25, 6.5], "texture": "#0"},
				"down": {"uv": [5.75, 6.5, 5.5, 9.5], "texture": "#0"}
			}
		},
		{
			"from": [1, 2, -1],
			"to": [17, 2.5, 1],
			"rotation": {"angle": 0, "axis": "y", "origin": [6, 2, -1]},
			"faces": {
				"north": {"uv": [4.75, 5, 8.75, 5.25], "texture": "#0"},
				"east": {"uv": [6.75, 9.5, 7.25, 9.75], "texture": "#0"},
				"south": {"uv": [4.75, 5.25, 8.75, 5.5], "texture": "#0"},
				"west": {"uv": [7.25, 9.5, 7.75, 9.75], "texture": "#0"},
				"up": {"uv": [6, 0.5, 2, 0], "texture": "#0"},
				"down": {"uv": [6, 0.5, 2, 1], "texture": "#0"}
			}
		},
		{
			"from": [0.5, 2.5, 0.5],
			"to": [14, 3, 2],
			"rotation": {"angle": 0, "axis": "y", "origin": [6, 2.5, 0]},
			"faces": {
				"north": {"uv": [6, 1, 9.5, 1.25], "texture": "#0"},
				"east": {"uv": [8.25, 9.5, 8.75, 9.75], "texture": "#0"},
				"south": {"uv": [6, 1.25, 9.5, 1.5], "texture": "#0"},
				"west": {"uv": [8.75, 9.5, 9.25, 9.75], "texture": "#0"},
				"up": {"uv": [6.5, 3.5, 3, 3], "texture": "#0"},
				"down": {"uv": [6.5, 3.5, 3, 4], "texture": "#0"}
			}
		},
		{
			"from": [3, 3, 2],
			"to": [13, 3.5, 3],
			"rotation": {"angle": 0, "axis": "y", "origin": [6, 3, 1]},
			"faces": {
				"north": {"uv": [5.75, 6.5, 8.25, 6.75], "texture": "#0"},
				"east": {"uv": [4.25, 8.75, 4.5, 9], "texture": "#0"},
				"south": {"uv": [6.5, 6, 9, 6.25], "texture": "#0"},
				"west": {"uv": [3.25, 9, 3.5, 9.25], "texture": "#0"},
				"up": {"uv": [9, 6.5, 6.5, 6.25], "texture": "#0"},
				"down": {"uv": [8.25, 6.75, 5.75, 7], "texture": "#0"}
			}
		},
		{
			"from": [3, 3.5, 3],
			"to": [13, 4, 4],
			"rotation": {"angle": 0, "axis": "y", "origin": [6, 3.5, 2]},
			"faces": {
				"north": {"uv": [5.75, 7, 8.25, 7.25], "texture": "#0"},
				"east": {"uv": [7, 9, 7.25, 9.25], "texture": "#0"},
				"south": {"uv": [5.75, 7.25, 8.25, 7.5], "texture": "#0"},
				"west": {"uv": [7.5, 9.25, 7.75, 9.5], "texture": "#0"},
				"up": {"uv": [8.25, 7.75, 5.75, 7.5], "texture": "#0"},
				"down": {"uv": [3.75, 7.75, 1.25, 8], "texture": "#0"}
			}
		},
		{
			"from": [3, 3.5, 12],
			"to": [13, 4, 13],
			"rotation": {"angle": 0, "axis": "y", "origin": [6, 3.5, 11]},
			"faces": {
				"north": {"uv": [7.75, 1.5, 10.25, 1.75], "texture": "#0"},
				"east": {"uv": [3.75, 9.5, 4, 9.75], "texture": "#0"},
				"south": {"uv": [7.75, 1.75, 10.25, 2], "texture": "#0"},
				"west": {"uv": [8.25, 9.75, 8.5, 10], "texture": "#0"},
				"up": {"uv": [8.25, 8, 5.75, 7.75], "texture": "#0"},
				"down": {"uv": [3.75, 8, 1.25, 8.25], "texture": "#0"}
			}
		},
		{
			"from": [5, 4, 11],
			"to": [11, 4.5, 12],
			"rotation": {"angle": 0, "axis": "y", "origin": [6, 4, 10]},
			"faces": {
				"north": {"uv": [8.75, 4.25, 10.25, 4.5], "texture": "#0"},
				"east": {"uv": [8.5, 9.75, 8.75, 10], "texture": "#0"},
				"south": {"uv": [8.75, 4.5, 10.25, 4.75], "texture": "#0"},
				"west": {"uv": [8.75, 9.75, 9, 10], "texture": "#0"},
				"up": {"uv": [10.25, 5, 8.75, 4.75], "texture": "#0"},
				"down": {"uv": [10.25, 5, 8.75, 5.25], "texture": "#0"}
			}
		},
		{
			"from": [5, 4, 4],
			"to": [11, 4.5, 5],
			"rotation": {"angle": 0, "axis": "y", "origin": [6, 4, 3]},
			"faces": {
				"north": {"uv": [8.75, 5.25, 10.25, 5.5], "texture": "#0"},
				"east": {"uv": [9.75, 8.75, 10, 9], "texture": "#0"},
				"south": {"uv": [8.75, 5.5, 10.25, 5.75], "texture": "#0"},
				"west": {"uv": [9, 9.75, 9.25, 10], "texture": "#0"},
				"up": {"uv": [7.25, 9, 5.75, 8.75], "texture": "#0"},
				"down": {"uv": [10.25, 5.75, 8.75, 6], "texture": "#0"}
			}
		},
		{
			"from": [4.5, 4.5, 4.5],
			"to": [11.5, 5, 6],
			"rotation": {"angle": 0, "axis": "y", "origin": [6, 4.5, 4]},
			"faces": {
				"north": {"uv": [8.5, 7.25, 10.25, 7.5], "texture": "#0"},
				"east": {"uv": [9.5, 9, 10, 9.25], "texture": "#0"},
				"south": {"uv": [8.5, 7.5, 10.25, 7.75], "texture": "#0"},
				"west": {"uv": [9.25, 9.5, 9.75, 9.75], "texture": "#0"},
				"up": {"uv": [7.75, 2, 6, 1.5], "texture": "#0"},
				"down": {"uv": [6.5, 6, 4.75, 6.5], "texture": "#0"}
			}
		},
		{
			"from": [4.5, 4.5, 10],
			"to": [11.5, 5, 11.5],
			"rotation": {"angle": 0, "axis": "y", "origin": [6, 4.5, 9]},
			"faces": {
				"north": {"uv": [8.5, 7.75, 10.25, 8], "texture": "#0"},
				"east": {"uv": [0, 9.75, 0.5, 10], "texture": "#0"},
				"south": {"uv": [8.5, 8, 10.25, 8.25], "texture": "#0"},
				"west": {"uv": [9.75, 0, 10.25, 0.25], "texture": "#0"},
				"up": {"uv": [3.5, 6.75, 1.75, 6.25], "texture": "#0"},
				"down": {"uv": [8.25, 2, 6.5, 2.5], "texture": "#0"}
			}
		},
		{
			"from": [7, 5, 9],
			"to": [9, 5.5, 11],
			"rotation": {"angle": 0, "axis": "y", "origin": [6, 5, 8]},
			"faces": {
				"north": {"uv": [9.75, 0.25, 10.25, 0.5], "texture": "#0"},
				"east": {"uv": [0.5, 9.75, 1, 10], "texture": "#0"},
				"south": {"uv": [1, 9.75, 1.5, 10], "texture": "#0"},
				"west": {"uv": [1.5, 9.75, 2, 10], "texture": "#0"},
				"up": {"uv": [1.75, 7.5, 1.25, 7], "texture": "#0"},
				"down": {"uv": [4, 8.75, 3.5, 9.25], "texture": "#0"}
			}
		},
		{
			"from": [7, 5, 5],
			"to": [9, 5.5, 7],
			"rotation": {"angle": 0, "axis": "y", "origin": [6, 5, 5]},
			"faces": {
				"north": {"uv": [2, 9.75, 2.5, 10], "texture": "#0"},
				"east": {"uv": [2.5, 9.75, 3, 10], "texture": "#0"},
				"south": {"uv": [3, 9.75, 3.5, 10], "texture": "#0"},
				"west": {"uv": [3.5, 9.75, 4, 10], "texture": "#0"},
				"up": {"uv": [7.75, 9.25, 7.25, 8.75], "texture": "#0"},
				"down": {"uv": [4.75, 9, 4.25, 9.5], "texture": "#0"}
			}
		},
		{
			"from": [5.5, 5.5, 5.5],
			"to": [10.5, 6, 10.5],
			"rotation": {"angle": 0, "axis": "y", "origin": [6, 5.5, 6]},
			"faces": {
				"north": {"uv": [1.75, 6, 3, 6.25], "texture": "#0"},
				"east": {"uv": [8.5, 8.75, 9.75, 9], "texture": "#0"},
				"south": {"uv": [2, 9, 3.25, 9.25], "texture": "#0"},
				"west": {"uv": [5.75, 9, 7, 9.25], "texture": "#0"},
				"up": {"uv": [1.25, 5.25, 0, 4], "texture": "#0"},
				"down": {"uv": [4.25, 4, 3, 5.25], "texture": "#0"}
			}
		},
		{
			"from": [6, 6, 6],
			"to": [10, 6.5, 10],
			"rotation": {"angle": 0, "axis": "y", "origin": [6, 6, 6]},
			"faces": {
				"north": {"uv": [9, 6.25, 10, 6.5], "texture": "#0"},
				"east": {"uv": [8.5, 9, 9.5, 9.25], "texture": "#0"},
				"south": {"uv": [2, 9.25, 3, 9.5], "texture": "#0"},
				"west": {"uv": [3, 9.25, 4, 9.5], "texture": "#0"},
				"up": {"uv": [1, 6.25, 0, 5.25], "texture": "#0"},
				"down": {"uv": [4, 5.25, 3, 6.25], "texture": "#0"}
			}
		},
		{
			"from": [6.5, 6.5, 6.5],
			"to": [9.5, 7, 9.5],
			"rotation": {"angle": 0, "axis": "y", "origin": [6, 6.5, 6]},
			"faces": {
				"north": {"uv": [6.75, 9.25, 7.5, 9.5], "texture": "#0"},
				"east": {"uv": [8.25, 9.25, 9, 9.5], "texture": "#0"},
				"south": {"uv": [9, 9.25, 9.75, 9.5], "texture": "#0"},
				"west": {"uv": [0, 9.5, 0.75, 9.75], "texture": "#0"},
				"up": {"uv": [2.5, 7.5, 1.75, 6.75], "texture": "#0"},
				"down": {"uv": [3.25, 6.75, 2.5, 7.5], "texture": "#0"}
			}
		},
		{
			"from": [7, 7, 7],
			"to": [9, 7.5, 9],
			"rotation": {"angle": 0, "axis": "y", "origin": [6, 7, 6]},
			"faces": {
				"north": {"uv": [4.25, 9.75, 4.75, 10], "texture": "#0"},
				"east": {"uv": [5.25, 9.75, 5.75, 10], "texture": "#0"},
				"south": {"uv": [5.75, 9.75, 6.25, 10], "texture": "#0"},
				"west": {"uv": [6.25, 9.75, 6.75, 10], "texture": "#0"},
				"up": {"uv": [6.25, 9.75, 5.75, 9.25], "texture": "#0"},
				"down": {"uv": [6.75, 9.25, 6.25, 9.75], "texture": "#0"}
			}
		},
		{
			"from": [7.5, 7.5, 7.5],
			"to": [8.5, 8, 8.5],
			"rotation": {"angle": 0, "axis": "y", "origin": [6, 7.5, 6]},
			"faces": {
				"north": {"uv": [9.25, 9.75, 9.5, 10], "texture": "#0"},
				"east": {"uv": [9.75, 9.25, 10, 9.5], "texture": "#0"},
				"south": {"uv": [9.5, 9.75, 9.75, 10], "texture": "#0"},
				"west": {"uv": [9.75, 9.5, 10, 9.75], "texture": "#0"},
				"up": {"uv": [10, 10, 9.75, 9.75], "texture": "#0"},
				"down": {"uv": [0.25, 10, 0, 10.25], "texture": "#0"}
			}
		},
		{
			"from": [3, 3, 13],
			"to": [13, 3.5, 14],
			"rotation": {"angle": 0, "axis": "y", "origin": [6, 3, 12]},
			"faces": {
				"north": {"uv": [5.75, 8, 8.25, 8.25], "texture": "#0"},
				"east": {"uv": [0.25, 10, 0.5, 10.25], "texture": "#0"},
				"south": {"uv": [0, 8.25, 2.5, 8.5], "texture": "#0"},
				"west": {"uv": [0.5, 10, 0.75, 10.25], "texture": "#0"},
				"up": {"uv": [10.75, 2.25, 8.25, 2], "texture": "#0"},
				"down": {"uv": [10.75, 2.25, 8.25, 2.5], "texture": "#0"}
			}
		},
		{
			"from": [-1, 2, 15],
			"to": [15, 2.5, 17],
			"rotation": {"angle": 0, "axis": "y", "origin": [-1, 2, 14]},
			"faces": {
				"north": {"uv": [4.75, 5.5, 8.75, 5.75], "texture": "#0"},
				"east": {"uv": [6.75, 9.75, 7.25, 10], "texture": "#0"},
				"south": {"uv": [4.75, 5.75, 8.75, 6], "texture": "#0"},
				"west": {"uv": [7.25, 9.75, 7.75, 10], "texture": "#0"},
				"up": {"uv": [6, 1.5, 2, 1], "texture": "#0"},
				"down": {"uv": [6, 1.5, 2, 2], "texture": "#0"}
			}
		},
		{
			"from": [0.5, 2.5, 14],
			"to": [14, 3, 15.5],
			"rotation": {"angle": 0, "axis": "y", "origin": [-1, 2.5, 13]},
			"faces": {
				"north": {"uv": [6, 0.5, 9.5, 0.75], "texture": "#0"},
				"east": {"uv": [9.5, 0.5, 10, 0.75], "texture": "#0"},
				"south": {"uv": [6, 0.75, 9.5, 1], "texture": "#0"},
				"west": {"uv": [0.75, 9.5, 1.25, 9.75], "texture": "#0"},
				"up": {"uv": [6.5, 2.5, 3, 2], "texture": "#0"},
				"down": {"uv": [6.5, 2.5, 3, 3], "texture": "#0"}
			}
		},
		{
			"from": [0, 0, 0],
			"to": [0, 2, 1],
			"faces": {
				"north": {"uv": [0, 0, 0, 2], "texture": "#1"},
				"east": {"uv": [6, 6, 7, 8], "texture": "#1"},
				"south": {"uv": [0, 0, 0, 2], "texture": "#1"},
				"west": {"uv": [7, 0, 8, 2], "texture": "#1"},
				"up": {"uv": [0, 1, 0, 0], "texture": "#1"},
				"down": {"uv": [0, 0, 0, 1], "texture": "#1"}
			}
		},
		{
			"from": [0, 0, 8],
			"to": [0, 2, 9],
			"rotation": {"angle": 0, "axis": "y", "origin": [0, 0, 8]},
			"faces": {
				"north": {"uv": [0, 0, 0, 2], "texture": "#1"},
				"east": {"uv": [7, 2, 8, 4], "texture": "#1"},
				"south": {"uv": [0, 0, 0, 2], "texture": "#1"},
				"west": {"uv": [7, 4, 8, 6], "texture": "#1"},
				"up": {"uv": [0, 1, 0, 0], "texture": "#1"},
				"down": {"uv": [0, 0, 0, 1], "texture": "#1"}
			}
		},
		{
			"from": [0, 0, 6],
			"to": [0, 2, 7],
			"rotation": {"angle": 0, "axis": "y", "origin": [0, 0, 6]},
			"faces": {
				"north": {"uv": [0, 0, 0, 2], "texture": "#1"},
				"east": {"uv": [7, 6, 8, 8], "texture": "#1"},
				"south": {"uv": [0, 0, 0, 2], "texture": "#1"},
				"west": {"uv": [8, 0, 9, 2], "texture": "#1"},
				"up": {"uv": [0, 1, 0, 0], "texture": "#1"},
				"down": {"uv": [0, 0, 0, 1], "texture": "#1"}
			}
		},
		{
			"from": [0, -1, 2],
			"to": [0, 2, 3],
			"rotation": {"angle": 0, "axis": "y", "origin": [0, 0, 2]},
			"faces": {
				"north": {"uv": [0, 0, 0, 3], "texture": "#1"},
				"east": {"uv": [0, 0, 1, 3], "texture": "#1"},
				"south": {"uv": [0, 0, 0, 3], "texture": "#1"},
				"west": {"uv": [1, 0, 2, 3], "texture": "#1"},
				"up": {"uv": [0, 1, 0, 0], "texture": "#1"},
				"down": {"uv": [0, 0, 0, 1], "texture": "#1"}
			}
		},
		{
			"from": [0, -1, 10],
			"to": [0, 2, 11],
			"rotation": {"angle": 0, "axis": "y", "origin": [0, 0, 10]},
			"faces": {
				"north": {"uv": [0, 0, 0, 3], "texture": "#1"},
				"east": {"uv": [2, 0, 3, 3], "texture": "#1"},
				"south": {"uv": [0, 0, 0, 3], "texture": "#1"},
				"west": {"uv": [0, 3, 1, 6], "texture": "#1"},
				"up": {"uv": [0, 1, 0, 0], "texture": "#1"},
				"down": {"uv": [0, 0, 0, 1], "texture": "#1"}
			}
		},
		{
			"from": [0, -1, 14],
			"to": [0, 2, 15],
			"rotation": {"angle": 0, "axis": "y", "origin": [0, 0, 14]},
			"faces": {
				"north": {"uv": [0, 0, 0, 3], "texture": "#1"},
				"east": {"uv": [3, 0, 4, 3], "texture": "#1"},
				"south": {"uv": [0, 0, 0, 3], "texture": "#1"},
				"west": {"uv": [1, 3, 2, 6], "texture": "#1"},
				"up": {"uv": [0, 1, 0, 0], "texture": "#1"},
				"down": {"uv": [0, 0, 0, 1], "texture": "#1"}
			}
		},
		{
			"from": [0, 1, 4],
			"to": [0, 2, 5],
			"rotation": {"angle": 0, "axis": "y", "origin": [0, 0, 4]},
			"faces": {
				"north": {"uv": [0, 0, 0, 1], "texture": "#1"},
				"east": {"uv": [6, 10, 7, 11], "texture": "#1"},
				"south": {"uv": [0, 0, 0, 1], "texture": "#1"},
				"west": {"uv": [10, 6, 11, 7], "texture": "#1"},
				"up": {"uv": [0, 1, 0, 0], "texture": "#1"},
				"down": {"uv": [0, 0, 0, 1], "texture": "#1"}
			}
		},
		{
			"from": [0, 1, 12],
			"to": [0, 2, 13],
			"rotation": {"angle": 0, "axis": "y", "origin": [0, 0, 12]},
			"faces": {
				"north": {"uv": [0, 0, 0, 1], "texture": "#1"},
				"east": {"uv": [7, 10, 8, 11], "texture": "#1"},
				"south": {"uv": [0, 0, 0, 1], "texture": "#1"},
				"west": {"uv": [10, 7, 11, 8], "texture": "#1"},
				"up": {"uv": [0, 1, 0, 0], "texture": "#1"},
				"down": {"uv": [0, 0, 0, 1], "texture": "#1"}
			}
		},
		{
			"from": [1, 0, 16],
			"to": [2, 2, 16],
			"rotation": {"angle": 0, "axis": "y", "origin": [2, 0, 15]},
			"faces": {
				"north": {"uv": [8, 2, 9, 4], "texture": "#1"},
				"east": {"uv": [0, 0, 0, 2], "texture": "#1"},
				"south": {"uv": [8, 4, 9, 6], "texture": "#1"},
				"west": {"uv": [0, 0, 0, 2], "texture": "#1"},
				"up": {"uv": [1, 0, 0, 0], "texture": "#1"},
				"down": {"uv": [1, 0, 0, 0], "texture": "#1"}
			}
		},
		{
			"from": [9, 0, 16],
			"to": [10, 2, 16],
			"rotation": {"angle": 0, "axis": "y", "origin": [10, 0, 15]},
			"faces": {
				"north": {"uv": [6, 8, 7, 10], "texture": "#1"},
				"east": {"uv": [0, 0, 0, 2], "texture": "#1"},
				"south": {"uv": [8, 6, 9, 8], "texture": "#1"},
				"west": {"uv": [0, 0, 0, 2], "texture": "#1"},
				"up": {"uv": [1, 0, 0, 0], "texture": "#1"},
				"down": {"uv": [1, 0, 0, 0], "texture": "#1"}
			}
		},
		{
			"from": [15, 0, 16],
			"to": [16, 2, 16],
			"rotation": {"angle": 0, "axis": "y", "origin": [16, 0, 15]},
			"faces": {
				"north": {"uv": [7, 8, 8, 10], "texture": "#1"},
				"east": {"uv": [0, 0, 0, 2], "texture": "#1"},
				"south": {"uv": [8, 8, 9, 10], "texture": "#1"},
				"west": {"uv": [0, 0, 0, 2], "texture": "#1"},
				"up": {"uv": [1, 0, 0, 0], "texture": "#1"},
				"down": {"uv": [1, 0, 0, 0], "texture": "#1"}
			}
		},
		{
			"from": [16, -1, 14],
			"to": [16, 2, 15],
			"rotation": {"angle": 0, "axis": "y", "origin": [16, 0, 13]},
			"faces": {
				"north": {"uv": [0, 0, 0, 3], "texture": "#1"},
				"east": {"uv": [2, 3, 3, 6], "texture": "#1"},
				"south": {"uv": [0, 0, 0, 3], "texture": "#1"},
				"west": {"uv": [3, 3, 4, 6], "texture": "#1"},
				"up": {"uv": [0, 1, 0, 0], "texture": "#1"},
				"down": {"uv": [0, 0, 0, 1], "texture": "#1"}
			}
		},
		{
			"from": [16, 0, 12],
			"to": [16, 2, 13],
			"rotation": {"angle": 0, "axis": "y", "origin": [16, 0, 11]},
			"faces": {
				"north": {"uv": [0, 0, 0, 2], "texture": "#1"},
				"east": {"uv": [0, 9, 1, 11], "texture": "#1"},
				"south": {"uv": [0, 0, 0, 2], "texture": "#1"},
				"west": {"uv": [9, 0, 10, 2], "texture": "#1"},
				"up": {"uv": [0, 1, 0, 0], "texture": "#1"},
				"down": {"uv": [0, 0, 0, 1], "texture": "#1"}
			}
		},
		{
			"from": [16, 1, 10],
			"to": [16, 2, 11],
			"rotation": {"angle": 0, "axis": "y", "origin": [16, 0, 9]},
			"faces": {
				"north": {"uv": [0, 0, 0, 1], "texture": "#1"},
				"east": {"uv": [8, 10, 9, 11], "texture": "#1"},
				"south": {"uv": [0, 0, 0, 1], "texture": "#1"},
				"west": {"uv": [10, 8, 11, 9], "texture": "#1"},
				"up": {"uv": [0, 1, 0, 0], "texture": "#1"},
				"down": {"uv": [0, 0, 0, 1], "texture": "#1"}
			}
		},
		{
			"from": [16, 1, 4],
			"to": [16, 2, 5],
			"rotation": {"angle": 0, "axis": "y", "origin": [16, 0, 3]},
			"faces": {
				"north": {"uv": [0, 0, 0, 1], "texture": "#1"},
				"east": {"uv": [9, 10, 10, 11], "texture": "#1"},
				"south": {"uv": [0, 0, 0, 1], "texture": "#1"},
				"west": {"uv": [10, 9, 11, 10], "texture": "#1"},
				"up": {"uv": [0, 1, 0, 0], "texture": "#1"},
				"down": {"uv": [0, 0, 0, 1], "texture": "#1"}
			}
		},
		{
			"from": [16, 0, 8],
			"to": [16, 2, 9],
			"rotation": {"angle": 0, "axis": "y", "origin": [16, 0, 7]},
			"faces": {
				"north": {"uv": [0, 0, 0, 2], "texture": "#1"},
				"east": {"uv": [1, 9, 2, 11], "texture": "#1"},
				"south": {"uv": [0, 0, 0, 2], "texture": "#1"},
				"west": {"uv": [2, 9, 3, 11], "texture": "#1"},
				"up": {"uv": [0, 1, 0, 0], "texture": "#1"},
				"down": {"uv": [0, 0, 0, 1], "texture": "#1"}
			}
		},
		{
			"from": [16, 0, 2],
			"to": [16, 2, 3],
			"rotation": {"angle": 0, "axis": "y", "origin": [16, 0, 1]},
			"faces": {
				"north": {"uv": [0, 0, 0, 2], "texture": "#1"},
				"east": {"uv": [9, 2, 10, 4], "texture": "#1"},
				"south": {"uv": [0, 0, 0, 2], "texture": "#1"},
				"west": {"uv": [3, 9, 4, 11], "texture": "#1"},
				"up": {"uv": [0, 1, 0, 0], "texture": "#1"},
				"down": {"uv": [0, 0, 0, 1], "texture": "#1"}
			}
		},
		{
			"from": [16, 0, 0],
			"to": [16, 2, 1],
			"rotation": {"angle": 0, "axis": "y", "origin": [16, 0, -1]},
			"faces": {
				"north": {"uv": [0, 0, 0, 2], "texture": "#1"},
				"east": {"uv": [4, 9, 5, 11], "texture": "#1"},
				"south": {"uv": [0, 0, 0, 2], "texture": "#1"},
				"west": {"uv": [9, 4, 10, 6], "texture": "#1"},
				"up": {"uv": [0, 1, 0, 0], "texture": "#1"},
				"down": {"uv": [0, 0, 0, 1], "texture": "#1"}
			}
		},
		{
			"from": [14, -1, 0],
			"to": [15, 2, 0],
			"rotation": {"angle": 0, "axis": "y", "origin": [14, 0, -1]},
			"faces": {
				"north": {"uv": [4, 0, 5, 3], "texture": "#1"},
				"east": {"uv": [0, 0, 0, 3], "texture": "#1"},
				"south": {"uv": [4, 3, 5, 6], "texture": "#1"},
				"west": {"uv": [0, 0, 0, 3], "texture": "#1"},
				"up": {"uv": [1, 0, 0, 0], "texture": "#1"},
				"down": {"uv": [1, 0, 0, 0], "texture": "#1"}
			}
		},
		{
			"from": [12, 1, 0],
			"to": [13, 2, 0],
			"rotation": {"angle": 0, "axis": "y", "origin": [12, 0, -1]},
			"faces": {
				"north": {"uv": [10, 10, 11, 11], "texture": "#1"},
				"east": {"uv": [0, 0, 0, 1], "texture": "#1"},
				"south": {"uv": [0, 11, 1, 12], "texture": "#1"},
				"west": {"uv": [0, 0, 0, 1], "texture": "#1"},
				"up": {"uv": [1, 0, 0, 0], "texture": "#1"},
				"down": {"uv": [1, 0, 0, 0], "texture": "#1"}
			}
		},
		{
			"from": [10, 0, 0],
			"to": [11, 2, 0],
			"rotation": {"angle": 0, "axis": "y", "origin": [10, 0, -1]},
			"faces": {
				"north": {"uv": [5, 9, 6, 11], "texture": "#1"},
				"east": {"uv": [0, 0, 0, 2], "texture": "#1"},
				"south": {"uv": [9, 6, 10, 8], "texture": "#1"},
				"west": {"uv": [0, 0, 0, 2], "texture": "#1"},
				"up": {"uv": [1, 0, 0, 0], "texture": "#1"},
				"down": {"uv": [1, 0, 0, 0], "texture": "#1"}
			}
		},
		{
			"from": [8, 0, 0],
			"to": [9, 2, 0],
			"rotation": {"angle": 0, "axis": "y", "origin": [8, 0, -1]},
			"faces": {
				"north": {"uv": [9, 8, 10, 10], "texture": "#1"},
				"east": {"uv": [0, 0, 0, 2], "texture": "#1"},
				"south": {"uv": [10, 0, 11, 2], "texture": "#1"},
				"west": {"uv": [0, 0, 0, 2], "texture": "#1"},
				"up": {"uv": [1, 0, 0, 0], "texture": "#1"},
				"down": {"uv": [1, 0, 0, 0], "texture": "#1"}
			}
		},
		{
			"from": [2, 0, 0],
			"to": [3, 2, 0],
			"rotation": {"angle": 0, "axis": "y", "origin": [2, 0, -1]},
			"faces": {
				"north": {"uv": [10, 2, 11, 4], "texture": "#1"},
				"east": {"uv": [0, 0, 0, 2], "texture": "#1"},
				"south": {"uv": [10, 4, 11, 6], "texture": "#1"},
				"west": {"uv": [0, 0, 0, 2], "texture": "#1"},
				"up": {"uv": [1, 0, 0, 0], "texture": "#1"},
				"down": {"uv": [1, 0, 0, 0], "texture": "#1"}
			}
		},
		{
			"from": [6, 1, 0],
			"to": [7, 2, 0],
			"rotation": {"angle": 0, "axis": "y", "origin": [6, 0, -1]},
			"faces": {
				"north": {"uv": [11, 0, 12, 1], "texture": "#1"},
				"east": {"uv": [0, 0, 0, 1], "texture": "#1"},
				"south": {"uv": [1, 11, 2, 12], "texture": "#1"},
				"west": {"uv": [0, 0, 0, 1], "texture": "#1"},
				"up": {"uv": [1, 0, 0, 0], "texture": "#1"},
				"down": {"uv": [1, 0, 0, 0], "texture": "#1"}
			}
		},
		{
			"from": [0, 1, 0],
			"to": [1, 2, 0],
			"rotation": {"angle": 0, "axis": "y", "origin": [0, 0, -1]},
			"faces": {
				"north": {"uv": [11, 1, 12, 2], "texture": "#1"},
				"east": {"uv": [0, 0, 0, 1], "texture": "#1"},
				"south": {"uv": [2, 11, 3, 12], "texture": "#1"},
				"west": {"uv": [0, 0, 0, 1], "texture": "#1"},
				"up": {"uv": [1, 0, 0, 0], "texture": "#1"},
				"down": {"uv": [1, 0, 0, 0], "texture": "#1"}
			}
		},
		{
			"from": [4, -1, 0],
			"to": [5, 2, 0],
			"rotation": {"angle": 0, "axis": "y", "origin": [4, 0, -1]},
			"faces": {
				"north": {"uv": [5, 0, 6, 3], "texture": "#1"},
				"east": {"uv": [0, 0, 0, 3], "texture": "#1"},
				"south": {"uv": [5, 3, 6, 6], "texture": "#1"},
				"west": {"uv": [0, 0, 0, 3], "texture": "#1"},
				"up": {"uv": [1, 0, 0, 0], "texture": "#1"},
				"down": {"uv": [1, 0, 0, 0], "texture": "#1"}
			}
		},
		{
			"from": [16, -1, 6],
			"to": [16, 2, 7],
			"rotation": {"angle": 0, "axis": "y", "origin": [16, 0, 5]},
			"faces": {
				"north": {"uv": [0, 0, 0, 3], "texture": "#1"},
				"east": {"uv": [0, 6, 1, 9], "texture": "#1"},
				"south": {"uv": [0, 0, 0, 3], "texture": "#1"},
				"west": {"uv": [6, 0, 7, 3], "texture": "#1"},
				"up": {"uv": [0, 1, 0, 0], "texture": "#1"},
				"down": {"uv": [0, 0, 0, 1], "texture": "#1"}
			}
		},
		{
			"from": [7, 1, 16],
			"to": [8, 2, 16],
			"rotation": {"angle": 0, "axis": "y", "origin": [8, 0, 15]},
			"faces": {
				"north": {"uv": [11, 2, 12, 3], "texture": "#1"},
				"east": {"uv": [0, 0, 0, 1], "texture": "#1"},
				"south": {"uv": [3, 11, 4, 12], "texture": "#1"},
				"west": {"uv": [0, 0, 0, 1], "texture": "#1"},
				"up": {"uv": [1, 0, 0, 0], "texture": "#1"},
				"down": {"uv": [1, 0, 0, 0], "texture": "#1"}
			}
		},
		{
			"from": [13, 1, 16],
			"to": [14, 2, 16],
			"rotation": {"angle": 0, "axis": "y", "origin": [14, 0, 15]},
			"faces": {
				"north": {"uv": [11, 3, 12, 4], "texture": "#1"},
				"east": {"uv": [0, 0, 0, 1], "texture": "#1"},
				"south": {"uv": [4, 11, 5, 12], "texture": "#1"},
				"west": {"uv": [0, 0, 0, 1], "texture": "#1"},
				"up": {"uv": [1, 0, 0, 0], "texture": "#1"},
				"down": {"uv": [1, 0, 0, 0], "texture": "#1"}
			}
		},
		{
			"from": [3, -1, 16],
			"to": [4, 2, 16],
			"rotation": {"angle": 0, "axis": "y", "origin": [4, 0, 15]},
			"faces": {
				"north": {"uv": [1, 6, 2, 9], "texture": "#1"},
				"east": {"uv": [0, 0, 0, 3], "texture": "#1"},
				"south": {"uv": [2, 6, 3, 9], "texture": "#1"},
				"west": {"uv": [0, 0, 0, 3], "texture": "#1"},
				"up": {"uv": [1, 0, 0, 0], "texture": "#1"},
				"down": {"uv": [1, 0, 0, 0], "texture": "#1"}
			}
		},
		{
			"from": [5, -1, 16],
			"to": [6, 2, 16],
			"rotation": {"angle": 0, "axis": "y", "origin": [6, 0, 15]},
			"faces": {
				"north": {"uv": [3, 6, 4, 9], "texture": "#1"},
				"east": {"uv": [0, 0, 0, 3], "texture": "#1"},
				"south": {"uv": [6, 3, 7, 6], "texture": "#1"},
				"west": {"uv": [0, 0, 0, 3], "texture": "#1"},
				"up": {"uv": [1, 0, 0, 0], "texture": "#1"},
				"down": {"uv": [1, 0, 0, 0], "texture": "#1"}
			}
		},
		{
			"from": [11, -1, 16],
			"to": [12, 2, 16],
			"rotation": {"angle": 0, "axis": "y", "origin": [12, 0, 15]},
			"faces": {
				"north": {"uv": [4, 6, 5, 9], "texture": "#1"},
				"east": {"uv": [0, 0, 0, 3], "texture": "#1"},
				"south": {"uv": [5, 6, 6, 9], "texture": "#1"},
				"west": {"uv": [0, 0, 0, 3], "texture": "#1"},
				"up": {"uv": [1, 0, 0, 0], "texture": "#1"},
				"down": {"uv": [1, 0, 0, 0], "texture": "#1"}
			}
		}
	],
	"display": {
		"thirdperson_righthand": {
			"translation": [0, 4, 0],
			"scale": [0.6, 0.6, 0.6]
		},
		"thirdperson_lefthand": {
			"translation": [0, 4, 0],
			"scale": [0.6, 0.6, 0.6]
		},
		"firstperson_righthand": {
			"translation": [0, 4.25, 0]
		},
		"firstperson_lefthand": {
			"translation": [0, 4.25, 0]
		},
		"ground": {
			"translation": [0, 7.25, 0]
		},
		"gui": {
			"rotation": [0, 39, 0],
			"translation": [0, 2.25, 0],
			"scale": [0.63, 0.82, 0.59]
		},
		"head": {
			"translation": [0, 13.75, 0],
			"scale": [1.31, 1.33, 1.43]
		},
		"fixed": {
			"rotation": [-90, 0, 0],
			"translation": [0, 0, -13.25],
			"scale": [1.78, 1.78, 1.78]
		}
	},
	"groups": [
		{
			"name": "group",
			"origin": [3, 0.5, -1],
			"color": 0,
			"children": [0, 1, 2, 3, 4, 5, 6, 7, 8, 9, 10, 11, 12, 13, 14, 15, 16, 17, 18, 19, 20, 21, 22, 23, 24, 25, 26, 27, 28, 29, 30, 31, 32]
		},
		33,
		34,
		35,
		36,
		37,
		38,
		39,
		40,
		41,
		42,
		43,
		44,
		45,
		46,
		47,
		48,
		49,
		50,
		51,
		52,
		53,
		54,
		55,
		56,
		57,
		58,
		59,
		60,
		61,
		62,
		63,
		64
	]
}