{
	"credit": "Made with Blockbench",
	"textures": {
		"0": "block/brown_terracotta",
		"1": "block/yellow_wool",
		"particle": "block/brown_terracotta"
	},
	"elements": [
		{
			"from": [7.5, 5, 5.5],
			"to": [8.5, 5.5, 10.5],
			"faces": {
				"north": {"uv": [4, 2.25, 4.25, 2.5], "texture": "#0"},
				"east": {"uv": [0, 6.5, 1.25, 6.75], "texture": "#0"},
				"south": {"uv": [4.25, 3.75, 4.5, 4], "texture": "#0"},
				"west": {"uv": [6.5, 3.75, 7.75, 4], "texture": "#0"},
				"up": {"uv": [4, 7.5, 3.75, 6.25], "texture": "#0"},
				"down": {"uv": [4.25, 6.25, 4, 7.5], "texture": "#0"}
			}
		},
		{
			"from": [11, -4.5, 3.5],
			"to": [14, -3.5, 12.5],
			"rotation": {"angle": 22.5, "axis": "z", "origin": [0, 0, 0]},
			"faces": {
				"north": {"uv": [6.5, 4.5, 7.25, 4.75], "texture": "#0"},
				"east": {"uv": [5.75, 2, 8, 2.25], "texture": "#0"},
				"south": {"uv": [6.5, 4.75, 7.25, 5], "texture": "#0"},
				"west": {"uv": [5.75, 3, 8, 3.25], "texture": "#0"},
				"up": {"uv": [3.75, 6.25, 3, 4], "texture": "#0"},
				"down": {"uv": [4.5, 4, 3.75, 6.25], "texture": "#0"}
			}
		},
		{
			"from": [12.05, 6.75, 4.25],
			"to": [13.05, 8.75, 11.75],
			"rotation": {"angle": -22.5, "axis": "z", "origin": [0, 0, 0]},
			"faces": {
				"north": {"uv": [4.25, 6.25, 4.5, 6.75], "texture": "#0"},
				"east": {"uv": [4.5, 3.75, 6.5, 4.25], "texture": "#0"},
				"south": {"uv": [1.25, 6.5, 1.5, 7], "texture": "#0"},
				"west": {"uv": [4.5, 4.25, 6.5, 4.75], "texture": "#0"},
				"up": {"uv": [5.25, 7.75, 5, 5.75], "texture": "#0"},
				"down": {"uv": [5.5, 5.75, 5.25, 7.75], "texture": "#0"}
			}
		},
		{
			"from": [14.3, 3, 5.25],
			"to": [15.3, 5, 10.75],
			"faces": {
				"north": {"uv": [0, 6.75, 0.25, 7.25], "texture": "#0"},
				"east": {"uv": [1.5, 5, 3, 5.5], "texture": "#0"},
				"south": {"uv": [0.25, 6.75, 0.5, 7.25], "texture": "#0"},
				"west": {"uv": [5.25, 0.5, 6.75, 1], "texture": "#0"},
				"up": {"uv": [6.25, 6.75, 6, 5.25], "texture": "#0"},
				"down": {"uv": [3.25, 6.25, 3, 7.75], "texture": "#0"}
			}
		},
		{
			"from": [2.95, 6.75, 4.25],
			"to": [3.95, 8.75, 11.75],
			"rotation": {"angle": 22.5, "axis": "z", "origin": [16, 0, 0]},
			"faces": {
				"north": {"uv": [0.5, 6.75, 0.75, 7.25], "texture": "#0"},
				"east": {"uv": [4.5, 4.75, 6.5, 5.25], "texture": "#0"},
				"south": {"uv": [6.75, 0.5, 7, 1], "texture": "#0"},
				"west": {"uv": [5.25, 0, 7.25, 0.5], "texture": "#0"},
				"up": {"uv": [5.75, 7.75, 5.5, 5.75], "texture": "#0"},
				"down": {"uv": [6, 5.75, 5.75, 7.75], "texture": "#0"}
			}
		},
		{
			"from": [2, -4.5, 3.5],
			"to": [5, -3.5, 12.5],
			"rotation": {"angle": -22.5, "axis": "z", "origin": [16, 0, 0]},
			"faces": {
				"north": {"uv": [6.5, 5, 7.25, 5.25], "texture": "#0"},
				"east": {"uv": [5.75, 3.25, 8, 3.5], "texture": "#0"},
				"south": {"uv": [6.25, 6.5, 7, 6.75], "texture": "#0"},
				"west": {"uv": [5.75, 3.5, 8, 3.75], "texture": "#0"},
				"up": {"uv": [0.75, 6.5, 0, 4.25], "texture": "#0"},
				"down": {"uv": [1.5, 4.25, 0.75, 6.5], "texture": "#0"}
			}
		},
		{
			"from": [0.7, 3, 5.25],
			"to": [1.7, 5, 10.75],
			"rotation": {"angle": 0, "axis": "y", "origin": [16, 0, 0]},
			"faces": {
				"north": {"uv": [0.75, 6.75, 1, 7.25], "texture": "#0"},
				"east": {"uv": [5.25, 1, 6.75, 1.5], "texture": "#0"},
				"south": {"uv": [1, 6.75, 1.25, 7.25], "texture": "#0"},
				"west": {"uv": [4.5, 5.25, 6, 5.75], "texture": "#0"},
				"up": {"uv": [3.5, 7.75, 3.25, 6.25], "texture": "#0"},
				"down": {"uv": [3.75, 6.25, 3.5, 7.75], "texture": "#0"}
			}
		},
		{
			"from": [4, 0, 3],
			"to": [12, 1, 13],
			"faces": {
				"north": {"uv": [6, 2.25, 8, 2.5], "texture": "#0"},
				"east": {"uv": [5.75, 1.5, 8.25, 1.75], "texture": "#0"},
				"south": {"uv": [6, 2.5, 8, 2.75], "texture": "#0"},
				"west": {"uv": [5.75, 1.75, 8.25, 2], "texture": "#0"},
				"up": {"uv": [2, 2.5, 0, 0], "texture": "#0"},
				"down": {"uv": [4, 0, 2, 2.5], "texture": "#0"}
			}
		},
		{
			"from": [5, 1, 4.5],
			"to": [11, 4, 11.5],
			"faces": {
				"north": {"uv": [1.5, 4.25, 3, 5], "texture": "#0"},
				"east": {"uv": [4, 1.5, 5.75, 2.25], "texture": "#0"},
				"south": {"uv": [4.25, 3, 5.75, 3.75], "texture": "#0"},
				"west": {"uv": [4.25, 2.25, 6, 3], "texture": "#0"},
				"up": {"uv": [1.5, 4.25, 0, 2.5], "texture": "#0"},
				"down": {"uv": [3, 2.5, 1.5, 4.25], "texture": "#0"}
			}
		},
		{
			"from": [5.5, 4, 5],
			"to": [10.5, 5, 11],
			"faces": {
				"north": {"uv": [6.5, 4, 7.75, 4.25], "texture": "#0"},
				"east": {"uv": [6, 2.75, 7.5, 3], "texture": "#0"},
				"south": {"uv": [6.5, 4.25, 7.75, 4.5], "texture": "#0"},
				"west": {"uv": [6.25, 5.25, 7.75, 5.5], "texture": "#0"},
				"up": {"uv": [4.25, 4, 3, 2.5], "texture": "#0"},
				"down": {"uv": [5.25, 0, 4, 1.5], "texture": "#0"}
			}
		},
		{
			"from": [8.5, 5, 5.25],
			"to": [10.25, 6, 10.75],
			"faces": {
				"north": {"uv": [6.75, 1, 7.25, 1.25], "texture": "#0"},
				"east": {"uv": [6.25, 5.5, 7.75, 5.75], "texture": "#0"},
				"south": {"uv": [6.75, 1.25, 7.25, 1.5], "texture": "#0"},
				"west": {"uv": [6.25, 5.75, 7.75, 6], "texture": "#0"},
				"up": {"uv": [2, 7, 1.5, 5.5], "texture": "#0"},
				"down": {"uv": [2.5, 5.5, 2, 7], "texture": "#0"}
			}
		},
		{
			"from": [5.75, 5, 5.25],
			"to": [7.5, 6, 10.75],
			"faces": {
				"north": {"uv": [6, 6.75, 6.5, 7], "texture": "#0"},
				"east": {"uv": [6.25, 6, 7.75, 6.25], "texture": "#0"},
				"south": {"uv": [6.5, 6.75, 7, 7], "texture": "#0"},
				"west": {"uv": [6.25, 6.25, 7.75, 6.5], "texture": "#0"},
				"up": {"uv": [3, 7, 2.5, 5.5], "texture": "#0"},
				"down": {"uv": [5, 5.75, 4.5, 7.25], "texture": "#0"}
			}
		},
		{
			"from": [4.75, 1, 4.25],
			"to": [11.25, 2, 11.75],
			"faces": {
				"north": {"uv": [7, 0, 14, 1], "texture": "#1"},
				"east": {"uv": [7, 1, 14, 2], "texture": "#1"},
				"south": {"uv": [7, 2, 14, 3], "texture": "#1"},
				"west": {"uv": [7, 3, 14, 4], "texture": "#1"},
				"up": {"uv": [7, 7, 0, 0], "texture": "#1"},
				"down": {"uv": [7, 7, 0, 14], "texture": "#1"}
			}
		}
	],
	"display": {
		"thirdperson_righthand": {
			"translation": [0, 7.75, 0]
		},
		"thirdperson_lefthand": {
			"translation": [0, 7.75, 0]
		},
		"firstperson_righthand": {
			"translation": [0, 8, 0]
		},
		"firstperson_lefthand": {
			"translation": [0, 8, 0]
		},
		"ground": {
			"translation": [0, 4, 0]
		},
		"gui": {
			"rotation": [12, 0, 0],
			"translation": [0, 3, 0]
		},
		"head": {
			"translation": [0, 19.25, 0],
			"scale": [1.65, 1.61, 2.12]
		},
		"fixed": {
			"rotation": [-90, 0, 0],
			"translation": [0, 0, -16.75],
			"scale": [2.12, 2.12, 2.12]
		}
	},
	"groups": [
		{
			"name": "group",
			"origin": [0, 0, 0],
			"color": 0,
			"children": [0, 1, 2, 3, 4, 5, 6, 7, 8, 9, 10, 11]
		},
		12
	]
}