{
	"credit": "Made with Blockbench",
	"textures": {
		"0": "block/black_concrete",
		"1": "block/netherite_block",
		"particle": "block/black_concrete"
	},
	"elements": [
		{
			"from": [6, 0, 1],
			"to": [6.5, 3.5, 2],
			"rotation": {"angle": 0, "axis": "y", "origin": [5.5, 1, 0]},
			"faces": {
				"north": {"uv": [4, 4, 4.5, 6], "texture": "#0"},
				"east": {"uv": [2, 4.5, 2.5, 6.5], "texture": "#0"},
				"south": {"uv": [2.5, 4.5, 3, 6.5], "texture": "#0"},
				"west": {"uv": [3, 4.5, 3.5, 6.5], "texture": "#0"},
				"up": {"uv": [4.5, 6.5, 4, 6], "texture": "#0"},
				"down": {"uv": [5, 6, 4.5, 6.5], "texture": "#0"}
			}
		},
		{
			"from": [1.5, 0.5, 1],
			"to": [2, 3.5, 2],
			"rotation": {"angle": 0, "axis": "y", "origin": [1, 1, 0]},
			"faces": {
				"north": {"uv": [6, 7, 6.5, 8.5], "texture": "#0"},
				"east": {"uv": [6.5, 7, 7, 8.5], "texture": "#0"},
				"south": {"uv": [7, 7, 7.5, 8.5], "texture": "#0"},
				"west": {"uv": [2, 7.5, 2.5, 9], "texture": "#0"},
				"up": {"uv": [8.5, 6.5, 8, 6], "texture": "#0"},
				"down": {"uv": [8.5, 6.5, 8, 7], "texture": "#0"}
			}
		},
		{
			"from": [1.5, 1.5, 2],
			"to": [2, 2.5, 12],
			"rotation": {"angle": 0, "axis": "y", "origin": [1, 0, 1]},
			"faces": {
				"north": {"uv": [8, 7, 8.5, 7.5], "texture": "#0"},
				"east": {"uv": [0, 3, 5, 3.5], "texture": "#0"},
				"south": {"uv": [7.5, 8, 8, 8.5], "texture": "#0"},
				"west": {"uv": [0, 3.5, 5, 4], "texture": "#0"},
				"up": {"uv": [0.5, 9, 0, 4], "texture": "#0"},
				"down": {"uv": [1, 4, 0.5, 9], "texture": "#0"}
			}
		},
		{
			"from": [1.5, 0, 12],
			"to": [2, 2, 13],
			"rotation": {"angle": 0, "axis": "y", "origin": [1, -0.5, 6]},
			"faces": {
				"north": {"uv": [5.5, 7.5, 6, 8.5], "texture": "#0"},
				"east": {"uv": [7.5, 5.5, 8, 6.5], "texture": "#0"},
				"south": {"uv": [7.5, 7, 8, 8], "texture": "#0"},
				"west": {"uv": [8, 1, 8.5, 2], "texture": "#0"},
				"up": {"uv": [8.5, 8, 8, 7.5], "texture": "#0"},
				"down": {"uv": [8.5, 8, 8, 8.5], "texture": "#0"}
			}
		},
		{
			"from": [14, 0, 12],
			"to": [14.5, 2, 13],
			"rotation": {"angle": 0, "axis": "y", "origin": [13.5, -0.5, 6]},
			"faces": {
				"north": {"uv": [8, 2, 8.5, 3], "texture": "#0"},
				"east": {"uv": [8, 3, 8.5, 4], "texture": "#0"},
				"south": {"uv": [8, 4, 8.5, 5], "texture": "#0"},
				"west": {"uv": [8, 5, 8.5, 6], "texture": "#0"},
				"up": {"uv": [9, 1.5, 8.5, 1], "texture": "#0"},
				"down": {"uv": [9, 1.5, 8.5, 2], "texture": "#0"}
			}
		},
		{
			"from": [8, 2.75, 1],
			"to": [9, 3, 2],
			"rotation": {"angle": 0, "axis": "y", "origin": [10, 2.75, 0]},
			"faces": {
				"north": {"uv": [8.5, 2, 9, 2.5], "texture": "#0"},
				"east": {"uv": [8.5, 2.5, 9, 3], "texture": "#0"},
				"south": {"uv": [8.5, 3, 9, 3.5], "texture": "#0"},
				"west": {"uv": [8.5, 3.5, 9, 4], "texture": "#0"},
				"up": {"uv": [9, 4.5, 8.5, 4], "texture": "#0"},
				"down": {"uv": [9, 4.5, 8.5, 5], "texture": "#0"}
			}
		},
		{
			"from": [9, 2.5, 1],
			"to": [9.5, 2.75, 2],
			"rotation": {"angle": 0, "axis": "y", "origin": [10.5, 2.5, 0]},
			"faces": {
				"north": {"uv": [8.5, 5, 9, 5.5], "texture": "#0"},
				"east": {"uv": [5.5, 8.5, 6, 9], "texture": "#0"},
				"south": {"uv": [8.5, 5.5, 9, 6], "texture": "#0"},
				"west": {"uv": [6, 8.5, 6.5, 9], "texture": "#0"},
				"up": {"uv": [9, 6.5, 8.5, 6], "texture": "#0"},
				"down": {"uv": [7, 8.5, 6.5, 9], "texture": "#0"}
			}
		},
		{
			"from": [9.5, 0, 1],
			"to": [10, 3.5, 2],
			"rotation": {"angle": 0, "axis": "y", "origin": [10.5, 1, 0]},
			"faces": {
				"north": {"uv": [3.5, 4.5, 4, 6.5], "texture": "#0"},
				"east": {"uv": [4.5, 4, 5, 6], "texture": "#0"},
				"south": {"uv": [5, 2.5, 5.5, 4.5], "texture": "#0"},
				"west": {"uv": [5, 4.5, 5.5, 6.5], "texture": "#0"},
				"up": {"uv": [9, 7, 8.5, 6.5], "texture": "#0"},
				"down": {"uv": [7.5, 8.5, 7, 9], "texture": "#0"}
			}
		},
		{
			"from": [10, 0, 1],
			"to": [14, 0.5, 2],
			"rotation": {"angle": 0, "axis": "y", "origin": [14, 0, 0]},
			"faces": {
				"north": {"uv": [5.5, 2.5, 7.5, 3], "texture": "#0"},
				"east": {"uv": [8.5, 7, 9, 7.5], "texture": "#0"},
				"south": {"uv": [5.5, 3, 7.5, 3.5], "texture": "#0"},
				"west": {"uv": [7.5, 8.5, 8, 9], "texture": "#0"},
				"up": {"uv": [7.5, 4, 5.5, 3.5], "texture": "#0"},
				"down": {"uv": [7.5, 4, 5.5, 4.5], "texture": "#0"}
			}
		},
		{
			"from": [10, 0.5, 1.5],
			"to": [14, 3, 1.75],
			"rotation": {"angle": 0, "axis": "y", "origin": [14, 2, 0]},
			"faces": {
				"north": {"uv": [5, 6, 9, 9], "texture": "#1"},
				"east": {"uv": [0, 8, 1, 11], "texture": "#1"},
				"south": {"uv": [5, 6, 9, 9], "texture": "#1"},
				"west": {"uv": [8, 0, 9, 3], "texture": "#1"},
				"up": {"uv": [4, 7, 0, 6], "texture": "#1"},
				"down": {"uv": [8, 6, 4, 7], "texture": "#1"}
			}
		},
		{
			"from": [10, 3, 1],
			"to": [14, 3.5, 2],
			"rotation": {"angle": 0, "axis": "y", "origin": [14, 3, 0]},
			"faces": {
				"north": {"uv": [5.5, 5.5, 7.5, 6], "texture": "#0"},
				"east": {"uv": [8.5, 7.5, 9, 8], "texture": "#0"},
				"south": {"uv": [6, 1, 8, 1.5], "texture": "#0"},
				"west": {"uv": [8, 8.5, 8.5, 9], "texture": "#0"},
				"up": {"uv": [8, 2, 6, 1.5], "texture": "#0"},
				"down": {"uv": [8, 2, 6, 2.5], "texture": "#0"}
			}
		},
		{
			"from": [14, 0.5, 1],
			"to": [14.5, 3.5, 2],
			"rotation": {"angle": 0, "axis": "y", "origin": [15, 1, 0]},
			"faces": {
				"north": {"uv": [3, 7.5, 3.5, 9], "texture": "#0"},
				"east": {"uv": [3.5, 7.5, 4, 9], "texture": "#0"},
				"south": {"uv": [4, 7.5, 4.5, 9], "texture": "#0"},
				"west": {"uv": [7.5, 4, 8, 5.5], "texture": "#0"},
				"up": {"uv": [9, 8.5, 8.5, 8], "texture": "#0"},
				"down": {"uv": [9, 8.5, 8.5, 9], "texture": "#0"}
			}
		},
		{
			"from": [14, 1.5, 2],
			"to": [14.5, 2.5, 12],
			"rotation": {"angle": 0, "axis": "y", "origin": [15, 0, 1]},
			"faces": {
				"north": {"uv": [0, 9, 0.5, 9.5], "texture": "#0"},
				"east": {"uv": [4, 0, 9, 0.5], "texture": "#0"},
				"south": {"uv": [9, 0, 9.5, 0.5], "texture": "#0"},
				"west": {"uv": [4, 0.5, 9, 1], "texture": "#0"},
				"up": {"uv": [1.5, 9, 1, 4], "texture": "#0"},
				"down": {"uv": [2, 4, 1.5, 9], "texture": "#0"}
			}
		},
		{
			"from": [6.5, 2.5, 1],
			"to": [7, 2.75, 2],
			"rotation": {"angle": 0, "axis": "y", "origin": [5.5, 2.5, 0]},
			"faces": {
				"north": {"uv": [0.5, 9, 1, 9.5], "texture": "#0"},
				"east": {"uv": [9, 0.5, 9.5, 1], "texture": "#0"},
				"south": {"uv": [1, 9, 1.5, 9.5], "texture": "#0"},
				"west": {"uv": [9, 1, 9.5, 1.5], "texture": "#0"},
				"up": {"uv": [2, 9.5, 1.5, 9], "texture": "#0"},
				"down": {"uv": [9.5, 1.5, 9, 2], "texture": "#0"}
			}
		},
		{
			"from": [7, 2.75, 1],
			"to": [8, 3, 2],
			"rotation": {"angle": 0, "axis": "y", "origin": [6, 2.75, 0]},
			"faces": {
				"north": {"uv": [2, 9, 2.5, 9.5], "texture": "#0"},
				"east": {"uv": [9, 2, 9.5, 2.5], "texture": "#0"},
				"south": {"uv": [2.5, 9, 3, 9.5], "texture": "#0"},
				"west": {"uv": [9, 2.5, 9.5, 3], "texture": "#0"},
				"up": {"uv": [3.5, 9.5, 3, 9], "texture": "#0"},
				"down": {"uv": [9.5, 3, 9, 3.5], "texture": "#0"}
			}
		},
		{
			"from": [2, 3, 1],
			"to": [6, 3.5, 2],
			"rotation": {"angle": 0, "axis": "y", "origin": [2, 3, 0]},
			"faces": {
				"north": {"uv": [5.5, 6, 7.5, 6.5], "texture": "#0"},
				"east": {"uv": [3.5, 9, 4, 9.5], "texture": "#0"},
				"south": {"uv": [2, 6.5, 4, 7], "texture": "#0"},
				"west": {"uv": [9, 3.5, 9.5, 4], "texture": "#0"},
				"up": {"uv": [6, 7, 4, 6.5], "texture": "#0"},
				"down": {"uv": [8, 6.5, 6, 7], "texture": "#0"}
			}
		},
		{
			"from": [2, 0.5, 1.5],
			"to": [6, 3, 1.75],
			"rotation": {"angle": 0, "axis": "y", "origin": [2, 2, 0]},
			"faces": {
				"north": {"uv": [6, 7, 10, 10], "texture": "#1"},
				"east": {"uv": [1, 8, 2, 11], "texture": "#1"},
				"south": {"uv": [6, 7, 10, 10], "texture": "#1"},
				"west": {"uv": [2, 8, 3, 11], "texture": "#1"},
				"up": {"uv": [4, 8, 0, 7], "texture": "#1"},
				"down": {"uv": [8, 7, 4, 8], "texture": "#1"}
			}
		},
		{
			"from": [2, 0, 1],
			"to": [6, 0.5, 2],
			"rotation": {"angle": 0, "axis": "y", "origin": [2, 0, 0]},
			"faces": {
				"north": {"uv": [4, 1, 6, 1.5], "texture": "#0"},
				"east": {"uv": [4, 2.5, 4.5, 3], "texture": "#0"},
				"south": {"uv": [4, 1.5, 6, 2], "texture": "#0"},
				"west": {"uv": [4.5, 2.5, 5, 3], "texture": "#0"},
				"up": {"uv": [4, 4.5, 2, 4], "texture": "#0"},
				"down": {"uv": [6, 2, 4, 2.5], "texture": "#0"}
			}
		}
	],
	"display": {
		"thirdperson_righthand": {
			"translation": [0, 3.5, 3.25],
			"scale": [0.5, 0.5, 0.5]
		},
		"thirdperson_lefthand": {
			"translation": [0, 3.5, 3.25],
			"scale": [0.5, 0.5, 0.5]
		},
		"firstperson_righthand": {
			"translation": [0, 3, 0]
		},
		"firstperson_lefthand": {
			"translation": [0, 3, 0]
		},
		"ground": {
			"translation": [0, 5.75, 0],
			"scale": [0.83, 0.8, 0.81]
		},
		"gui": {
			"rotation": [-21, 12, 0],
			"translation": [0.25, 6, 0]
		},
		"head": {
			"translation": [0, 7.5, 0],
			"scale": [1.2, 1.2, 1.2]
		},
		"fixed": {
			"rotation": [-90, 0, 0],
			"translation": [0, 0, -14.25],
			"scale": [1.69, 1.71, 1.71]
		}
	}
}