{
	"credit": "Made with Blockbench",
	"textures": {
		"0": "block/white_concrete",
		"1": "block/yellow_stained_glass",
		"particle": "block/ochre_froglight"
	},
	"elements": [
		{
			"from": [3, 0, 3],
			"to": [4, 1, 4],
			"faces": {
				"north": {"uv": [7.66667, 1, 8.66667, 2], "texture": "#0"},
				"east": {"uv": [5.33333, 14, 6.33333, 15], "texture": "#0"},
				"south": {"uv": [10.66667, 1, 11.66667, 2], "texture": "#0"},
				"west": {"uv": [5.66667, 1, 6.66667, 2], "texture": "#0"},
				"up": {"uv": [1, 1.33333, 2, 2.33333], "texture": "#0"},
				"down": {"uv": [1.66667, 1.66667, 2.66667, 2.66667], "texture": "#0"}
			}
		},
		{
			"from": [6, 0, 1],
			"to": [10, 1, 2],
			"faces": {
				"north": {"uv": [7.66667, 1, 11.66667, 2], "texture": "#0"},
				"east": {"uv": [5.33333, 14, 6.33333, 15], "texture": "#0"},
				"south": {"uv": [10.66667, 1, 14.66667, 2], "texture": "#0"},
				"west": {"uv": [5.66667, 1, 6.66667, 2], "texture": "#0"},
				"up": {"uv": [1, 1.33333, 5, 2.33333], "texture": "#0"},
				"down": {"uv": [1.66667, 1.66667, 5.66667, 2.66667], "texture": "#0"}
			}
		},
		{
			"from": [6, 0, 14],
			"to": [10, 1, 15],
			"faces": {
				"north": {"uv": [7.66667, 1, 11.66667, 2], "texture": "#0"},
				"east": {"uv": [5.33333, 14, 6.33333, 15], "texture": "#0"},
				"south": {"uv": [10.66667, 1, 14.66667, 2], "texture": "#0"},
				"west": {"uv": [5.66667, 1, 6.66667, 2], "texture": "#0"},
				"up": {"uv": [1, 1.33333, 5, 2.33333], "texture": "#0"},
				"down": {"uv": [1.66667, 1.66667, 5.66667, 2.66667], "texture": "#0"}
			}
		},
		{
			"from": [4, 0, 2],
			"to": [6, 1, 3],
			"faces": {
				"north": {"uv": [7.66667, 1, 9.66667, 2], "texture": "#0"},
				"east": {"uv": [5.33333, 14, 6.33333, 15], "texture": "#0"},
				"south": {"uv": [10.66667, 1, 12.66667, 2], "texture": "#0"},
				"west": {"uv": [5.66667, 1, 6.66667, 2], "texture": "#0"},
				"up": {"uv": [1, 1.33333, 3, 2.33333], "texture": "#0"},
				"down": {"uv": [1.66667, 1.66667, 3.66667, 2.66667], "texture": "#0"}
			}
		},
		{
			"from": [4, 0, 13],
			"to": [6, 1, 14],
			"faces": {
				"north": {"uv": [7.66667, 1, 9.66667, 2], "texture": "#0"},
				"east": {"uv": [5.33333, 14, 6.33333, 15], "texture": "#0"},
				"south": {"uv": [10.66667, 1, 12.66667, 2], "texture": "#0"},
				"west": {"uv": [5.66667, 1, 6.66667, 2], "texture": "#0"},
				"up": {"uv": [1, 1.33333, 3, 2.33333], "texture": "#0"},
				"down": {"uv": [1.66667, 1.66667, 3.66667, 2.66667], "texture": "#0"}
			}
		},
		{
			"from": [10, 0, 2],
			"to": [12, 1, 3],
			"faces": {
				"north": {"uv": [7.66667, 1, 9.66667, 2], "texture": "#0"},
				"east": {"uv": [5.33333, 14, 6.33333, 15], "texture": "#0"},
				"south": {"uv": [10.66667, 1, 12.66667, 2], "texture": "#0"},
				"west": {"uv": [5.66667, 1, 6.66667, 2], "texture": "#0"},
				"up": {"uv": [1, 1.33333, 3, 2.33333], "texture": "#0"},
				"down": {"uv": [1.66667, 1.66667, 3.66667, 2.66667], "texture": "#0"}
			}
		},
		{
			"from": [10, 0, 13],
			"to": [12, 1, 14],
			"faces": {
				"north": {"uv": [7.66667, 1, 9.66667, 2], "texture": "#0"},
				"east": {"uv": [5.33333, 14, 6.33333, 15], "texture": "#0"},
				"south": {"uv": [10.66667, 1, 12.66667, 2], "texture": "#0"},
				"west": {"uv": [5.66667, 1, 6.66667, 2], "texture": "#0"},
				"up": {"uv": [1, 1.33333, 3, 2.33333], "texture": "#0"},
				"down": {"uv": [1.66667, 1.66667, 3.66667, 2.66667], "texture": "#0"}
			}
		},
		{
			"from": [12, 0, 3],
			"to": [13, 1, 4],
			"faces": {
				"north": {"uv": [7.66667, 1, 8.66667, 2], "texture": "#0"},
				"east": {"uv": [5.33333, 14, 6.33333, 15], "texture": "#0"},
				"south": {"uv": [10.66667, 1, 11.66667, 2], "texture": "#0"},
				"west": {"uv": [5.66667, 1, 6.66667, 2], "texture": "#0"},
				"up": {"uv": [1, 1.33333, 2, 2.33333], "texture": "#0"},
				"down": {"uv": [1.66667, 1.66667, 2.66667, 2.66667], "texture": "#0"}
			}
		},
		{
			"from": [12, 0, 12],
			"to": [13, 1, 13],
			"faces": {
				"north": {"uv": [7.66667, 1, 8.66667, 2], "texture": "#0"},
				"east": {"uv": [5.33333, 14, 6.33333, 15], "texture": "#0"},
				"south": {"uv": [10.66667, 1, 11.66667, 2], "texture": "#0"},
				"west": {"uv": [5.66667, 1, 6.66667, 2], "texture": "#0"},
				"up": {"uv": [1, 1.33333, 2, 2.33333], "texture": "#0"},
				"down": {"uv": [1.66667, 1.66667, 2.66667, 2.66667], "texture": "#0"}
			}
		},
		{
			"from": [3, 0, 12],
			"to": [4, 1, 13],
			"faces": {
				"north": {"uv": [7.66667, 1, 8.66667, 2], "texture": "#0"},
				"east": {"uv": [5.33333, 14, 6.33333, 15], "texture": "#0"},
				"south": {"uv": [10.66667, 1, 11.66667, 2], "texture": "#0"},
				"west": {"uv": [5.66667, 1, 6.66667, 2], "texture": "#0"},
				"up": {"uv": [1, 1.33333, 2, 2.33333], "texture": "#0"},
				"down": {"uv": [1.66667, 1.66667, 2.66667, 2.66667], "texture": "#0"}
			}
		},
		{
			"from": [2, 0, 4],
			"to": [3, 1, 6],
			"faces": {
				"north": {"uv": [7.66667, 1, 8.66667, 2], "texture": "#0"},
				"east": {"uv": [5.33333, 14, 7.33333, 15], "texture": "#0"},
				"south": {"uv": [10.66667, 1, 11.66667, 2], "texture": "#0"},
				"west": {"uv": [5.66667, 1, 7.66667, 2], "texture": "#0"},
				"up": {"uv": [1, 1.33333, 2, 3.33333], "texture": "#0"},
				"down": {"uv": [1.66667, 1.66667, 2.66667, 3.66667], "texture": "#0"}
			}
		},
		{
			"from": [2, 0, 10],
			"to": [3, 1, 12],
			"faces": {
				"north": {"uv": [7.66667, 1, 8.66667, 2], "texture": "#0"},
				"east": {"uv": [5.33333, 14, 7.33333, 15], "texture": "#0"},
				"south": {"uv": [10.66667, 1, 11.66667, 2], "texture": "#0"},
				"west": {"uv": [5.66667, 1, 7.66667, 2], "texture": "#0"},
				"up": {"uv": [1, 1.33333, 2, 3.33333], "texture": "#0"},
				"down": {"uv": [1.66667, 1.66667, 2.66667, 3.66667], "texture": "#0"}
			}
		},
		{
			"from": [13, 0, 4],
			"to": [14, 1, 6],
			"faces": {
				"north": {"uv": [7.66667, 1, 8.66667, 2], "texture": "#0"},
				"east": {"uv": [5.33333, 14, 7.33333, 15], "texture": "#0"},
				"south": {"uv": [10.66667, 1, 11.66667, 2], "texture": "#0"},
				"west": {"uv": [5.66667, 1, 7.66667, 2], "texture": "#0"},
				"up": {"uv": [1, 1.33333, 2, 3.33333], "texture": "#0"},
				"down": {"uv": [1.66667, 1.66667, 2.66667, 3.66667], "texture": "#0"}
			}
		},
		{
			"from": [13, 0, 10],
			"to": [14, 1, 12],
			"faces": {
				"north": {"uv": [7.66667, 1, 8.66667, 2], "texture": "#0"},
				"east": {"uv": [5.33333, 14, 7.33333, 15], "texture": "#0"},
				"south": {"uv": [10.66667, 1, 11.66667, 2], "texture": "#0"},
				"west": {"uv": [5.66667, 1, 7.66667, 2], "texture": "#0"},
				"up": {"uv": [1, 1.33333, 2, 3.33333], "texture": "#0"},
				"down": {"uv": [1.66667, 1.66667, 2.66667, 3.66667], "texture": "#0"}
			}
		},
		{
			"from": [14, 0, 6],
			"to": [15, 1, 10],
			"faces": {
				"north": {"uv": [7.66667, 1, 8.66667, 2], "texture": "#0"},
				"east": {"uv": [5.33333, 14, 9.33333, 15], "texture": "#0"},
				"south": {"uv": [10.66667, 1, 11.66667, 2], "texture": "#0"},
				"west": {"uv": [5.66667, 1, 9.66667, 2], "texture": "#0"},
				"up": {"uv": [1, 1.33333, 2, 5.33333], "texture": "#0"},
				"down": {"uv": [1.66667, 1.66667, 2.66667, 5.66667], "texture": "#0"}
			}
		},
		{
			"from": [1, 0, 6],
			"to": [2, 1, 10],
			"faces": {
				"north": {"uv": [7.66667, 1, 8.66667, 2], "texture": "#0"},
				"east": {"uv": [5.33333, 14, 9.33333, 15], "texture": "#0"},
				"south": {"uv": [10.66667, 1, 11.66667, 2], "texture": "#0"},
				"west": {"uv": [5.66667, 1, 9.66667, 2], "texture": "#0"},
				"up": {"uv": [1, 1.33333, 2, 5.33333], "texture": "#0"},
				"down": {"uv": [1.66667, 1.66667, 2.66667, 5.66667], "texture": "#0"}
			}
		},
		{
			"from": [5.75, -0.25, 13.75],
			"to": [10.25, 1.25, 15.25],
			"faces": {
				"north": {"uv": [7.66667, 1, 11.66667, 2], "texture": "#1"},
				"east": {"uv": [5.33333, 14, 6.33333, 15], "texture": "#1"},
				"south": {"uv": [10.66667, 1, 14.66667, 2], "texture": "#1"},
				"west": {"uv": [5.66667, 1, 6.66667, 2], "texture": "#1"},
				"up": {"uv": [1, 1.33333, 5, 2.33333], "texture": "#1"},
				"down": {"uv": [1.66667, 1.66667, 5.66667, 2.66667], "texture": "#1"}
			}
		},
		{
			"from": [5.75, -0.25, 0.75],
			"to": [10.25, 1.25, 2.25],
			"faces": {
				"north": {"uv": [7.66667, 1, 11.66667, 2], "texture": "#1"},
				"east": {"uv": [5.33333, 14, 6.33333, 15], "texture": "#1"},
				"south": {"uv": [10.66667, 1, 14.66667, 2], "texture": "#1"},
				"west": {"uv": [5.66667, 1, 6.66667, 2], "texture": "#1"},
				"up": {"uv": [1, 1.33333, 5, 2.33333], "texture": "#1"},
				"down": {"uv": [1.66667, 1.66667, 5.66667, 2.66667], "texture": "#1"}
			}
		},
		{
			"from": [9.75, -0.25, 12.75],
			"to": [12.25, 1.25, 14.25],
			"faces": {
				"north": {"uv": [7.66667, 1, 9.66667, 2], "texture": "#1"},
				"east": {"uv": [5.33333, 14, 6.33333, 15], "texture": "#1"},
				"south": {"uv": [10.66667, 1, 12.66667, 2], "texture": "#1"},
				"west": {"uv": [5.66667, 1, 6.66667, 2], "texture": "#1"},
				"up": {"uv": [1, 1.33333, 3, 2.33333], "texture": "#1"},
				"down": {"uv": [1.66667, 1.66667, 3.66667, 2.66667], "texture": "#1"}
			}
		},
		{
			"from": [9.75, -0.25, 1.75],
			"to": [12.25, 1.25, 3.25],
			"faces": {
				"north": {"uv": [7.66667, 1, 9.66667, 2], "texture": "#1"},
				"east": {"uv": [5.33333, 14, 6.33333, 15], "texture": "#1"},
				"south": {"uv": [10.66667, 1, 12.66667, 2], "texture": "#1"},
				"west": {"uv": [5.66667, 1, 6.66667, 2], "texture": "#1"},
				"up": {"uv": [1, 1.33333, 3, 2.33333], "texture": "#1"},
				"down": {"uv": [1.66667, 1.66667, 3.66667, 2.66667], "texture": "#1"}
			}
		},
		{
			"from": [3.75, -0.25, 12.75],
			"to": [6.25, 1.25, 14.25],
			"faces": {
				"north": {"uv": [7.66667, 1, 9.66667, 2], "texture": "#1"},
				"east": {"uv": [5.33333, 14, 6.33333, 15], "texture": "#1"},
				"south": {"uv": [10.66667, 1, 12.66667, 2], "texture": "#1"},
				"west": {"uv": [5.66667, 1, 6.66667, 2], "texture": "#1"},
				"up": {"uv": [1, 1.33333, 3, 2.33333], "texture": "#1"},
				"down": {"uv": [1.66667, 1.66667, 3.66667, 2.66667], "texture": "#1"}
			}
		},
		{
			"from": [3.75, -0.25, 1.75],
			"to": [6.25, 1.25, 3.25],
			"faces": {
				"north": {"uv": [7.66667, 1, 9.66667, 2], "texture": "#1"},
				"east": {"uv": [5.33333, 14, 6.33333, 15], "texture": "#1"},
				"south": {"uv": [10.66667, 1, 12.66667, 2], "texture": "#1"},
				"west": {"uv": [5.66667, 1, 6.66667, 2], "texture": "#1"},
				"up": {"uv": [1, 1.33333, 3, 2.33333], "texture": "#1"},
				"down": {"uv": [1.66667, 1.66667, 3.66667, 2.66667], "texture": "#1"}
			}
		},
		{
			"from": [11.75, -0.25, 11.75],
			"to": [13.25, 1.25, 13.25],
			"faces": {
				"north": {"uv": [7.66667, 1, 8.66667, 2], "texture": "#1"},
				"east": {"uv": [5.33333, 14, 6.33333, 15], "texture": "#1"},
				"south": {"uv": [10.66667, 1, 11.66667, 2], "texture": "#1"},
				"west": {"uv": [5.66667, 1, 6.66667, 2], "texture": "#1"},
				"up": {"uv": [1, 1.33333, 2, 2.33333], "texture": "#1"},
				"down": {"uv": [1.66667, 1.66667, 2.66667, 2.66667], "texture": "#1"}
			}
		},
		{
			"from": [2.75, -0.25, 11.75],
			"to": [4.25, 1.25, 13.25],
			"faces": {
				"north": {"uv": [7.66667, 1, 8.66667, 2], "texture": "#1"},
				"east": {"uv": [5.33333, 14, 6.33333, 15], "texture": "#1"},
				"south": {"uv": [10.66667, 1, 11.66667, 2], "texture": "#1"},
				"west": {"uv": [5.66667, 1, 6.66667, 2], "texture": "#1"},
				"up": {"uv": [1, 1.33333, 2, 2.33333], "texture": "#1"},
				"down": {"uv": [1.66667, 1.66667, 2.66667, 2.66667], "texture": "#1"}
			}
		},
		{
			"from": [11.75, -0.25, 2.75],
			"to": [13.25, 1.25, 4.25],
			"faces": {
				"north": {"uv": [7.66667, 1, 8.66667, 2], "texture": "#1"},
				"east": {"uv": [5.33333, 14, 6.33333, 15], "texture": "#1"},
				"south": {"uv": [10.66667, 1, 11.66667, 2], "texture": "#1"},
				"west": {"uv": [5.66667, 1, 6.66667, 2], "texture": "#1"},
				"up": {"uv": [1, 1.33333, 2, 2.33333], "texture": "#1"},
				"down": {"uv": [1.66667, 1.66667, 2.66667, 2.66667], "texture": "#1"}
			}
		},
		{
			"from": [2.75, -0.25, 2.75],
			"to": [4.25, 1.25, 4.25],
			"faces": {
				"north": {"uv": [7.66667, 1, 8.66667, 2], "texture": "#1"},
				"east": {"uv": [5.33333, 14, 6.33333, 15], "texture": "#1"},
				"south": {"uv": [10.66667, 1, 11.66667, 2], "texture": "#1"},
				"west": {"uv": [5.66667, 1, 6.66667, 2], "texture": "#1"},
				"up": {"uv": [1, 1.33333, 2, 2.33333], "texture": "#1"},
				"down": {"uv": [1.66667, 1.66667, 2.66667, 2.66667], "texture": "#1"}
			}
		},
		{
			"from": [12.75, -0.25, 9.75],
			"to": [14.25, 1.25, 12.25],
			"faces": {
				"north": {"uv": [7.66667, 1, 8.66667, 2], "texture": "#1"},
				"east": {"uv": [5.33333, 14, 7.33333, 15], "texture": "#1"},
				"south": {"uv": [10.66667, 1, 11.66667, 2], "texture": "#1"},
				"west": {"uv": [5.66667, 1, 7.66667, 2], "texture": "#1"},
				"up": {"uv": [1, 1.33333, 2, 3.33333], "texture": "#1"},
				"down": {"uv": [1.66667, 1.66667, 2.66667, 3.66667], "texture": "#1"}
			}
		},
		{
			"from": [12.75, -0.25, 3.75],
			"to": [14.25, 1.25, 6.25],
			"faces": {
				"north": {"uv": [7.66667, 1, 8.66667, 2], "texture": "#1"},
				"east": {"uv": [5.33333, 14, 7.33333, 15], "texture": "#1"},
				"south": {"uv": [10.66667, 1, 11.66667, 2], "texture": "#1"},
				"west": {"uv": [5.66667, 1, 7.66667, 2], "texture": "#1"},
				"up": {"uv": [1, 1.33333, 2, 3.33333], "texture": "#1"},
				"down": {"uv": [1.66667, 1.66667, 2.66667, 3.66667], "texture": "#1"}
			}
		},
		{
			"from": [1.75, -0.25, 9.75],
			"to": [3.25, 1.25, 12.25],
			"faces": {
				"north": {"uv": [7.66667, 1, 8.66667, 2], "texture": "#1"},
				"east": {"uv": [5.33333, 14, 7.33333, 15], "texture": "#1"},
				"south": {"uv": [10.66667, 1, 11.66667, 2], "texture": "#1"},
				"west": {"uv": [5.66667, 1, 7.66667, 2], "texture": "#1"},
				"up": {"uv": [1, 1.33333, 2, 3.33333], "texture": "#1"},
				"down": {"uv": [1.66667, 1.66667, 2.66667, 3.66667], "texture": "#1"}
			}
		},
		{
			"from": [1.75, -0.25, 3.75],
			"to": [3.25, 1.25, 6.25],
			"faces": {
				"north": {"uv": [7.66667, 1, 8.66667, 2], "texture": "#1"},
				"east": {"uv": [5.33333, 14, 7.33333, 15], "texture": "#1"},
				"south": {"uv": [10.66667, 1, 11.66667, 2], "texture": "#1"},
				"west": {"uv": [5.66667, 1, 7.66667, 2], "texture": "#1"},
				"up": {"uv": [1, 1.33333, 2, 3.33333], "texture": "#1"},
				"down": {"uv": [1.66667, 1.66667, 2.66667, 3.66667], "texture": "#1"}
			}
		},
		{
			"from": [0.75, -0.25, 5.75],
			"to": [2.25, 1.25, 10.25],
			"faces": {
				"north": {"uv": [7.66667, 1, 8.66667, 2], "texture": "#1"},
				"east": {"uv": [5.33333, 14, 9.33333, 15], "texture": "#1"},
				"south": {"uv": [10.66667, 1, 11.66667, 2], "texture": "#1"},
				"west": {"uv": [5.66667, 1, 9.66667, 2], "texture": "#1"},
				"up": {"uv": [1, 1.33333, 2, 5.33333], "texture": "#1"},
				"down": {"uv": [1.66667, 1.66667, 2.66667, 5.66667], "texture": "#1"}
			}
		},
		{
			"from": [13.75, -0.25, 5.75],
			"to": [15.25, 1.25, 10.25],
			"faces": {
				"north": {"uv": [7.66667, 1, 8.66667, 2], "texture": "#1"},
				"east": {"uv": [5.33333, 14, 9.33333, 15], "texture": "#1"},
				"south": {"uv": [10.66667, 1, 11.66667, 2], "texture": "#1"},
				"west": {"uv": [5.66667, 1, 9.66667, 2], "texture": "#1"},
				"up": {"uv": [1, 1.33333, 2, 5.33333], "texture": "#1"},
				"down": {"uv": [1.66667, 1.66667, 2.66667, 5.66667], "texture": "#1"}
			}
		}
	],
	"display": {
		"thirdperson_righthand": {
			"translation": [0, 4.25, 0],
			"scale": [0.5, 0.5, 0.5]
		},
		"thirdperson_lefthand": {
			"translation": [0, 4.25, 0],
			"scale": [0.5, 0.5, 0.5]
		},
		"firstperson_righthand": {
			"translation": [0, 8, 0]
		},
		"firstperson_lefthand": {
			"translation": [0, 8, 0]
		},
		"ground": {
			"translation": [0, 5.25, 0]
		},
		"gui": {
			"rotation": [-16, 0, 0],
			"translation": [0, 4.75, 0]
		},
		"head": {
			"translation": [0, 20, 0]
		},
		"fixed": {
			"rotation": [-90, 0, 0],
			"translation": [0, 0, -16.25],
			"scale": [2, 2, 2]
		}
	},
	"groups": [
		{
			"name": "group",
			"origin": [0, 0, 0],
			"color": 0,
			"children": [0, 1, 2, 3, 4, 5, 6, 7, 8, 9, 10, 11, 12, 13, 14, 15]
		},
		16,
		17,
		18,
		19,
		20,
		21,
		22,
		23,
		24,
		25,
		26,
		27,
		28,
		29,
		30,
		31
	]
}