{
	"credit": "Made with Blockbench",
	"textures": {
		"0": "block/cyan_concrete",
		"4": "block/amethyst_block",
		"5": "block/copper_block",
		"6": "block/kolonie",
		"particle": "block/cyan_concrete"
	},
	"elements": [
		{
			"from": [10, 1, 3],
			"to": [13, 5, 4],
			"rotation": {"angle": 0, "axis": "y", "origin": [7, 0, 3]},
			"faces": {
				"north": {"uv": [9, 2.5, 10.5, 4.5], "texture": "#0"},
				"east": {"uv": [0, 11, 0.5, 13], "texture": "#0"},
				"south": {"uv": [9.5, 7.5, 11, 9.5], "texture": "#0"},
				"west": {"uv": [0.5, 11, 1, 13], "texture": "#0"},
				"up": {"uv": [12.5, 9, 11, 8.5], "texture": "#0"},
				"down": {"uv": [12.5, 9, 11, 9.5], "texture": "#0"}
			}
		},
		{
			"from": [11, 0, 3],
			"to": [13, 1, 4],
			"rotation": {"angle": 0, "axis": "y", "origin": [7, -4, 3]},
			"faces": {
				"north": {"uv": [12, 1, 13, 1.5], "texture": "#0"},
				"east": {"uv": [12.5, 8.5, 13, 9], "texture": "#0"},
				"south": {"uv": [12, 1.5, 13, 2], "texture": "#0"},
				"west": {"uv": [12.5, 9, 13, 9.5], "texture": "#0"},
				"up": {"uv": [3, 12.5, 2, 12], "texture": "#0"},
				"down": {"uv": [13, 2, 12, 2.5], "texture": "#0"}
			}
		},
		{
			"from": [10.5, 0, 3],
			"to": [11, 1, 4],
			"rotation": {"angle": 0, "axis": "y", "origin": [5, -4, 3]},
			"faces": {
				"north": {"uv": [9.5, 12.5, 10, 13], "texture": "#0"},
				"east": {"uv": [10, 12.5, 10.5, 13], "texture": "#0"},
				"south": {"uv": [10.5, 12.5, 11, 13], "texture": "#0"},
				"west": {"uv": [11, 12.5, 11.5, 13], "texture": "#0"},
				"up": {"uv": [13, 11.5, 12.5, 11], "texture": "#0"},
				"down": {"uv": [12, 12.5, 11.5, 13], "texture": "#0"}
			}
		},
		{
			"from": [10, 0.5, 3],
			"to": [10.5, 1, 4],
			"rotation": {"angle": 0, "axis": "y", "origin": [4.5, -4, 3]},
			"faces": {
				"north": {"uv": [12, 12.5, 12.5, 13], "texture": "#0"},
				"east": {"uv": [12.5, 12, 13, 12.5], "texture": "#0"},
				"south": {"uv": [12.5, 12.5, 13, 13], "texture": "#0"},
				"west": {"uv": [0, 13, 0.5, 13.5], "texture": "#0"},
				"up": {"uv": [1, 13.5, 0.5, 13], "texture": "#0"},
				"down": {"uv": [13.5, 0.5, 13, 1], "texture": "#0"}
			}
		},
		{
			"from": [3, 0, 3],
			"to": [6, 5, 4],
			"rotation": {"angle": 0, "axis": "y", "origin": [0, 0, 3]},
			"faces": {
				"north": {"uv": [8, 7.5, 9.5, 10], "texture": "#0"},
				"east": {"uv": [5.5, 10.5, 6, 13], "texture": "#0"},
				"south": {"uv": [9, 0, 10.5, 2.5], "texture": "#0"},
				"west": {"uv": [6, 10.5, 6.5, 13], "texture": "#0"},
				"up": {"uv": [11, 12, 9.5, 11.5], "texture": "#0"},
				"down": {"uv": [13, 10.5, 11.5, 11], "texture": "#0"}
			}
		},
		{
			"from": [8, 3, 3],
			"to": [10, 5, 4],
			"rotation": {"angle": 0, "axis": "y", "origin": [4, 0, 3]},
			"faces": {
				"north": {"uv": [11, 0.5, 12, 1.5], "texture": "#0"},
				"east": {"uv": [12, 2.5, 12.5, 3.5], "texture": "#0"},
				"south": {"uv": [1, 11, 2, 12], "texture": "#0"},
				"west": {"uv": [3, 12, 3.5, 13], "texture": "#0"},
				"up": {"uv": [13, 4, 12, 3.5], "texture": "#0"},
				"down": {"uv": [13, 4, 12, 4.5], "texture": "#0"}
			}
		},
		{
			"from": [9, 2.5, 3],
			"to": [9.5, 2.75, 4],
			"rotation": {"angle": 0, "axis": "y", "origin": [3.5, -2.25, 3]},
			"faces": {
				"north": {"uv": [1, 13, 1.5, 13.5], "texture": "#0"},
				"east": {"uv": [13, 1, 13.5, 1.5], "texture": "#0"},
				"south": {"uv": [1.5, 13, 2, 13.5], "texture": "#0"},
				"west": {"uv": [13, 1.5, 13.5, 2], "texture": "#0"},
				"up": {"uv": [2.5, 13.5, 2, 13], "texture": "#0"},
				"down": {"uv": [13.5, 2, 13, 2.5], "texture": "#0"}
			}
		},
		{
			"from": [8.5, 2.75, 3],
			"to": [9.5, 3, 4],
			"rotation": {"angle": 0, "axis": "y", "origin": [3.5, -2, 3]},
			"faces": {
				"north": {"uv": [2.5, 13, 3, 13.5], "texture": "#0"},
				"east": {"uv": [3, 13, 3.5, 13.5], "texture": "#0"},
				"south": {"uv": [3.5, 13, 4, 13.5], "texture": "#0"},
				"west": {"uv": [13, 3.5, 13.5, 4], "texture": "#0"},
				"up": {"uv": [13.5, 4.5, 13, 4], "texture": "#0"},
				"down": {"uv": [6, 13, 5.5, 13.5], "texture": "#0"}
			}
		},
		{
			"from": [9.5, 2, 3],
			"to": [10, 3, 4],
			"rotation": {"angle": 0, "axis": "y", "origin": [4, -2, 3]},
			"faces": {
				"north": {"uv": [6, 13, 6.5, 13.5], "texture": "#0"},
				"east": {"uv": [6.5, 13, 7, 13.5], "texture": "#0"},
				"south": {"uv": [7, 13, 7.5, 13.5], "texture": "#0"},
				"west": {"uv": [7.5, 13, 8, 13.5], "texture": "#0"},
				"up": {"uv": [8.5, 13.5, 8, 13], "texture": "#0"},
				"down": {"uv": [13.5, 8, 13, 8.5], "texture": "#0"}
			}
		},
		{
			"from": [9.75, 1, 3],
			"to": [10, 2, 4],
			"rotation": {"angle": 0, "axis": "y", "origin": [4, -3, 3]},
			"faces": {
				"north": {"uv": [8.5, 13, 9, 13.5], "texture": "#0"},
				"east": {"uv": [13, 8.5, 13.5, 9], "texture": "#0"},
				"south": {"uv": [9, 13, 9.5, 13.5], "texture": "#0"},
				"west": {"uv": [13, 9, 13.5, 9.5], "texture": "#0"},
				"up": {"uv": [10, 13.5, 9.5, 13], "texture": "#0"},
				"down": {"uv": [10.5, 13, 10, 13.5], "texture": "#0"}
			}
		},
		{
			"from": [6, 1, 3],
			"to": [6.75, 3, 4],
			"rotation": {"angle": 0, "axis": "y", "origin": [2, -2, 3]},
			"faces": {
				"north": {"uv": [3.5, 12, 4, 13], "texture": "#0"},
				"east": {"uv": [12, 5, 12.5, 6], "texture": "#0"},
				"south": {"uv": [12, 6, 12.5, 7], "texture": "#0"},
				"west": {"uv": [12, 7, 12.5, 8], "texture": "#0"},
				"up": {"uv": [13.5, 10.5, 13, 10], "texture": "#0"},
				"down": {"uv": [11, 13, 10.5, 13.5], "texture": "#0"}
			}
		},
		{
			"from": [6.75, 1.5, 3],
			"to": [7, 2.5, 4],
			"rotation": {"angle": 0, "axis": "y", "origin": [2.75, -2, 3]},
			"faces": {
				"north": {"uv": [13, 10.5, 13.5, 11], "texture": "#0"},
				"east": {"uv": [11, 13, 11.5, 13.5], "texture": "#0"},
				"south": {"uv": [13, 11, 13.5, 11.5], "texture": "#0"},
				"west": {"uv": [11.5, 13, 12, 13.5], "texture": "#0"},
				"up": {"uv": [13.5, 12, 13, 11.5], "texture": "#0"},
				"down": {"uv": [12.5, 13, 12, 13.5], "texture": "#0"}
			}
		},
		{
			"from": [6, 0.5, 3],
			"to": [6.5, 1, 4],
			"rotation": {"angle": 0, "axis": "y", "origin": [2, -4, 3]},
			"faces": {
				"north": {"uv": [13, 12, 13.5, 12.5], "texture": "#0"},
				"east": {"uv": [12.5, 13, 13, 13.5], "texture": "#0"},
				"south": {"uv": [13, 12.5, 13.5, 13], "texture": "#0"},
				"west": {"uv": [13, 13, 13.5, 13.5], "texture": "#0"},
				"up": {"uv": [0.5, 14, 0, 13.5], "texture": "#0"},
				"down": {"uv": [1, 13.5, 0.5, 14], "texture": "#0"}
			}
		},
		{
			"from": [7, 3.5, 3],
			"to": [8, 4, 4],
			"rotation": {"angle": 0, "axis": "y", "origin": [2, -1, 3]},
			"faces": {
				"north": {"uv": [13.5, 0.5, 14, 1], "texture": "#0"},
				"east": {"uv": [1, 13.5, 1.5, 14], "texture": "#0"},
				"south": {"uv": [13.5, 1, 14, 1.5], "texture": "#0"},
				"west": {"uv": [1.5, 13.5, 2, 14], "texture": "#0"},
				"up": {"uv": [14, 2, 13.5, 1.5], "texture": "#0"},
				"down": {"uv": [2.5, 13.5, 2, 14], "texture": "#0"}
			}
		},
		{
			"from": [6, 4, 3],
			"to": [8, 5, 4],
			"rotation": {"angle": 0, "axis": "y", "origin": [2, 0, 3]},
			"faces": {
				"north": {"uv": [12, 8, 13, 8.5], "texture": "#0"},
				"east": {"uv": [13.5, 2, 14, 2.5], "texture": "#0"},
				"south": {"uv": [9.5, 12, 10.5, 12.5], "texture": "#0"},
				"west": {"uv": [2.5, 13.5, 3, 14], "texture": "#0"},
				"up": {"uv": [13, 10.5, 12, 10], "texture": "#0"},
				"down": {"uv": [11.5, 12, 10.5, 12.5], "texture": "#0"}
			}
		},
		{
			"from": [6, 3, 3],
			"to": [6.5, 4, 4],
			"rotation": {"angle": 0, "axis": "y", "origin": [2, -1, 3]},
			"faces": {
				"north": {"uv": [13.5, 2.5, 14, 3], "texture": "#0"},
				"east": {"uv": [3, 13.5, 3.5, 14], "texture": "#0"},
				"south": {"uv": [13.5, 3, 14, 3.5], "texture": "#0"},
				"west": {"uv": [3.5, 13.5, 4, 14], "texture": "#0"},
				"up": {"uv": [14, 4, 13.5, 3.5], "texture": "#0"},
				"down": {"uv": [14, 4, 13.5, 4.5], "texture": "#0"}
			}
		},
		{
			"from": [3, 0, 12],
			"to": [13, 5, 13],
			"rotation": {"angle": 0, "axis": "y", "origin": [7, 0, 12]},
			"faces": {
				"north": {"uv": [4, 0, 9, 2.5], "texture": "#0"},
				"east": {"uv": [6.5, 10.5, 7, 13], "texture": "#0"},
				"south": {"uv": [4, 2.5, 9, 5], "texture": "#0"},
				"west": {"uv": [7, 10.5, 7.5, 13], "texture": "#0"},
				"up": {"uv": [14, 5, 9, 4.5], "texture": "#0"},
				"down": {"uv": [14.5, 9.5, 9.5, 10], "texture": "#0"}
			}
		},
		{
			"from": [4, 4, 4],
			"to": [12, 5, 12],
			"rotation": {"angle": 0, "axis": "y", "origin": [7, 1, 11]},
			"faces": {
				"north": {"uv": [4, 10, 8, 10.5], "texture": "#0"},
				"east": {"uv": [8, 10, 12, 10.5], "texture": "#0"},
				"south": {"uv": [0, 10.5, 4, 11], "texture": "#0"},
				"west": {"uv": [10.5, 0, 14.5, 0.5], "texture": "#0"},
				"up": {"uv": [4, 4, 0, 0], "texture": "#0"},
				"down": {"uv": [4, 4, 0, 8], "texture": "#0"}
			}
		},
		{
			"from": [3, 0, 4],
			"to": [4, 5, 12],
			"rotation": {"angle": 0, "axis": "y", "origin": [7, 0, 11]},
			"faces": {
				"north": {"uv": [7.5, 10.5, 8, 13], "texture": "#0"},
				"east": {"uv": [4, 5, 8, 7.5], "texture": "#0"},
				"south": {"uv": [8, 10.5, 8.5, 13], "texture": "#0"},
				"west": {"uv": [4, 7.5, 8, 10], "texture": "#0"},
				"up": {"uv": [11, 4.5, 10.5, 0.5], "texture": "#0"},
				"down": {"uv": [4.5, 10.5, 4, 14.5], "texture": "#0"}
			}
		},
		{
			"from": [12, 0, 4],
			"to": [13, 5, 12],
			"rotation": {"angle": 0, "axis": "y", "origin": [16, 0, 11]},
			"faces": {
				"north": {"uv": [8.5, 10.5, 9, 13], "texture": "#0"},
				"east": {"uv": [0, 8, 4, 10.5], "texture": "#0"},
				"south": {"uv": [9, 10.5, 9.5, 13], "texture": "#0"},
				"west": {"uv": [8, 5, 12, 7.5], "texture": "#0"},
				"up": {"uv": [5, 14.5, 4.5, 10.5], "texture": "#0"},
				"down": {"uv": [5.5, 10.5, 5, 14.5], "texture": "#0"}
			}
		},
		{
			"from": [5, 5, 5],
			"to": [7, 6.25, 7],
			"rotation": {"angle": 0, "axis": "y", "origin": [5, 5, 5]},
			"faces": {
				"north": {"uv": [11.5, 12, 12.5, 12.5], "texture": "#0"},
				"east": {"uv": [12, 11.5, 13, 12], "texture": "#0"},
				"south": {"uv": [1, 12.5, 2, 13], "texture": "#0"},
				"west": {"uv": [2, 12.5, 3, 13], "texture": "#0"},
				"up": {"uv": [12, 2.5, 11, 1.5], "texture": "#0"},
				"down": {"uv": [3, 11, 2, 12], "texture": "#0"}
			}
		},
		{
			"from": [9, 5, 5],
			"to": [11, 6.25, 7],
			"rotation": {"angle": 0, "axis": "y", "origin": [9, 5, 5]},
			"faces": {
				"north": {"uv": [12.5, 2.5, 13.5, 3], "texture": "#0"},
				"east": {"uv": [12.5, 3, 13.5, 3.5], "texture": "#0"},
				"south": {"uv": [12.5, 5, 13.5, 5.5], "texture": "#0"},
				"west": {"uv": [12.5, 5.5, 13.5, 6], "texture": "#0"},
				"up": {"uv": [12, 3.5, 11, 2.5], "texture": "#0"},
				"down": {"uv": [4, 11, 3, 12], "texture": "#0"}
			}
		},
		{
			"from": [9, 5, 9],
			"to": [11, 6.25, 11],
			"rotation": {"angle": 0, "axis": "y", "origin": [9, 5, 9]},
			"faces": {
				"north": {"uv": [12.5, 6, 13.5, 6.5], "texture": "#0"},
				"east": {"uv": [12.5, 6.5, 13.5, 7], "texture": "#0"},
				"south": {"uv": [12.5, 7, 13.5, 7.5], "texture": "#0"},
				"west": {"uv": [12.5, 7.5, 13.5, 8], "texture": "#0"},
				"up": {"uv": [12, 4.5, 11, 3.5], "texture": "#0"},
				"down": {"uv": [12, 7.5, 11, 8.5], "texture": "#0"}
			}
		},
		{
			"from": [5, 5, 9],
			"to": [7, 6.25, 11],
			"rotation": {"angle": 0, "axis": "y", "origin": [5, 5, 9]},
			"faces": {
				"north": {"uv": [11, 11.5, 12, 12], "texture": "#0"},
				"east": {"uv": [11.5, 11, 12.5, 11.5], "texture": "#0"},
				"south": {"uv": [12, 0.5, 13, 1], "texture": "#0"},
				"west": {"uv": [1, 12, 2, 12.5], "texture": "#0"},
				"up": {"uv": [10.5, 11.5, 9.5, 10.5], "texture": "#0"},
				"down": {"uv": [11.5, 10.5, 10.5, 11.5], "texture": "#0"}
			}
		},
		{
			"from": [10, 5.5, 2.75],
			"to": [11, 6, 3.5],
			"rotation": {"angle": 0, "axis": "y", "origin": [9, 5, 2.75]},
			"faces": {
				"north": {"uv": [2, 8, 3, 9], "texture": "#5"},
				"east": {"uv": [8, 2, 9, 3], "texture": "#5"},
				"south": {"uv": [3, 8, 4, 9], "texture": "#5"},
				"west": {"uv": [8, 3, 9, 4], "texture": "#5"},
				"up": {"uv": [5, 9, 4, 8], "texture": "#5"},
				"down": {"uv": [9, 4, 8, 5], "texture": "#5"}
			}
		},
		{
			"from": [9.75, 5, 2.75],
			"to": [11.25, 5.5, 3.75],
			"rotation": {"angle": 0, "axis": "y", "origin": [9, 5, 2.75]},
			"faces": {
				"north": {"uv": [0, 0, 2, 1], "texture": "#5"},
				"east": {"uv": [5, 8, 6, 9], "texture": "#5"},
				"south": {"uv": [0, 1, 2, 2], "texture": "#5"},
				"west": {"uv": [8, 5, 9, 6], "texture": "#5"},
				"up": {"uv": [2, 3, 0, 2], "texture": "#5"},
				"down": {"uv": [4, 0, 2, 1], "texture": "#5"}
			}
		},
		{
			"from": [5.75, 5, 2.85],
			"to": [7.25, 5.2, 3.65],
			"rotation": {"angle": 0, "axis": "y", "origin": [8, 5, 2.75]},
			"faces": {
				"north": {"uv": [6, 1, 8, 2], "texture": "#5"},
				"east": {"uv": [7, 10, 8, 11], "texture": "#5"},
				"south": {"uv": [2, 6, 4, 7], "texture": "#5"},
				"west": {"uv": [10, 7, 11, 8], "texture": "#5"},
				"up": {"uv": [8, 3, 6, 2], "texture": "#5"},
				"down": {"uv": [8, 3, 6, 4], "texture": "#5"}
			}
		},
		{
			"from": [5.4, 6.5, 2.75],
			"to": [5.55, 7, 3],
			"rotation": {"angle": 0, "axis": "y", "origin": [7, 6.5, 2.75]},
			"faces": {
				"north": {"uv": [11, 4, 12, 5], "texture": "#5"},
				"east": {"uv": [5, 11, 6, 12], "texture": "#5"},
				"south": {"uv": [11, 5, 12, 6], "texture": "#5"},
				"west": {"uv": [6, 11, 7, 12], "texture": "#5"},
				"up": {"uv": [12, 7, 11, 6], "texture": "#5"},
				"down": {"uv": [8, 11, 7, 12], "texture": "#5"}
			}
		},
		{
			"from": [5.25, 6, 2.75],
			"to": [5.75, 6.5, 3.25],
			"rotation": {"angle": 0, "axis": "y", "origin": [7, 6, 2.75]},
			"faces": {
				"north": {"uv": [11, 1, 12, 2], "texture": "#5"},
				"east": {"uv": [2, 11, 3, 12], "texture": "#5"},
				"south": {"uv": [11, 2, 12, 3], "texture": "#5"},
				"west": {"uv": [3, 11, 4, 12], "texture": "#5"},
				"up": {"uv": [12, 4, 11, 3], "texture": "#5"},
				"down": {"uv": [5, 11, 4, 12], "texture": "#5"}
			}
		},
		{
			"from": [5, 5.5, 2.75],
			"to": [6, 6, 3.5],
			"rotation": {"angle": 0, "axis": "y", "origin": [7, 5, 2.75]},
			"faces": {
				"north": {"uv": [9, 10, 10, 11], "texture": "#5"},
				"east": {"uv": [10, 9, 11, 10], "texture": "#5"},
				"south": {"uv": [10, 10, 11, 11], "texture": "#5"},
				"west": {"uv": [0, 11, 1, 12], "texture": "#5"},
				"up": {"uv": [12, 1, 11, 0], "texture": "#5"},
				"down": {"uv": [2, 11, 1, 12], "texture": "#5"}
			}
		},
		{
			"from": [4.75, 5, 2.75],
			"to": [6.25, 5.5, 3.75],
			"rotation": {"angle": 0, "axis": "y", "origin": [7, 5, 2.75]},
			"faces": {
				"north": {"uv": [4, 6, 6, 7], "texture": "#5"},
				"east": {"uv": [8, 10, 9, 11], "texture": "#5"},
				"south": {"uv": [6, 4, 8, 5], "texture": "#5"},
				"west": {"uv": [10, 8, 11, 9], "texture": "#5"},
				"up": {"uv": [8, 6, 6, 5], "texture": "#5"},
				"down": {"uv": [8, 6, 6, 7], "texture": "#5"}
			}
		},
		{
			"from": [8.75, 5, 2.85],
			"to": [10.25, 5.2, 3.65],
			"rotation": {"angle": 0, "axis": "y", "origin": [8, 5, 2.75]},
			"faces": {
				"north": {"uv": [2, 1, 4, 2], "texture": "#5"},
				"east": {"uv": [9, 0, 10, 1], "texture": "#5"},
				"south": {"uv": [2, 2, 4, 3], "texture": "#5"},
				"west": {"uv": [1, 9, 2, 10], "texture": "#5"},
				"up": {"uv": [2, 4, 0, 3], "texture": "#5"},
				"down": {"uv": [4, 3, 2, 4], "texture": "#5"}
			}
		},
		{
			"from": [7, 5, 2.75],
			"to": [9, 6, 3.75],
			"rotation": {"angle": 0, "axis": "y", "origin": [7, 5, 2.75]},
			"faces": {
				"north": {"uv": [0, 4, 2, 5], "texture": "#5"},
				"east": {"uv": [9, 1, 10, 2], "texture": "#5"},
				"south": {"uv": [4, 0, 6, 1], "texture": "#5"},
				"west": {"uv": [2, 9, 3, 10], "texture": "#5"},
				"up": {"uv": [6, 2, 4, 1], "texture": "#5"},
				"down": {"uv": [4, 4, 2, 5], "texture": "#5"}
			}
		},
		{
			"from": [7.25, 6, 2.75],
			"to": [8.75, 6.5, 3.5],
			"rotation": {"angle": 0, "axis": "y", "origin": [7, 6, 2.75]},
			"faces": {
				"north": {"uv": [2, 5, 4, 6], "texture": "#5"},
				"east": {"uv": [9, 6, 10, 7], "texture": "#5"},
				"south": {"uv": [4, 5, 6, 6], "texture": "#5"},
				"west": {"uv": [7, 9, 8, 10], "texture": "#5"},
				"up": {"uv": [2, 7, 0, 6], "texture": "#5"},
				"down": {"uv": [8, 0, 6, 1], "texture": "#5"}
			}
		},
		{
			"from": [7.25, 4.75, 2.75],
			"to": [8.75, 5, 3.5],
			"rotation": {"angle": 0, "axis": "y", "origin": [7, 4.5, 2.75]},
			"faces": {
				"north": {"uv": [4, 2, 6, 3], "texture": "#5"},
				"east": {"uv": [9, 2, 10, 3], "texture": "#5"},
				"south": {"uv": [4, 3, 6, 4], "texture": "#5"},
				"west": {"uv": [3, 9, 4, 10], "texture": "#5"},
				"up": {"uv": [6, 5, 4, 4], "texture": "#5"},
				"down": {"uv": [2, 5, 0, 6], "texture": "#5"}
			}
		},
		{
			"from": [10, 4.75, 2.75],
			"to": [11, 5, 3.5],
			"rotation": {"angle": 0, "axis": "y", "origin": [9.5, 4.5, 2.75]},
			"faces": {
				"north": {"uv": [6, 8, 7, 9], "texture": "#5"},
				"east": {"uv": [8, 6, 9, 7], "texture": "#5"},
				"south": {"uv": [7, 8, 8, 9], "texture": "#5"},
				"west": {"uv": [8, 7, 9, 8], "texture": "#5"},
				"up": {"uv": [9, 9, 8, 8], "texture": "#5"},
				"down": {"uv": [1, 9, 0, 10], "texture": "#5"}
			}
		},
		{
			"from": [5, 4.75, 2.75],
			"to": [6, 5, 3.5],
			"rotation": {"angle": 0, "axis": "y", "origin": [4.5, 4.5, 2.75]},
			"faces": {
				"north": {"uv": [11, 7, 12, 8], "texture": "#5"},
				"east": {"uv": [8, 11, 9, 12], "texture": "#5"},
				"south": {"uv": [11, 8, 12, 9], "texture": "#5"},
				"west": {"uv": [9, 11, 10, 12], "texture": "#5"},
				"up": {"uv": [12, 10, 11, 9], "texture": "#5"},
				"down": {"uv": [11, 11, 10, 12], "texture": "#5"}
			}
		},
		{
			"from": [7.5, 4.5, 2.75],
			"to": [8.5, 4.75, 3.5],
			"rotation": {"angle": 0, "axis": "y", "origin": [7, 4.25, 2.75]},
			"faces": {
				"north": {"uv": [9, 3, 10, 4], "texture": "#5"},
				"east": {"uv": [4, 9, 5, 10], "texture": "#5"},
				"south": {"uv": [9, 4, 10, 5], "texture": "#5"},
				"west": {"uv": [5, 9, 6, 10], "texture": "#5"},
				"up": {"uv": [10, 6, 9, 5], "texture": "#5"},
				"down": {"uv": [7, 9, 6, 10], "texture": "#5"}
			}
		},
		{
			"from": [7.5, 6.5, 2.75],
			"to": [8.5, 7, 3.25],
			"rotation": {"angle": 0, "axis": "y", "origin": [7, 6.5, 2.75]},
			"faces": {
				"north": {"uv": [9, 7, 10, 8], "texture": "#5"},
				"east": {"uv": [8, 9, 9, 10], "texture": "#5"},
				"south": {"uv": [9, 8, 10, 9], "texture": "#5"},
				"west": {"uv": [9, 9, 10, 10], "texture": "#5"},
				"up": {"uv": [1, 11, 0, 10], "texture": "#5"},
				"down": {"uv": [11, 0, 10, 1], "texture": "#5"}
			}
		},
		{
			"from": [7.75, 7, 2.75],
			"to": [8.25, 7.5, 3],
			"rotation": {"angle": 0, "axis": "y", "origin": [7, 7, 2.75]},
			"faces": {
				"north": {"uv": [1, 10, 2, 11], "texture": "#5"},
				"east": {"uv": [10, 1, 11, 2], "texture": "#5"},
				"south": {"uv": [2, 10, 3, 11], "texture": "#5"},
				"west": {"uv": [10, 2, 11, 3], "texture": "#5"},
				"up": {"uv": [4, 11, 3, 10], "texture": "#5"},
				"down": {"uv": [11, 3, 10, 4], "texture": "#5"}
			}
		},
		{
			"from": [7.9, 7.5, 2.75],
			"to": [8.05, 8, 2.85],
			"rotation": {"angle": 0, "axis": "y", "origin": [7, 7.5, 2.75]},
			"faces": {
				"north": {"uv": [4, 10, 5, 11], "texture": "#5"},
				"east": {"uv": [10, 4, 11, 5], "texture": "#5"},
				"south": {"uv": [5, 10, 6, 11], "texture": "#5"},
				"west": {"uv": [10, 5, 11, 6], "texture": "#5"},
				"up": {"uv": [7, 11, 6, 10], "texture": "#5"},
				"down": {"uv": [11, 6, 10, 7], "texture": "#5"}
			}
		},
		{
			"from": [10.25, 6, 2.75],
			"to": [10.75, 6.5, 3.25],
			"rotation": {"angle": 0, "axis": "y", "origin": [9, 6, 2.75]},
			"faces": {
				"north": {"uv": [6, 7, 7, 8], "texture": "#5"},
				"east": {"uv": [7, 7, 8, 8], "texture": "#5"},
				"south": {"uv": [0, 8, 1, 9], "texture": "#5"},
				"west": {"uv": [8, 0, 9, 1], "texture": "#5"},
				"up": {"uv": [2, 9, 1, 8], "texture": "#5"},
				"down": {"uv": [9, 1, 8, 2], "texture": "#5"}
			}
		},
		{
			"from": [10.25, 5, 2.5],
			"to": [10.75, 5.5, 2.75],
			"rotation": {"angle": 0, "axis": "y", "origin": [9, 5, 2.25]},
			"faces": {
				"north": {"uv": [0, 0, 1, 1], "texture": "#4"},
				"east": {"uv": [0, 1, 1, 2], "texture": "#4"},
				"south": {"uv": [1, 0, 2, 1], "texture": "#4"},
				"west": {"uv": [1, 1, 2, 2], "texture": "#4"},
				"up": {"uv": [1, 3, 0, 2], "texture": "#4"},
				"down": {"uv": [3, 0, 2, 1], "texture": "#4"}
			}
		},
		{
			"from": [5.25, 5, 2.5],
			"to": [5.75, 5.5, 2.75],
			"rotation": {"angle": 0, "axis": "y", "origin": [4, 5, 2.25]},
			"faces": {
				"north": {"uv": [1, 2, 2, 3], "texture": "#4"},
				"east": {"uv": [2, 1, 3, 2], "texture": "#4"},
				"south": {"uv": [2, 2, 3, 3], "texture": "#4"},
				"west": {"uv": [0, 3, 1, 4], "texture": "#4"},
				"up": {"uv": [4, 1, 3, 0], "texture": "#4"},
				"down": {"uv": [2, 3, 1, 4], "texture": "#4"}
			}
		},
		{
			"from": [10.45, 6.5, 2.75],
			"to": [10.6, 7, 3],
			"rotation": {"angle": 0, "axis": "y", "origin": [9, 6.5, 2.75]},
			"faces": {
				"north": {"uv": [0, 7, 1, 8], "texture": "#5"},
				"east": {"uv": [1, 7, 2, 8], "texture": "#5"},
				"south": {"uv": [2, 7, 3, 8], "texture": "#5"},
				"west": {"uv": [3, 7, 4, 8], "texture": "#5"},
				"up": {"uv": [5, 8, 4, 7], "texture": "#5"},
				"down": {"uv": [6, 7, 5, 8], "texture": "#5"}
			}
		},
		{
			"from": [7.25, 5, 2.65],
			"to": [8.75, 6.5, 2.75],
			"rotation": {"angle": 0, "axis": "y", "origin": [5.75, 4.5, 2.65]},
			"faces": {
				"north": {"uv": [0, 0, 16, 16], "texture": "#6"},
				"east": {"uv": [0, 0, 0.1, 1.5], "texture": "#6"},
				"south": {"uv": [0, 0, 1.5, 1.5], "texture": "#6"},
				"west": {"uv": [0, 0, 0.1, 1.5], "texture": "#6"},
				"up": {"uv": [0, 0, 1.5, 0.1], "texture": "#6"},
				"down": {"uv": [0, 0, 1.5, 0.1], "texture": "#6"}
			}
		}
	],
	"display": {
		"thirdperson_righthand": {
			"translation": [0, 5.5, 0],
			"scale": [0.71, 0.71, 0.71]
		},
		"thirdperson_lefthand": {
			"translation": [0, 5.5, 0],
			"scale": [0.71, 0.71, 0.71]
		},
		"firstperson_righthand": {
			"translation": [0, 3.75, 0]
		},
		"firstperson_lefthand": {
			"translation": [0, 3.75, 0]
		},
		"ground": {
			"translation": [0, 5.75, 0]
		},
		"gui": {
			"rotation": [13, -148, 0],
			"translation": [0, 2.75, 0]
		},
		"head": {
			"translation": [0, 13.5, 0],
			"scale": [1.71, 1.71, 1.71]
		},
		"fixed": {
			"rotation": [-90, 0, 0],
			"translation": [0, 0, -17.75],
			"scale": [2.2, 2.2, 2.2]
		}
	}
}