{
	"credit": "Made with Blockbench",
	"texture_size": [8, 8],
	"textures": {
		"1": "block/cyan_terracotta",
		"3": "block/black_terracotta",
		"4": "block/gold_block",
		"5": "block/white_stained_glass",
		"6": "block/orange_wool",
		"particle": "block/cyan_terracotta"
	},
	"elements": [
		{
			"from": [4, 0, 2],
			"to": [12, 1.6, 4],
			"faces": {
				"north": {"uv": [0, 0, 4, 0.8], "texture": "#1"},
				"east": {"uv": [0, 0, 1, 0.8], "texture": "#1"},
				"south": {"uv": [0, 0, 4, 0.8], "texture": "#1"},
				"west": {"uv": [0, 0, 1, 0.8], "texture": "#1"},
				"up": {"uv": [0, 0, 4, 1], "texture": "#1"},
				"down": {"uv": [0, 0, 4, 1], "texture": "#1"}
			}
		},
		{
			"from": [4, 0, 12],
			"to": [12, 2, 16],
			"faces": {
				"north": {"uv": [0, 8, 8, 10], "texture": "#1"},
				"east": {"uv": [8, 2, 12, 4], "texture": "#1"},
				"south": {"uv": [8, 0, 16, 2], "texture": "#1"},
				"west": {"uv": [8, 4, 12, 6], "texture": "#1"},
				"up": {"uv": [8, 4, 0, 0], "texture": "#1"},
				"down": {"uv": [8, 4, 0, 8], "texture": "#1"}
			}
		},
		{
			"from": [2, 0, 1.7],
			"to": [4, 1, 15],
			"faces": {
				"north": {"uv": [0, 0, 1, 0.5], "texture": "#1"},
				"east": {"uv": [0, 0, 6.65, 0.5], "texture": "#1"},
				"south": {"uv": [0, 0, 1, 0.5], "texture": "#1"},
				"west": {"uv": [0, 0, 6.65, 0.5], "texture": "#1"},
				"up": {"uv": [0, 0, 1, 6.65], "texture": "#1"},
				"down": {"uv": [0, 0, 1, 6.65], "texture": "#1"}
			}
		},
		{
			"from": [12, 0, 1.6],
			"to": [14, 1, 15],
			"faces": {
				"north": {"uv": [0, 0, 1, 0.5], "texture": "#1"},
				"east": {"uv": [0, 0, 6.7, 0.5], "texture": "#1"},
				"south": {"uv": [0, 0, 1, 0.5], "texture": "#1"},
				"west": {"uv": [0, 0, 6.7, 0.5], "texture": "#1"},
				"up": {"uv": [0, 0, 1, 6.7], "texture": "#1"},
				"down": {"uv": [0, 0, 1, 6.7], "texture": "#1"}
			}
		},
		{
			"from": [3, 0, 3.6],
			"to": [4, 4.7, 13.4],
			"faces": {
				"north": {"uv": [0, 0, 1, 4.7], "texture": "#6"},
				"east": {"uv": [0, 0, 9.8, 4.7], "texture": "#6"},
				"south": {"uv": [0, 0, 1, 4.7], "texture": "#6"},
				"west": {"uv": [0, 0, 9.8, 4.7], "texture": "#6"},
				"up": {"uv": [0, 0, 1, 9.8], "texture": "#6"},
				"down": {"uv": [0, 0, 1, 9.8], "texture": "#6"}
			}
		},
		{
			"from": [12, 0, 3.5],
			"to": [13, 4.6, 13.5],
			"faces": {
				"north": {"uv": [0.5, 5, 1, 7.5], "texture": "#6"},
				"east": {"uv": [0, 0, 5, 2.5], "texture": "#6"},
				"south": {"uv": [1, 5, 1.5, 7.5], "texture": "#6"},
				"west": {"uv": [0, 2.5, 5, 5], "texture": "#6"},
				"up": {"uv": [0.5, 10, 0, 5], "texture": "#6"},
				"down": {"uv": [5.5, 0, 5, 5], "texture": "#6"}
			}
		},
		{
			"from": [12.9, 0, 4.4],
			"to": [13.4, 3.5, 12.7],
			"faces": {
				"north": {"uv": [0, 0, 0.5, 3.5], "texture": "#6"},
				"east": {"uv": [0, 0, 8.3, 3.5], "texture": "#6"},
				"south": {"uv": [0, 0, 0.5, 3.5], "texture": "#6"},
				"west": {"uv": [0, 0, 8.3, 3.5], "texture": "#6"},
				"up": {"uv": [0, 0, 0.5, 8.3], "texture": "#6"},
				"down": {"uv": [0, 0, 0.5, 8.3], "texture": "#6"}
			}
		},
		{
			"from": [2.6, 0, 4.4],
			"to": [3.1, 3.5, 12.7],
			"faces": {
				"north": {"uv": [0, 0, 0.5, 3.5], "texture": "#6"},
				"east": {"uv": [0, 0, 8.3, 3.5], "texture": "#6"},
				"south": {"uv": [0, 0, 0.5, 3.5], "texture": "#6"},
				"west": {"uv": [0, 0, 8.3, 3.5], "texture": "#6"},
				"up": {"uv": [0, 0, 0.5, 8.3], "texture": "#6"},
				"down": {"uv": [0, 0, 0.5, 8.3], "texture": "#6"}
			}
		},
		{
			"from": [4, 1.4, 3],
			"to": [12, 4.6, 14],
			"faces": {
				"north": {"uv": [0, 0, 8, 3.2], "texture": "#6"},
				"east": {"uv": [0, 0, 11, 3.2], "texture": "#6"},
				"south": {"uv": [0, 0, 8, 3.2], "texture": "#6"},
				"west": {"uv": [0, 0, 11, 3.2], "texture": "#6"},
				"up": {"uv": [0, 0, 8, 11], "texture": "#6"},
				"down": {"uv": [0, 0, 8, 11], "texture": "#6"}
			}
		},
		{
			"from": [4, 4.6, 3],
			"to": [12, 5.2, 13.95],
			"faces": {
				"north": {"uv": [0, 0, 8, 0.6], "texture": "#6"},
				"east": {"uv": [0, 0, 10.95, 0.6], "texture": "#6"},
				"south": {"uv": [0, 0, 8, 0.6], "texture": "#6"},
				"west": {"uv": [0, 0, 10.95, 0.6], "texture": "#6"},
				"up": {"uv": [0, 0, 8, 10.95], "texture": "#6"},
				"down": {"uv": [0, 0, 8, 10.95], "texture": "#6"}
			}
		},
		{
			"from": [5, 5.2, 3],
			"to": [11, 5.8, 13.95],
			"faces": {
				"north": {"uv": [0, 0, 6, 0.6], "texture": "#6"},
				"east": {"uv": [0, 0, 10.95, 0.6], "texture": "#6"},
				"south": {"uv": [0, 0, 6, 0.6], "texture": "#6"},
				"west": {"uv": [0, 0, 10.95, 0.6], "texture": "#6"},
				"up": {"uv": [0, 0, 6, 10.95], "texture": "#6"},
				"down": {"uv": [0, 0, 6, 10.95], "texture": "#6"}
			}
		},
		{
			"from": [7, 1.4, 2],
			"to": [9, 2.4, 3],
			"faces": {
				"north": {"uv": [0, 0, 2, 1], "texture": "#3"},
				"east": {"uv": [0, 0, 1, 1], "texture": "#3"},
				"south": {"uv": [0, 0, 2, 1], "texture": "#3"},
				"west": {"uv": [0, 0, 1, 1], "texture": "#3"},
				"up": {"uv": [0, 0, 2, 1], "texture": "#3"},
				"down": {"uv": [0, 0, 2, 1], "texture": "#3"}
			}
		},
		{
			"from": [7, 4.4, 2],
			"to": [9, 5.4, 3],
			"faces": {
				"north": {"uv": [0, 0, 2, 1], "texture": "#3"},
				"east": {"uv": [0, 0, 1, 1], "texture": "#3"},
				"south": {"uv": [0, 0, 2, 1], "texture": "#3"},
				"west": {"uv": [0, 0, 1, 1], "texture": "#3"},
				"up": {"uv": [0, 0, 2, 1], "texture": "#3"},
				"down": {"uv": [0, 0, 2, 1], "texture": "#3"}
			}
		},
		{
			"from": [6, 2.4, 2],
			"to": [7, 4.4, 3],
			"faces": {
				"north": {"uv": [0, 0, 1, 2], "texture": "#3"},
				"east": {"uv": [0, 0, 1, 2], "texture": "#3"},
				"south": {"uv": [0, 0, 1, 2], "texture": "#3"},
				"west": {"uv": [0, 0, 1, 2], "texture": "#3"},
				"up": {"uv": [0, 0, 1, 1], "texture": "#3"},
				"down": {"uv": [0, 0, 1, 1], "texture": "#3"}
			}
		},
		{
			"from": [6.2, 4.4, 2.2],
			"to": [7, 5.1, 3],
			"faces": {
				"north": {"uv": [0, 0, 1, 1], "texture": "#3"},
				"east": {"uv": [0, 1, 1, 2], "texture": "#3"},
				"south": {"uv": [1, 0, 2, 1], "texture": "#3"},
				"west": {"uv": [1, 1, 2, 2], "texture": "#3"},
				"up": {"uv": [1, 3, 0, 2], "texture": "#3"},
				"down": {"uv": [3, 0, 2, 1], "texture": "#3"}
			}
		},
		{
			"from": [9, 4.4, 2.2],
			"to": [9.8, 5.1, 3],
			"faces": {
				"north": {"uv": [0, 0, 0.8, 0.7], "texture": "#3"},
				"east": {"uv": [0, 0, 0.8, 0.7], "texture": "#3"},
				"south": {"uv": [0, 0, 0.8, 0.7], "texture": "#3"},
				"west": {"uv": [0, 0, 0.8, 0.7], "texture": "#3"},
				"up": {"uv": [0, 0, 0.8, 0.8], "texture": "#3"},
				"down": {"uv": [0, 0, 0.8, 0.8], "texture": "#3"}
			}
		},
		{
			"from": [9, 1.7, 2.2],
			"to": [9.8, 2.4, 3],
			"faces": {
				"north": {"uv": [0, 0, 0.8, 0.7], "texture": "#3"},
				"east": {"uv": [0, 0, 0.8, 0.7], "texture": "#3"},
				"south": {"uv": [0, 0, 0.8, 0.7], "texture": "#3"},
				"west": {"uv": [0, 0, 0.8, 0.7], "texture": "#3"},
				"up": {"uv": [0, 0, 0.8, 0.8], "texture": "#3"},
				"down": {"uv": [0, 0, 0.8, 0.8], "texture": "#3"}
			}
		},
		{
			"from": [6.2, 1.7, 2.2],
			"to": [7, 2.4, 3],
			"faces": {
				"north": {"uv": [0, 0, 0.8, 0.7], "texture": "#3"},
				"east": {"uv": [0, 0, 0.8, 0.7], "texture": "#3"},
				"south": {"uv": [0, 0, 0.8, 0.7], "texture": "#3"},
				"west": {"uv": [0, 0, 0.8, 0.7], "texture": "#3"},
				"up": {"uv": [0, 0, 0.8, 0.8], "texture": "#3"},
				"down": {"uv": [0, 0, 0.8, 0.8], "texture": "#3"}
			}
		},
		{
			"from": [9, 2.4, 2],
			"to": [10, 4.4, 3],
			"faces": {
				"north": {"uv": [0, 0, 1, 2], "texture": "#3"},
				"east": {"uv": [0, 0, 1, 2], "texture": "#3"},
				"south": {"uv": [0, 0, 1, 2], "texture": "#3"},
				"west": {"uv": [0, 0, 1, 2], "texture": "#3"},
				"up": {"uv": [0, 0, 1, 1], "texture": "#3"},
				"down": {"uv": [0, 0, 1, 1], "texture": "#3"}
			}
		},
		{
			"from": [4, 0, 0],
			"to": [12, 0.5, 2],
			"faces": {
				"north": {"uv": [0, 0, 4, 0.25], "texture": "#1"},
				"east": {"uv": [0, 0, 1, 0.25], "texture": "#1"},
				"south": {"uv": [0, 0, 4, 0.25], "texture": "#1"},
				"west": {"uv": [0, 0, 1, 0.25], "texture": "#1"},
				"up": {"uv": [0, 0, 4, 1], "texture": "#1"},
				"down": {"uv": [0, 0, 4, 1], "texture": "#1"}
			}
		},
		{
			"from": [3, 0, 1],
			"to": [12.8, 0.9, 2],
			"faces": {
				"north": {"uv": [0, 0, 4.9, 0.45], "texture": "#1"},
				"east": {"uv": [0, 0, 0.5, 0.45], "texture": "#1"},
				"south": {"uv": [0, 0, 4.9, 0.45], "texture": "#1"},
				"west": {"uv": [0, 0, 0.5, 0.45], "texture": "#1"},
				"up": {"uv": [0, 0, 4.9, 0.5], "texture": "#1"},
				"down": {"uv": [0, 0, 4.9, 0.5], "texture": "#1"}
			}
		},
		{
			"from": [7.1, 2.4, 2.8],
			"to": [9.1, 4.4, 3.2],
			"faces": {
				"north": {"uv": [0, 0, 2, 2], "texture": "#4"},
				"east": {"uv": [0, 0, 0.4, 2], "texture": "#4"},
				"south": {"uv": [0, 0, 2, 2], "texture": "#4"},
				"west": {"uv": [0, 0, 0.4, 2], "texture": "#4"},
				"up": {"uv": [0, 0, 2, 0.4], "texture": "#4"},
				"down": {"uv": [0, 0, 2, 0.4], "texture": "#4"}
			}
		},
		{
			"from": [7.1, 2.4, 2.6],
			"to": [9.1, 4.4, 2.7],
			"faces": {
				"north": {"uv": [0, 0, 2, 2], "texture": "#5"},
				"east": {"uv": [2, 0, 3, 2], "texture": "#5"},
				"south": {"uv": [0, 2, 2, 4], "texture": "#5"},
				"west": {"uv": [2, 2, 3, 4], "texture": "#5"},
				"up": {"uv": [5, 1, 3, 0], "texture": "#5"},
				"down": {"uv": [5, 1, 3, 2], "texture": "#5"}
			}
		}
	],
	"display": {
		"thirdperson_righthand": {
			"translation": [0, 5, 0],
			"scale": [0.5, 0.5, 0.5]
		},
		"thirdperson_lefthand": {
			"translation": [0, 4, 0],
			"scale": [0.5, 0.5, 0.5]
		},
		"firstperson_righthand": {
			"translation": [0, 5.5, 0]
		},
		"firstperson_lefthand": {
			"translation": [0, 6.25, 0]
		},
		"ground": {
			"translation": [0, 6.25, 0]
		},
		"gui": {
			"rotation": [-180, 0, 180],
			"translation": [-0.25, 5, 0]
		},
		"head": {
			"translation": [0, 14, 0],
			"scale": [1.5, 1.5, 1.5]
		},
		"fixed": {
			"rotation": [-90, 0, 0],
			"translation": [0, 1.25, -17.5],
			"scale": [2, 2, 2]
		}
	}
}