{
	"credit": "Made with Blockbench",
	"textures": {
		"0": "block/nether_wart_block",
		"1": "block/black_concrete_powder",
		"2": "block/netherite_block",
		"3": "block/black_terracotta",
		"particle": "block/nether_wart_block"
	},
	"elements": [
		{
			"from": [8, 25, 8],
			"to": [9, 29, 9],
			"rotation": {"angle": 0, "axis": "y", "origin": [7, 26, 7]},
			"faces": {
				"north": {"uv": [0, 0, 1, 4], "texture": "#3"},
				"east": {"uv": [1, 0, 2, 4], "texture": "#3"},
				"south": {"uv": [2, 0, 3, 4], "texture": "#3"},
				"west": {"uv": [3, 0, 4, 4], "texture": "#3"},
				"up": {"uv": [1, 5, 0, 4], "texture": "#3"},
				"down": {"uv": [5, 0, 4, 1], "texture": "#3"}
			}
		},
		{
			"from": [8.1, 14, 8.1],
			"to": [8.9, 24, 8.9],
			"rotation": {"angle": 0, "axis": "y", "origin": [7, 21, 7]},
			"faces": {
				"north": {"uv": [5.5, 2.5, 6, 7.5], "texture": "#2"},
				"east": {"uv": [6, 2.5, 6.5, 7.5], "texture": "#2"},
				"south": {"uv": [6.5, 0, 7, 5], "texture": "#2"},
				"west": {"uv": [3, 6.5, 3.5, 11.5], "texture": "#2"},
				"up": {"uv": [10, 6.5, 9.5, 6], "texture": "#2"},
				"down": {"uv": [10, 6.5, 9.5, 7], "texture": "#2"}
			}
		},
		{
			"from": [8.25, 8, 8.1],
			"to": [8.75, 14, 8.9],
			"rotation": {"angle": 0, "axis": "y", "origin": [7, 15, 7]},
			"faces": {
				"north": {"uv": [4.5, 6.5, 5, 9.5], "texture": "#2"},
				"east": {"uv": [6.5, 7, 7, 10], "texture": "#2"},
				"south": {"uv": [7, 7, 7.5, 10], "texture": "#2"},
				"west": {"uv": [0, 7.5, 0.5, 10.5], "texture": "#2"},
				"up": {"uv": [10, 7.5, 9.5, 7], "texture": "#2"},
				"down": {"uv": [8, 9.5, 7.5, 10], "texture": "#2"}
			}
		},
		{
			"from": [7.6, 11, 8.2],
			"to": [9.4, 24, 8.8],
			"rotation": {"angle": 0, "axis": "y", "origin": [7, 21, 7]},
			"faces": {
				"north": {"uv": [3, 0, 4, 6.5], "texture": "#2"},
				"east": {"uv": [1.5, 5, 2, 11.5], "texture": "#2"},
				"south": {"uv": [4, 0, 5, 6.5], "texture": "#2"},
				"west": {"uv": [2, 5, 2.5, 11.5], "texture": "#2"},
				"up": {"uv": [9.5, 2, 8.5, 1.5], "texture": "#2"},
				"down": {"uv": [10.5, 1.5, 9.5, 2], "texture": "#2"}
			}
		},
		{
			"from": [7.75, 7, 8.2],
			"to": [9.25, 11, 8.8],
			"rotation": {"angle": 0, "axis": "y", "origin": [7, 12, 7]},
			"faces": {
				"north": {"uv": [3.5, 6.5, 4.5, 8.5], "texture": "#2"},
				"east": {"uv": [7.5, 5.5, 8, 7.5], "texture": "#2"},
				"south": {"uv": [6.5, 5, 7.5, 7], "texture": "#2"},
				"west": {"uv": [6, 7.5, 6.5, 9.5], "texture": "#2"},
				"up": {"uv": [10.5, 2.5, 9.5, 2], "texture": "#2"},
				"down": {"uv": [10.5, 2.5, 9.5, 3], "texture": "#2"}
			}
		},
		{
			"from": [8, 4, 8.2],
			"to": [9, 7, 8.8],
			"rotation": {"angle": 0, "axis": "y", "origin": [7, 9, 7]},
			"faces": {
				"north": {"uv": [8, 5.5, 8.5, 7], "texture": "#2"},
				"east": {"uv": [8, 7, 8.5, 8.5], "texture": "#2"},
				"south": {"uv": [8.5, 0, 9, 1.5], "texture": "#2"},
				"west": {"uv": [3.5, 8.5, 4, 10], "texture": "#2"},
				"up": {"uv": [10, 8, 9.5, 7.5], "texture": "#2"},
				"down": {"uv": [10, 8, 9.5, 8.5], "texture": "#2"}
			}
		},
		{
			"from": [8.25, 1, 8.2],
			"to": [8.75, 4, 8.8],
			"rotation": {"angle": 0, "axis": "y", "origin": [7, 6, 7]},
			"faces": {
				"north": {"uv": [8.5, 5.5, 9, 7], "texture": "#2"},
				"east": {"uv": [8.5, 7, 9, 8.5], "texture": "#2"},
				"south": {"uv": [8, 8.5, 8.5, 10], "texture": "#2"},
				"west": {"uv": [8.5, 8.5, 9, 10], "texture": "#2"},
				"up": {"uv": [10, 9, 9.5, 8.5], "texture": "#2"},
				"down": {"uv": [10, 9, 9.5, 9.5], "texture": "#2"}
			}
		},
		{
			"from": [8.4, -2, 8.2],
			"to": [8.65, 1, 8.8],
			"rotation": {"angle": 0, "axis": "y", "origin": [7, 3, 7]},
			"faces": {
				"north": {"uv": [9, 5.5, 9.5, 7], "texture": "#2"},
				"east": {"uv": [9, 7, 9.5, 8.5], "texture": "#2"},
				"south": {"uv": [9, 8.5, 9.5, 10], "texture": "#2"},
				"west": {"uv": [9.5, 0, 10, 1.5], "texture": "#2"},
				"up": {"uv": [10.5, 1, 10, 0.5], "texture": "#2"},
				"down": {"uv": [10.5, 1, 10, 1.5], "texture": "#2"}
			}
		},
		{
			"from": [7.1, 14, 8.4],
			"to": [9.9, 24, 8.6],
			"rotation": {"angle": 0, "axis": "y", "origin": [7, 21, 7]},
			"faces": {
				"north": {"uv": [0, 0, 1.5, 5], "texture": "#2"},
				"east": {"uv": [2.5, 5, 3, 10], "texture": "#2"},
				"south": {"uv": [1.5, 0, 3, 5], "texture": "#2"},
				"west": {"uv": [5, 2.5, 5.5, 7.5], "texture": "#2"},
				"up": {"uv": [9.5, 2.5, 8, 2], "texture": "#2"},
				"down": {"uv": [9.5, 2.5, 8, 3], "texture": "#2"}
			}
		},
		{
			"from": [7.25, 9, 8.4],
			"to": [9.75, 14, 8.6],
			"rotation": {"angle": 0, "axis": "y", "origin": [7, 8, 7]},
			"faces": {
				"north": {"uv": [0, 5, 1.5, 7.5], "texture": "#2"},
				"east": {"uv": [5, 7.5, 5.5, 10], "texture": "#2"},
				"south": {"uv": [5, 0, 6.5, 2.5], "texture": "#2"},
				"west": {"uv": [5.5, 7.5, 6, 10], "texture": "#2"},
				"up": {"uv": [9.5, 3.5, 8, 3], "texture": "#2"},
				"down": {"uv": [9.5, 3.5, 8, 4], "texture": "#2"}
			}
		},
		{
			"from": [7.5, 5, 8.4],
			"to": [9.5, 9, 8.6],
			"rotation": {"angle": 0, "axis": "y", "origin": [7, 3, 7]},
			"faces": {
				"north": {"uv": [7, 0, 8, 2], "texture": "#2"},
				"east": {"uv": [7.5, 7.5, 8, 9.5], "texture": "#2"},
				"south": {"uv": [7, 2, 8, 4], "texture": "#2"},
				"west": {"uv": [8, 0, 8.5, 2], "texture": "#2"},
				"up": {"uv": [10.5, 3.5, 9.5, 3], "texture": "#2"},
				"down": {"uv": [10.5, 3.5, 9.5, 4], "texture": "#2"}
			}
		},
		{
			"from": [7.75, 2, 8.4],
			"to": [9.25, 5, 8.6],
			"rotation": {"angle": 0, "axis": "y", "origin": [7, -1, 7]},
			"faces": {
				"north": {"uv": [0.5, 7.5, 1.5, 9], "texture": "#2"},
				"east": {"uv": [4, 8.5, 4.5, 10], "texture": "#2"},
				"south": {"uv": [7.5, 4, 8.5, 5.5], "texture": "#2"},
				"west": {"uv": [8.5, 4, 9, 5.5], "texture": "#2"},
				"up": {"uv": [10.5, 4.5, 9.5, 4], "texture": "#2"},
				"down": {"uv": [10.5, 4.5, 9.5, 5], "texture": "#2"}
			}
		},
		{
			"from": [8, -1, 8.4],
			"to": [9, 2, 8.6],
			"rotation": {"angle": 0, "axis": "y", "origin": [7, -4, 7]},
			"faces": {
				"north": {"uv": [9, 0, 9.5, 1.5], "texture": "#2"},
				"east": {"uv": [0.5, 9, 1, 10.5], "texture": "#2"},
				"south": {"uv": [1, 9, 1.5, 10.5], "texture": "#2"},
				"west": {"uv": [9, 4, 9.5, 5.5], "texture": "#2"},
				"up": {"uv": [10, 10, 9.5, 9.5], "texture": "#2"},
				"down": {"uv": [10.5, 0, 10, 0.5], "texture": "#2"}
			}
		},
		{
			"from": [8.25, -3, 8.4],
			"to": [8.75, -1, 8.6],
			"rotation": {"angle": 0, "axis": "y", "origin": [7, -7, 7]},
			"faces": {
				"north": {"uv": [7, 4, 7.5, 5], "texture": "#2"},
				"east": {"uv": [4.5, 9.5, 5, 10.5], "texture": "#2"},
				"south": {"uv": [9.5, 5, 10, 6], "texture": "#2"},
				"west": {"uv": [6, 9.5, 6.5, 10.5], "texture": "#2"},
				"up": {"uv": [3, 10.5, 2.5, 10], "texture": "#2"},
				"down": {"uv": [4, 10, 3.5, 10.5], "texture": "#2"}
			}
		},
		{
			"from": [7.75, 29, 7.75],
			"to": [9.25, 30, 9.25],
			"rotation": {"angle": 0, "axis": "y", "origin": [7, 29, 7]},
			"faces": {
				"north": {"uv": [5, 1, 7, 2], "texture": "#1"},
				"east": {"uv": [2, 5, 4, 6], "texture": "#1"},
				"south": {"uv": [5, 2, 7, 3], "texture": "#1"},
				"west": {"uv": [5, 3, 7, 4], "texture": "#1"},
				"up": {"uv": [5, 2, 3, 0], "texture": "#1"},
				"down": {"uv": [5, 2, 3, 4], "texture": "#1"}
			}
		},
		{
			"from": [7.7, 29.25, 9],
			"to": [8, 29.75, 9.3],
			"rotation": {"angle": 0, "axis": "y", "origin": [6.5, 29, 8.5]},
			"faces": {
				"north": {"uv": [7, 5, 8, 6], "texture": "#0"},
				"east": {"uv": [6, 7, 7, 8], "texture": "#0"},
				"south": {"uv": [7, 6, 8, 7], "texture": "#0"},
				"west": {"uv": [7, 7, 8, 8], "texture": "#0"},
				"up": {"uv": [1, 9, 0, 8], "texture": "#0"},
				"down": {"uv": [9, 0, 8, 1], "texture": "#0"}
			}
		},
		{
			"from": [9, 29.25, 7.7],
			"to": [9.3, 29.75, 8],
			"rotation": {"angle": 0, "axis": "y", "origin": [8, 29, 7]},
			"faces": {
				"north": {"uv": [3, 6, 4, 7], "texture": "#0"},
				"east": {"uv": [6, 3, 7, 4], "texture": "#0"},
				"south": {"uv": [4, 6, 5, 7], "texture": "#0"},
				"west": {"uv": [6, 4, 7, 5], "texture": "#0"},
				"up": {"uv": [6, 7, 5, 6], "texture": "#0"},
				"down": {"uv": [7, 5, 6, 6], "texture": "#0"}
			}
		},
		{
			"from": [7.65, 29.25, 7.65],
			"to": [8, 29.75, 8],
			"rotation": {"angle": 0, "axis": "y", "origin": [6.5, 29, 7]},
			"faces": {
				"north": {"uv": [6, 6, 7, 7], "texture": "#0"},
				"east": {"uv": [0, 7, 1, 8], "texture": "#0"},
				"south": {"uv": [7, 0, 8, 1], "texture": "#0"},
				"west": {"uv": [1, 7, 2, 8], "texture": "#0"},
				"up": {"uv": [8, 2, 7, 1], "texture": "#0"},
				"down": {"uv": [3, 7, 2, 8], "texture": "#0"}
			}
		},
		{
			"from": [9, 29.25, 9],
			"to": [9.3, 29.75, 9.3],
			"rotation": {"angle": 0, "axis": "y", "origin": [8, 29, 8.5]},
			"faces": {
				"north": {"uv": [7, 2, 8, 3], "texture": "#0"},
				"east": {"uv": [3, 7, 4, 8], "texture": "#0"},
				"south": {"uv": [7, 3, 8, 4], "texture": "#0"},
				"west": {"uv": [4, 7, 5, 8], "texture": "#0"},
				"up": {"uv": [8, 5, 7, 4], "texture": "#0"},
				"down": {"uv": [6, 7, 5, 8], "texture": "#0"}
			}
		},
		{
			"from": [8, 30, 8],
			"to": [9, 30.75, 9],
			"rotation": {"angle": 0, "axis": "y", "origin": [7, 30, 7]},
			"faces": {
				"north": {"uv": [9, 5, 10, 6], "texture": "#1"},
				"east": {"uv": [6, 9, 7, 10], "texture": "#1"},
				"south": {"uv": [9, 6, 10, 7], "texture": "#1"},
				"west": {"uv": [7, 9, 8, 10], "texture": "#1"},
				"up": {"uv": [10, 8, 9, 7], "texture": "#1"},
				"down": {"uv": [9, 9, 8, 10], "texture": "#1"}
			}
		},
		{
			"from": [8.1, 30.75, 8.1],
			"to": [8.9, 31, 8.9],
			"rotation": {"angle": 0, "axis": "y", "origin": [7, 30.75, 7]},
			"faces": {
				"north": {"uv": [9, 8, 10, 9], "texture": "#1"},
				"east": {"uv": [9, 9, 10, 10], "texture": "#1"},
				"south": {"uv": [0, 10, 1, 11], "texture": "#1"},
				"west": {"uv": [10, 0, 11, 1], "texture": "#1"},
				"up": {"uv": [2, 11, 1, 10], "texture": "#1"},
				"down": {"uv": [11, 1, 10, 2], "texture": "#1"}
			}
		},
		{
			"from": [8.1, 31.15, 8.1],
			"to": [8.9, 31.9, 8.9],
			"rotation": {"angle": 0, "axis": "y", "origin": [7, 31.65, 7]},
			"faces": {
				"north": {"uv": [1, 2, 2, 3], "texture": "#0"},
				"east": {"uv": [2, 1, 3, 2], "texture": "#0"},
				"south": {"uv": [2, 2, 3, 3], "texture": "#0"},
				"west": {"uv": [0, 3, 1, 4], "texture": "#0"},
				"up": {"uv": [4, 1, 3, 0], "texture": "#0"},
				"down": {"uv": [2, 3, 1, 4], "texture": "#0"}
			}
		},
		{
			"from": [8.2, 31.9, 8.2],
			"to": [8.8, 32, 8.8],
			"rotation": {"angle": 0, "axis": "y", "origin": [7, 32.4, 7]},
			"faces": {
				"north": {"uv": [1, 4, 2, 5], "texture": "#0"},
				"east": {"uv": [4, 1, 5, 2], "texture": "#0"},
				"south": {"uv": [2, 4, 3, 5], "texture": "#0"},
				"west": {"uv": [4, 2, 5, 3], "texture": "#0"},
				"up": {"uv": [4, 5, 3, 4], "texture": "#0"},
				"down": {"uv": [5, 3, 4, 4], "texture": "#0"}
			}
		},
		{
			"from": [8.9, 31.25, 8.2],
			"to": [9, 31.8, 8.8],
			"rotation": {"angle": 0, "axis": "y", "origin": [7.8, 31.65, 7]},
			"faces": {
				"north": {"uv": [4, 4, 5, 5], "texture": "#0"},
				"east": {"uv": [0, 5, 1, 6], "texture": "#0"},
				"south": {"uv": [5, 0, 6, 1], "texture": "#0"},
				"west": {"uv": [1, 5, 2, 6], "texture": "#0"},
				"up": {"uv": [6, 2, 5, 1], "texture": "#0"},
				"down": {"uv": [3, 5, 2, 6], "texture": "#0"}
			}
		},
		{
			"from": [8.2, 31.25, 8.9],
			"to": [8.8, 31.8, 9],
			"rotation": {"angle": 0, "axis": "y", "origin": [7, 31.65, 7.8]},
			"faces": {
				"north": {"uv": [5, 2, 6, 3], "texture": "#0"},
				"east": {"uv": [3, 5, 4, 6], "texture": "#0"},
				"south": {"uv": [5, 3, 6, 4], "texture": "#0"},
				"west": {"uv": [4, 5, 5, 6], "texture": "#0"},
				"up": {"uv": [6, 5, 5, 4], "texture": "#0"},
				"down": {"uv": [6, 5, 5, 6], "texture": "#0"}
			}
		},
		{
			"from": [8, 31.25, 8.2],
			"to": [8.1, 31.8, 8.8],
			"rotation": {"angle": 0, "axis": "y", "origin": [6.2, 31.65, 7]},
			"faces": {
				"north": {"uv": [3, 1, 4, 2], "texture": "#0"},
				"east": {"uv": [2, 3, 3, 4], "texture": "#0"},
				"south": {"uv": [3, 2, 4, 3], "texture": "#0"},
				"west": {"uv": [3, 3, 4, 4], "texture": "#0"},
				"up": {"uv": [1, 5, 0, 4], "texture": "#0"},
				"down": {"uv": [5, 0, 4, 1], "texture": "#0"}
			}
		},
		{
			"from": [8.2, 31.25, 8],
			"to": [8.8, 31.8, 8.1],
			"rotation": {"angle": 0, "axis": "y", "origin": [7, 31.65, 6.2]},
			"faces": {
				"north": {"uv": [0, 0, 1, 1], "texture": "#0"},
				"east": {"uv": [0, 1, 1, 2], "texture": "#0"},
				"south": {"uv": [1, 0, 2, 1], "texture": "#0"},
				"west": {"uv": [1, 1, 2, 2], "texture": "#0"},
				"up": {"uv": [1, 3, 0, 2], "texture": "#0"},
				"down": {"uv": [3, 0, 2, 1], "texture": "#0"}
			}
		},
		{
			"from": [8.2, 31, 8.2],
			"to": [8.8, 31.15, 8.8],
			"rotation": {"angle": 0, "axis": "y", "origin": [7, 30.9, 7]},
			"faces": {
				"north": {"uv": [0, 6, 1, 7], "texture": "#0"},
				"east": {"uv": [6, 0, 7, 1], "texture": "#0"},
				"south": {"uv": [1, 6, 2, 7], "texture": "#0"},
				"west": {"uv": [6, 1, 7, 2], "texture": "#0"},
				"up": {"uv": [3, 7, 2, 6], "texture": "#0"},
				"down": {"uv": [7, 2, 6, 3], "texture": "#0"}
			}
		},
		{
			"from": [8.35, 30.75, 8.9],
			"to": [8.65, 31.1, 9.1],
			"rotation": {"angle": 0, "axis": "y", "origin": [7, 30.75, 7.8]},
			"faces": {
				"north": {"uv": [13, 0, 14, 1], "texture": "#1"},
				"east": {"uv": [1, 13, 2, 14], "texture": "#1"},
				"south": {"uv": [13, 1, 14, 2], "texture": "#1"},
				"west": {"uv": [2, 13, 3, 14], "texture": "#1"},
				"up": {"uv": [14, 3, 13, 2], "texture": "#1"},
				"down": {"uv": [4, 13, 3, 14], "texture": "#1"}
			}
		},
		{
			"from": [8.35, 30.75, 7.9],
			"to": [8.65, 31.1, 8.1],
			"rotation": {"angle": 0, "axis": "y", "origin": [7, 30.75, 6.8]},
			"faces": {
				"north": {"uv": [2, 10, 3, 11], "texture": "#1"},
				"east": {"uv": [10, 2, 11, 3], "texture": "#1"},
				"south": {"uv": [3, 10, 4, 11], "texture": "#1"},
				"west": {"uv": [10, 3, 11, 4], "texture": "#1"},
				"up": {"uv": [5, 11, 4, 10], "texture": "#1"},
				"down": {"uv": [11, 4, 10, 5], "texture": "#1"}
			}
		},
		{
			"from": [7.9, 30.75, 8.35],
			"to": [8.1, 31.1, 8.65],
			"rotation": {"angle": 0, "axis": "y", "origin": [6.2, 30.75, 7]},
			"faces": {
				"north": {"uv": [11, 6, 12, 7], "texture": "#1"},
				"east": {"uv": [7, 11, 8, 12], "texture": "#1"},
				"south": {"uv": [11, 7, 12, 8], "texture": "#1"},
				"west": {"uv": [8, 11, 9, 12], "texture": "#1"},
				"up": {"uv": [12, 9, 11, 8], "texture": "#1"},
				"down": {"uv": [10, 11, 9, 12], "texture": "#1"}
			}
		},
		{
			"from": [8.45, 31, 9],
			"to": [8.55, 31.35, 9.2],
			"rotation": {"angle": 0, "axis": "y", "origin": [7, 31, 7.9]},
			"faces": {
				"north": {"uv": [10, 12, 11, 13], "texture": "#1"},
				"east": {"uv": [12, 10, 13, 11], "texture": "#1"},
				"south": {"uv": [11, 12, 12, 13], "texture": "#1"},
				"west": {"uv": [12, 11, 13, 12], "texture": "#1"},
				"up": {"uv": [13, 13, 12, 12], "texture": "#1"},
				"down": {"uv": [1, 13, 0, 14], "texture": "#1"}
			}
		},
		{
			"from": [8.45, 31.35, 9],
			"to": [8.55, 31.7, 9.1],
			"rotation": {"angle": 0, "axis": "y", "origin": [7, 31.35, 7.9]},
			"faces": {
				"north": {"uv": [7, 12, 8, 13], "texture": "#1"},
				"east": {"uv": [12, 7, 13, 8], "texture": "#1"},
				"south": {"uv": [8, 12, 9, 13], "texture": "#1"},
				"west": {"uv": [12, 8, 13, 9], "texture": "#1"},
				"up": {"uv": [10, 13, 9, 12], "texture": "#1"},
				"down": {"uv": [13, 9, 12, 10], "texture": "#1"}
			}
		},
		{
			"from": [9, 31, 8.45],
			"to": [9.2, 31.35, 8.55],
			"rotation": {"angle": 0, "axis": "y", "origin": [7.3, 31, 7]},
			"faces": {
				"north": {"uv": [1, 12, 2, 13], "texture": "#1"},
				"east": {"uv": [12, 1, 13, 2], "texture": "#1"},
				"south": {"uv": [2, 12, 3, 13], "texture": "#1"},
				"west": {"uv": [12, 2, 13, 3], "texture": "#1"},
				"up": {"uv": [4, 13, 3, 12], "texture": "#1"},
				"down": {"uv": [13, 3, 12, 4], "texture": "#1"}
			}
		},
		{
			"from": [9, 31.35, 8.45],
			"to": [9.1, 31.7, 8.55],
			"rotation": {"angle": 0, "axis": "y", "origin": [7.3, 31.35, 7]},
			"faces": {
				"north": {"uv": [4, 12, 5, 13], "texture": "#1"},
				"east": {"uv": [12, 4, 13, 5], "texture": "#1"},
				"south": {"uv": [5, 12, 6, 13], "texture": "#1"},
				"west": {"uv": [12, 5, 13, 6], "texture": "#1"},
				"up": {"uv": [7, 13, 6, 12], "texture": "#1"},
				"down": {"uv": [13, 6, 12, 7], "texture": "#1"}
			}
		},
		{
			"from": [8.45, 31, 7.8],
			"to": [8.55, 31.35, 8],
			"rotation": {"angle": 0, "axis": "y", "origin": [7, 31, 6.7]},
			"faces": {
				"north": {"uv": [5, 10, 6, 11], "texture": "#1"},
				"east": {"uv": [10, 5, 11, 6], "texture": "#1"},
				"south": {"uv": [6, 10, 7, 11], "texture": "#1"},
				"west": {"uv": [10, 6, 11, 7], "texture": "#1"},
				"up": {"uv": [8, 11, 7, 10], "texture": "#1"},
				"down": {"uv": [11, 7, 10, 8], "texture": "#1"}
			}
		},
		{
			"from": [8.45, 31.35, 7.9],
			"to": [8.55, 31.7, 8],
			"rotation": {"angle": 0, "axis": "y", "origin": [7, 31.35, 6.7]},
			"faces": {
				"north": {"uv": [8, 10, 9, 11], "texture": "#1"},
				"east": {"uv": [10, 8, 11, 9], "texture": "#1"},
				"south": {"uv": [9, 10, 10, 11], "texture": "#1"},
				"west": {"uv": [10, 9, 11, 10], "texture": "#1"},
				"up": {"uv": [11, 11, 10, 10], "texture": "#1"},
				"down": {"uv": [1, 11, 0, 12], "texture": "#1"}
			}
		},
		{
			"from": [7.8, 31, 8.45],
			"to": [8, 31.35, 8.55],
			"rotation": {"angle": 0, "axis": "y", "origin": [6.1, 31, 7]},
			"faces": {
				"north": {"uv": [11, 3, 12, 4], "texture": "#1"},
				"east": {"uv": [4, 11, 5, 12], "texture": "#1"},
				"south": {"uv": [11, 4, 12, 5], "texture": "#1"},
				"west": {"uv": [5, 11, 6, 12], "texture": "#1"},
				"up": {"uv": [12, 6, 11, 5], "texture": "#1"},
				"down": {"uv": [7, 11, 6, 12], "texture": "#1"}
			}
		},
		{
			"from": [7.9, 31.35, 8.45],
			"to": [8, 31.7, 8.55],
			"rotation": {"angle": 0, "axis": "y", "origin": [6.1, 31.35, 7]},
			"faces": {
				"north": {"uv": [11, 0, 12, 1], "texture": "#1"},
				"east": {"uv": [1, 11, 2, 12], "texture": "#1"},
				"south": {"uv": [11, 1, 12, 2], "texture": "#1"},
				"west": {"uv": [2, 11, 3, 12], "texture": "#1"},
				"up": {"uv": [12, 3, 11, 2], "texture": "#1"},
				"down": {"uv": [4, 11, 3, 12], "texture": "#1"}
			}
		},
		{
			"from": [8.9, 30.75, 8.35],
			"to": [9.1, 31.1, 8.65],
			"rotation": {"angle": 0, "axis": "y", "origin": [7.2, 30.75, 7]},
			"faces": {
				"north": {"uv": [11, 9, 12, 10], "texture": "#1"},
				"east": {"uv": [10, 11, 11, 12], "texture": "#1"},
				"south": {"uv": [11, 10, 12, 11], "texture": "#1"},
				"west": {"uv": [11, 11, 12, 12], "texture": "#1"},
				"up": {"uv": [1, 13, 0, 12], "texture": "#1"},
				"down": {"uv": [13, 0, 12, 1], "texture": "#1"}
			}
		},
		{
			"from": [7.8, 30, 7.8],
			"to": [9.2, 30.25, 9.2],
			"rotation": {"angle": 0, "axis": "y", "origin": [7, 30, 7]},
			"faces": {
				"north": {"uv": [8, 8, 9, 9], "texture": "#1"},
				"east": {"uv": [0, 9, 1, 10], "texture": "#1"},
				"south": {"uv": [9, 0, 10, 1], "texture": "#1"},
				"west": {"uv": [1, 9, 2, 10], "texture": "#1"},
				"up": {"uv": [10, 2, 9, 1], "texture": "#1"},
				"down": {"uv": [3, 9, 2, 10], "texture": "#1"}
			}
		},
		{
			"from": [7.8, 25, 7.8],
			"to": [9.2, 25.25, 9.2],
			"rotation": {"angle": 0, "axis": "y", "origin": [7, 25, 7]},
			"faces": {
				"north": {"uv": [7, 3, 8, 4], "texture": "#1"},
				"east": {"uv": [4, 7, 5, 8], "texture": "#1"},
				"south": {"uv": [7, 4, 8, 5], "texture": "#1"},
				"west": {"uv": [5, 7, 6, 8], "texture": "#1"},
				"up": {"uv": [8, 6, 7, 5], "texture": "#1"},
				"down": {"uv": [7, 7, 6, 8], "texture": "#1"}
			}
		},
		{
			"from": [7.9, 30.25, 7.9],
			"to": [9.1, 30.5, 9.1],
			"rotation": {"angle": 0, "axis": "y", "origin": [7, 30.25, 7]},
			"faces": {
				"north": {"uv": [9, 2, 10, 3], "texture": "#1"},
				"east": {"uv": [3, 9, 4, 10], "texture": "#1"},
				"south": {"uv": [9, 3, 10, 4], "texture": "#1"},
				"west": {"uv": [4, 9, 5, 10], "texture": "#1"},
				"up": {"uv": [10, 5, 9, 4], "texture": "#1"},
				"down": {"uv": [6, 9, 5, 10], "texture": "#1"}
			}
		},
		{
			"from": [7, 24, 7.75],
			"to": [10, 25, 9.25],
			"rotation": {"angle": 0, "axis": "y", "origin": [7, 22, 7]},
			"faces": {
				"north": {"uv": [0, 4, 3, 5], "texture": "#1"},
				"east": {"uv": [0, 5, 2, 6], "texture": "#1"},
				"south": {"uv": [3, 4, 6, 5], "texture": "#1"},
				"west": {"uv": [5, 0, 7, 1], "texture": "#1"},
				"up": {"uv": [3, 2, 0, 0], "texture": "#1"},
				"down": {"uv": [3, 2, 0, 4], "texture": "#1"}
			}
		},
		{
			"from": [10, 23.75, 8],
			"to": [11, 24.75, 9],
			"rotation": {"angle": 0, "axis": "y", "origin": [10, 21.75, 7]},
			"faces": {
				"north": {"uv": [7, 6, 8, 7], "texture": "#1"},
				"east": {"uv": [7, 7, 8, 8], "texture": "#1"},
				"south": {"uv": [0, 8, 1, 9], "texture": "#1"},
				"west": {"uv": [8, 0, 9, 1], "texture": "#1"},
				"up": {"uv": [2, 9, 1, 8], "texture": "#1"},
				"down": {"uv": [9, 1, 8, 2], "texture": "#1"}
			}
		},
		{
			"from": [9.75, 24.1, 7.7],
			"to": [10.05, 24.6, 8.2],
			"rotation": {"angle": 0, "axis": "y", "origin": [9.75, 21.85, 6.2]},
			"faces": {
				"north": {"uv": [9, 7, 10, 8], "texture": "#0"},
				"east": {"uv": [8, 9, 9, 10], "texture": "#0"},
				"south": {"uv": [9, 8, 10, 9], "texture": "#0"},
				"west": {"uv": [9, 9, 10, 10], "texture": "#0"},
				"up": {"uv": [1, 11, 0, 10], "texture": "#0"},
				"down": {"uv": [11, 0, 10, 1], "texture": "#0"}
			}
		},
		{
			"from": [8.75, 24.3, 7.7],
			"to": [9.05, 24.8, 8.2],
			"rotation": {"angle": 0, "axis": "y", "origin": [8.75, 22.05, 6.2]},
			"faces": {
				"north": {"uv": [9, 4, 10, 5], "texture": "#0"},
				"east": {"uv": [5, 9, 6, 10], "texture": "#0"},
				"south": {"uv": [9, 5, 10, 6], "texture": "#0"},
				"west": {"uv": [6, 9, 7, 10], "texture": "#0"},
				"up": {"uv": [10, 7, 9, 6], "texture": "#0"},
				"down": {"uv": [8, 9, 7, 10], "texture": "#0"}
			}
		},
		{
			"from": [6.95, 24.1, 8.8],
			"to": [7.25, 24.6, 9.3],
			"rotation": {"angle": 0, "axis": "y", "origin": [7.25, 21.85, 7.3]},
			"faces": {
				"north": {"uv": [10, 10, 11, 11], "texture": "#0"},
				"east": {"uv": [0, 11, 1, 12], "texture": "#0"},
				"south": {"uv": [11, 0, 12, 1], "texture": "#0"},
				"west": {"uv": [1, 11, 2, 12], "texture": "#0"},
				"up": {"uv": [12, 2, 11, 1], "texture": "#0"},
				"down": {"uv": [3, 11, 2, 12], "texture": "#0"}
			}
		},
		{
			"from": [7.95, 24.3, 8.8],
			"to": [8.25, 24.8, 9.3],
			"rotation": {"angle": 0, "axis": "y", "origin": [8.25, 22.05, 7.3]},
			"faces": {
				"north": {"uv": [11, 2, 12, 3], "texture": "#0"},
				"east": {"uv": [3, 11, 4, 12], "texture": "#0"},
				"south": {"uv": [11, 3, 12, 4], "texture": "#0"},
				"west": {"uv": [4, 11, 5, 12], "texture": "#0"},
				"up": {"uv": [12, 5, 11, 4], "texture": "#0"},
				"down": {"uv": [6, 11, 5, 12], "texture": "#0"}
			}
		},
		{
			"from": [5.95, 23.85, 8.55],
			"to": [6.25, 24.35, 9.05],
			"rotation": {"angle": 0, "axis": "y", "origin": [6.25, 21.6, 7.05]},
			"faces": {
				"north": {"uv": [7, 10, 8, 11], "texture": "#0"},
				"east": {"uv": [10, 7, 11, 8], "texture": "#0"},
				"south": {"uv": [8, 10, 9, 11], "texture": "#0"},
				"west": {"uv": [10, 8, 11, 9], "texture": "#0"},
				"up": {"uv": [10, 11, 9, 10], "texture": "#0"},
				"down": {"uv": [11, 9, 10, 10], "texture": "#0"}
			}
		},
		{
			"from": [4.95, 23.6, 8.2],
			"to": [5.25, 24.1, 8.8],
			"rotation": {"angle": 0, "axis": "y", "origin": [5.25, 21.35, 6.7]},
			"faces": {
				"north": {"uv": [1, 8, 2, 9], "texture": "#0"},
				"east": {"uv": [8, 1, 9, 2], "texture": "#0"},
				"south": {"uv": [2, 8, 3, 9], "texture": "#0"},
				"west": {"uv": [8, 2, 9, 3], "texture": "#0"},
				"up": {"uv": [4, 9, 3, 8], "texture": "#0"},
				"down": {"uv": [9, 3, 8, 4], "texture": "#0"}
			}
		},
		{
			"from": [5.95, 23.85, 7.95],
			"to": [6.25, 24.35, 8.45],
			"rotation": {"angle": 0, "axis": "y", "origin": [6.25, 21.6, 6.45]},
			"faces": {
				"north": {"uv": [4, 8, 5, 9], "texture": "#0"},
				"east": {"uv": [8, 4, 9, 5], "texture": "#0"},
				"south": {"uv": [5, 8, 6, 9], "texture": "#0"},
				"west": {"uv": [8, 5, 9, 6], "texture": "#0"},
				"up": {"uv": [7, 9, 6, 8], "texture": "#0"},
				"down": {"uv": [9, 6, 8, 7], "texture": "#0"}
			}
		},
		{
			"from": [7.95, 24.3, 7.7],
			"to": [8.25, 24.8, 8.2],
			"rotation": {"angle": 0, "axis": "y", "origin": [8.25, 22.05, 6.2]},
			"faces": {
				"north": {"uv": [9, 1, 10, 2], "texture": "#0"},
				"east": {"uv": [2, 9, 3, 10], "texture": "#0"},
				"south": {"uv": [9, 2, 10, 3], "texture": "#0"},
				"west": {"uv": [3, 9, 4, 10], "texture": "#0"},
				"up": {"uv": [10, 4, 9, 3], "texture": "#0"},
				"down": {"uv": [5, 9, 4, 10], "texture": "#0"}
			}
		},
		{
			"from": [6.95, 24.1, 7.7],
			"to": [7.25, 24.6, 8.2],
			"rotation": {"angle": 0, "axis": "y", "origin": [7.25, 21.85, 6.2]},
			"faces": {
				"north": {"uv": [7, 8, 8, 9], "texture": "#0"},
				"east": {"uv": [8, 7, 9, 8], "texture": "#0"},
				"south": {"uv": [8, 8, 9, 9], "texture": "#0"},
				"west": {"uv": [0, 9, 1, 10], "texture": "#0"},
				"up": {"uv": [10, 1, 9, 0], "texture": "#0"},
				"down": {"uv": [2, 9, 1, 10], "texture": "#0"}
			}
		},
		{
			"from": [10.75, 23.85, 7.95],
			"to": [11.05, 24.35, 8.45],
			"rotation": {"angle": 0, "axis": "y", "origin": [10.75, 21.6, 6.45]},
			"faces": {
				"north": {"uv": [1, 10, 2, 11], "texture": "#0"},
				"east": {"uv": [10, 1, 11, 2], "texture": "#0"},
				"south": {"uv": [2, 10, 3, 11], "texture": "#0"},
				"west": {"uv": [10, 2, 11, 3], "texture": "#0"},
				"up": {"uv": [4, 11, 3, 10], "texture": "#0"},
				"down": {"uv": [11, 3, 10, 4], "texture": "#0"}
			}
		},
		{
			"from": [11.75, 23.6, 8.2],
			"to": [12.05, 24.1, 8.8],
			"rotation": {"angle": 0, "axis": "y", "origin": [11.75, 21.35, 6.7]},
			"faces": {
				"north": {"uv": [4, 10, 5, 11], "texture": "#0"},
				"east": {"uv": [10, 4, 11, 5], "texture": "#0"},
				"south": {"uv": [5, 10, 6, 11], "texture": "#0"},
				"west": {"uv": [10, 5, 11, 6], "texture": "#0"},
				"up": {"uv": [7, 11, 6, 10], "texture": "#0"},
				"down": {"uv": [11, 6, 10, 7], "texture": "#0"}
			}
		},
		{
			"from": [10.75, 23.85, 8.55],
			"to": [11.05, 24.35, 9.05],
			"rotation": {"angle": 0, "axis": "y", "origin": [10.75, 21.6, 7.05]},
			"faces": {
				"north": {"uv": [0, 12, 1, 13], "texture": "#0"},
				"east": {"uv": [12, 0, 13, 1], "texture": "#0"},
				"south": {"uv": [1, 12, 2, 13], "texture": "#0"},
				"west": {"uv": [12, 1, 13, 2], "texture": "#0"},
				"up": {"uv": [3, 13, 2, 12], "texture": "#0"},
				"down": {"uv": [13, 2, 12, 3], "texture": "#0"}
			}
		},
		{
			"from": [9.75, 24.1, 8.8],
			"to": [10.05, 24.6, 9.3],
			"rotation": {"angle": 0, "axis": "y", "origin": [9.75, 21.85, 7.3]},
			"faces": {
				"north": {"uv": [11, 8, 12, 9], "texture": "#0"},
				"east": {"uv": [9, 11, 10, 12], "texture": "#0"},
				"south": {"uv": [11, 9, 12, 10], "texture": "#0"},
				"west": {"uv": [10, 11, 11, 12], "texture": "#0"},
				"up": {"uv": [12, 11, 11, 10], "texture": "#0"},
				"down": {"uv": [12, 11, 11, 12], "texture": "#0"}
			}
		},
		{
			"from": [8.75, 24.3, 8.8],
			"to": [9.05, 24.8, 9.3],
			"rotation": {"angle": 0, "axis": "y", "origin": [8.75, 22.05, 7.3]},
			"faces": {
				"north": {"uv": [11, 5, 12, 6], "texture": "#0"},
				"east": {"uv": [6, 11, 7, 12], "texture": "#0"},
				"south": {"uv": [11, 6, 12, 7], "texture": "#0"},
				"west": {"uv": [7, 11, 8, 12], "texture": "#0"},
				"up": {"uv": [12, 8, 11, 7], "texture": "#0"},
				"down": {"uv": [9, 11, 8, 12], "texture": "#0"}
			}
		},
		{
			"from": [11, 23.5, 8.25],
			"to": [12, 24.5, 8.75],
			"rotation": {"angle": 0, "axis": "y", "origin": [11, 21.5, 7]},
			"faces": {
				"north": {"uv": [2, 8, 3, 9], "texture": "#1"},
				"east": {"uv": [8, 2, 9, 3], "texture": "#1"},
				"south": {"uv": [3, 8, 4, 9], "texture": "#1"},
				"west": {"uv": [8, 3, 9, 4], "texture": "#1"},
				"up": {"uv": [5, 9, 4, 8], "texture": "#1"},
				"down": {"uv": [9, 4, 8, 5], "texture": "#1"}
			}
		},
		{
			"from": [12, 23.25, 8.4],
			"to": [13, 24.25, 8.65],
			"rotation": {"angle": 0, "axis": "y", "origin": [12, 21.25, 7]},
			"faces": {
				"north": {"uv": [5, 8, 6, 9], "texture": "#1"},
				"east": {"uv": [8, 5, 9, 6], "texture": "#1"},
				"south": {"uv": [6, 8, 7, 9], "texture": "#1"},
				"west": {"uv": [8, 6, 9, 7], "texture": "#1"},
				"up": {"uv": [8, 9, 7, 8], "texture": "#1"},
				"down": {"uv": [9, 7, 8, 8], "texture": "#1"}
			}
		},
		{
			"from": [4, 23.25, 8.4],
			"to": [5, 24.25, 8.65],
			"rotation": {"angle": 0, "axis": "y", "origin": [4, 21.25, 7]},
			"faces": {
				"north": {"uv": [4, 5, 5, 6], "texture": "#1"},
				"east": {"uv": [5, 5, 6, 6], "texture": "#1"},
				"south": {"uv": [0, 6, 1, 7], "texture": "#1"},
				"west": {"uv": [1, 6, 2, 7], "texture": "#1"},
				"up": {"uv": [3, 7, 2, 6], "texture": "#1"},
				"down": {"uv": [4, 6, 3, 7], "texture": "#1"}
			}
		},
		{
			"from": [5, 23.5, 8.25],
			"to": [6, 24.5, 8.75],
			"rotation": {"angle": 0, "axis": "y", "origin": [5, 21.5, 7]},
			"faces": {
				"north": {"uv": [4, 6, 5, 7], "texture": "#1"},
				"east": {"uv": [6, 4, 7, 5], "texture": "#1"},
				"south": {"uv": [5, 6, 6, 7], "texture": "#1"},
				"west": {"uv": [6, 5, 7, 6], "texture": "#1"},
				"up": {"uv": [7, 7, 6, 6], "texture": "#1"},
				"down": {"uv": [1, 7, 0, 8], "texture": "#1"}
			}
		},
		{
			"from": [6, 23.75, 8],
			"to": [7, 24.75, 9],
			"rotation": {"angle": 0, "axis": "y", "origin": [6, 21.75, 7]},
			"faces": {
				"north": {"uv": [7, 0, 8, 1], "texture": "#1"},
				"east": {"uv": [1, 7, 2, 8], "texture": "#1"},
				"south": {"uv": [7, 1, 8, 2], "texture": "#1"},
				"west": {"uv": [2, 7, 3, 8], "texture": "#1"},
				"up": {"uv": [8, 3, 7, 2], "texture": "#1"},
				"down": {"uv": [4, 7, 3, 8], "texture": "#1"}
			}
		}
	],
	"display": {
		"thirdperson_righthand": {
			"rotation": [180, 37, 0],
			"translation": [0, 17.25, 1]
		},
		"thirdperson_lefthand": {
			"rotation": [180, 37, 0],
			"translation": [0, 17, 1]
		},
		"firstperson_righthand": {
			"rotation": [120, 33, 0],
			"translation": [-2.75, 9, -7.5]
		},
		"firstperson_lefthand": {
			"rotation": [120, 33, 0],
			"translation": [-2.75, 9, -7.5]
		},
		"ground": {
			"rotation": [90, 0, 0],
			"translation": [0, 0.75, 0]
		},
		"gui": {
			"rotation": [-147, -6, -18],
			"translation": [-1.75, 2.25, 0],
			"scale": [0.6, 0.48, 0.6]
		},
		"head": {
			"rotation": [1, 17, 71],
			"translation": [8.5, -1.25, -3.25],
			"scale": [1.8, 1.8, 1.8]
		},
		"fixed": {
			"translation": [-1.5, -17.75, -3.25],
			"scale": [3, 3, 3]
		}
	}
}