{
	"credit": "Made with Blockbench",
	"texture_size": [8, 8],
	"textures": {
		"0": "block/white_wool",
		"1": "block/gray_wool",
		"4": "block/sheep_face",
		"particle": "block/white_wool"
	},
	"elements": [
		{
			"from": [5, 0, 12],
			"to": [7, 2, 14],
			"faces": {
				"north": {"uv": [0, 0, 2, 2], "texture": "#1"},
				"east": {"uv": [0, 2, 2, 4], "texture": "#1"},
				"south": {"uv": [2, 0, 4, 2], "texture": "#1"},
				"west": {"uv": [2, 2, 4, 4], "texture": "#1"},
				"up": {"uv": [2, 6, 0, 4], "texture": "#1"},
				"down": {"uv": [6, 0, 4, 2], "texture": "#1"}
			}
		},
		{
			"from": [9, 0, 6],
			"to": [11, 2, 8],
			"faces": {
				"north": {"uv": [2, 4, 4, 6], "texture": "#1"},
				"east": {"uv": [4, 2, 6, 4], "texture": "#1"},
				"south": {"uv": [4, 4, 6, 6], "texture": "#1"},
				"west": {"uv": [0, 6, 2, 8], "texture": "#1"},
				"up": {"uv": [8, 2, 6, 0], "texture": "#1"},
				"down": {"uv": [4, 6, 2, 8], "texture": "#1"}
			}
		},
		{
			"from": [5, 0, 6],
			"to": [7, 2, 8],
			"faces": {
				"north": {"uv": [6, 2, 8, 4], "texture": "#1"},
				"east": {"uv": [4, 6, 6, 8], "texture": "#1"},
				"south": {"uv": [6, 4, 8, 6], "texture": "#1"},
				"west": {"uv": [6, 6, 8, 8], "texture": "#1"},
				"up": {"uv": [2, 10, 0, 8], "texture": "#1"},
				"down": {"uv": [10, 0, 8, 2], "texture": "#1"}
			}
		},
		{
			"from": [9, 0, 12],
			"to": [11, 2, 14],
			"faces": {
				"north": {"uv": [2, 8, 4, 10], "texture": "#1"},
				"east": {"uv": [8, 2, 10, 4], "texture": "#1"},
				"south": {"uv": [4, 8, 6, 10], "texture": "#1"},
				"west": {"uv": [8, 4, 10, 6], "texture": "#1"},
				"up": {"uv": [8, 10, 6, 8], "texture": "#1"},
				"down": {"uv": [10, 6, 8, 8], "texture": "#1"}
			}
		},
		{
			"from": [4, 2, 4],
			"to": [12, 10, 16],
			"faces": {
				"north": {"uv": [0, 8, 4, 12], "texture": "#0"},
				"east": {"uv": [0, 0, 6, 4], "texture": "#0"},
				"south": {"uv": [10, 0, 14, 4], "texture": "#0"},
				"west": {"uv": [0, 4, 6, 8], "texture": "#0"},
				"up": {"uv": [10, 6, 6, 0], "texture": "#0"},
				"down": {"uv": [10, 6, 6, 12], "texture": "#0"}
			}
		},
		{
			"from": [7, 4, 16],
			"to": [9, 7, 17],
			"faces": {
				"north": {"uv": [4, 8, 5, 9.5], "texture": "#0"},
				"east": {"uv": [4, 9.5, 4.5, 11], "texture": "#0"},
				"south": {"uv": [5, 8, 6, 9.5], "texture": "#0"},
				"west": {"uv": [4.5, 9.5, 5, 11], "texture": "#0"},
				"up": {"uv": [6, 10, 5, 9.5], "texture": "#0"},
				"down": {"uv": [6, 10, 5, 10.5], "texture": "#0"}
			}
		},
		{
			"from": [5, 7, 1],
			"to": [11, 13, 7],
			"faces": {
				"north": {"uv": [10, 4, 13, 7], "texture": "#0"},
				"east": {"uv": [10, 7, 13, 10], "texture": "#0"},
				"south": {"uv": [10, 10, 13, 13], "texture": "#0"},
				"west": {"uv": [0, 12, 3, 15], "texture": "#0"},
				"up": {"uv": [6, 15, 3, 12], "texture": "#0"},
				"down": {"uv": [9, 12, 6, 15], "texture": "#0"}
			}
		},
		{
			"from": [-2, 12.5, 3.5],
			"to": [1, 14, 4],
			"rotation": {"angle": -22.5, "axis": "z", "origin": [0, 0, 0]},
			"faces": {
				"north": {"uv": [3.33333, 3, 4.33333, 4], "texture": "#4"},
				"east": {"uv": [0, 12, 1, 15], "texture": "#4"},
				"south": {"uv": [1.66667, 6.33333, 7.66667, 9.33333], "texture": "#4"},
				"west": {"uv": [12, 0, 13, 3], "texture": "#4"},
				"up": {"uv": [6, 9, 0, 8], "texture": "#4"},
				"down": {"uv": [12, 8, 6, 9], "texture": "#4"}
			}
		},
		{
			"from": [15, 12.5, 3.5],
			"to": [18, 14, 4],
			"rotation": {"angle": 22.5, "axis": "z", "origin": [16, 0, 0]},
			"faces": {
				"north": {"uv": [0.66667, 3, 1.66667, 4], "texture": "#4"},
				"east": {"uv": [2, 12, 3, 15], "texture": "#4"},
				"south": {"uv": [6, 4, 12, 7], "texture": "#4"},
				"west": {"uv": [4, 12, 5, 15], "texture": "#4"},
				"up": {"uv": [6, 11, 0, 10], "texture": "#4"},
				"down": {"uv": [12, 10, 6, 11], "texture": "#4"}
			}
		},
		{
			"from": [5.5, 7.5, 0],
			"to": [10.5, 12.5, 1],
			"faces": {
				"north": {"uv": [0, 0, 5, 5], "texture": "#4"},
				"east": {"uv": [5, 0, 6, 5], "texture": "#4"},
				"south": {"uv": [0, 5, 5, 10], "texture": "#4"},
				"west": {"uv": [5, 5, 6, 10], "texture": "#4"},
				"up": {"uv": [11, 1, 6, 0], "texture": "#4"},
				"down": {"uv": [11, 1, 6, 2], "texture": "#4"}
			}
		}
	],
	"display": {
		"thirdperson_righthand": {
			"rotation": [69, 0, 0],
			"translation": [0, 0, -6.25]
		},
		"thirdperson_lefthand": {
			"rotation": [69, 0, 0],
			"translation": [0, 0, -6.25]
		},
		"ground": {
			"translation": [0, 3.75, 0]
		},
		"gui": {
			"rotation": [0, 173, 0],
			"translation": [0, 1, 0]
		},
		"head": {
			"translation": [0, 14.25, -2]
		},
		"fixed": {
			"rotation": [-90, 0, 0],
			"translation": [0, 0, -15.25],
			"scale": [2, 2, 2]
		}
	},
	"groups": [
		{
			"name": "group",
			"origin": [0, 0, 0],
			"color": 0,
			"children": [0, 1, 2, 3]
		},
		{
			"name": "group",
			"origin": [0, 0, 0],
			"color": 0,
			"children": [4, 5, 6]
		},
		7,
		8,
		9
	]
}