{
	"credit": "Made with Blockbench",
	"textures": {
		"0": "block/white_wool",
		"1": "block/light_gray_wool",
		"particle": "block/white_wool"
	},
	"elements": [
		{
			"from": [0, 2, 1],
			"to": [3, 5, 15],
			"rotation": {"angle": -45, "axis": "z", "origin": [0, 2, 10]},
			"faces": {
				"north": {"uv": [7.25, 1.5, 8, 2.25], "texture": "#0"},
				"east": {"uv": [1.25, 2.75, 4.75, 3.5], "texture": "#0"},
				"south": {"uv": [0, 9, 0.75, 9.75], "texture": "#0"},
				"west": {"uv": [1.25, 3.5, 4.75, 4.25], "texture": "#0"},
				"up": {"uv": [2, 7.75, 1.25, 4.25], "texture": "#0"},
				"down": {"uv": [2.75, 4.25, 2, 7.75], "texture": "#0"}
			}
		},
		{
			"from": [0, 4, 0.9],
			"to": [3, 7, 15.1],
			"rotation": {"angle": -45, "axis": "z", "origin": [0, 4, 10]},
			"faces": {
				"north": {"uv": [0, 9.75, 0.75, 10.5], "texture": "#0"},
				"east": {"uv": [3.75, 0, 7.25, 0.75], "texture": "#0"},
				"south": {"uv": [4.75, 10, 5.5, 10.75], "texture": "#0"},
				"west": {"uv": [3.75, 0.75, 7.25, 1.5], "texture": "#0"},
				"up": {"uv": [3.5, 7.75, 2.75, 4.25], "texture": "#0"},
				"down": {"uv": [4.25, 4.25, 3.5, 7.75], "texture": "#0"}
			}
		},
		{
			"from": [0, 6, 1],
			"to": [3, 9, 15],
			"rotation": {"angle": -45, "axis": "z", "origin": [0, 6, 10]},
			"faces": {
				"north": {"uv": [6.5, 10, 7.25, 10.75], "texture": "#0"},
				"east": {"uv": [3.75, 1.5, 7.25, 2.25], "texture": "#0"},
				"south": {"uv": [7.25, 10, 8, 10.75], "texture": "#0"},
				"west": {"uv": [4.25, 4.25, 7.75, 5], "texture": "#0"},
				"up": {"uv": [5, 8.5, 4.25, 5], "texture": "#0"},
				"down": {"uv": [5.75, 5, 5, 8.5], "texture": "#0"}
			}
		},
		{
			"from": [3, 6, 3],
			"to": [8, 9, 14],
			"rotation": {"angle": 0, "axis": "y", "origin": [5, 6, 5]},
			"faces": {
				"north": {"uv": [4.25, 8.5, 5.5, 9.25], "texture": "#0"},
				"east": {"uv": [7.75, 3.75, 10.5, 4.5], "texture": "#0"},
				"south": {"uv": [9.25, 2, 10.5, 2.75], "texture": "#0"},
				"west": {"uv": [8, 8.75, 10.75, 9.5], "texture": "#0"},
				"up": {"uv": [1.25, 2.75, 0, 0], "texture": "#0"},
				"down": {"uv": [2.5, 0, 1.25, 2.75], "texture": "#0"}
			}
		},
		{
			"from": [4, 9, 4],
			"to": [8, 9.5, 13],
			"rotation": {"angle": 0, "axis": "y", "origin": [5, 9, 5]},
			"faces": {
				"north": {"uv": [3.75, 10.5, 4.75, 10.75], "texture": "#0"},
				"east": {"uv": [9, 8.5, 11.25, 8.75], "texture": "#0"},
				"south": {"uv": [10.5, 4.25, 11.5, 4.5], "texture": "#0"},
				"west": {"uv": [9.25, 3.5, 11.5, 3.75], "texture": "#0"},
				"up": {"uv": [3.25, 10, 2.25, 7.75], "texture": "#0"},
				"down": {"uv": [4.25, 7.75, 3.25, 10], "texture": "#0"}
			}
		},
		{
			"from": [3, 6, 2],
			"to": [8, 8, 3],
			"rotation": {"angle": 0, "axis": "y", "origin": [5, 6, -3]},
			"faces": {
				"north": {"uv": [2.25, 10, 3.5, 10.5], "texture": "#0"},
				"east": {"uv": [0.75, 5.5, 1, 6], "texture": "#0"},
				"south": {"uv": [3.5, 10, 4.75, 10.5], "texture": "#0"},
				"west": {"uv": [1, 5.5, 1.25, 6], "texture": "#0"},
				"up": {"uv": [11.75, 3.25, 10.5, 3], "texture": "#0"},
				"down": {"uv": [11.75, 3.25, 10.5, 3.5], "texture": "#0"}
			}
		},
		{
			"from": [3, 6, 3],
			"to": [4, 8, 13],
			"rotation": {"angle": 0, "axis": "y", "origin": [5, 6, -1]},
			"faces": {
				"north": {"uv": [0.75, 6, 1, 6.5], "texture": "#0"},
				"east": {"uv": [4.75, 3.75, 7.25, 4.25], "texture": "#0"},
				"south": {"uv": [1, 6, 1.25, 6.5], "texture": "#0"},
				"west": {"uv": [7.75, 4.5, 10.25, 5], "texture": "#0"},
				"up": {"uv": [5.75, 11, 5.5, 8.5], "texture": "#0"},
				"down": {"uv": [6, 8.5, 5.75, 11], "texture": "#0"}
			}
		},
		{
			"from": [12, 6, 3],
			"to": [13, 8, 13],
			"rotation": {"angle": 0, "axis": "y", "origin": [11, 6, -1]},
			"faces": {
				"north": {"uv": [0.75, 6.5, 1, 7], "texture": "#0"},
				"east": {"uv": [9, 8, 11.5, 8.5], "texture": "#0"},
				"south": {"uv": [1, 6.5, 1.25, 7], "texture": "#0"},
				"west": {"uv": [9.25, 1.5, 11.75, 2], "texture": "#0"},
				"up": {"uv": [6.25, 11, 6, 8.5], "texture": "#0"},
				"down": {"uv": [6.5, 8.5, 6.25, 11], "texture": "#0"}
			}
		},
		{
			"from": [8, 6, 2],
			"to": [13, 8, 3],
			"rotation": {"angle": 0, "axis": "y", "origin": [11, 6, -3]},
			"faces": {
				"north": {"uv": [10, 5, 11.25, 5.5], "texture": "#0"},
				"east": {"uv": [0.75, 7, 1, 7.5], "texture": "#0"},
				"south": {"uv": [10, 5.5, 11.25, 6], "texture": "#0"},
				"west": {"uv": [1, 7, 1.25, 7.5], "texture": "#0"},
				"up": {"uv": [11.75, 4, 10.5, 3.75], "texture": "#0"},
				"down": {"uv": [11.75, 4, 10.5, 4.25], "texture": "#0"}
			}
		},
		{
			"from": [8, 9, 4],
			"to": [12, 9.5, 13],
			"rotation": {"angle": 0, "axis": "y", "origin": [11, 9, 5]},
			"faces": {
				"north": {"uv": [10.75, 0, 11.75, 0.25], "texture": "#0"},
				"east": {"uv": [10, 6, 12.25, 6.25], "texture": "#0"},
				"south": {"uv": [10.75, 0.25, 11.75, 0.5], "texture": "#0"},
				"west": {"uv": [10, 6.25, 12.25, 6.5], "texture": "#0"},
				"up": {"uv": [9, 8.75, 8, 6.5], "texture": "#0"},
				"down": {"uv": [9.25, 1.5, 8.25, 3.75], "texture": "#0"}
			}
		},
		{
			"from": [8, 6, 3],
			"to": [13, 9, 14],
			"rotation": {"angle": 0, "axis": "y", "origin": [11, 6, 5]},
			"faces": {
				"north": {"uv": [9.25, 2.75, 10.5, 3.5], "texture": "#0"},
				"east": {"uv": [9, 6.5, 11.75, 7.25], "texture": "#0"},
				"south": {"uv": [4.25, 9.25, 5.5, 10], "texture": "#0"},
				"west": {"uv": [9, 7.25, 11.75, 8], "texture": "#0"},
				"up": {"uv": [3.75, 2.75, 2.5, 0], "texture": "#0"},
				"down": {"uv": [1.25, 2.75, 0, 5.5], "texture": "#0"}
			}
		},
		{
			"from": [5, 6, 14],
			"to": [11, 8, 15],
			"rotation": {"angle": 0, "axis": "y", "origin": [9, 6, 16]},
			"faces": {
				"north": {"uv": [8, 9.5, 9.5, 10], "texture": "#0"},
				"east": {"uv": [7.25, 3.75, 7.5, 4.25], "texture": "#0"},
				"south": {"uv": [9.5, 9.5, 11, 10], "texture": "#0"},
				"west": {"uv": [7.5, 3.75, 7.75, 4.25], "texture": "#0"},
				"up": {"uv": [3.75, 10.75, 2.25, 10.5], "texture": "#0"},
				"down": {"uv": [12, 2.75, 10.5, 3], "texture": "#0"}
			}
		},
		{
			"from": [6, 4, 14.5],
			"to": [10, 6, 15.5],
			"rotation": {"angle": 0, "axis": "y", "origin": [9, 4, 16.5]},
			"faces": {
				"north": {"uv": [3.75, 2.25, 4.75, 2.75], "texture": "#0"},
				"east": {"uv": [8, 1.5, 8.25, 2], "texture": "#0"},
				"south": {"uv": [10.25, 4.5, 11.25, 5], "texture": "#0"},
				"west": {"uv": [10.75, 1, 11, 1.5], "texture": "#0"},
				"up": {"uv": [11.75, 0.75, 10.75, 0.5], "texture": "#0"},
				"down": {"uv": [11.75, 0.75, 10.75, 1], "texture": "#0"}
			}
		},
		{
			"from": [13, 6, 1],
			"to": [16, 9, 15],
			"rotation": {"angle": 45, "axis": "z", "origin": [16, 6, 10]},
			"faces": {
				"north": {"uv": [8, 10, 8.75, 10.75], "texture": "#0"},
				"east": {"uv": [4.75, 2.25, 8.25, 3], "texture": "#0"},
				"south": {"uv": [8.75, 10, 9.5, 10.75], "texture": "#0"},
				"west": {"uv": [4.75, 3, 8.25, 3.75], "texture": "#0"},
				"up": {"uv": [0.75, 9, 0, 5.5], "texture": "#0"},
				"down": {"uv": [6.5, 5, 5.75, 8.5], "texture": "#0"}
			}
		},
		{
			"from": [13, 4, 0.9],
			"to": [16, 7, 15.1],
			"rotation": {"angle": 45, "axis": "z", "origin": [16, 4, 10]},
			"faces": {
				"north": {"uv": [9.5, 10, 10.25, 10.75], "texture": "#0"},
				"east": {"uv": [6.5, 5, 10, 5.75], "texture": "#0"},
				"south": {"uv": [10.25, 10, 11, 10.75], "texture": "#0"},
				"west": {"uv": [6.5, 5.75, 10, 6.5], "texture": "#0"},
				"up": {"uv": [7.25, 10, 6.5, 6.5], "texture": "#0"},
				"down": {"uv": [8, 6.5, 7.25, 10], "texture": "#0"}
			}
		},
		{
			"from": [13, 2, 1],
			"to": [16, 5, 15],
			"rotation": {"angle": 45, "axis": "z", "origin": [16, 2, 10]},
			"faces": {
				"north": {"uv": [0, 10.5, 0.75, 11.25], "texture": "#0"},
				"east": {"uv": [7.25, 0, 10.75, 0.75], "texture": "#0"},
				"south": {"uv": [10.5, 2, 11.25, 2.75], "texture": "#0"},
				"west": {"uv": [7.25, 0.75, 10.75, 1.5], "texture": "#0"},
				"up": {"uv": [1.5, 11.25, 0.75, 7.75], "texture": "#0"},
				"down": {"uv": [2.25, 7.75, 1.5, 11.25], "texture": "#0"}
			}
		},
		{
			"from": [1.4, 2, 0.8],
			"to": [2.4, 3, 1],
			"rotation": {"angle": -45, "axis": "z", "origin": [1.4, 2, 0]},
			"faces": {
				"north": {"uv": [0, 0, 1, 1], "texture": "#1"},
				"east": {"uv": [0, 1, 1, 2], "texture": "#1"},
				"south": {"uv": [1, 0, 2, 1], "texture": "#1"},
				"west": {"uv": [1, 1, 2, 2], "texture": "#1"},
				"up": {"uv": [1, 3, 0, 2], "texture": "#1"},
				"down": {"uv": [3, 0, 2, 1], "texture": "#1"}
			}
		},
		{
			"from": [1.4, 4, 0.8],
			"to": [2.4, 5, 1],
			"rotation": {"angle": -45, "axis": "z", "origin": [1.4, 4, 0]},
			"faces": {
				"north": {"uv": [1, 2, 2, 3], "texture": "#1"},
				"east": {"uv": [2, 1, 3, 2], "texture": "#1"},
				"south": {"uv": [2, 2, 3, 3], "texture": "#1"},
				"west": {"uv": [0, 3, 1, 4], "texture": "#1"},
				"up": {"uv": [4, 1, 3, 0], "texture": "#1"},
				"down": {"uv": [2, 3, 1, 4], "texture": "#1"}
			}
		},
		{
			"from": [1.4, 6, 0.8],
			"to": [2.4, 7, 1],
			"rotation": {"angle": -45, "axis": "z", "origin": [1.4, 6, 0]},
			"faces": {
				"north": {"uv": [3, 1, 4, 2], "texture": "#1"},
				"east": {"uv": [2, 3, 3, 4], "texture": "#1"},
				"south": {"uv": [3, 2, 4, 3], "texture": "#1"},
				"west": {"uv": [3, 3, 4, 4], "texture": "#1"},
				"up": {"uv": [1, 5, 0, 4], "texture": "#1"},
				"down": {"uv": [5, 0, 4, 1], "texture": "#1"}
			}
		},
		{
			"from": [13.6, 2, 0.8],
			"to": [14.6, 3, 1],
			"rotation": {"angle": 45, "axis": "z", "origin": [14.6, 2, 0]},
			"faces": {
				"north": {"uv": [1, 4, 2, 5], "texture": "#1"},
				"east": {"uv": [4, 1, 5, 2], "texture": "#1"},
				"south": {"uv": [2, 4, 3, 5], "texture": "#1"},
				"west": {"uv": [4, 2, 5, 3], "texture": "#1"},
				"up": {"uv": [4, 5, 3, 4], "texture": "#1"},
				"down": {"uv": [5, 3, 4, 4], "texture": "#1"}
			}
		},
		{
			"from": [13.6, 4, 0.8],
			"to": [14.6, 5, 1],
			"rotation": {"angle": 45, "axis": "z", "origin": [14.6, 4, 0]},
			"faces": {
				"north": {"uv": [4, 4, 5, 5], "texture": "#1"},
				"east": {"uv": [0, 5, 1, 6], "texture": "#1"},
				"south": {"uv": [5, 0, 6, 1], "texture": "#1"},
				"west": {"uv": [1, 5, 2, 6], "texture": "#1"},
				"up": {"uv": [6, 2, 5, 1], "texture": "#1"},
				"down": {"uv": [3, 5, 2, 6], "texture": "#1"}
			}
		},
		{
			"from": [13.6, 6, 0.8],
			"to": [14.6, 7, 1],
			"rotation": {"angle": 45, "axis": "z", "origin": [14.6, 6, 0]},
			"faces": {
				"north": {"uv": [5, 2, 6, 3], "texture": "#1"},
				"east": {"uv": [3, 5, 4, 6], "texture": "#1"},
				"south": {"uv": [5, 3, 6, 4], "texture": "#1"},
				"west": {"uv": [4, 5, 5, 6], "texture": "#1"},
				"up": {"uv": [6, 5, 5, 4], "texture": "#1"},
				"down": {"uv": [6, 5, 5, 6], "texture": "#1"}
			}
		},
		{
			"from": [1.4, 2, 15],
			"to": [2.4, 3, 15.2],
			"rotation": {"angle": -45, "axis": "z", "origin": [1.4, 2, 16]},
			"faces": {
				"north": {"uv": [0, 6, 1, 7], "texture": "#1"},
				"east": {"uv": [6, 0, 7, 1], "texture": "#1"},
				"south": {"uv": [1, 6, 2, 7], "texture": "#1"},
				"west": {"uv": [6, 1, 7, 2], "texture": "#1"},
				"up": {"uv": [3, 7, 2, 6], "texture": "#1"},
				"down": {"uv": [7, 2, 6, 3], "texture": "#1"}
			}
		},
		{
			"from": [1.4, 4, 15],
			"to": [2.4, 5, 15.2],
			"rotation": {"angle": -45, "axis": "z", "origin": [1.4, 4, 16]},
			"faces": {
				"north": {"uv": [3, 6, 4, 7], "texture": "#1"},
				"east": {"uv": [6, 3, 7, 4], "texture": "#1"},
				"south": {"uv": [4, 6, 5, 7], "texture": "#1"},
				"west": {"uv": [6, 4, 7, 5], "texture": "#1"},
				"up": {"uv": [6, 7, 5, 6], "texture": "#1"},
				"down": {"uv": [7, 5, 6, 6], "texture": "#1"}
			}
		},
		{
			"from": [1.4, 6, 15],
			"to": [2.4, 7, 15.2],
			"rotation": {"angle": -45, "axis": "z", "origin": [1.4, 6, 16]},
			"faces": {
				"north": {"uv": [6, 6, 7, 7], "texture": "#1"},
				"east": {"uv": [0, 7, 1, 8], "texture": "#1"},
				"south": {"uv": [7, 0, 8, 1], "texture": "#1"},
				"west": {"uv": [1, 7, 2, 8], "texture": "#1"},
				"up": {"uv": [8, 2, 7, 1], "texture": "#1"},
				"down": {"uv": [3, 7, 2, 8], "texture": "#1"}
			}
		},
		{
			"from": [13.6, 2, 15],
			"to": [14.6, 3, 15.2],
			"rotation": {"angle": 45, "axis": "z", "origin": [14.6, 2, 16]},
			"faces": {
				"north": {"uv": [7, 2, 8, 3], "texture": "#1"},
				"east": {"uv": [3, 7, 4, 8], "texture": "#1"},
				"south": {"uv": [7, 3, 8, 4], "texture": "#1"},
				"west": {"uv": [4, 7, 5, 8], "texture": "#1"},
				"up": {"uv": [8, 5, 7, 4], "texture": "#1"},
				"down": {"uv": [6, 7, 5, 8], "texture": "#1"}
			}
		},
		{
			"from": [13.6, 4, 15],
			"to": [14.6, 5, 15.2],
			"rotation": {"angle": 45, "axis": "z", "origin": [14.6, 4, 16]},
			"faces": {
				"north": {"uv": [7, 5, 8, 6], "texture": "#1"},
				"east": {"uv": [6, 7, 7, 8], "texture": "#1"},
				"south": {"uv": [7, 6, 8, 7], "texture": "#1"},
				"west": {"uv": [7, 7, 8, 8], "texture": "#1"},
				"up": {"uv": [1, 9, 0, 8], "texture": "#1"},
				"down": {"uv": [9, 0, 8, 1], "texture": "#1"}
			}
		},
		{
			"from": [13.6, 6, 15],
			"to": [14.6, 7, 15.2],
			"rotation": {"angle": 45, "axis": "z", "origin": [14.6, 6, 16]},
			"faces": {
				"north": {"uv": [1, 8, 2, 9], "texture": "#1"},
				"east": {"uv": [8, 1, 9, 2], "texture": "#1"},
				"south": {"uv": [2, 8, 3, 9], "texture": "#1"},
				"west": {"uv": [8, 2, 9, 3], "texture": "#1"},
				"up": {"uv": [4, 9, 3, 8], "texture": "#1"},
				"down": {"uv": [9, 3, 8, 4], "texture": "#1"}
			}
		}
	],
	"display": {
		"thirdperson_righthand": {
			"translation": [0, 1.5, 0],
			"scale": [0.5, 0.5, 0.5]
		},
		"thirdperson_lefthand": {
			"translation": [0, 0.5, 0],
			"scale": [0.5, 0.5, 0.5]
		},
		"ground": {
			"translation": [0, 4.5, 0],
			"scale": [0.8, 0.8, 0.8]
		},
		"gui": {
			"rotation": [11, 0, 0],
			"translation": [0, 2.75, 0],
			"scale": [0.91, 0.9, 0.9]
		},
		"head": {
			"translation": [0, 7.75, 0],
			"scale": [1.29, 1.24, 1.22]
		},
		"fixed": {
			"rotation": [-90, 0, 0],
			"translation": [0, 0.5, -20.75],
			"scale": [2.69, 2.69, 2.69]
		}
	},
	"groups": [
		{
			"name": "group",
			"origin": [16, 2, 10],
			"color": 0,
			"children": [0, 1, 2, 3, 4, 5, 6, 7, 8, 9, 10, 11, 12, 13, 14, 15]
		},
		16,
		17,
		18,
		19,
		20,
		21,
		22,
		23,
		24,
		25,
		26,
		27
	]
}