{
	"credit": "Made with Blockbench",
	"textures": {
		"0": "kolonie:block/decoplan_4",
		"particle": "kolonie:block/decoplan_4"
	},
	"elements": [
		{
			"from": [-2, 0.25, 2.25],
			"to": [2, 0.25, 11.25],
			"rotation": {"angle": 45, "axis": "y", "origin": [0, 0.25, 0]},
			"faces": {
				"north": {"uv": [0, 0, 5, 0], "rotation": 180, "texture": "#0"},
				"east": {"uv": [0, 0, 0, 10], "rotation": 90, "texture": "#0"},
				"south": {"uv": [0, 0, 5, 0], "texture": "#0"},
				"west": {"uv": [0, 0, 0, 10], "rotation": 270, "texture": "#0"},
				"up": {"uv": [9.5, 5, 12.75, 12.5], "texture": "#0"},
				"down": {"uv": [9.5, 5, 12.75, 12.5], "rotation": 180, "texture": "#0"}
			}
		},
		{
			"from": [-9, 0.25, 9.25],
			"to": [0, 0.25, 13.25],
			"rotation": {"angle": 45, "axis": "y", "origin": [0, 0.25, 0]},
			"faces": {
				"north": {"uv": [0, 0, 0, 10], "rotation": 90, "texture": "#0"},
				"east": {"uv": [0, 0, 5, 0], "texture": "#0"},
				"south": {"uv": [0, 0, 0, 10], "rotation": 270, "texture": "#0"},
				"west": {"uv": [0, 0, 5, 0], "rotation": 180, "texture": "#0"},
				"up": {"uv": [9.5, 5, 12.75, 12.5], "rotation": 270, "texture": "#0"},
				"down": {"uv": [9.5, 5, 12.75, 12.5], "rotation": 270, "texture": "#0"}
			}
		},
		{
			"from": [0, 0.25, 9.25],
			"to": [9, 0.25, 13.25],
			"rotation": {"angle": 45, "axis": "y", "origin": [0, 0.25, 0]},
			"faces": {
				"north": {"uv": [0, 0, 0, 10], "rotation": 270, "texture": "#0"},
				"east": {"uv": [0, 0, 5, 0], "rotation": 180, "texture": "#0"},
				"south": {"uv": [0, 0, 0, 10], "rotation": 90, "texture": "#0"},
				"west": {"uv": [0, 0, 5, 0], "texture": "#0"},
				"up": {"uv": [9.5, 5, 12.75, 12.5], "rotation": 90, "texture": "#0"},
				"down": {"uv": [9.5, 5, 12.75, 12.5], "rotation": 90, "texture": "#0"}
			}
		},
		{
			"from": [-2, 0.25, 11.25],
			"to": [2, 0.25, 20.25],
			"rotation": {"angle": 45, "axis": "y", "origin": [0, 0.25, 0]},
			"faces": {
				"north": {"uv": [0, 0, 5, 0], "texture": "#0"},
				"east": {"uv": [0, 0, 0, 10], "rotation": 270, "texture": "#0"},
				"south": {"uv": [0, 0, 5, 0], "rotation": 180, "texture": "#0"},
				"west": {"uv": [0, 0, 0, 10], "rotation": 90, "texture": "#0"},
				"up": {"uv": [9.5, 5, 12.75, 12.5], "rotation": 180, "texture": "#0"},
				"down": {"uv": [9.5, 5, 12.75, 12.5], "texture": "#0"}
			}
		},
		{
			"from": [6, 2.25, -1.75],
			"to": [10, 2.25, 3.25],
			"rotation": {"angle": 0, "axis": "y", "origin": [16, 0.25, 0.25]},
			"faces": {
				"north": {"uv": [0, 0, 0, 4], "rotation": 270, "texture": "#0"},
				"east": {"uv": [0, 0, 0, 5], "rotation": 90, "texture": "#0"},
				"south": {"uv": [0, 0, 0, 4], "rotation": 270, "texture": "#0"},
				"west": {"uv": [0, 0, 0, 5], "rotation": 270, "texture": "#0"},
				"up": {"uv": [4.5, 3.5, 7.25, 8], "texture": "#0"},
				"down": {"uv": [4.5, 3.5, 7.25, 8], "rotation": 180, "texture": "#0"}
			}
		},
		{
			"from": [6, 3.25, 2.25],
			"to": [10, 3.25, 7.25],
			"rotation": {"angle": 22.5, "axis": "x", "origin": [16, 0.25, 0.25]},
			"faces": {
				"north": {"uv": [0, 0, 0, 4], "rotation": 270, "texture": "#0"},
				"east": {"uv": [0, 0, 0, 5], "rotation": 90, "texture": "#0"},
				"south": {"uv": [0, 0, 0, 4], "rotation": 270, "texture": "#0"},
				"west": {"uv": [0, 0, 0, 5], "rotation": 270, "texture": "#0"},
				"up": {"uv": [4.5, 8, 7.25, 12.5], "texture": "#0"},
				"down": {"uv": [4.5, 8, 7.25, 12.5], "rotation": 180, "texture": "#0"}
			}
		},
		{
			"from": [13.15, 5.15, 6],
			"to": [18.15, 5.15, 10],
			"rotation": {"angle": 22.5, "axis": "z", "origin": [15.75, 0.25, 16]},
			"faces": {
				"north": {"uv": [0, 0, 0, 5], "rotation": 270, "texture": "#0"},
				"east": {"uv": [0, 0, 0, 4], "rotation": 270, "texture": "#0"},
				"south": {"uv": [0, 0, 0, 5], "rotation": 90, "texture": "#0"},
				"west": {"uv": [0, 0, 0, 4], "rotation": 270, "texture": "#0"},
				"up": {"uv": [4.5, 3.5, 7.25, 8], "rotation": 90, "texture": "#0"},
				"down": {"uv": [4.5, 3.5, 7.25, 8], "rotation": 90, "texture": "#0"}
			}
		},
		{
			"from": [10.25, 5.75, 6],
			"to": [15.25, 5.75, 10],
			"rotation": {"angle": 45, "axis": "z", "origin": [15.75, 0.25, 16]},
			"faces": {
				"north": {"uv": [0, 0, 0, 5], "rotation": 270, "texture": "#0"},
				"east": {"uv": [0, 0, 0, 4], "rotation": 270, "texture": "#0"},
				"south": {"uv": [0, 0, 0, 5], "rotation": 90, "texture": "#0"},
				"west": {"uv": [0, 0, 0, 4], "rotation": 270, "texture": "#0"},
				"up": {"uv": [4.5, 8, 7.25, 12.5], "rotation": 90, "texture": "#0"},
				"down": {"uv": [4.5, 8, 7.25, 12.5], "rotation": 90, "texture": "#0"}
			}
		},
		{
			"from": [-2.15, 5.15, 6],
			"to": [2.85, 5.15, 10],
			"rotation": {"angle": -22.5, "axis": "z", "origin": [0.25, 0.25, 16]},
			"faces": {
				"north": {"uv": [0, 5, 0, 0], "rotation": 270, "texture": "#0"},
				"east": {"uv": [0, 4, 0, 0], "rotation": 270, "texture": "#0"},
				"south": {"uv": [0, 5, 0, 0], "rotation": 90, "texture": "#0"},
				"west": {"uv": [0, 4, 0, 0], "rotation": 270, "texture": "#0"},
				"up": {"uv": [4.5, 8, 7.25, 3.5], "rotation": 90, "texture": "#0"},
				"down": {"uv": [4.5, 8, 7.25, 3.5], "rotation": 90, "texture": "#0"}
			}
		},
		{
			"from": [0.75, 5.75, 6],
			"to": [5.75, 5.75, 10],
			"rotation": {"angle": -45, "axis": "z", "origin": [0.25, 0.25, 16]},
			"faces": {
				"north": {"uv": [0, 5, 0, 0], "rotation": 270, "texture": "#0"},
				"east": {"uv": [0, 4, 0, 0], "rotation": 270, "texture": "#0"},
				"south": {"uv": [0, 5, 0, 0], "rotation": 90, "texture": "#0"},
				"west": {"uv": [0, 4, 0, 0], "rotation": 270, "texture": "#0"},
				"up": {"uv": [4.5, 12.5, 7.25, 8], "rotation": 90, "texture": "#0"},
				"down": {"uv": [4.5, 12.5, 7.25, 8], "rotation": 90, "texture": "#0"}
			}
		},
		{
			"from": [6, 2.25, 12.75],
			"to": [10, 2.25, 17.75],
			"rotation": {"angle": 0, "axis": "y", "origin": [0, 0.25, 15.75]},
			"faces": {
				"north": {"uv": [0, 0, 0, 4], "rotation": 270, "texture": "#0"},
				"east": {"uv": [0, 0, 0, 5], "rotation": 270, "texture": "#0"},
				"south": {"uv": [0, 0, 0, 4], "rotation": 270, "texture": "#0"},
				"west": {"uv": [0, 0, 0, 5], "rotation": 90, "texture": "#0"},
				"up": {"uv": [4.5, 3.5, 7.25, 8], "rotation": 180, "texture": "#0"},
				"down": {"uv": [4.5, 3.5, 7.25, 8], "texture": "#0"}
			}
		},
		{
			"from": [6, 3.25, 8.75],
			"to": [10, 3.25, 13.75],
			"rotation": {"angle": -22.5, "axis": "x", "origin": [0, 0.25, 15.75]},
			"faces": {
				"north": {"uv": [0, 0, 0, 4], "rotation": 270, "texture": "#0"},
				"east": {"uv": [0, 0, 0, 5], "rotation": 270, "texture": "#0"},
				"south": {"uv": [0, 0, 0, 4], "rotation": 270, "texture": "#0"},
				"west": {"uv": [0, 0, 0, 5], "rotation": 90, "texture": "#0"},
				"up": {"uv": [4.5, 8, 7.25, 12.5], "rotation": 180, "texture": "#0"},
				"down": {"uv": [4.5, 8, 7.25, 12.5], "texture": "#0"}
			}
		}
	],
	"display": {
		"thirdperson_righthand": {
			"translation": [0, 8, 0]
		},
		"thirdperson_lefthand": {
			"translation": [0, 8, 0]
		},
		"firstperson_righthand": {
			"translation": [0, 8, 0]
		},
		"firstperson_lefthand": {
			"translation": [0, 8, 0]
		},
		"ground": {
			"translation": [0, 5.75, 0]
		},
		"gui": {
			"rotation": [16, 0, 0],
			"translation": [0, 2.5, 0]
		},
		"head": {
			"translation": [0, 22.5, 0],
			"scale": [2, 2, 2]
		},
		"fixed": {
			"rotation": [-90, 0, 0],
			"translation": [0, 0, -31.5],
			"scale": [4, 4, 4]
		}
	}
}