{
	"credit": "Made with Blockbench",
	"textures": {
		"0": "kolonie:block/decoplan_2",
		"particle": "kolonie:block/decoplan_2"
	},
	"elements": [
		{
			"from": [5, 5, 8],
			"to": [11, 12, 8],
			"rotation": {"angle": 22.5, "axis": "x", "origin": [0, 2, 0]},
			"faces": {
				"north": {"uv": [0, 9, 7.5, 16], "texture": "#0"},
				"east": {"uv": [0, 0, 0, 7], "texture": "#0"},
				"south": {"uv": [0, 9, 7.5, 16], "texture": "#0"},
				"west": {"uv": [0, 0, 0, 7], "texture": "#0"},
				"up": {"uv": [0, 0, 6, 0], "texture": "#0"},
				"down": {"uv": [0, 0, 6, 0], "texture": "#0"}
			}
		},
		{
			"from": [5, 14.25, 3.6],
			"to": [11, 21.25, 3.6],
			"rotation": {"angle": 45, "axis": "x", "origin": [0, 2, 0]},
			"faces": {
				"north": {"uv": [0, 0, 7.5, 9], "texture": "#0"},
				"east": {"uv": [0, 0, 0, 7], "texture": "#0"},
				"south": {"uv": [0, 0, 7.5, 9], "texture": "#0"},
				"west": {"uv": [0, 0, 0, 7], "texture": "#0"},
				"up": {"uv": [0, 0, 6, 0], "texture": "#0"},
				"down": {"uv": [0, 0, 6, 0], "texture": "#0"}
			}
		},
		{
			"from": [5, 5, 8],
			"to": [11, 12, 8],
			"rotation": {"angle": -22.5, "axis": "x", "origin": [0, 2, 16]},
			"faces": {
				"north": {"uv": [0, 9, 7.5, 16], "texture": "#0"},
				"east": {"uv": [0, 0, 0, 7], "texture": "#0"},
				"south": {"uv": [0, 9, 7.5, 16], "texture": "#0"},
				"west": {"uv": [0, 0, 0, 7], "texture": "#0"},
				"up": {"uv": [0, 0, 6, 0], "texture": "#0"},
				"down": {"uv": [0, 0, 6, 0], "texture": "#0"}
			}
		},
		{
			"from": [5, 14.25, 12.4],
			"to": [11, 21.25, 12.4],
			"rotation": {"angle": -45, "axis": "x", "origin": [0, 2, 16]},
			"faces": {
				"north": {"uv": [0, 0, 7.5, 9], "texture": "#0"},
				"east": {"uv": [0, 0, 0, 7], "texture": "#0"},
				"south": {"uv": [0, 0, 7.5, 9], "texture": "#0"},
				"west": {"uv": [0, 0, 0, 7], "texture": "#0"},
				"up": {"uv": [0, 0, 6, 0], "texture": "#0"},
				"down": {"uv": [0, 0, 6, 0], "texture": "#0"}
			}
		},
		{
			"from": [8, 5, 5],
			"to": [8, 12, 11],
			"rotation": {"angle": -22.5, "axis": "z", "origin": [0, 2, 0]},
			"faces": {
				"north": {"uv": [0, 0, 0, 7], "texture": "#0"},
				"east": {"uv": [0, 9, 7, 16], "texture": "#0"},
				"south": {"uv": [0, 0, 0, 7], "texture": "#0"},
				"west": {"uv": [0, 9, 7.5, 16], "texture": "#0"},
				"up": {"uv": [0, 0, 6, 0], "rotation": 90, "texture": "#0"},
				"down": {"uv": [0, 0, 6, 0], "rotation": 270, "texture": "#0"}
			}
		},
		{
			"from": [3.6, 14.25, 5],
			"to": [3.6, 21.25, 11],
			"rotation": {"angle": -45, "axis": "z", "origin": [0, 2, 0]},
			"faces": {
				"north": {"uv": [0, 0, 0, 7], "texture": "#0"},
				"east": {"uv": [0, 0, 7.5, 9], "texture": "#0"},
				"south": {"uv": [0, 0, 0, 7], "texture": "#0"},
				"west": {"uv": [0, 0, 7.5, 9], "texture": "#0"},
				"up": {"uv": [0, 0, 6, 0], "rotation": 90, "texture": "#0"},
				"down": {"uv": [0, 0, 6, 0], "rotation": 270, "texture": "#0"}
			}
		},
		{
			"from": [8, 5, 5],
			"to": [8, 12, 11],
			"rotation": {"angle": 22.5, "axis": "z", "origin": [16, 2, 0]},
			"faces": {
				"north": {"uv": [0, 0, 0, 7], "texture": "#0"},
				"east": {"uv": [0, 9, 7.5, 16], "texture": "#0"},
				"south": {"uv": [0, 0, 0, 7], "texture": "#0"},
				"west": {"uv": [0, 9, 7.5, 16], "texture": "#0"},
				"up": {"uv": [0, 0, 6, 0], "rotation": 90, "texture": "#0"},
				"down": {"uv": [0, 0, 6, 0], "rotation": 270, "texture": "#0"}
			}
		},
		{
			"from": [12.4, 14.25, 5],
			"to": [12.4, 21.25, 11],
			"rotation": {"angle": 45, "axis": "z", "origin": [16, 2, 0]},
			"faces": {
				"north": {"uv": [0, 0, 0, 7], "texture": "#0"},
				"east": {"uv": [0, 0, 7.5, 9], "texture": "#0"},
				"south": {"uv": [0, 0, 0, 7], "texture": "#0"},
				"west": {"uv": [0, 0, 7.5, 9], "texture": "#0"},
				"up": {"uv": [0, 0, 6, 0], "rotation": 90, "texture": "#0"},
				"down": {"uv": [0, 0, 6, 0], "rotation": 270, "texture": "#0"}
			}
		},
		{
			"from": [5, 2, 8],
			"to": [11, 20, 8],
			"faces": {
				"north": {"uv": [0, 0, 7.5, 16], "texture": "#0"},
				"east": {"uv": [0, 0, 0, 14], "texture": "#0"},
				"south": {"uv": [0, 0, 7.5, 16], "texture": "#0"},
				"west": {"uv": [0, 0, 0, 14], "texture": "#0"},
				"up": {"uv": [0, 0, 6, 0], "texture": "#0"},
				"down": {"uv": [0, 0, 6, 0], "texture": "#0"}
			}
		},
		{
			"from": [8, 2, 5],
			"to": [8, 20, 11],
			"faces": {
				"north": {"uv": [0, 0, 0, 14], "texture": "#0"},
				"east": {"uv": [0, 0, 7.5, 16], "texture": "#0"},
				"south": {"uv": [0, 0, 0, 14], "texture": "#0"},
				"west": {"uv": [0, 0, 7.5, 16], "texture": "#0"},
				"up": {"uv": [0, 0, 6, 0], "rotation": 90, "texture": "#0"},
				"down": {"uv": [0, 0, 6, 0], "rotation": 270, "texture": "#0"}
			}
		},
		{
			"from": [6, -4, 7],
			"to": [10, 4, 7],
			"rotation": {"angle": -45, "axis": "x", "origin": [0, 0, 0]},
			"faces": {
				"north": {"uv": [0, 0, 7.5, 16], "texture": "#0"},
				"east": {"uv": [0, 0, 0, 8], "texture": "#0"},
				"south": {"uv": [0, 0, 7.5, 16], "texture": "#0"},
				"west": {"uv": [0, 0, 0, 8], "texture": "#0"},
				"up": {"uv": [0, 0, 4, 0], "texture": "#0"},
				"down": {"uv": [0, 0, 4, 0], "texture": "#0"}
			}
		},
		{
			"from": [6, -4, 9],
			"to": [10, 4, 9],
			"rotation": {"angle": 45, "axis": "x", "origin": [0, 0, 16]},
			"faces": {
				"north": {"uv": [7.5, 0, 0, 16], "texture": "#0"},
				"east": {"uv": [0, 0, 0, 8], "texture": "#0"},
				"south": {"uv": [7.5, 0, 0, 16], "texture": "#0"},
				"west": {"uv": [0, 0, 0, 8], "texture": "#0"},
				"up": {"uv": [0, 0, 4, 0], "texture": "#0"},
				"down": {"uv": [0, 0, 4, 0], "texture": "#0"}
			}
		},
		{
			"from": [4.25, 7, 6],
			"to": [4.25, 15, 10],
			"rotation": {"angle": -45, "axis": "z", "origin": [0, 0, 0]},
			"faces": {
				"north": {"uv": [0, 0, 0, 8], "texture": "#0"},
				"east": {"uv": [0, 0, 7.5, 16], "texture": "#0"},
				"south": {"uv": [0, 0, 0, 8], "texture": "#0"},
				"west": {"uv": [0, 0, 7.5, 16], "texture": "#0"},
				"up": {"uv": [0, 0, 4, 0], "rotation": 90, "texture": "#0"},
				"down": {"uv": [0, 0, 4, 0], "rotation": 270, "texture": "#0"}
			}
		},
		{
			"from": [11.75, 7, 6],
			"to": [11.75, 15, 10],
			"rotation": {"angle": 45, "axis": "z", "origin": [16, 0, 0]},
			"faces": {
				"north": {"uv": [0, 0, 0, 8], "texture": "#0"},
				"east": {"uv": [7.5, 0, 0, 16], "texture": "#0"},
				"south": {"uv": [0, 0, 0, 8], "texture": "#0"},
				"west": {"uv": [7.5, 0, 0, 16], "texture": "#0"},
				"up": {"uv": [0, 0, 4, 0], "rotation": 90, "texture": "#0"},
				"down": {"uv": [0, 0, 4, 0], "rotation": 270, "texture": "#0"}
			}
		}
	],
	"display": {
		"thirdperson_righthand": {
			"translation": [0, 4.75, 0]
		},
		"thirdperson_lefthand": {
			"translation": [0, 4.75, 0]
		},
		"ground": {
			"translation": [0, 3.25, 0]
		},
		"gui": {
			"rotation": [0, -45, 0],
			"translation": [0, -2.25, 0],
			"scale": [1, 0.82, 1]
		},
		"head": {
			"rotation": [0, -45, 0],
			"translation": [0, 16.5, 0],
			"scale": [2, 2, 2]
		},
		"fixed": {
			"rotation": [-90, -45, 0],
			"translation": [0, 0, -25],
			"scale": [4, 4, 4]
		}
	}
}