{
	"credit": "Made with Blockbench",
	"textures": {
		"0": "kolonie:block/decoplan_3",
		"particle": "kolonie:block/decoplan_3"
	},
	"elements": [
		{
			"from": [4, 0, 8],
			"to": [12, 8, 8],
			"faces": {
				"north": {"uv": [8, 2, 14.5, 10], "texture": "#0"},
				"east": {"uv": [0, 0, 0, 8], "texture": "#0"},
				"south": {"uv": [8, 2, 14.5, 10], "texture": "#0"},
				"west": {"uv": [0, 0, 0, 8], "texture": "#0"},
				"up": {"uv": [0, 0, 8, 0], "texture": "#0"},
				"down": {"uv": [0, 0, 8, 0], "texture": "#0"}
			}
		},
		{
			"from": [8, 0, 4],
			"to": [8, 8, 12],
			"faces": {
				"north": {"uv": [0, 0, 0, 8], "texture": "#0"},
				"east": {"uv": [8, 2, 14.5, 10], "texture": "#0"},
				"south": {"uv": [0, 0, 0, 8], "texture": "#0"},
				"west": {"uv": [8, 2, 14.5, 10], "texture": "#0"},
				"up": {"uv": [0, 0, 0, 8], "texture": "#0"},
				"down": {"uv": [0, 0, 0, 8], "texture": "#0"}
			}
		},
		{
			"from": [-0.5, 3, 4],
			"to": [7.5, 3, 12],
			"rotation": {"angle": -22.5, "axis": "z", "origin": [0, 0, 0]},
			"faces": {
				"north": {"uv": [0, 0, 0, 8], "rotation": 90, "texture": "#0"},
				"east": {"uv": [0, 0, 0, 8], "rotation": 270, "texture": "#0"},
				"south": {"uv": [0, 0, 0, 8], "rotation": 270, "texture": "#0"},
				"west": {"uv": [0, 0, 0, 8], "rotation": 270, "texture": "#0"},
				"up": {"uv": [8, 2, 14.5, 10], "rotation": 270, "texture": "#0"},
				"down": {"uv": [8, 2, 14.5, 10], "rotation": 270, "texture": "#0"}
			}
		},
		{
			"from": [4, 3, -0.9],
			"to": [12, 3, 7.1],
			"rotation": {"angle": 22.5, "axis": "x", "origin": [0, 0, 0]},
			"faces": {
				"north": {"uv": [0, 0, 0, 8], "rotation": 270, "texture": "#0"},
				"east": {"uv": [0, 0, 0, 8], "rotation": 90, "texture": "#0"},
				"south": {"uv": [0, 0, 0, 8], "rotation": 270, "texture": "#0"},
				"west": {"uv": [0, 0, 0, 8], "rotation": 270, "texture": "#0"},
				"up": {"uv": [8, 2, 14.5, 10], "texture": "#0"},
				"down": {"uv": [8, 2, 14.5, 10], "rotation": 180, "texture": "#0"}
			}
		},
		{
			"from": [4, 3, -1],
			"to": [12, 3, 7],
			"rotation": {"angle": 22.5, "axis": "x", "origin": [0, 0, 0]},
			"faces": {
				"north": {"uv": [0, 0, 0, 8], "rotation": 270, "texture": "#0"},
				"east": {"uv": [0, 0, 0, 8], "rotation": 90, "texture": "#0"},
				"south": {"uv": [0, 0, 0, 8], "rotation": 270, "texture": "#0"},
				"west": {"uv": [0, 0, 0, 8], "rotation": 270, "texture": "#0"},
				"up": {"uv": [8, 2, 14.5, 10], "texture": "#0"},
				"down": {"uv": [8, 2, 14.5, 10], "rotation": 180, "texture": "#0"}
			}
		},
		{
			"from": [7.45, -3, 4],
			"to": [15.45, -3, 12],
			"rotation": {"angle": 22.5, "axis": "z", "origin": [0, 0, 0]},
			"faces": {
				"north": {"uv": [0, 0, 0, 8], "rotation": 270, "texture": "#0"},
				"east": {"uv": [0, 0, 0, 8], "rotation": 270, "texture": "#0"},
				"south": {"uv": [0, 0, 0, 8], "rotation": 90, "texture": "#0"},
				"west": {"uv": [0, 0, 0, 8], "rotation": 270, "texture": "#0"},
				"up": {"uv": [8, 2, 14.5, 10], "rotation": 90, "texture": "#0"},
				"down": {"uv": [8, 2, 14.5, 10], "rotation": 90, "texture": "#0"}
			}
		},
		{
			"from": [4, -3, 7.5],
			"to": [12, -3, 15.5],
			"rotation": {"angle": -22.5, "axis": "x", "origin": [0, 0, 0]},
			"faces": {
				"north": {"uv": [0, 0, 8, 0], "rotation": 180, "texture": "#0"},
				"east": {"uv": [0, 0, 0, 8], "rotation": 270, "texture": "#0"},
				"south": {"uv": [0, 0, 8, 0], "texture": "#0"},
				"west": {"uv": [0, 0, 0, 8], "rotation": 90, "texture": "#0"},
				"up": {"uv": [8.5, 2.5, 14, 10], "rotation": 180, "texture": "#0"},
				"down": {"uv": [8.5, 2.5, 14, 10], "texture": "#0"}
			}
		}
	],
	"display": {
		"thirdperson_righthand": {
			"translation": [0, 8, 0]
		},
		"thirdperson_lefthand": {
			"translation": [0, 8, 0]
		},
		"firstperson_righthand": {
			"translation": [0, 8, 0]
		},
		"firstperson_lefthand": {
			"translation": [0, 8, 0]
		},
		"ground": {
			"translation": [0, 9.75, 0],
			"scale": [1.63, 1.63, 1.63]
		},
		"gui": {
			"rotation": [0, -45, 0],
			"translation": [0, 2.25, 0]
		},
		"head": {
			"translation": [0, 19.25, 0],
			"scale": [1.61, 1.61, 1.61]
		},
		"fixed": {
			"rotation": [-90, 0, 0],
			"translation": [0, 0, -26.5],
			"scale": [3.27, 3.29, 3.27]
		}
	}
}