{
	"credit": "Made with Blockbench",
	"textures": {
		"0": "kolonie:block/book_pages_2",
		"1": "kolonie:block/book_cover_3",
		"particle": "kolonie:block/book_pages_2"
	},
	"elements": [
		{
			"from": [6, 0.1, 3],
			"to": [11, 0.25, 10],
			"faces": {
				"north": {"uv": [0, 8, 5, 8.5], "texture": "#1"},
				"east": {"uv": [0, 7, 7, 7.5], "texture": "#1"},
				"south": {"uv": [5, 8, 10, 8.5], "texture": "#1"},
				"west": {"uv": [7, 7, 14, 7.5], "texture": "#1"},
				"up": {"uv": [5, 7, 0, 0], "texture": "#1"},
				"down": {"uv": [10, 0, 5, 7], "texture": "#1"}
			}
		},
		{
			"from": [6, 1.4, 3],
			"to": [11, 1.55, 10],
			"faces": {
				"north": {"uv": [0, 8, 5, 8.5], "texture": "#1"},
				"east": {"uv": [0, 7, 7, 7.5], "texture": "#1"},
				"south": {"uv": [5, 8, 10, 8.5], "texture": "#1"},
				"west": {"uv": [7, 7, 14, 7.5], "texture": "#1"},
				"up": {"uv": [5, 7, 0, 0], "texture": "#1"},
				"down": {"uv": [10, 0, 5, 7], "texture": "#1"}
			}
		},
		{
			"from": [10.95, 0.2, 3],
			"to": [11.1, 1.45, 10],
			"faces": {
				"north": {"uv": [13.5, 8.5, 14, 9.5], "texture": "#1"},
				"east": {"uv": [7, 10, 14, 11], "texture": "#1"},
				"south": {"uv": [13, 8.5, 13.5, 9.5], "texture": "#1"},
				"west": {"uv": [0, 10, 7, 11], "texture": "#1"},
				"up": {"uv": [15.5, 15.5, 15, 8.5], "texture": "#1"},
				"down": {"uv": [15, 8.5, 14.5, 15.5], "texture": "#1"}
			}
		},
		{
			"from": [6.25, 0.2, 3.25],
			"to": [11, 1.45, 9.75],
			"faces": {
				"north": {"uv": [0, 8, 5, 10], "texture": "#0"},
				"east": {"uv": [0, 8, 5, 10], "texture": "#0"},
				"south": {"uv": [0, 8, 5, 10], "texture": "#0"},
				"west": {"uv": [0, 8, 5, 10], "texture": "#0"},
				"up": {"uv": [5, 6.5, 0, 0], "texture": "#0"},
				"down": {"uv": [10, 0, 5, 6.5], "texture": "#0"}
			}
		}
	],
	"display": {
		"thirdperson_righthand": {
			"translation": [0, 8, 0]
		},
		"thirdperson_lefthand": {
			"translation": [0, 8, 0]
		},
		"firstperson_righthand": {
			"translation": [0, 8, 0]
		},
		"firstperson_lefthand": {
			"translation": [0, 8, 0]
		},
		"ground": {
			"translation": [0, 4.25, 0]
		},
		"gui": {
			"rotation": [90, 180, 0],
			"translation": [1, 2, 0],
			"scale": [1.55, 1, 1.61]
		},
		"head": {
			"translation": [-0.75, 14.25, 2.25],
			"scale": [1.55, 1, 1.55]
		},
		"fixed": {
			"rotation": [-90, 0, 0],
			"translation": [-1.25, 3.25, -30.25],
			"scale": [2.71, 3.84, 2.35]
		}
	},
	"groups": [
		{
			"name": "group",
			"origin": [0, 0, 0],
			"color": 0,
			"children": [0, 1, 2, 3]
		}
	]
}