{
	"credit": "Made with Blockbench",
	"texture_size": [32, 32],
	"textures": {
		"0": "kolonie:block/book_cover_2a",
		"1": "kolonie:block/book_cover_2b",
		"2": "kolonie:block/book_cover_2c",
		"3": "kolonie:block/book_pages_1",
		"particle": "kolonie:book_cover_2a"
	},
	"elements": [
		{
			"from": [6, 0.1, 2],
			"to": [11, 0.25, 9],
			"faces": {
				"north": {"uv": [0, 8, 5, 8.5], "texture": "#1"},
				"east": {"uv": [0, 7, 7, 7.5], "texture": "#1"},
				"south": {"uv": [5, 8, 10, 8.5], "texture": "#1"},
				"west": {"uv": [7, 7, 14, 7.5], "texture": "#1"},
				"up": {"uv": [5, 7, 0, 0], "texture": "#1"},
				"down": {"uv": [10, 0, 5, 7], "texture": "#1"}
			}
		},
		{
			"from": [6, 1.1, 2],
			"to": [11, 1.25, 9],
			"faces": {
				"north": {"uv": [0, 8, 5, 8.5], "texture": "#0"},
				"east": {"uv": [0, 7, 7, 7.5], "texture": "#0"},
				"south": {"uv": [5, 8, 10, 8.5], "texture": "#0"},
				"west": {"uv": [7, 7, 14, 7.5], "texture": "#0"},
				"up": {"uv": [5, 7, 0, 0], "texture": "#0"},
				"down": {"uv": [10, 0, 5, 7], "texture": "#0"}
			}
		},
		{
			"from": [10.95, 0.2, 2],
			"to": [11.1, 1.2, 9],
			"faces": {
				"north": {"uv": [2, 2, 2.5, 3], "texture": "#2"},
				"east": {"uv": [0, 0, 7, 1], "texture": "#2"},
				"south": {"uv": [2, 3, 2.5, 4], "texture": "#2"},
				"west": {"uv": [0, 1, 7, 2], "texture": "#2"},
				"up": {"uv": [0.5, 9, 0, 2], "texture": "#2"},
				"down": {"uv": [1.5, 2, 1, 9], "texture": "#2"}
			}
		},
		{
			"from": [6.25, 0.2, 2.25],
			"to": [11, 1.2, 8.75],
			"faces": {
				"north": {"uv": [7, 7, 13.5, 8], "texture": "#3"},
				"east": {"uv": [0, 7, 6.25, 8], "texture": "#3"},
				"south": {"uv": [7, 7, 13.5, 8], "texture": "#3"},
				"west": {"uv": [0, 8, 9.75, 9], "texture": "#3"},
				"up": {"uv": [4.5, 6.25, 0, 0], "texture": "#3"},
				"down": {"uv": [10, 0, 5.5, 6.25], "texture": "#3"}
			}
		}
	],
	"display": {
		"thirdperson_righthand": {
			"translation": [0, 8, 0]
		},
		"thirdperson_lefthand": {
			"translation": [0, 8, 0]
		},
		"firstperson_righthand": {
			"translation": [0, 8, 0]
		},
		"firstperson_lefthand": {
			"translation": [0, 8, 0]
		},
		"ground": {
			"translation": [0, 5.5, 0]
		},
		"gui": {
			"rotation": [90, 180, 0],
			"translation": [1, 3.75, 0],
			"scale": [1.63, 1, 1.49]
		},
		"head": {
			"translation": [-1, 14.25, 5],
			"scale": [2, 1, 2]
		},
		"fixed": {
			"rotation": [-90, 0, 0],
			"translation": [-1.5, 5.5, -30.25],
			"scale": [2.51, 3.84, 2.27]
		}
	},
	"groups": [
		{
			"name": "group",
			"origin": [0, 0, 0],
			"color": 0,
			"children": [0, 1, 2, 3]
		}
	]
}