{
	"credit": "Made with Blockbench",
	"texture_size": [32, 32],
	"textures": {
		"1": "kolonie:block/book_cover_1",
		"2": "kolonie:block/book_pages_1",
		"4": "kolonie:block/book_cover_1a",
		"5": "kolonie:block/book_cover_3",
		"6": "kolonie:block/book_pages_2",
		"particle": "kolonie:block/book_cover_4"
	},
	"elements": [
		{
			"from": [3.7, 1.1, 7],
			"to": [8.7, 1.25, 14],
			"rotation": {"angle": 22.5, "axis": "y", "origin": [0, 0, 0]},
			"faces": {
				"north": {"uv": [1, 6, 3.5, 6.25], "texture": "#1"},
				"east": {"uv": [0.5, 6.5, 4, 6.75], "texture": "#1"},
				"south": {"uv": [1, 6, 3.5, 6.25], "texture": "#1"},
				"west": {"uv": [0.5, 6.5, 4, 6.75], "texture": "#1"},
				"up": {"uv": [10, 7, 5, 0], "texture": "#1"},
				"down": {"uv": [10, 0, 5, 6.5], "texture": "#1"}
			}
		},
		{
			"from": [3.7, 0.1, 7],
			"to": [8.7, 0.25, 14],
			"rotation": {"angle": 22.5, "axis": "y", "origin": [0, 0, 0]},
			"faces": {
				"north": {"uv": [1, 6, 3.5, 6.25], "texture": "#1"},
				"east": {"uv": [0.5, 6.5, 4, 6.75], "texture": "#1"},
				"south": {"uv": [1, 6, 3.5, 6.25], "texture": "#1"},
				"west": {"uv": [0.5, 6.5, 4, 6.75], "texture": "#1"},
				"up": {"uv": [10, 7, 5, 0], "texture": "#1"},
				"down": {"uv": [10, 0, 5, 6.5], "texture": "#1"}
			}
		},
		{
			"from": [8.65, 0.2, 7],
			"to": [8.8, 1.2, 14],
			"rotation": {"angle": 22.5, "axis": "y", "origin": [0, 0, 0]},
			"faces": {
				"north": {"uv": [2, 3, 2.25, 3.5], "texture": "#4"},
				"east": {"uv": [0, 0, 7, 1], "texture": "#4"},
				"south": {"uv": [2, 2, 2.25, 2.5], "texture": "#4"},
				"west": {"uv": [1, 1, 4.5, 1.5], "texture": "#4"},
				"up": {"uv": [1.25, 7.5, 1, 4], "texture": "#4"},
				"down": {"uv": [1.25, 2, 1, 5.5], "texture": "#4"}
			}
		},
		{
			"from": [3.95, 0.2, 7.25],
			"to": [8.7, 1.2, 13.75],
			"rotation": {"angle": 22.5, "axis": "y", "origin": [0, 0, 0]},
			"faces": {
				"north": {"uv": [0, 9, 3.5, 10], "texture": "#6"},
				"east": {"uv": [0, 9, 3.75, 10], "texture": "#6"},
				"south": {"uv": [0, 9, 3.5, 10], "texture": "#6"},
				"west": {"uv": [0, 9, 4.75, 10], "texture": "#6"},
				"up": {"uv": [3.5, 3.75, 1, 0.5], "texture": "#6"},
				"down": {"uv": [5, 0, 2.5, 3.25], "texture": "#6"}
			}
		},
		{
			"from": [0.4, 0.1, 10],
			"to": [7.4, 0.25, 15],
			"faces": {
				"north": {"uv": [4.5, 8, 8, 8.25], "texture": "#5"},
				"east": {"uv": [1, 8, 3.5, 8.25], "texture": "#5"},
				"south": {"uv": [4.5, 8, 8, 8.25], "texture": "#5"},
				"west": {"uv": [2, 8, 4.5, 8.25], "texture": "#5"},
				"up": {"uv": [10, 7, 5.5, 0], "rotation": 90, "texture": "#5"},
				"down": {"uv": [10, 0, 5, 7], "rotation": 270, "texture": "#5"}
			}
		},
		{
			"from": [0.4, 0.6, 10],
			"to": [7.4, 0.75, 15],
			"faces": {
				"north": {"uv": [0, 10, 7.5, 10.75], "texture": "#5"},
				"east": {"uv": [11.5, 7, 14, 7.25], "texture": "#5"},
				"south": {"uv": [0, 8, 10, 8.5], "texture": "#5"},
				"west": {"uv": [11.5, 7, 14, 7.25], "texture": "#5"},
				"up": {"uv": [5, 7, 0, 0], "rotation": 90, "texture": "#5"},
				"down": {"uv": [10, 0, 5, 7], "rotation": 270, "texture": "#5"}
			}
		},
		{
			"from": [0.4, 0.2, 14.95],
			"to": [7.4, 0.7, 15.1],
			"faces": {
				"north": {"uv": [4.75, 6.75, 8.25, 7.25], "texture": "#5"},
				"east": {"uv": [2.5, 5.75, 2.75, 6.25], "texture": "#5"},
				"south": {"uv": [0.1, 10.1, 13.95, 11], "texture": "#5"},
				"west": {"uv": [1, 5.25, 1.25, 5.75], "texture": "#5"},
				"up": {"uv": [9.75, 4, 9.5, 0.5], "rotation": 90, "texture": "#5"},
				"down": {"uv": [9, 0.5, 8.75, 4], "rotation": 270, "texture": "#5"}
			}
		},
		{
			"from": [0.65, 0.2, 10.25],
			"to": [7.15, 0.7, 15],
			"faces": {
				"north": {"uv": [0, 8, 5.875, 9], "texture": "#2"},
				"east": {"uv": [7, 7, 11.75, 8], "texture": "#2"},
				"south": {"uv": [7, 7, 10.625, 8], "texture": "#2"},
				"west": {"uv": [5.5, 8, 9.25, 9], "texture": "#2"},
				"up": {"uv": [2.25, 3.125, 0, 0], "rotation": 90, "texture": "#2"},
				"down": {"uv": [5, 0, 2.75, 3.125], "rotation": 270, "texture": "#2"}
			}
		}
	],
	"display": {
		"thirdperson_righthand": {
			"translation": [0, 8, 0]
		},
		"thirdperson_lefthand": {
			"translation": [0, 8, 0]
		},
		"firstperson_righthand": {
			"translation": [0, 8, 0]
		},
		"firstperson_lefthand": {
			"translation": [0, 8, 0]
		},
		"ground": {
			"translation": [0, 8.25, 0]
		},
		"gui": {
			"rotation": [91, 0, 0],
			"translation": [1.5, 1.5, 0]
		},
		"head": {
			"translation": [0, 14.75, 0]
		},
		"fixed": {
			"rotation": [-90, 0, 0],
			"translation": [2.25, -2.75, -30.25],
			"scale": [2.4, 3.84, 2.4]
		}
	},
	"groups": [
		{
			"name": "group",
			"origin": [0, 0, 0],
			"color": 0,
			"children": [0, 1, 2, 3]
		},
		{
			"name": "group",
			"origin": [0, 0, 0],
			"color": 0,
			"children": [4, 5, 6, 7]
		}
	]
}