{
	"credit": "Made with Blockbench",
	"texture_size": [32, 32],
	"textures": {
		"0": "kolonie:block/book_cover_2a",
		"1": "kolonie:block/book_cover_2b",
		"2": "kolonie:block/book_cover_2c",
		"3": "kolonie:block/book_pages_1",
		"7": "kolonie:block/book_cover_5",
		"1_0": "kolonie:block/book_cover_1",
		"1_2": "kolonie:block/book_cover_1a",
		"2_0": "kolonie:block/book_pages_2",
		"2_1": "kolonie:block/book_cover_3",
		"3_0": "kolonie:block/book_cover_4",
		"particle": "kolonie:block/book_cover_2a"
	},
	"elements": [
		{
			"from": [3, 1.5, 5],
			"to": [8, 1.65, 12],
			"rotation": {"angle": 22.5, "axis": "y", "origin": [0, 0, 0]},
			"faces": {
				"north": {"uv": [0, 8, 5, 8.5], "texture": "#1"},
				"east": {"uv": [0, 7, 7, 7.5], "texture": "#1"},
				"south": {"uv": [5, 8, 10, 8.5], "texture": "#1"},
				"west": {"uv": [7, 7, 14, 7.5], "texture": "#1"},
				"up": {"uv": [5, 7, 0, 0], "texture": "#1"},
				"down": {"uv": [10, 0, 5, 7], "texture": "#1"}
			}
		},
		{
			"from": [3, 2.5, 5],
			"to": [8, 2.65, 12],
			"rotation": {"angle": 22.5, "axis": "y", "origin": [0, 0, 0]},
			"faces": {
				"north": {"uv": [0, 8, 5, 8.5], "texture": "#0"},
				"east": {"uv": [0, 7, 7, 7.5], "texture": "#0"},
				"south": {"uv": [5, 8, 10, 8.5], "texture": "#0"},
				"west": {"uv": [7, 7, 14, 7.5], "texture": "#0"},
				"up": {"uv": [5, 7, 0, 0], "texture": "#0"},
				"down": {"uv": [10, 0, 5, 7], "texture": "#0"}
			}
		},
		{
			"from": [7.95, 1.6, 5],
			"to": [8.1, 2.6, 12],
			"rotation": {"angle": 22.5, "axis": "y", "origin": [0, 0, 0]},
			"faces": {
				"north": {"uv": [2, 2, 2.5, 3], "texture": "#2"},
				"east": {"uv": [0, 0, 7, 1], "texture": "#2"},
				"south": {"uv": [2, 3, 2.5, 4], "texture": "#2"},
				"west": {"uv": [0, 1, 7, 2], "texture": "#2"},
				"up": {"uv": [0.5, 9, 0, 2], "texture": "#2"},
				"down": {"uv": [1.5, 2, 1, 9], "texture": "#2"}
			}
		},
		{
			"from": [3.25, 1.6, 5.25],
			"to": [8, 2.6, 11.75],
			"rotation": {"angle": 22.5, "axis": "y", "origin": [0, 0, 0]},
			"faces": {
				"north": {"uv": [7, 7, 13.5, 8], "texture": "#3"},
				"east": {"uv": [0, 7, 6.25, 8], "texture": "#3"},
				"south": {"uv": [7, 7, 13.5, 8], "texture": "#3"},
				"west": {"uv": [0, 8, 9.75, 9], "texture": "#3"},
				"up": {"uv": [4.5, 6.25, 0, 0], "texture": "#3"},
				"down": {"uv": [10, 0, 5.5, 6.25], "texture": "#3"}
			}
		},
		{
			"from": [2, 4, 7],
			"to": [7, 4.15, 14],
			"rotation": {"angle": 22.5, "axis": "y", "origin": [0, 0, 0]},
			"faces": {
				"north": {"uv": [0, 0, 5, 0.15], "texture": "#1_0"},
				"east": {"uv": [0, 0, 7, 0.15], "texture": "#1_0"},
				"south": {"uv": [0, 0, 5, 0.15], "texture": "#1_0"},
				"west": {"uv": [0, 0, 7, 0.15], "texture": "#1_0"},
				"up": {"uv": [0, 0, 5, 7], "rotation": 180, "texture": "#1_0"},
				"down": {"uv": [5, 0, 10, 7], "rotation": 180, "texture": "#1_0"}
			}
		},
		{
			"from": [2, 5, 7],
			"to": [7, 5.15, 14],
			"rotation": {"angle": 22.5, "axis": "y", "origin": [0, 0, 0]},
			"faces": {
				"north": {"uv": [0, 8, 5, 8.5], "texture": "#1_0"},
				"east": {"uv": [0, 7, 7, 7.5], "texture": "#1_0"},
				"south": {"uv": [5, 8, 10, 8.5], "texture": "#1_0"},
				"west": {"uv": [7, 7, 14, 7.5], "texture": "#1_0"},
				"up": {"uv": [5, 7, 0, 0], "texture": "#1_0"},
				"down": {"uv": [10, 0, 5, 7], "texture": "#1_0"}
			}
		},
		{
			"from": [6.95, 4.1, 7],
			"to": [7.1, 5.1, 14],
			"rotation": {"angle": 22.5, "axis": "y", "origin": [0, 0, 0]},
			"faces": {
				"north": {"uv": [2, 2, 2.5, 3], "texture": "#1_2"},
				"east": {"uv": [0, 0, 7, 1], "texture": "#1_2"},
				"south": {"uv": [2, 3, 2.5, 4], "texture": "#1_2"},
				"west": {"uv": [0, 1, 7, 2], "texture": "#1_2"},
				"up": {"uv": [0.5, 9, 0, 2], "texture": "#1_2"},
				"down": {"uv": [1.5, 2, 1, 9], "texture": "#1_2"}
			}
		},
		{
			"from": [2.25, 4.1, 7.25],
			"to": [7, 5.1, 13.75],
			"rotation": {"angle": 22.5, "axis": "y", "origin": [0, 0, 0]},
			"faces": {
				"north": {"uv": [0, 8, 5, 9], "texture": "#3"},
				"east": {"uv": [0, 7, 6.5, 8], "texture": "#3"},
				"south": {"uv": [5, 8, 10, 9], "texture": "#3"},
				"west": {"uv": [7, 7, 13.5, 8], "texture": "#3"},
				"up": {"uv": [5, 6.5, 0, 0], "texture": "#3"},
				"down": {"uv": [10, 0, 5, 6.5], "texture": "#3"}
			}
		},
		{
			"from": [6, 0, 3],
			"to": [11, 0.15, 10],
			"faces": {
				"north": {"uv": [0, 8, 5, 8.5], "texture": "#2_1"},
				"east": {"uv": [0, 7, 7, 7.5], "texture": "#2_1"},
				"south": {"uv": [5, 8, 10, 8.5], "texture": "#2_1"},
				"west": {"uv": [7, 7, 14, 7.5], "texture": "#2_1"},
				"up": {"uv": [5, 7, 0, 0], "texture": "#2_1"},
				"down": {"uv": [10, 0, 5, 7], "texture": "#2_1"}
			}
		},
		{
			"from": [6, 1.3, 3],
			"to": [11, 1.45, 10],
			"faces": {
				"north": {"uv": [0, 8, 5, 8.5], "texture": "#2_1"},
				"east": {"uv": [0, 7, 7, 7.5], "texture": "#2_1"},
				"south": {"uv": [5, 8, 10, 8.5], "texture": "#2_1"},
				"west": {"uv": [7, 7, 14, 7.5], "texture": "#2_1"},
				"up": {"uv": [5, 7, 0, 0], "texture": "#2_1"},
				"down": {"uv": [10, 0, 5, 7], "texture": "#2_1"}
			}
		},
		{
			"from": [10.95, 0.1, 3],
			"to": [11.1, 1.35, 10],
			"faces": {
				"north": {"uv": [13.5, 8.5, 14, 9.5], "texture": "#2_1"},
				"east": {"uv": [7, 10, 14, 11], "texture": "#2_1"},
				"south": {"uv": [13, 8.5, 13.5, 9.5], "texture": "#2_1"},
				"west": {"uv": [0, 10, 7, 11], "texture": "#2_1"},
				"up": {"uv": [15.5, 15.5, 15, 8.5], "texture": "#2_1"},
				"down": {"uv": [15, 8.5, 14.5, 15.5], "texture": "#2_1"}
			}
		},
		{
			"from": [6.25, 0.1, 3.25],
			"to": [11, 1.35, 9.75],
			"faces": {
				"north": {"uv": [0, 8, 5, 10], "texture": "#2_0"},
				"east": {"uv": [0, 8, 5, 10], "texture": "#2_0"},
				"south": {"uv": [0, 8, 5, 10], "texture": "#2_0"},
				"west": {"uv": [0, 8, 5, 10], "texture": "#2_0"},
				"up": {"uv": [5, 6.5, 0, 0], "texture": "#2_0"},
				"down": {"uv": [10, 0, 5, 6.5], "texture": "#2_0"}
			}
		},
		{
			"from": [5, 2.7, 3],
			"to": [10, 2.85, 10],
			"faces": {
				"north": {"uv": [0, 8, 5, 8.5], "texture": "#3_0"},
				"east": {"uv": [0, 7, 7, 7.5], "texture": "#3_0"},
				"south": {"uv": [5, 8, 10, 8.5], "texture": "#3_0"},
				"west": {"uv": [7, 7, 14, 7.5], "texture": "#3_0"},
				"up": {"uv": [5, 7, 0, 0], "texture": "#3_0"},
				"down": {"uv": [10, 0, 5, 7], "texture": "#3_0"}
			}
		},
		{
			"from": [5, 3.2, 3],
			"to": [10, 3.35, 10],
			"faces": {
				"north": {"uv": [0, 8, 5, 8.5], "texture": "#3_0"},
				"east": {"uv": [0, 7, 7, 7.5], "texture": "#3_0"},
				"south": {"uv": [5, 8, 10, 8.5], "texture": "#3_0"},
				"west": {"uv": [7, 7, 14, 7.5], "texture": "#3_0"},
				"up": {"uv": [5, 7, 0, 0], "texture": "#3_0"},
				"down": {"uv": [10, 0, 5, 7], "texture": "#3_0"}
			}
		},
		{
			"from": [9.95, 2.8, 3],
			"to": [10.1, 3.3, 10],
			"faces": {
				"north": {"uv": [2, 9.5, 2.5, 10.5], "texture": "#3_0"},
				"east": {"uv": [2.5, 9.5, 9.5, 10.5], "texture": "#3_0"},
				"south": {"uv": [2, 10.5, 2.5, 11.5], "texture": "#3_0"},
				"west": {"uv": [2.5, 10.5, 9.5, 11.5], "texture": "#3_0"},
				"up": {"uv": [1.5, 16, 1, 9], "texture": "#3_0"},
				"down": {"uv": [1, 9, 0.5, 16], "texture": "#3_0"}
			}
		},
		{
			"from": [5.25, 2.8, 3.25],
			"to": [10, 3.3, 9.75],
			"faces": {
				"north": {"uv": [7, 7, 13.5, 8], "texture": "#3"},
				"east": {"uv": [0, 7, 6.25, 8], "texture": "#3"},
				"south": {"uv": [7, 7, 13.5, 8], "texture": "#3"},
				"west": {"uv": [0, 8, 9.75, 9], "texture": "#3"},
				"up": {"uv": [4.5, 6.25, 0, 0], "texture": "#3"},
				"down": {"uv": [10, 0, 5.5, 6.25], "texture": "#3"}
			}
		},
		{
			"from": [4.4, 3.4, 5],
			"to": [11.4, 3.55, 10],
			"rotation": {"angle": 0, "axis": "y", "origin": [0, 3, 1]},
			"faces": {
				"north": {"uv": [4.5, 8, 8, 8.25], "texture": "#7"},
				"east": {"uv": [1, 8, 3.5, 8.25], "texture": "#7"},
				"south": {"uv": [4.5, 8, 8, 8.25], "texture": "#7"},
				"west": {"uv": [2, 8, 4.5, 8.25], "texture": "#7"},
				"up": {"uv": [10, 7, 5.5, 0], "rotation": 90, "texture": "#7"},
				"down": {"uv": [10, 0, 5, 7], "rotation": 270, "texture": "#7"}
			}
		},
		{
			"from": [4.4, 3.9, 5],
			"to": [11.4, 4.05, 10],
			"rotation": {"angle": 0, "axis": "y", "origin": [0, 3, 1]},
			"faces": {
				"north": {"uv": [7, 0, 14, 0.5], "texture": "#7"},
				"east": {"uv": [7, 2, 12, 2.5], "texture": "#7"},
				"south": {"uv": [7, 1, 14, 1.5], "texture": "#7"},
				"west": {"uv": [7, 3, 12, 3.5], "texture": "#7"},
				"up": {"uv": [7, 5, 0, 0], "texture": "#7"},
				"down": {"uv": [7, 5, 0, 10], "texture": "#7"}
			}
		},
		{
			"from": [4.4, 3.5, 9.95],
			"to": [11.4, 4, 10.1],
			"rotation": {"angle": 0, "axis": "y", "origin": [0, 3, 1]},
			"faces": {
				"north": {"uv": [4.75, 6.75, 8.25, 7.25], "texture": "#7"},
				"east": {"uv": [2.5, 5.75, 2.75, 6.25], "texture": "#7"},
				"south": {"uv": [0.1, 10.1, 13.95, 11], "texture": "#7"},
				"west": {"uv": [1, 5.25, 1.25, 5.75], "texture": "#7"},
				"up": {"uv": [9.75, 4, 9.5, 0.5], "rotation": 90, "texture": "#7"},
				"down": {"uv": [9, 0.5, 8.75, 4], "rotation": 270, "texture": "#7"}
			}
		},
		{
			"from": [4.65, 3.5, 5.25],
			"to": [11.15, 4, 10],
			"rotation": {"angle": 0, "axis": "y", "origin": [0, 3, 1]},
			"faces": {
				"north": {"uv": [0, 8, 4.875, 9], "texture": "#2_0"},
				"east": {"uv": [0.5, 8, 4.25, 9], "texture": "#2_0"},
				"south": {"uv": [0.5, 8, 4.125, 9], "texture": "#2_0"},
				"west": {"uv": [0.5, 8, 4.25, 9], "texture": "#2_0"},
				"up": {"uv": [3.25, 4.125, 1, 1], "rotation": 90, "texture": "#2_0"},
				"down": {"uv": [7.5, 0, 5.25, 3.125], "rotation": 270, "texture": "#2_0"}
			}
		}
	],
	"display": {
		"thirdperson_righthand": {
			"rotation": [0, 18, 83],
			"translation": [-7.25, 2, 2.5]
		},
		"thirdperson_lefthand": {
			"rotation": [0, 18, 83],
			"translation": [-7.25, 1.75, 2.5]
		},
		"firstperson_righthand": {
			"rotation": [-80, 1, 60],
			"translation": [-8, 3, -0.5]
		},
		"firstperson_lefthand": {
			"rotation": [-94, 3, 55],
			"translation": [-8.25, 4.75, 1.5],
			"scale": [0.86, 0.86, 0.86]
		},
		"ground": {
			"translation": [0, 7.5, 0]
		},
		"gui": {
			"rotation": [179, 22, -180],
			"translation": [0.75, 9, 0],
			"scale": [1.71, 1.71, 1.71]
		},
		"head": {
			"translation": [0, 22.25, 0],
			"scale": [2, 2, 2]
		},
		"fixed": {
			"rotation": [-90, 0, 0],
			"translation": [-1, 4.25, -30.25],
			"scale": [2.88, 3.84, 2.88]
		}
	},
	"groups": [
		{
			"name": "group",
			"origin": [0, 0, 0],
			"color": 0,
			"children": [0, 1, 2, 3]
		},
		{
			"name": "book_1",
			"origin": [8, 8, 8],
			"color": 0,
			"children": [
				{
					"name": "group",
					"origin": [0, 0, 0],
					"color": 0,
					"children": [4, 5, 6, 7]
				}
			]
		},
		{
			"name": "book_3",
			"origin": [8, 8, 8],
			"color": 0,
			"children": [
				{
					"name": "group",
					"origin": [0, 0, 0],
					"color": 0,
					"children": [8, 9, 10, 11]
				}
			]
		},
		{
			"name": "book_4",
			"origin": [8, 8, 8],
			"color": 0,
			"children": [
				{
					"name": "group",
					"origin": [0, 0, 0],
					"color": 0,
					"children": [12, 13, 14, 15]
				}
			]
		},
		{
			"name": "group",
			"origin": [0, 0, 0],
			"color": 0,
			"children": [16, 17, 18, 19]
		}
	]
}