{
	"credit": "Made with Blockbench",
	"textures": {
		"0": "block/iron_block",
		"1": "block/amethyst_block",
		"2": "block/blackstone",
		"3": "block/cherry_planks",
		"5": "block/nether_portal_g",
		"6": "block/brown_concrete_powder",
		"7": "block/pink_wool",
		"8": "block/lime_concrete",
		"9": "block/magenta_concrete",
		"10": "block/yellow_concrete",
		"11": "block/light_blue_concrete",
		"particle": "block/iron_block"
	},
	"elements": [
		{
			"from": [18, 3.5, 2],
			"to": [19, 7, 15],
			"rotation": {"angle": 0, "axis": "y", "origin": [7, 3.5, 7]},
			"faces": {
				"north": {"uv": [2.75, 0, 12.75, 2], "texture": "#3"},
				"east": {"uv": [2.75, 3, 6.75, 5], "texture": "#3"},
				"south": {"uv": [2.75, 1.5, 12.75, 6.5], "texture": "#3"},
				"west": {"uv": [0, 3.25, 5, 6.25], "texture": "#3"},
				"up": {"uv": [2.75, 1.625, 0, 0], "texture": "#3"},
				"down": {"uv": [2.75, 1.625, 0, 3.25], "texture": "#3"}
			}
		},
		{
			"from": [-3, 0, 2],
			"to": [19, 3.5, 15],
			"rotation": {"angle": 0, "axis": "y", "origin": [9, 0, 7]},
			"faces": {
				"north": {"uv": [12.75, 0, 2.75, 2], "texture": "#3"},
				"east": {"uv": [4, 3.25, 0, 5.25], "texture": "#3"},
				"south": {"uv": [12.75, 1.5, 2.75, 3.5], "texture": "#3"},
				"west": {"uv": [6.75, 3, 2.75, 5], "texture": "#3"},
				"up": {"uv": [0, 1.625, 2.75, 0], "texture": "#3"},
				"down": {"uv": [0, 1.625, 2.75, 3.25], "texture": "#3"}
			}
		},
		{
			"from": [-3, 3.5, 2],
			"to": [-2, 7, 15],
			"rotation": {"angle": 0, "axis": "y", "origin": [9, 3.5, 7]},
			"faces": {
				"north": {"uv": [12.75, 0, 2.75, 2], "texture": "#3"},
				"east": {"uv": [4, 3.25, 0, 8.25], "texture": "#3"},
				"south": {"uv": [12.75, 1.5, 2.75, 6.5], "texture": "#3"},
				"west": {"uv": [6.75, 3, 2.75, 5], "texture": "#3"},
				"up": {"uv": [0, 1.625, 2.75, 0], "texture": "#3"},
				"down": {"uv": [0, 1.625, 2.75, 3.25], "texture": "#3"}
			}
		},
		{
			"from": [-3, 3.5, 2],
			"to": [19, 7.5, 3],
			"rotation": {"angle": 0, "axis": "y", "origin": [7, 3, 7]},
			"faces": {
				"north": {"uv": [2.75, 0, 12.75, 2], "texture": "#3"},
				"east": {"uv": [2.75, 3, 6.75, 8], "texture": "#3"},
				"south": {"uv": [2.75, 1.5, 12.75, 3.5], "texture": "#3"},
				"west": {"uv": [0, 3.25, 4, 8.25], "texture": "#3"},
				"up": {"uv": [2.75, 1.625, 0, 0], "texture": "#3"},
				"down": {"uv": [2.75, 1.625, 0, 3.25], "texture": "#3"}
			}
		},
		{
			"from": [-3, 3.5, 14],
			"to": [19, 7.5, 15],
			"rotation": {"angle": 0, "axis": "y", "origin": [7, 3, 19]},
			"faces": {
				"north": {"uv": [2.75, 0, 12.75, 2], "texture": "#3"},
				"east": {"uv": [2.75, 3, 6.75, 8], "texture": "#3"},
				"south": {"uv": [2.75, 1.5, 12.75, 3.5], "texture": "#3"},
				"west": {"uv": [0, 3.25, 4, 8.25], "texture": "#3"},
				"up": {"uv": [2.75, 1.625, 0, 0], "texture": "#3"},
				"down": {"uv": [2.75, 1.625, 0, 3.25], "texture": "#3"}
			}
		},
		{
			"from": [-3, 8, 3],
			"to": [19, 13.5, 14],
			"rotation": {"angle": 22.5, "axis": "x", "origin": [7, 5.5, 14]},
			"faces": {
				"north": {"uv": [11, 11, 0, 8], "rotation": 180, "texture": "#3"},
				"east": {"uv": [11, 0, 14, 4], "rotation": 90, "texture": "#3"},
				"south": {"uv": [11, 11, 0, 14], "texture": "#3"},
				"west": {"uv": [11, 4, 14, 8], "rotation": 270, "texture": "#3"},
				"up": {"uv": [0, 4, 11, 8], "texture": "#3"},
				"down": {"uv": [0, 0, 11, 4], "rotation": 180, "texture": "#3"}
			}
		},
		{
			"from": [7.5, 6.5, 1.8],
			"to": [8.5, 7.9, 2],
			"rotation": {"angle": 0, "axis": "y", "origin": [6.5, 6, 0]},
			"faces": {
				"north": {"uv": [0, 0, 1, 2], "texture": "#2"},
				"east": {"uv": [1, 0, 2, 2], "texture": "#2"},
				"south": {"uv": [0, 2, 1, 4], "texture": "#2"},
				"west": {"uv": [2, 0, 3, 2], "texture": "#2"},
				"up": {"uv": [2, 3, 1, 2], "texture": "#2"},
				"down": {"uv": [3, 2, 2, 3], "texture": "#2"}
			}
		},
		{
			"from": [7, 6, 1.5],
			"to": [7.5, 8, 1.9],
			"rotation": {"angle": 0, "axis": "y", "origin": [5.5, 6, 0]},
			"faces": {
				"north": {"uv": [0, 0, 1, 2], "texture": "#1"},
				"east": {"uv": [1, 0, 2, 2], "texture": "#1"},
				"south": {"uv": [0, 2, 1, 4], "texture": "#1"},
				"west": {"uv": [2, 0, 3, 2], "texture": "#1"},
				"up": {"uv": [1, 5, 0, 4], "texture": "#1"},
				"down": {"uv": [5, 0, 4, 1], "texture": "#1"}
			}
		},
		{
			"from": [7.5, 5.75, 1.5],
			"to": [8.5, 6.5, 2],
			"rotation": {"angle": 0, "axis": "y", "origin": [6.5, 4.5, 0]},
			"faces": {
				"north": {"uv": [4, 4, 5, 5], "texture": "#1"},
				"east": {"uv": [0, 5, 1, 6], "texture": "#1"},
				"south": {"uv": [5, 0, 6, 1], "texture": "#1"},
				"west": {"uv": [1, 5, 2, 6], "texture": "#1"},
				"up": {"uv": [6, 2, 5, 1], "texture": "#1"},
				"down": {"uv": [3, 5, 2, 6], "texture": "#1"}
			}
		},
		{
			"from": [8.1, 6.5, 1.5],
			"to": [8.25, 7, 2],
			"rotation": {"angle": 0, "axis": "y", "origin": [6.25, 5.5, 0]},
			"faces": {
				"north": {"uv": [0, 6, 1, 7], "texture": "#1"},
				"east": {"uv": [6, 0, 7, 1], "texture": "#1"},
				"south": {"uv": [1, 6, 2, 7], "texture": "#1"},
				"west": {"uv": [6, 1, 7, 2], "texture": "#1"},
				"up": {"uv": [3, 7, 2, 6], "texture": "#1"},
				"down": {"uv": [7, 2, 6, 3], "texture": "#1"}
			}
		},
		{
			"from": [7.75, 6.5, 1.5],
			"to": [7.9, 7, 2],
			"rotation": {"angle": 0, "axis": "y", "origin": [6, 5.5, 0]},
			"faces": {
				"north": {"uv": [5, 2, 6, 3], "texture": "#1"},
				"east": {"uv": [3, 5, 4, 6], "texture": "#1"},
				"south": {"uv": [5, 3, 6, 4], "texture": "#1"},
				"west": {"uv": [4, 5, 5, 6], "texture": "#1"},
				"up": {"uv": [6, 5, 5, 4], "texture": "#1"},
				"down": {"uv": [6, 5, 5, 6], "texture": "#1"}
			}
		},
		{
			"from": [7.5, 6.5, 1.5],
			"to": [7.75, 7.5, 2],
			"rotation": {"angle": 0, "axis": "y", "origin": [5.75, 5.5, 0]},
			"faces": {
				"north": {"uv": [1, 4, 2, 5], "texture": "#1"},
				"east": {"uv": [4, 1, 5, 2], "texture": "#1"},
				"south": {"uv": [2, 4, 3, 5], "texture": "#1"},
				"west": {"uv": [4, 2, 5, 3], "texture": "#1"},
				"up": {"uv": [4, 5, 3, 4], "texture": "#1"},
				"down": {"uv": [5, 3, 4, 4], "texture": "#1"}
			}
		},
		{
			"from": [8.25, 6.5, 1.5],
			"to": [8.5, 7.5, 2],
			"rotation": {"angle": 0, "axis": "y", "origin": [6.5, 5.5, 0]},
			"faces": {
				"north": {"uv": [3, 6, 4, 7], "texture": "#1"},
				"east": {"uv": [6, 3, 7, 4], "texture": "#1"},
				"south": {"uv": [4, 6, 5, 7], "texture": "#1"},
				"west": {"uv": [6, 4, 7, 5], "texture": "#1"},
				"up": {"uv": [6, 7, 5, 6], "texture": "#1"},
				"down": {"uv": [7, 5, 6, 6], "texture": "#1"}
			}
		},
		{
			"from": [9, 6.5, 1.5],
			"to": [9.25, 7.5, 2],
			"rotation": {"angle": 0, "axis": "y", "origin": [7.25, 5.5, 0]},
			"faces": {
				"north": {"uv": [3, 6, 4, 7], "texture": "#1"},
				"east": {"uv": [6, 3, 7, 4], "texture": "#1"},
				"south": {"uv": [4, 6, 5, 7], "texture": "#1"},
				"west": {"uv": [6, 4, 7, 5], "texture": "#1"},
				"up": {"uv": [6, 7, 5, 6], "texture": "#1"},
				"down": {"uv": [7, 5, 6, 6], "texture": "#1"}
			}
		},
		{
			"from": [6.75, 6.5, 1.5],
			"to": [7, 7.5, 2],
			"rotation": {"angle": 0, "axis": "y", "origin": [5, 5.5, 0]},
			"faces": {
				"north": {"uv": [3, 6, 4, 7], "texture": "#1"},
				"east": {"uv": [6, 3, 7, 4], "texture": "#1"},
				"south": {"uv": [4, 6, 5, 7], "texture": "#1"},
				"west": {"uv": [6, 4, 7, 5], "texture": "#1"},
				"up": {"uv": [6, 7, 5, 6], "texture": "#1"},
				"down": {"uv": [7, 5, 6, 6], "texture": "#1"}
			}
		},
		{
			"from": [7.5, 7.5, 1.5],
			"to": [8.5, 8.25, 1.9],
			"rotation": {"angle": 0, "axis": "y", "origin": [6.5, 6, 0]},
			"faces": {
				"north": {"uv": [7, 0, 8, 1], "texture": "#1"},
				"east": {"uv": [1, 7, 2, 8], "texture": "#1"},
				"south": {"uv": [7, 1, 8, 2], "texture": "#1"},
				"west": {"uv": [2, 7, 3, 8], "texture": "#1"},
				"up": {"uv": [8, 3, 7, 2], "texture": "#1"},
				"down": {"uv": [4, 7, 3, 8], "texture": "#1"}
			}
		},
		{
			"from": [8.5, 6, 1.5],
			"to": [9, 8, 1.9],
			"rotation": {"angle": 0, "axis": "y", "origin": [7, 6, 0]},
			"faces": {
				"north": {"uv": [1, 2, 2, 4], "texture": "#1"},
				"east": {"uv": [2, 2, 3, 4], "texture": "#1"},
				"south": {"uv": [3, 0, 4, 2], "texture": "#1"},
				"west": {"uv": [3, 2, 4, 4], "texture": "#1"},
				"up": {"uv": [7, 7, 6, 6], "texture": "#1"},
				"down": {"uv": [1, 7, 0, 8], "texture": "#1"}
			}
		},
		{
			"from": [18, 0, 1.8],
			"to": [19.2, 8, 3],
			"rotation": {"angle": 0, "axis": "y", "origin": [18, 0, 1]},
			"faces": {
				"north": {"uv": [3, 5.25, 3.25, 7.25], "texture": "#0"},
				"east": {"uv": [3.25, 5.25, 3.5, 7.25], "texture": "#0"},
				"south": {"uv": [3.5, 5.25, 3.75, 7.25], "texture": "#0"},
				"west": {"uv": [3.75, 5.25, 4, 7.25], "texture": "#0"},
				"up": {"uv": [7, 4.75, 6.75, 4.5], "texture": "#0"},
				"down": {"uv": [7, 4.75, 6.75, 5], "texture": "#0"}
			}
		},
		{
			"from": [-3.2, 0, 1.8],
			"to": [-2, 8, 3],
			"rotation": {"angle": 0, "axis": "y", "origin": [-3, 0, 1]},
			"faces": {
				"north": {"uv": [2.5, 5.5, 2.75, 7.5], "texture": "#0"},
				"east": {"uv": [5.5, 3.5, 5.75, 5.5], "texture": "#0"},
				"south": {"uv": [5.5, 5.5, 5.75, 7.5], "texture": "#0"},
				"west": {"uv": [5.75, 1.5, 6, 3.5], "texture": "#0"},
				"up": {"uv": [7.5, 1.75, 7.25, 1.5], "texture": "#0"},
				"down": {"uv": [7.5, 1.75, 7.25, 2], "texture": "#0"}
			}
		},
		{
			"from": [-1.1, 1, 1.9],
			"to": [1, 7, 2.7],
			"rotation": {"angle": 0, "axis": "y", "origin": [-1, 0, 1]},
			"faces": {
				"north": {"uv": [2.5, 5.5, 2.75, 7.5], "texture": "#0"},
				"east": {"uv": [5.5, 3.5, 5.75, 5.5], "texture": "#0"},
				"south": {"uv": [5.5, 5.5, 5.75, 7.5], "texture": "#0"},
				"west": {"uv": [5.75, 1.5, 6, 3.5], "texture": "#0"},
				"up": {"uv": [7.5, 1.75, 7.25, 1.5], "texture": "#0"},
				"down": {"uv": [7.5, 1.75, 7.25, 2], "texture": "#0"}
			}
		},
		{
			"from": [8, 5, 14.2],
			"to": [9.1, 7, 15.1],
			"rotation": {"angle": 0, "axis": "y", "origin": [9, 0, 16]},
			"faces": {
				"north": {"uv": [5.5, 5.5, 5.75, 7.5], "texture": "#0"},
				"east": {"uv": [5.75, 1.5, 6, 3.5], "texture": "#0"},
				"south": {"uv": [2.5, 5.5, 2.75, 7.5], "texture": "#0"},
				"west": {"uv": [5.5, 3.5, 5.75, 5.5], "texture": "#0"},
				"up": {"uv": [7.25, 1.5, 7.5, 1.75], "texture": "#0"},
				"down": {"uv": [7.25, 2, 7.5, 1.75], "texture": "#0"}
			}
		},
		{
			"from": [6.9, 5, 14.2],
			"to": [8, 7, 15.1],
			"rotation": {"angle": 0, "axis": "y", "origin": [7, 0, 16]},
			"faces": {
				"north": {"uv": [5.75, 5.5, 5.5, 7.5], "texture": "#0"},
				"east": {"uv": [5.75, 3.5, 5.5, 5.5], "texture": "#0"},
				"south": {"uv": [2.75, 5.5, 2.5, 7.5], "texture": "#0"},
				"west": {"uv": [6, 1.5, 5.75, 3.5], "texture": "#0"},
				"up": {"uv": [7.5, 1.5, 7.25, 1.75], "texture": "#0"},
				"down": {"uv": [7.5, 2, 7.25, 1.75], "texture": "#0"}
			}
		},
		{
			"from": [15, 1, 14.2],
			"to": [17.1, 7, 15.1],
			"rotation": {"angle": 0, "axis": "y", "origin": [17, 0, 16]},
			"faces": {
				"north": {"uv": [5.5, 5.5, 5.75, 7.5], "texture": "#0"},
				"east": {"uv": [5.75, 1.5, 6, 3.5], "texture": "#0"},
				"south": {"uv": [2.5, 5.5, 2.75, 7.5], "texture": "#0"},
				"west": {"uv": [5.5, 3.5, 5.75, 5.5], "texture": "#0"},
				"up": {"uv": [7.25, 1.5, 7.5, 1.75], "texture": "#0"},
				"down": {"uv": [7.25, 2, 7.5, 1.75], "texture": "#0"}
			}
		},
		{
			"from": [11, 3, 14.2],
			"to": [13.1, 7, 15.1],
			"rotation": {"angle": 0, "axis": "y", "origin": [13, 0, 16]},
			"faces": {
				"north": {"uv": [5.5, 5.5, 5.75, 7.5], "texture": "#0"},
				"east": {"uv": [5.75, 1.5, 6, 3.5], "texture": "#0"},
				"south": {"uv": [2.5, 5.5, 2.75, 7.5], "texture": "#0"},
				"west": {"uv": [5.5, 3.5, 5.75, 5.5], "texture": "#0"},
				"up": {"uv": [7.25, 1.5, 7.5, 1.75], "texture": "#0"},
				"down": {"uv": [7.25, 2, 7.5, 1.75], "texture": "#0"}
			}
		},
		{
			"from": [2.9, 3, 14.2],
			"to": [5, 7, 15.1],
			"rotation": {"angle": 0, "axis": "y", "origin": [3, 0, 16]},
			"faces": {
				"north": {"uv": [5.75, 5.5, 5.5, 7.5], "texture": "#0"},
				"east": {"uv": [5.75, 3.5, 5.5, 5.5], "texture": "#0"},
				"south": {"uv": [2.75, 5.5, 2.5, 7.5], "texture": "#0"},
				"west": {"uv": [6, 1.5, 5.75, 3.5], "texture": "#0"},
				"up": {"uv": [7.5, 1.5, 7.25, 1.75], "texture": "#0"},
				"down": {"uv": [7.5, 2, 7.25, 1.75], "texture": "#0"}
			}
		},
		{
			"from": [-1.1, 1, 14.2],
			"to": [1, 7, 15.1],
			"rotation": {"angle": 0, "axis": "y", "origin": [-1, 0, 16]},
			"faces": {
				"north": {"uv": [5.75, 5.5, 5.5, 7.5], "texture": "#0"},
				"east": {"uv": [5.75, 3.5, 5.5, 5.5], "texture": "#0"},
				"south": {"uv": [2.75, 5.5, 2.5, 7.5], "texture": "#0"},
				"west": {"uv": [6, 1.5, 5.75, 3.5], "texture": "#0"},
				"up": {"uv": [7.5, 1.5, 7.25, 1.75], "texture": "#0"},
				"down": {"uv": [7.5, 2, 7.25, 1.75], "texture": "#0"}
			}
		},
		{
			"from": [2.9, 3, 1.9],
			"to": [5, 7, 2.7],
			"rotation": {"angle": 0, "axis": "y", "origin": [3, 0, 1]},
			"faces": {
				"north": {"uv": [2.5, 5.5, 2.75, 7.5], "texture": "#0"},
				"east": {"uv": [5.5, 3.5, 5.75, 5.5], "texture": "#0"},
				"south": {"uv": [5.5, 5.5, 5.75, 7.5], "texture": "#0"},
				"west": {"uv": [5.75, 1.5, 6, 3.5], "texture": "#0"},
				"up": {"uv": [7.5, 1.75, 7.25, 1.5], "texture": "#0"},
				"down": {"uv": [7.5, 1.75, 7.25, 2], "texture": "#0"}
			}
		},
		{
			"from": [8, 5, 1.9],
			"to": [9.1, 7, 2.7],
			"rotation": {"angle": 0, "axis": "y", "origin": [9, 0, 1]},
			"faces": {
				"north": {"uv": [2.75, 5.5, 2.5, 7.5], "texture": "#0"},
				"east": {"uv": [6, 1.5, 5.75, 3.5], "texture": "#0"},
				"south": {"uv": [5.75, 5.5, 5.5, 7.5], "texture": "#0"},
				"west": {"uv": [5.75, 3.5, 5.5, 5.5], "texture": "#0"},
				"up": {"uv": [7.25, 1.75, 7.5, 1.5], "texture": "#0"},
				"down": {"uv": [7.25, 1.75, 7.5, 2], "texture": "#0"}
			}
		},
		{
			"from": [8, 0, 1.9],
			"to": [9.1, 2, 2.7],
			"rotation": {"angle": 0, "axis": "y", "origin": [9, -5, 1]},
			"faces": {
				"north": {"uv": [2.75, 5.5, 2.5, 7.5], "texture": "#0"},
				"east": {"uv": [6, 1.5, 5.75, 3.5], "texture": "#0"},
				"south": {"uv": [5.75, 5.5, 5.5, 7.5], "texture": "#0"},
				"west": {"uv": [5.75, 3.5, 5.5, 5.5], "texture": "#0"},
				"up": {"uv": [7.25, 1.75, 7.5, 1.5], "texture": "#0"},
				"down": {"uv": [7.25, 1.75, 7.5, 2], "texture": "#0"}
			}
		},
		{
			"from": [15, 1, 1.9],
			"to": [17.1, 7, 2.7],
			"rotation": {"angle": 0, "axis": "y", "origin": [17, 0, 1]},
			"faces": {
				"north": {"uv": [2.75, 5.5, 2.5, 7.5], "texture": "#0"},
				"east": {"uv": [6, 1.5, 5.75, 3.5], "texture": "#0"},
				"south": {"uv": [5.75, 5.5, 5.5, 7.5], "texture": "#0"},
				"west": {"uv": [5.75, 3.5, 5.5, 5.5], "texture": "#0"},
				"up": {"uv": [7.25, 1.75, 7.5, 1.5], "texture": "#0"},
				"down": {"uv": [7.25, 1.75, 7.5, 2], "texture": "#0"}
			}
		},
		{
			"from": [11, 3, 1.9],
			"to": [13.1, 7, 2.7],
			"rotation": {"angle": 0, "axis": "y", "origin": [13, 0, 1]},
			"faces": {
				"north": {"uv": [2.75, 5.5, 2.5, 7.5], "texture": "#0"},
				"east": {"uv": [6, 1.5, 5.75, 3.5], "texture": "#0"},
				"south": {"uv": [5.75, 5.5, 5.5, 7.5], "texture": "#0"},
				"west": {"uv": [5.75, 3.5, 5.5, 5.5], "texture": "#0"},
				"up": {"uv": [7.25, 1.75, 7.5, 1.5], "texture": "#0"},
				"down": {"uv": [7.25, 1.75, 7.5, 2], "texture": "#0"}
			}
		},
		{
			"from": [11.5, 2.5, 1.9],
			"to": [12.6, 3, 2.7],
			"rotation": {"angle": 0, "axis": "y", "origin": [13, -4, 1]},
			"faces": {
				"north": {"uv": [2.75, 5.5, 2.5, 7.5], "texture": "#0"},
				"east": {"uv": [6, 1.5, 5.75, 3.5], "texture": "#0"},
				"south": {"uv": [5.75, 5.5, 5.5, 7.5], "texture": "#0"},
				"west": {"uv": [5.75, 3.5, 5.5, 5.5], "texture": "#0"},
				"up": {"uv": [7.25, 1.75, 7.5, 1.5], "texture": "#0"},
				"down": {"uv": [7.25, 1.75, 7.5, 2], "texture": "#0"}
			}
		},
		{
			"from": [15.5, 0.5, 1.9],
			"to": [16.6, 1, 2.7],
			"rotation": {"angle": 0, "axis": "y", "origin": [17, -6, 1]},
			"faces": {
				"north": {"uv": [2.75, 5.5, 2.5, 7.5], "texture": "#0"},
				"east": {"uv": [6, 1.5, 5.75, 3.5], "texture": "#0"},
				"south": {"uv": [5.75, 5.5, 5.5, 7.5], "texture": "#0"},
				"west": {"uv": [5.75, 3.5, 5.5, 5.5], "texture": "#0"},
				"up": {"uv": [7.25, 1.75, 7.5, 1.5], "texture": "#0"},
				"down": {"uv": [7.25, 1.75, 7.5, 2], "texture": "#0"}
			}
		},
		{
			"from": [-0.6, 0.5, 1.9],
			"to": [0.5, 1, 2.7],
			"rotation": {"angle": 0, "axis": "y", "origin": [0.9, -6, 1]},
			"faces": {
				"north": {"uv": [2.75, 5.5, 2.5, 7.5], "texture": "#0"},
				"east": {"uv": [6, 1.5, 5.75, 3.5], "texture": "#0"},
				"south": {"uv": [5.75, 5.5, 5.5, 7.5], "texture": "#0"},
				"west": {"uv": [5.75, 3.5, 5.5, 5.5], "texture": "#0"},
				"up": {"uv": [7.25, 1.75, 7.5, 1.5], "texture": "#0"},
				"down": {"uv": [7.25, 1.75, 7.5, 2], "texture": "#0"}
			}
		},
		{
			"from": [3.4, 2.5, 1.9],
			"to": [4.5, 3, 2.7],
			"rotation": {"angle": 0, "axis": "y", "origin": [4.9, -4, 1]},
			"faces": {
				"north": {"uv": [2.75, 5.5, 2.5, 7.5], "texture": "#0"},
				"east": {"uv": [6, 1.5, 5.75, 3.5], "texture": "#0"},
				"south": {"uv": [5.75, 5.5, 5.5, 7.5], "texture": "#0"},
				"west": {"uv": [5.75, 3.5, 5.5, 5.5], "texture": "#0"},
				"up": {"uv": [7.25, 1.75, 7.5, 1.5], "texture": "#0"},
				"down": {"uv": [7.25, 1.75, 7.5, 2], "texture": "#0"}
			}
		},
		{
			"from": [6.9, 5, 1.9],
			"to": [8, 7, 2.7],
			"rotation": {"angle": 0, "axis": "y", "origin": [7, 0, 1]},
			"faces": {
				"north": {"uv": [2.5, 5.5, 2.75, 7.5], "texture": "#0"},
				"east": {"uv": [5.5, 3.5, 5.75, 5.5], "texture": "#0"},
				"south": {"uv": [5.5, 5.5, 5.75, 7.5], "texture": "#0"},
				"west": {"uv": [5.75, 1.5, 6, 3.5], "texture": "#0"},
				"up": {"uv": [7.5, 1.75, 7.25, 1.5], "texture": "#0"},
				"down": {"uv": [7.5, 1.75, 7.25, 2], "texture": "#0"}
			}
		},
		{
			"from": [6.9, 0, 1.9],
			"to": [8, 2, 2.7],
			"rotation": {"angle": 0, "axis": "y", "origin": [7, -5, 1]},
			"faces": {
				"north": {"uv": [2.5, 5.5, 2.75, 7.5], "texture": "#0"},
				"east": {"uv": [5.5, 3.5, 5.75, 5.5], "texture": "#0"},
				"south": {"uv": [5.5, 5.5, 5.75, 7.5], "texture": "#0"},
				"west": {"uv": [5.75, 1.5, 6, 3.5], "texture": "#0"},
				"up": {"uv": [7.5, 1.75, 7.25, 1.5], "texture": "#0"},
				"down": {"uv": [7.5, 1.75, 7.25, 2], "texture": "#0"}
			}
		},
		{
			"from": [6.5, 0, 1.9],
			"to": [6.9, 1.5, 2.7],
			"rotation": {"angle": 0, "axis": "y", "origin": [6, -5, 1]},
			"faces": {
				"north": {"uv": [2.5, 5.5, 2.75, 7.5], "texture": "#0"},
				"east": {"uv": [5.5, 3.5, 5.75, 5.5], "texture": "#0"},
				"south": {"uv": [5.5, 5.5, 5.75, 7.5], "texture": "#0"},
				"west": {"uv": [5.75, 1.5, 6, 3.5], "texture": "#0"},
				"up": {"uv": [7.5, 1.75, 7.25, 1.5], "texture": "#0"},
				"down": {"uv": [7.5, 1.75, 7.25, 2], "texture": "#0"}
			}
		},
		{
			"from": [9.1, 0, 1.9],
			"to": [9.5, 1.5, 2.7],
			"rotation": {"angle": 0, "axis": "y", "origin": [8.6, -5, 1]},
			"faces": {
				"north": {"uv": [2.5, 5.5, 2.75, 7.5], "texture": "#0"},
				"east": {"uv": [5.5, 3.5, 5.75, 5.5], "texture": "#0"},
				"south": {"uv": [5.5, 5.5, 5.75, 7.5], "texture": "#0"},
				"west": {"uv": [5.75, 1.5, 6, 3.5], "texture": "#0"},
				"up": {"uv": [7.5, 1.75, 7.25, 1.5], "texture": "#0"},
				"down": {"uv": [7.5, 1.75, 7.25, 2], "texture": "#0"}
			}
		},
		{
			"from": [-2, 7, 1.9],
			"to": [18, 8, 3.1],
			"rotation": {"angle": 0, "axis": "y", "origin": [-3, 0, 1]},
			"faces": {
				"north": {"uv": [3, 3, 8, 3.25], "texture": "#0"},
				"east": {"uv": [7.25, 2, 7.5, 2.25], "texture": "#0"},
				"south": {"uv": [0, 3.25, 5, 3.5], "texture": "#0"},
				"west": {"uv": [7.25, 2.25, 7.5, 2.5], "texture": "#0"},
				"up": {"uv": [8, 3.75, 3, 3.5], "texture": "#0"},
				"down": {"uv": [5, 3.75, 0, 4], "texture": "#0"}
			}
		},
		{
			"from": [-2, 7, 13.9],
			"to": [18, 8, 15.1],
			"rotation": {"angle": 0, "axis": "y", "origin": [-3, 0, 16]},
			"faces": {
				"north": {"uv": [0, 2, 5, 2.25], "texture": "#0"},
				"east": {"uv": [7, 6.5, 7.25, 6.75], "texture": "#0"},
				"south": {"uv": [0, 2.25, 5, 2.5], "texture": "#0"},
				"west": {"uv": [6.75, 7, 7, 7.25], "texture": "#0"},
				"up": {"uv": [5, 2.75, 0, 2.5], "texture": "#0"},
				"down": {"uv": [5, 2.75, 0, 3], "texture": "#0"}
			}
		},
		{
			"from": [-3.2, 0, 14],
			"to": [-2, 8, 15.2],
			"rotation": {"angle": 0, "axis": "y", "origin": [-3, 0, 13]},
			"faces": {
				"north": {"uv": [5.75, 3.5, 6, 5.5], "texture": "#0"},
				"east": {"uv": [5.75, 5.5, 6, 7.5], "texture": "#0"},
				"south": {"uv": [6, 1.5, 6.25, 3.5], "texture": "#0"},
				"west": {"uv": [6, 3.5, 6.25, 5.5], "texture": "#0"},
				"up": {"uv": [3.25, 7.5, 3, 7.25], "texture": "#0"},
				"down": {"uv": [3.5, 7.25, 3.25, 7.5], "texture": "#0"}
			}
		},
		{
			"from": [-3.1, 7, 3],
			"to": [-2, 8, 14],
			"rotation": {"angle": 0, "axis": "y", "origin": [-3, 0, 12]},
			"faces": {
				"north": {"uv": [7, 6.75, 7.25, 7], "texture": "#0"},
				"east": {"uv": [0, 5.25, 2.75, 5.5], "texture": "#0"},
				"south": {"uv": [7, 7, 7.25, 7.25], "texture": "#0"},
				"west": {"uv": [5.25, 1.25, 8, 1.5], "texture": "#0"},
				"up": {"uv": [5.5, 4.25, 5.25, 1.5], "texture": "#0"},
				"down": {"uv": [3, 5.25, 2.75, 8], "texture": "#0"}
			}
		},
		{
			"from": [18, 7, 3],
			"to": [19.1, 8, 14],
			"rotation": {"angle": 0, "axis": "y", "origin": [19, 0, 12]},
			"faces": {
				"north": {"uv": [6.75, 6.5, 7, 6.75], "texture": "#0"},
				"east": {"uv": [5, 0.75, 7.75, 1], "texture": "#0"},
				"south": {"uv": [6.75, 6.75, 7, 7], "texture": "#0"},
				"west": {"uv": [5, 1, 7.75, 1.25], "texture": "#0"},
				"up": {"uv": [5.25, 4, 5, 1.25], "texture": "#0"},
				"down": {"uv": [5.25, 4, 5, 6.75], "texture": "#0"}
			}
		},
		{
			"from": [18, 7.4, 3.4],
			"to": [19.1, 8.1, 14.6],
			"rotation": {"angle": 22.5, "axis": "x", "origin": [19, 6.5, 14.5]},
			"faces": {
				"north": {"uv": [7.25, 1.75, 7, 1.5], "rotation": 180, "texture": "#0"},
				"east": {"uv": [0, 5.5, 0.25, 7.5], "rotation": 90, "texture": "#0"},
				"south": {"uv": [7.25, 1.75, 7, 2], "texture": "#0"},
				"west": {"uv": [0.5, 5.5, 0.75, 7.5], "rotation": 270, "texture": "#0"},
				"up": {"uv": [0.25, 5.5, 0.5, 7.5], "texture": "#0"},
				"down": {"uv": [4.75, 5.25, 5, 7.25], "rotation": 180, "texture": "#0"}
			}
		},
		{
			"from": [-2, 7.4, 3.4],
			"to": [18, 8.1, 4.1],
			"rotation": {"angle": 22.5, "axis": "x", "origin": [17, 6.5, 14.5]},
			"faces": {
				"north": {"uv": [14.25, 2.75, 0, 1.5], "rotation": 180, "texture": "#0"},
				"east": {"uv": [0, 5.5, 0.25, 7.5], "rotation": 90, "texture": "#0"},
				"south": {"uv": [7.25, 1.75, 7, 2], "texture": "#0"},
				"west": {"uv": [0.5, 5.5, 0.75, 7.5], "rotation": 270, "texture": "#0"},
				"up": {"uv": [0.25, 5.5, 0.5, 7.5], "texture": "#0"},
				"down": {"uv": [4.75, 6.25, 11, 7.25], "rotation": 180, "texture": "#0"}
			}
		},
		{
			"from": [-3.1, 7.4, 3.4],
			"to": [-2, 8.1, 14.6],
			"rotation": {"angle": 22.5, "axis": "x", "origin": [-2.1, 6.5, 14.5]},
			"faces": {
				"north": {"uv": [7.25, 1.75, 7, 1.5], "rotation": 180, "texture": "#0"},
				"east": {"uv": [0, 5.5, 0.25, 7.5], "rotation": 90, "texture": "#0"},
				"south": {"uv": [7.25, 1.75, 7, 2], "texture": "#0"},
				"west": {"uv": [0.5, 5.5, 0.75, 7.5], "rotation": 270, "texture": "#0"},
				"up": {"uv": [0.25, 5.5, 0.5, 7.5], "texture": "#0"},
				"down": {"uv": [4.75, 5.25, 5, 7.25], "rotation": 180, "texture": "#0"}
			}
		},
		{
			"from": [7, 8.4, 3.9],
			"to": [9, 9.4, 4.6],
			"rotation": {"angle": 22.5, "axis": "x", "origin": [19, 8.5, 12]},
			"faces": {
				"north": {"uv": [9, 8.5, 12.5, 8], "rotation": 180, "texture": "#1"},
				"east": {"uv": [8, 11, 5.5, 12], "rotation": 90, "texture": "#1"},
				"south": {"uv": [9, 8.5, 12.5, 9], "texture": "#1"},
				"west": {"uv": [7, 11, 4.5, 12], "rotation": 270, "texture": "#1"},
				"up": {"uv": [7.5, 11, 5, 12], "texture": "#1"},
				"down": {"uv": [6.5, 11, 4, 12], "rotation": 180, "texture": "#1"}
			}
		},
		{
			"from": [-2, -1, 12.6],
			"to": [18, 0.1, 13.6],
			"rotation": {"angle": 22.5, "axis": "x", "origin": [19, -1.5, 20.5]},
			"faces": {
				"north": {"uv": [5, 4.75, 0, 4.5], "rotation": 180, "texture": "#0"},
				"east": {"uv": [3.5, 7.25, 3.75, 7.5], "rotation": 90, "texture": "#0"},
				"south": {"uv": [5, 4.75, 0, 5], "texture": "#0"},
				"west": {"uv": [7.25, 3.5, 7.5, 3.75], "rotation": 270, "texture": "#0"},
				"up": {"uv": [0, 4.25, 5, 4.5], "texture": "#0"},
				"down": {"uv": [0, 4, 5, 4.25], "rotation": 180, "texture": "#0"}
			}
		},
		{
			"from": [-2, -0.6, 6.9],
			"to": [18, 0.1, 8.1],
			"rotation": {"angle": 22.5, "axis": "x", "origin": [19, -1.5, 15]},
			"faces": {
				"north": {"uv": [5, 1.75, 0, 1.5], "rotation": 180, "texture": "#0"},
				"east": {"uv": [7, 6.25, 7.25, 6.5], "rotation": 90, "texture": "#0"},
				"south": {"uv": [5, 1.75, 0, 2], "texture": "#0"},
				"west": {"uv": [6.5, 7, 6.75, 7.25], "rotation": 270, "texture": "#0"},
				"up": {"uv": [0, 1.25, 5, 1.5], "texture": "#0"},
				"down": {"uv": [0, 1, 5, 1.25], "rotation": 180, "texture": "#0"}
			}
		},
		{
			"from": [18, 12.05, 5.3],
			"to": [19.1, 13.15, 16.5],
			"rotation": {"angle": 22.5, "axis": "x", "origin": [19, 11.05, 16.4]},
			"faces": {
				"north": {"uv": [7.25, 3.75, 7, 3.5], "rotation": 180, "texture": "#0"},
				"east": {"uv": [1, 5.5, 1.25, 7.5], "rotation": 90, "texture": "#0"},
				"south": {"uv": [7.25, 3.75, 7, 4], "texture": "#0"},
				"west": {"uv": [1.5, 5.5, 1.75, 7.5], "rotation": 270, "texture": "#0"},
				"up": {"uv": [1.25, 5.5, 1.5, 7.5], "texture": "#0"},
				"down": {"uv": [0.75, 5.5, 1, 7.5], "rotation": 180, "texture": "#0"}
			}
		},
		{
			"from": [-3.1, 12.05, 5.3],
			"to": [-2, 13.15, 16.5],
			"rotation": {"angle": 22.5, "axis": "x", "origin": [-2.1, 11.05, 16.4]},
			"faces": {
				"north": {"uv": [7.25, 3.75, 7, 3.5], "rotation": 180, "texture": "#0"},
				"east": {"uv": [1, 5.5, 1.25, 7.5], "rotation": 90, "texture": "#0"},
				"south": {"uv": [7.25, 3.75, 7, 4], "texture": "#0"},
				"west": {"uv": [1.5, 5.5, 1.75, 7.5], "rotation": 270, "texture": "#0"},
				"up": {"uv": [1.25, 5.5, 1.5, 7.5], "texture": "#0"},
				"down": {"uv": [0.75, 5.5, 1, 7.5], "rotation": 180, "texture": "#0"}
			}
		},
		{
			"from": [18.05, 4.95, 14.65],
			"to": [19.1, 9.35, 15.55],
			"rotation": {"angle": 22.5, "axis": "x", "origin": [19, 7.35, 22.75]},
			"faces": {
				"north": {"uv": [6.5, 7, 6.25, 6], "rotation": 180, "texture": "#0"},
				"east": {"uv": [6.25, 5.5, 7.25, 5.75], "rotation": 90, "texture": "#0"},
				"south": {"uv": [6.75, 1.5, 6.5, 2.5], "texture": "#0"},
				"west": {"uv": [6.25, 5.75, 7.25, 6], "rotation": 270, "texture": "#0"},
				"up": {"uv": [7, 2.25, 7.25, 2.5], "texture": "#0"},
				"down": {"uv": [7, 2, 7.25, 2.25], "rotation": 180, "texture": "#0"}
			}
		},
		{
			"from": [-3.05, 4.95, 14.65],
			"to": [-2, 9.35, 15.55],
			"rotation": {"angle": 22.5, "axis": "x", "origin": [-2.1, 7.35, 22.75]},
			"faces": {
				"north": {"uv": [6.5, 7, 6.25, 6], "rotation": 180, "texture": "#0"},
				"east": {"uv": [6.25, 5.5, 7.25, 5.75], "rotation": 90, "texture": "#0"},
				"south": {"uv": [6.75, 1.5, 6.5, 2.5], "texture": "#0"},
				"west": {"uv": [6.25, 5.75, 7.25, 6], "rotation": 270, "texture": "#0"},
				"up": {"uv": [7, 2.25, 7.25, 2.5], "texture": "#0"},
				"down": {"uv": [7, 2, 7.25, 2.25], "rotation": 180, "texture": "#0"}
			}
		},
		{
			"from": [18.05, 8.95, 5.15],
			"to": [19.1, 13.35, 6.05],
			"rotation": {"angle": 22.5, "axis": "x", "origin": [19, 11.35, 13.25]},
			"faces": {
				"north": {"uv": [6.5, 7, 6.25, 6], "rotation": 180, "texture": "#0"},
				"east": {"uv": [6.25, 5.5, 7.25, 5.75], "rotation": 90, "texture": "#0"},
				"south": {"uv": [6.75, 1.5, 6.5, 2.5], "texture": "#0"},
				"west": {"uv": [6.25, 5.75, 7.25, 6], "rotation": 270, "texture": "#0"},
				"up": {"uv": [7, 2.25, 7.25, 2.5], "texture": "#0"},
				"down": {"uv": [7, 2, 7.25, 2.25], "rotation": 180, "texture": "#0"}
			}
		},
		{
			"from": [-3.1, 8.95, 5.15],
			"to": [-2.05, 13.35, 6.05],
			"rotation": {"angle": 22.5, "axis": "x", "origin": [-2.15, 11.35, 13.25]},
			"faces": {
				"north": {"uv": [6.5, 7, 6.25, 6], "rotation": 180, "texture": "#0"},
				"east": {"uv": [6.25, 5.5, 7.25, 5.75], "rotation": 90, "texture": "#0"},
				"south": {"uv": [6.75, 1.5, 6.5, 2.5], "texture": "#0"},
				"west": {"uv": [6.25, 5.75, 7.25, 6], "rotation": 270, "texture": "#0"},
				"up": {"uv": [7, 2.25, 7.25, 2.5], "texture": "#0"},
				"down": {"uv": [7, 2, 7.25, 2.25], "rotation": 180, "texture": "#0"}
			}
		},
		{
			"from": [18, 0, 14],
			"to": [19.2, 8, 15.2],
			"rotation": {"angle": 0, "axis": "y", "origin": [18, 0, 13]},
			"faces": {
				"north": {"uv": [4, 5.25, 4.25, 7.25], "texture": "#0"},
				"east": {"uv": [4.25, 5.25, 4.5, 7.25], "texture": "#0"},
				"south": {"uv": [5.25, 4.25, 5.5, 6.25], "texture": "#0"},
				"west": {"uv": [4.5, 5.25, 4.75, 7.25], "texture": "#0"},
				"up": {"uv": [7, 6.25, 6.75, 6], "texture": "#0"},
				"down": {"uv": [7, 6.25, 6.75, 6.5], "texture": "#0"}
			}
		},
		{
			"from": [18.2, 2, 10],
			"to": [19.1, 7, 11.1],
			"rotation": {"angle": 0, "axis": "y", "origin": [18, 0, 9]},
			"faces": {
				"north": {"uv": [4, 5.25, 4.25, 7.25], "texture": "#0"},
				"east": {"uv": [4.25, 5.25, 4.5, 7.25], "texture": "#0"},
				"south": {"uv": [5.25, 4.25, 5.5, 6.25], "texture": "#0"},
				"west": {"uv": [4.5, 5.25, 4.75, 7.25], "texture": "#0"},
				"up": {"uv": [7, 6.25, 6.75, 6], "texture": "#0"},
				"down": {"uv": [7, 6.25, 6.75, 6.5], "texture": "#0"}
			}
		},
		{
			"from": [18.2, 2, 5.9],
			"to": [19.1, 7, 7],
			"rotation": {"angle": 0, "axis": "y", "origin": [18, 0, 8]},
			"faces": {
				"north": {"uv": [5.5, 4.25, 5.25, 6.25], "texture": "#0"},
				"east": {"uv": [4.5, 5.25, 4.25, 7.25], "texture": "#0"},
				"south": {"uv": [4.25, 5.25, 4, 7.25], "texture": "#0"},
				"west": {"uv": [4.75, 5.25, 4.5, 7.25], "texture": "#0"},
				"up": {"uv": [7, 6, 6.75, 6.25], "texture": "#0"},
				"down": {"uv": [7, 6.5, 6.75, 6.25], "texture": "#0"}
			}
		},
		{
			"from": [-3.1, 2, 10],
			"to": [-2.25, 7, 11.1],
			"rotation": {"angle": 0, "axis": "y", "origin": [-2, 0, 9]},
			"faces": {
				"north": {"uv": [4.25, 5.25, 4, 7.25], "texture": "#0"},
				"east": {"uv": [4.75, 5.25, 4.5, 7.25], "texture": "#0"},
				"south": {"uv": [5.5, 4.25, 5.25, 6.25], "texture": "#0"},
				"west": {"uv": [4.5, 5.25, 4.25, 7.25], "texture": "#0"},
				"up": {"uv": [6.75, 6.25, 7, 6], "texture": "#0"},
				"down": {"uv": [6.75, 6.25, 7, 6.5], "texture": "#0"}
			}
		},
		{
			"from": [-3.1, 3, 7.9],
			"to": [-2.25, 7, 9],
			"rotation": {"angle": 0, "axis": "y", "origin": [-2, 0, 10]},
			"faces": {
				"north": {"uv": [5.25, 4.25, 5.5, 6.25], "texture": "#0"},
				"east": {"uv": [4.5, 5.25, 4.75, 7.25], "texture": "#0"},
				"south": {"uv": [4, 5.25, 4.25, 7.25], "texture": "#0"},
				"west": {"uv": [4.25, 5.25, 4.5, 7.25], "texture": "#0"},
				"up": {"uv": [6.75, 6, 7, 6.25], "texture": "#0"},
				"down": {"uv": [6.75, 6.5, 7, 6.25], "texture": "#0"}
			}
		},
		{
			"from": [-3.1, 2, 5.9],
			"to": [-2.25, 7, 7],
			"rotation": {"angle": 0, "axis": "y", "origin": [-2, 0, 8]},
			"faces": {
				"north": {"uv": [5.25, 4.25, 5.5, 6.25], "texture": "#0"},
				"east": {"uv": [4.5, 5.25, 4.75, 7.25], "texture": "#0"},
				"south": {"uv": [4, 5.25, 4.25, 7.25], "texture": "#0"},
				"west": {"uv": [4.25, 5.25, 4.5, 7.25], "texture": "#0"},
				"up": {"uv": [6.75, 6, 7, 6.25], "texture": "#0"},
				"down": {"uv": [6.75, 6.5, 7, 6.25], "texture": "#0"}
			}
		},
		{
			"from": [18.2, 3, 7.9],
			"to": [19.1, 7, 9],
			"rotation": {"angle": 0, "axis": "y", "origin": [18, 0, 10]},
			"faces": {
				"north": {"uv": [5.5, 4.25, 5.25, 6.25], "texture": "#0"},
				"east": {"uv": [4.5, 5.25, 4.25, 7.25], "texture": "#0"},
				"south": {"uv": [4.25, 5.25, 4, 7.25], "texture": "#0"},
				"west": {"uv": [4.75, 5.25, 4.5, 7.25], "texture": "#0"},
				"up": {"uv": [7, 6, 6.75, 6.25], "texture": "#0"},
				"down": {"uv": [7, 6.5, 6.75, 6.25], "texture": "#0"}
			}
		},
		{
			"from": [-2.8, 3, 3],
			"to": [18, 6, 14.75],
			"rotation": {"angle": 0, "axis": "y", "origin": [0, 3, 5]},
			"faces": {
				"north": {"uv": [0, 6, 10.5, 7.5], "texture": "#5"},
				"east": {"uv": [0, 7.5, 6, 9], "texture": "#5"},
				"south": {"uv": [0, 6, 10.5, 7.5], "texture": "#5"},
				"west": {"uv": [0, 7.5, 6, 9], "texture": "#5"},
				"up": {"uv": [16, 13, 0, 2.5], "texture": "#5"},
				"down": {"uv": [10.5, 0, 0, 6], "texture": "#5"}
			}
		},
		{
			"from": [4, 15, 12.25],
			"to": [6, 21, 13],
			"rotation": {"angle": 22.5, "axis": "x", "origin": [4, 15, 11]},
			"faces": {
				"north": {"uv": [0, 0, 2, 6], "texture": "#7"},
				"east": {"uv": [6, 0, 7, 6], "texture": "#7"},
				"south": {"uv": [2, 0, 4, 6], "texture": "#7"},
				"west": {"uv": [2, 6, 3, 12], "texture": "#7"},
				"up": {"uv": [5, 10, 3, 9], "texture": "#7"},
				"down": {"uv": [11, 4, 9, 5], "texture": "#7"}
			}
		},
		{
			"from": [4, 20.25, 11.25],
			"to": [6, 23, 12],
			"rotation": {"angle": 22.5, "axis": "x", "origin": [4, 15, 11]},
			"faces": {
				"north": {"uv": [3, 6, 5, 9], "texture": "#7"},
				"east": {"uv": [8, 4, 9, 7], "texture": "#7"},
				"south": {"uv": [5, 6, 7, 9], "texture": "#7"},
				"west": {"uv": [8, 7, 9, 10], "texture": "#7"},
				"up": {"uv": [7, 10, 5, 9], "texture": "#7"},
				"down": {"uv": [11, 5, 9, 6], "texture": "#7"}
			}
		},
		{
			"from": [4, 22.25, 10],
			"to": [6, 23, 11.25],
			"rotation": {"angle": 22.5, "axis": "x", "origin": [4, 15, 11]},
			"faces": {
				"north": {"uv": [9, 6, 11, 7], "texture": "#7"},
				"east": {"uv": [6, 10, 7, 11], "texture": "#7"},
				"south": {"uv": [9, 7, 11, 8], "texture": "#7"},
				"west": {"uv": [10, 10, 11, 11], "texture": "#7"},
				"up": {"uv": [11, 9, 9, 8], "texture": "#7"},
				"down": {"uv": [11, 9, 9, 10], "texture": "#7"}
			}
		},
		{
			"from": [4, 14.75, 12.9],
			"to": [6, 20.75, 13.65],
			"rotation": {"angle": 22.5, "axis": "x", "origin": [4, 14.75, 11.65]},
			"faces": {
				"north": {"uv": [2, 0, 3, 3], "texture": "#6"},
				"east": {"uv": [3, 4, 3.5, 7], "texture": "#6"},
				"south": {"uv": [0, 3, 1, 6], "texture": "#6"},
				"west": {"uv": [3.5, 4, 4, 7], "texture": "#6"},
				"up": {"uv": [8.5, 3.5, 7.5, 3], "texture": "#6"},
				"down": {"uv": [8.5, 3.5, 7.5, 4], "texture": "#6"}
			}
		},
		{
			"from": [4, 20.75, 11.9],
			"to": [6, 22.75, 12.9],
			"rotation": {"angle": 22.5, "axis": "x", "origin": [4, 14.75, 11.65]},
			"faces": {
				"north": {"uv": [6, 2.5, 7, 3.5], "texture": "#6"},
				"east": {"uv": [7.5, 4, 8, 5], "texture": "#6"},
				"south": {"uv": [6, 3.5, 7, 4.5], "texture": "#6"},
				"west": {"uv": [7.5, 5, 8, 6], "texture": "#6"},
				"up": {"uv": [8.5, 7, 7.5, 6.5], "texture": "#6"},
				"down": {"uv": [8.5, 7, 7.5, 7.5], "texture": "#6"}
			}
		},
		{
			"from": [3, 15, 12],
			"to": [4, 21, 13],
			"rotation": {"angle": 22.5, "axis": "x", "origin": [2, 15, 11]},
			"faces": {
				"north": {"uv": [5, 3, 5.5, 6], "texture": "#6"},
				"east": {"uv": [5.5, 0, 6, 3], "texture": "#6"},
				"south": {"uv": [5.5, 3, 6, 6], "texture": "#6"},
				"west": {"uv": [0, 6, 0.5, 9], "texture": "#6"},
				"up": {"uv": [3.5, 9.5, 3, 9], "texture": "#6"},
				"down": {"uv": [9.5, 3.5, 9, 4], "texture": "#6"}
			}
		},
		{
			"from": [9, 15, 12],
			"to": [10, 21, 13],
			"rotation": {"angle": 22.5, "axis": "x", "origin": [11, 15, 11]},
			"faces": {
				"north": {"uv": [3, 0, 3.5, 3], "texture": "#6"},
				"east": {"uv": [1, 3, 1.5, 6], "texture": "#6"},
				"south": {"uv": [1.5, 3, 2, 6], "texture": "#6"},
				"west": {"uv": [2, 3, 2.5, 6], "texture": "#6"},
				"up": {"uv": [4, 3, 3.5, 2.5], "texture": "#6"},
				"down": {"uv": [9, 3.5, 8.5, 4], "texture": "#6"}
			}
		},
		{
			"from": [10, 15, 12.25],
			"to": [12, 21, 13],
			"rotation": {"angle": 22.5, "axis": "x", "origin": [12, 15, 11]},
			"faces": {
				"north": {"uv": [4, 0, 6, 6], "texture": "#7"},
				"east": {"uv": [7, 0, 8, 6], "texture": "#7"},
				"south": {"uv": [0, 6, 2, 12], "texture": "#7"},
				"west": {"uv": [7, 6, 8, 12], "texture": "#7"},
				"up": {"uv": [12, 1, 10, 0], "texture": "#7"},
				"down": {"uv": [12, 1, 10, 2], "texture": "#7"}
			}
		},
		{
			"from": [11, 21, 12.25],
			"to": [12, 22, 13],
			"rotation": {"angle": 22.5, "axis": "x", "origin": [12, 15, 11]},
			"faces": {
				"north": {"uv": [11, 2, 12, 3], "texture": "#7"},
				"east": {"uv": [11, 3, 12, 4], "texture": "#7"},
				"south": {"uv": [4, 11, 5, 12], "texture": "#7"},
				"west": {"uv": [11, 4, 12, 5], "texture": "#7"},
				"up": {"uv": [6, 12, 5, 11], "texture": "#7"},
				"down": {"uv": [12, 5, 11, 6], "texture": "#7"}
			}
		},
		{
			"from": [12, 20, 12.25],
			"to": [14, 22, 13],
			"rotation": {"angle": 22.5, "axis": "x", "origin": [12, 15, 11]},
			"faces": {
				"north": {"uv": [8, 0, 10, 2], "texture": "#7"},
				"east": {"uv": [10, 2, 11, 4], "texture": "#7"},
				"south": {"uv": [8, 2, 10, 4], "texture": "#7"},
				"west": {"uv": [3, 10, 4, 12], "texture": "#7"},
				"up": {"uv": [6, 11, 4, 10], "texture": "#7"},
				"down": {"uv": [10, 10, 8, 11], "texture": "#7"}
			}
		},
		{
			"from": [10, 14.75, 12.9],
			"to": [12, 20.75, 13.65],
			"rotation": {"angle": 22.5, "axis": "x", "origin": [12, 14.75, 11.65]},
			"faces": {
				"north": {"uv": [0, 0, 1, 3], "texture": "#6"},
				"east": {"uv": [4, 1, 4.5, 4], "texture": "#6"},
				"south": {"uv": [1, 0, 2, 3], "texture": "#6"},
				"west": {"uv": [2.5, 4, 3, 7], "texture": "#6"},
				"up": {"uv": [8, 6.5, 7, 6], "texture": "#6"},
				"down": {"uv": [3.5, 7.5, 2.5, 8], "texture": "#6"}
			}
		},
		{
			"from": [11, 19.6, 13.65],
			"to": [14, 21.6, 14.4],
			"rotation": {"angle": 22.5, "axis": "x", "origin": [13, 16.6, 12.4]},
			"faces": {
				"north": {"uv": [2.5, 3, 4, 4], "texture": "#6"},
				"east": {"uv": [7.5, 0, 8, 1], "texture": "#6"},
				"south": {"uv": [3.5, 0, 5, 1], "texture": "#6"},
				"west": {"uv": [2, 7.5, 2.5, 8.5], "texture": "#6"},
				"up": {"uv": [3.5, 7.5, 2, 7], "texture": "#6"},
				"down": {"uv": [8.5, 2.5, 7, 3], "texture": "#6"}
			}
		},
		{
			"from": [10, 20.85, 12.8],
			"to": [11, 21.85, 13.8],
			"rotation": {"angle": 22.5, "axis": "x", "origin": [11, 16.85, 11.8]},
			"faces": {
				"north": {"uv": [9, 0.5, 9.5, 1], "texture": "#6"},
				"east": {"uv": [1, 9, 1.5, 9.5], "texture": "#6"},
				"south": {"uv": [9, 1, 9.5, 1.5], "texture": "#6"},
				"west": {"uv": [1.5, 9, 2, 9.5], "texture": "#6"},
				"up": {"uv": [9.5, 2, 9, 1.5], "texture": "#6"},
				"down": {"uv": [2.5, 9, 2, 9.5], "texture": "#6"}
			}
		},
		{
			"from": [14, 19.85, 12.8],
			"to": [15, 21.85, 13.8],
			"rotation": {"angle": 22.5, "axis": "x", "origin": [15, 16.85, 11.8]},
			"faces": {
				"north": {"uv": [2, 6, 2.5, 7], "texture": "#6"},
				"east": {"uv": [6, 7, 6.5, 8], "texture": "#6"},
				"south": {"uv": [6.5, 7, 7, 8], "texture": "#6"},
				"west": {"uv": [7, 7, 7.5, 8], "texture": "#6"},
				"up": {"uv": [9, 9, 8.5, 8.5], "texture": "#6"},
				"down": {"uv": [0.5, 9, 0, 9.5], "texture": "#6"}
			}
		},
		{
			"from": [11, 21.8, 13.1],
			"to": [14, 22.8, 14.1],
			"rotation": {"angle": 22.5, "axis": "x", "origin": [14, 17.8, 12.1]},
			"faces": {
				"north": {"uv": [6.5, 1, 8, 1.5], "texture": "#6"},
				"east": {"uv": [9, 0, 9.5, 0.5], "texture": "#6"},
				"south": {"uv": [6.5, 1.5, 8, 2], "texture": "#6"},
				"west": {"uv": [0.5, 9, 1, 9.5], "texture": "#6"},
				"up": {"uv": [8, 2.5, 6.5, 2], "texture": "#6"},
				"down": {"uv": [7.5, 6.5, 6, 7], "texture": "#6"}
			}
		},
		{
			"from": [12, 15, 12],
			"to": [13, 20, 13],
			"rotation": {"angle": 22.5, "axis": "x", "origin": [14, 15, 11]},
			"faces": {
				"north": {"uv": [6, 0, 6.5, 2.5], "texture": "#6"},
				"east": {"uv": [0.5, 6, 1, 8.5], "texture": "#6"},
				"south": {"uv": [1, 6, 1.5, 8.5], "texture": "#6"},
				"west": {"uv": [1.5, 6, 2, 8.5], "texture": "#6"},
				"up": {"uv": [5.5, 9, 5, 8.5], "texture": "#6"},
				"down": {"uv": [6, 8.5, 5.5, 9], "texture": "#6"}
			}
		},
		{
			"from": [13, 19, 12],
			"to": [14, 20, 13],
			"rotation": {"angle": 22.5, "axis": "x", "origin": [14, 15, 11]},
			"faces": {
				"north": {"uv": [8.5, 5.5, 9, 6], "texture": "#6"},
				"east": {"uv": [8.5, 6, 9, 6.5], "texture": "#6"},
				"south": {"uv": [8.5, 6.5, 9, 7], "texture": "#6"},
				"west": {"uv": [8.5, 7, 9, 7.5], "texture": "#6"},
				"up": {"uv": [9, 8, 8.5, 7.5], "texture": "#6"},
				"down": {"uv": [8.5, 8.5, 8, 9], "texture": "#6"}
			}
		},
		{
			"from": [6, 15, 12],
			"to": [7, 21, 13],
			"rotation": {"angle": 22.5, "axis": "x", "origin": [5, 15, 11]},
			"faces": {
				"north": {"uv": [4, 4, 4.5, 7], "texture": "#6"},
				"east": {"uv": [4.5, 1, 5, 4], "texture": "#6"},
				"south": {"uv": [4.5, 4, 5, 7], "texture": "#6"},
				"west": {"uv": [5, 0, 5.5, 3], "texture": "#6"},
				"up": {"uv": [9.5, 2.5, 9, 2], "texture": "#6"},
				"down": {"uv": [3, 9, 2.5, 9.5], "texture": "#6"}
			}
		},
		{
			"from": [6, 20, 11],
			"to": [7, 23, 12],
			"rotation": {"angle": 22.5, "axis": "x", "origin": [5, 15, 11]},
			"faces": {
				"north": {"uv": [4.5, 7, 5, 8.5], "texture": "#6"},
				"east": {"uv": [7, 4.5, 7.5, 6], "texture": "#6"},
				"south": {"uv": [5, 7, 5.5, 8.5], "texture": "#6"},
				"west": {"uv": [5.5, 7, 6, 8.5], "texture": "#6"},
				"up": {"uv": [5.5, 9.5, 5, 9], "texture": "#6"},
				"down": {"uv": [9.5, 5, 9, 5.5], "texture": "#6"}
			}
		},
		{
			"from": [3, 20, 11],
			"to": [4, 23, 12],
			"rotation": {"angle": 22.5, "axis": "x", "origin": [2, 15, 11]},
			"faces": {
				"north": {"uv": [3.5, 1, 4, 2.5], "texture": "#6"},
				"east": {"uv": [7, 3, 7.5, 4.5], "texture": "#6"},
				"south": {"uv": [3.5, 7, 4, 8.5], "texture": "#6"},
				"west": {"uv": [4, 7, 4.5, 8.5], "texture": "#6"},
				"up": {"uv": [9.5, 4.5, 9, 4], "texture": "#6"},
				"down": {"uv": [9.5, 4.5, 9, 5], "texture": "#6"}
			}
		},
		{
			"from": [3, 22, 10],
			"to": [4, 23, 11],
			"rotation": {"angle": 22.5, "axis": "x", "origin": [2, 15, 11]},
			"faces": {
				"north": {"uv": [7, 9, 7.5, 9.5], "texture": "#6"},
				"east": {"uv": [9, 7, 9.5, 7.5], "texture": "#6"},
				"south": {"uv": [7.5, 9, 8, 9.5], "texture": "#6"},
				"west": {"uv": [9, 7.5, 9.5, 8], "texture": "#6"},
				"up": {"uv": [8.5, 9.5, 8, 9], "texture": "#6"},
				"down": {"uv": [9.5, 8, 9, 8.5], "texture": "#6"}
			}
		},
		{
			"from": [6, 22, 10],
			"to": [7, 23, 11],
			"rotation": {"angle": 22.5, "axis": "x", "origin": [5, 15, 11]},
			"faces": {
				"north": {"uv": [5.5, 9, 6, 9.5], "texture": "#6"},
				"east": {"uv": [9, 5.5, 9.5, 6], "texture": "#6"},
				"south": {"uv": [6, 9, 6.5, 9.5], "texture": "#6"},
				"west": {"uv": [9, 6, 9.5, 6.5], "texture": "#6"},
				"up": {"uv": [7, 9.5, 6.5, 9], "texture": "#6"},
				"down": {"uv": [9.5, 6.5, 9, 7], "texture": "#6"}
			}
		},
		{
			"from": [4, 22, 9],
			"to": [6, 23, 10],
			"rotation": {"angle": 22.5, "axis": "x", "origin": [5, 15, 11]},
			"faces": {
				"north": {"uv": [8, 1.5, 9, 2], "texture": "#6"},
				"east": {"uv": [8.5, 9, 9, 9.5], "texture": "#6"},
				"south": {"uv": [8, 2, 9, 2.5], "texture": "#6"},
				"west": {"uv": [9, 8.5, 9.5, 9], "texture": "#6"},
				"up": {"uv": [3.5, 8.5, 2.5, 8], "texture": "#6"},
				"down": {"uv": [9, 4, 8, 4.5], "texture": "#6"}
			}
		},
		{
			"from": [4, 20, 8.5],
			"to": [6, 22, 9],
			"rotation": {"angle": 22.5, "axis": "x", "origin": [5, 15, 11]},
			"faces": {
				"north": {"uv": [6, 5.5, 7, 6.5], "texture": "#6"},
				"east": {"uv": [7, 8, 7.5, 9], "texture": "#6"},
				"south": {"uv": [6.5, 0, 7.5, 1], "texture": "#6"},
				"west": {"uv": [7.5, 8, 8, 9], "texture": "#6"},
				"up": {"uv": [9, 8.5, 8, 8], "texture": "#6"},
				"down": {"uv": [1.5, 8.5, 0.5, 9], "texture": "#6"}
			}
		},
		{
			"from": [4, 19, 9],
			"to": [6, 20, 10],
			"rotation": {"angle": 22.5, "axis": "x", "origin": [5, 15, 11]},
			"faces": {
				"north": {"uv": [1.5, 8.5, 2.5, 9], "texture": "#6"},
				"east": {"uv": [9.5, 0, 10, 0.5], "texture": "#6"},
				"south": {"uv": [2.5, 8.5, 3.5, 9], "texture": "#6"},
				"west": {"uv": [0.5, 9.5, 1, 10], "texture": "#6"},
				"up": {"uv": [9.5, 3, 8.5, 2.5], "texture": "#6"},
				"down": {"uv": [9.5, 3, 8.5, 3.5], "texture": "#6"}
			}
		},
		{
			"from": [4, 23, 10],
			"to": [6, 23.5, 12],
			"rotation": {"angle": 22.5, "axis": "x", "origin": [4, 15, 11]},
			"faces": {
				"north": {"uv": [7.5, 7.5, 8.5, 8], "texture": "#6"},
				"east": {"uv": [8, 0, 9, 0.5], "texture": "#6"},
				"south": {"uv": [8, 0.5, 9, 1], "texture": "#6"},
				"west": {"uv": [8, 1, 9, 1.5], "texture": "#6"},
				"up": {"uv": [7, 5.5, 6, 4.5], "texture": "#6"},
				"down": {"uv": [6, 6, 5, 7], "texture": "#6"}
			}
		},
		{
			"from": [3, 20, 9],
			"to": [4, 22, 10],
			"rotation": {"angle": 22.5, "axis": "x", "origin": [2, 15, 11]},
			"faces": {
				"north": {"uv": [8, 4.5, 8.5, 5.5], "texture": "#6"},
				"east": {"uv": [8, 5.5, 8.5, 6.5], "texture": "#6"},
				"south": {"uv": [6, 8, 6.5, 9], "texture": "#6"},
				"west": {"uv": [6.5, 8, 7, 9], "texture": "#6"},
				"up": {"uv": [9.5, 9.5, 9, 9], "texture": "#6"},
				"down": {"uv": [0.5, 9.5, 0, 10], "texture": "#6"}
			}
		},
		{
			"from": [6, 20, 9],
			"to": [7, 22, 10],
			"rotation": {"angle": 22.5, "axis": "x", "origin": [5, 15, 11]},
			"faces": {
				"north": {"uv": [3.5, 8.5, 4, 9.5], "texture": "#6"},
				"east": {"uv": [4, 8.5, 4.5, 9.5], "texture": "#6"},
				"south": {"uv": [4.5, 8.5, 5, 9.5], "texture": "#6"},
				"west": {"uv": [8.5, 4.5, 9, 5.5], "texture": "#6"},
				"up": {"uv": [10, 1, 9.5, 0.5], "texture": "#6"},
				"down": {"uv": [1.5, 9.5, 1, 10], "texture": "#6"}
			}
		},
		{
			"from": [-5, 0, -1],
			"to": [-3, 2, 1],
			"rotation": {"angle": 0, "axis": "y", "origin": [-5, 0, -1]},
			"faces": {
				"north": {"uv": [2, 0, 4, 2], "texture": "#11"},
				"east": {"uv": [2, 2, 4, 4], "texture": "#11"},
				"south": {"uv": [0, 4, 2, 6], "texture": "#11"},
				"west": {"uv": [4, 0, 6, 2], "texture": "#11"},
				"up": {"uv": [4, 6, 2, 4], "texture": "#11"},
				"down": {"uv": [6, 2, 4, 4], "texture": "#11"}
			}
		},
		{
			"from": [-4.75, 2, -0.75],
			"to": [-3.25, 3, 0.75],
			"rotation": {"angle": 0, "axis": "y", "origin": [-5, 2, -1]},
			"faces": {
				"north": {"uv": [4, 4, 6, 5], "texture": "#11"},
				"east": {"uv": [4, 5, 6, 6], "texture": "#11"},
				"south": {"uv": [0, 6, 2, 7], "texture": "#11"},
				"west": {"uv": [6, 0, 8, 1], "texture": "#11"},
				"up": {"uv": [2, 2, 0, 0], "texture": "#11"},
				"down": {"uv": [2, 2, 0, 4], "texture": "#11"}
			}
		},
		{
			"from": [-4.5, 3, -0.5],
			"to": [-3.5, 3.25, 0.5],
			"rotation": {"angle": 0, "axis": "y", "origin": [-5, 3, -1]},
			"faces": {
				"north": {"uv": [6, 1, 7, 2], "texture": "#11"},
				"east": {"uv": [2, 6, 3, 7], "texture": "#11"},
				"south": {"uv": [6, 2, 7, 3], "texture": "#11"},
				"west": {"uv": [3, 6, 4, 7], "texture": "#11"},
				"up": {"uv": [7, 4, 6, 3], "texture": "#11"},
				"down": {"uv": [5, 6, 4, 7], "texture": "#11"}
			}
		},
		{
			"from": [15, 0, -1],
			"to": [17, 2, 1],
			"rotation": {"angle": 0, "axis": "y", "origin": [15, 0, -1]},
			"faces": {
				"north": {"uv": [0, 0, 2, 2], "texture": "#8"},
				"east": {"uv": [0, 2, 2, 4], "texture": "#8"},
				"south": {"uv": [2, 0, 4, 2], "texture": "#8"},
				"west": {"uv": [2, 2, 4, 4], "texture": "#8"},
				"up": {"uv": [2, 6, 0, 4], "texture": "#8"},
				"down": {"uv": [6, 0, 4, 2], "texture": "#8"}
			}
		},
		{
			"from": [15.25, 2, -0.75],
			"to": [16.75, 3, 0.75],
			"rotation": {"angle": 0, "axis": "y", "origin": [15, 2, -1]},
			"faces": {
				"north": {"uv": [4, 4, 6, 5], "texture": "#8"},
				"east": {"uv": [4, 5, 6, 6], "texture": "#8"},
				"south": {"uv": [0, 6, 2, 7], "texture": "#8"},
				"west": {"uv": [6, 0, 8, 1], "texture": "#8"},
				"up": {"uv": [4, 6, 2, 4], "texture": "#8"},
				"down": {"uv": [6, 2, 4, 4], "texture": "#8"}
			}
		},
		{
			"from": [15.5, 3, -0.5],
			"to": [16.5, 3.25, 0.5],
			"rotation": {"angle": 0, "axis": "y", "origin": [15, 3, -1]},
			"faces": {
				"north": {"uv": [6, 1, 7, 2], "texture": "#8"},
				"east": {"uv": [2, 6, 3, 7], "texture": "#8"},
				"south": {"uv": [6, 2, 7, 3], "texture": "#8"},
				"west": {"uv": [3, 6, 4, 7], "texture": "#8"},
				"up": {"uv": [7, 4, 6, 3], "texture": "#8"},
				"down": {"uv": [5, 6, 4, 7], "texture": "#8"}
			}
		},
		{
			"from": [12.25, 0, -2],
			"to": [14, 1.75, -0.25],
			"rotation": {"angle": 0, "axis": "y", "origin": [12, 0, -2]},
			"faces": {
				"north": {"uv": [0, 0, 2, 2], "texture": "#9"},
				"east": {"uv": [0, 2, 2, 4], "texture": "#9"},
				"south": {"uv": [2, 0, 4, 2], "texture": "#9"},
				"west": {"uv": [2, 2, 4, 4], "texture": "#9"},
				"up": {"uv": [2, 6, 0, 4], "texture": "#9"},
				"down": {"uv": [6, 0, 4, 2], "texture": "#9"}
			}
		},
		{
			"from": [-1.75, 0, -2],
			"to": [0, 1.75, -0.25],
			"rotation": {"angle": 0, "axis": "y", "origin": [-2, 0, -2]},
			"faces": {
				"north": {"uv": [0, 0, 2, 2], "texture": "#10"},
				"east": {"uv": [0, 2, 2, 4], "texture": "#10"},
				"south": {"uv": [2, 0, 4, 2], "texture": "#10"},
				"west": {"uv": [2, 2, 4, 4], "texture": "#10"},
				"up": {"uv": [2, 6, 0, 4], "texture": "#10"},
				"down": {"uv": [6, 0, 4, 2], "texture": "#10"}
			}
		},
		{
			"from": [-1.5, 0.25, -2.75],
			"to": [-0.25, 1.5, -2],
			"rotation": {"angle": 0, "axis": "y", "origin": [-2, 0, -3.75]},
			"faces": {
				"north": {"uv": [5, 2, 6, 3], "texture": "#10"},
				"east": {"uv": [3, 5, 4, 6], "texture": "#10"},
				"south": {"uv": [5, 3, 6, 4], "texture": "#10"},
				"west": {"uv": [4, 5, 5, 6], "texture": "#10"},
				"up": {"uv": [6, 5, 5, 4], "texture": "#10"},
				"down": {"uv": [6, 5, 5, 6], "texture": "#10"}
			}
		},
		{
			"from": [-1.25, 0.5, -3],
			"to": [-0.5, 1.25, -2.75],
			"rotation": {"angle": 0, "axis": "y", "origin": [-2, 0, -4.5]},
			"faces": {
				"north": {"uv": [2, 4, 3, 5], "texture": "#10"},
				"east": {"uv": [4, 2, 5, 3], "texture": "#10"},
				"south": {"uv": [3, 4, 4, 5], "texture": "#10"},
				"west": {"uv": [4, 3, 5, 4], "texture": "#10"},
				"up": {"uv": [5, 5, 4, 4], "texture": "#10"},
				"down": {"uv": [3, 5, 2, 6], "texture": "#10"}
			}
		},
		{
			"from": [-1.5, 0.25, -0.25],
			"to": [-0.25, 1.5, 0],
			"rotation": {"angle": 0, "axis": "y", "origin": [-2, 0, -1.75]},
			"faces": {
				"north": {"uv": [0, 6, 1, 7], "texture": "#10"},
				"east": {"uv": [6, 0, 7, 1], "texture": "#10"},
				"south": {"uv": [1, 6, 2, 7], "texture": "#10"},
				"west": {"uv": [6, 1, 7, 2], "texture": "#10"},
				"up": {"uv": [3, 7, 2, 6], "texture": "#10"},
				"down": {"uv": [7, 2, 6, 3], "texture": "#10"}
			}
		},
		{
			"from": [12.5, 1.75, -1.75],
			"to": [13.75, 2.5, -0.5],
			"rotation": {"angle": 0, "axis": "y", "origin": [12, 1.75, -2]},
			"faces": {
				"north": {"uv": [2, 4, 3, 5], "texture": "#9"},
				"east": {"uv": [4, 2, 5, 3], "texture": "#9"},
				"south": {"uv": [3, 4, 4, 5], "texture": "#9"},
				"west": {"uv": [4, 3, 5, 4], "texture": "#9"},
				"up": {"uv": [5, 5, 4, 4], "texture": "#9"},
				"down": {"uv": [3, 5, 2, 6], "texture": "#9"}
			}
		},
		{
			"from": [12.75, 2.5, -1.5],
			"to": [13.5, 2.75, -0.75],
			"rotation": {"angle": 0, "axis": "y", "origin": [12, 2.5, -2]},
			"faces": {
				"north": {"uv": [5, 2, 6, 3], "texture": "#9"},
				"east": {"uv": [3, 5, 4, 6], "texture": "#9"},
				"south": {"uv": [5, 3, 6, 4], "texture": "#9"},
				"west": {"uv": [4, 5, 5, 6], "texture": "#9"},
				"up": {"uv": [6, 5, 5, 4], "texture": "#9"},
				"down": {"uv": [6, 5, 5, 6], "texture": "#9"}
			}
		}
	],
	"display": {
		"thirdperson_righthand": {
			"scale": [0.24, 0.24, 0.22]
		},
		"thirdperson_lefthand": {
			"scale": [0.23, 0.24, 0.24]
		},
		"firstperson_righthand": {
			"scale": [0.38, 0.38, 0.38]
		},
		"firstperson_lefthand": {
			"scale": [0.38, 0.38, 0.38]
		},
		"ground": {
			"translation": [0, 5.25, 0],
			"scale": [0.5, 0.48, 0.48]
		},
		"gui": {
			"translation": [0, -0.25, 0],
			"scale": [0.67, 0.65, 0.65]
		},
		"head": {
			"translation": [0, 14.5, 0]
		},
		"fixed": {
			"rotation": [90, 0, 0],
			"translation": [-0.75, 1.75, 22.25],
			"scale": [2.61, 2.61, 2.61]
		}
	},
	"groups": [
		{
			"name": "group",
			"origin": [18, 0, 13],
			"color": 0,
			"children": [
				0,
				1,
				2,
				3,
				4,
				5,
				6,
				7,
				8,
				9,
				10,
				11,
				12,
				13,
				14,
				15,
				16,
				17,
				18,
				19,
				20,
				21,
				22,
				23,
				24,
				25,
				26,
				27,
				28,
				29,
				30,
				31,
				32,
				33,
				34,
				35,
				36,
				37,
				38,
				39,
				40,
				41,
				42,
				43,
				44,
				45,
				46,
				47,
				48,
				49,
				50,
				51,
				52,
				53,
				54,
				55,
				56,
				57,
				58,
				59,
				60,
				61,
				62,
				63
			]
		},
		64,
		65,
		66,
		67,
		68,
		69,
		70,
		71,
		72,
		73,
		74,
		75,
		76,
		77,
		78,
		79,
		80,
		81,
		82,
		83,
		84,
		85,
		86,
		87,
		88,
		89,
		90,
		91,
		92,
		93,
		94,
		95,
		96,
		97,
		98,
		99,
		100,
		101,
		102,
		103,
		104
	]
}