{
	"credit": "Made with Blockbench",
	"textures": {
		"0": "block/amethyst_block",
		"1": "block/crimson_planks",
		"2": "block/stone",
		"3": "block/blackstone",
		"4": "block/cyan_terracotta",
		"5": "block/iron_block",
		"particle": "block/amethyst_block"
	},
	"elements": [
		{
			"from": [16, 13, 8.1],
			"to": [17.2, 16, 9],
			"rotation": {"angle": 0, "axis": "y", "origin": [15, 18, 12.6]},
			"faces": {
				"north": {"uv": [3, 12, 3.5, 13.5], "texture": "#2"},
				"east": {"uv": [3.5, 12, 4, 13.5], "texture": "#2"},
				"south": {"uv": [4, 12, 4.5, 13.5], "texture": "#2"},
				"west": {"uv": [12, 4, 12.5, 5.5], "texture": "#2"},
				"up": {"uv": [13, 2, 12.5, 1.5], "texture": "#2"},
				"down": {"uv": [13, 2, 12.5, 2.5], "texture": "#2"}
			}
		},
		{
			"from": [-1, 0, 2],
			"to": [17, 12, 15],
			"rotation": {"angle": 0, "axis": "y", "origin": [7, 0, 7]},
			"faces": {
				"north": {"uv": [2.75, 0, 12.75, 5], "texture": "#1"},
				"east": {"uv": [2.75, 3, 6.75, 8], "texture": "#1"},
				"south": {"uv": [2.75, 1.5, 12.75, 6.5], "texture": "#1"},
				"west": {"uv": [0, 3.25, 4, 8.25], "texture": "#1"},
				"up": {"uv": [2.75, 1.625, 0, 0], "texture": "#1"},
				"down": {"uv": [2.75, 1.625, 0, 3.25], "texture": "#1"}
			}
		},
		{
			"from": [-1, 12, 6],
			"to": [17, 17, 11],
			"rotation": {"angle": 0, "axis": "y", "origin": [7, 12, 7]},
			"faces": {
				"north": {"uv": [5.5, 0, 8.25, 0.625], "texture": "#1"},
				"east": {"uv": [4.25, 5.875, 4.875, 6.5], "texture": "#1"},
				"south": {"uv": [5.5, 0.625, 8.25, 1.25], "texture": "#1"},
				"west": {"uv": [4.875, 5.875, 5.5, 6.5], "texture": "#1"},
				"up": {"uv": [8.25, 1.875, 16, 4.875], "texture": "#1"},
				"down": {"uv": [8.25, 1.875, 5.5, 2.5], "texture": "#1"}
			}
		},
		{
			"from": [-0.9, 10, 5],
			"to": [16.9, 15, 11],
			"rotation": {"angle": -45, "axis": "x", "origin": [7, 10, 6]},
			"faces": {
				"north": {"uv": [0, 5.25, 2.75, 5.875], "texture": "#1"},
				"east": {"uv": [1.625, 3.25, 2.375, 3.875], "texture": "#1"},
				"south": {"uv": [2.75, 5.25, 5.5, 5.875], "texture": "#1"},
				"west": {"uv": [1.625, 3.875, 2.375, 4.5], "texture": "#1"},
				"up": {"uv": [7.125, 3.75, 16, 7.75], "texture": "#1"},
				"down": {"uv": [7.125, 3.75, 4.375, 4.5], "texture": "#1"}
			}
		},
		{
			"from": [-0.9, 10, 6],
			"to": [15.9, 15, 12],
			"rotation": {"angle": 45, "axis": "x", "origin": [7, 10, 11]},
			"faces": {
				"north": {"uv": [5.5, 5.25, 8.25, 5.875], "texture": "#1"},
				"east": {"uv": [2.75, 5.875, 3.5, 6.5], "texture": "#1"},
				"south": {"uv": [0, 5.875, 2.75, 6.5], "texture": "#1"},
				"west": {"uv": [3.5, 5.875, 4.25, 6.5], "texture": "#1"},
				"up": {"uv": [4.375, 5.25, 14.375, 9.25], "texture": "#1"},
				"down": {"uv": [7.125, 4.5, 4.375, 5.25], "texture": "#1"}
			}
		},
		{
			"from": [-1, 12, 1.6],
			"to": [17, 13, 2],
			"rotation": {"angle": 0, "axis": "y", "origin": [0, 11, 0]},
			"faces": {
				"north": {"uv": [0, 0, 11, 0.5], "texture": "#2"},
				"east": {"uv": [7, 4, 7.5, 4.5], "texture": "#2"},
				"south": {"uv": [0, 0.5, 11, 1], "texture": "#2"},
				"west": {"uv": [7, 4.5, 7.5, 5], "texture": "#2"},
				"up": {"uv": [11, 1.5, 0, 1], "texture": "#2"},
				"down": {"uv": [11, 1.5, 0, 2], "texture": "#2"}
			}
		},
		{
			"from": [17, 4, 1.65],
			"to": [17.25, 5, 15.4],
			"rotation": {"angle": 0, "axis": "y", "origin": [19.25, 3, 1]},
			"faces": {
				"north": {"uv": [12, 10, 12.5, 10.5], "texture": "#2"},
				"east": {"uv": [1, 5, 8, 5.5], "texture": "#2"},
				"south": {"uv": [12, 10.5, 12.5, 11], "texture": "#2"},
				"west": {"uv": [1, 5.5, 8, 6], "texture": "#2"},
				"up": {"uv": [1.5, 13, 1, 6], "texture": "#2"},
				"down": {"uv": [2, 6, 1.5, 13], "texture": "#2"}
			}
		},
		{
			"from": [-1, 4, 15.05],
			"to": [17, 5, 15.45],
			"rotation": {"angle": 0, "axis": "y", "origin": [0, 3, 13.45]},
			"faces": {
				"north": {"uv": [0, 2, 11, 2.5], "texture": "#2"},
				"east": {"uv": [12.5, 3.5, 13, 4], "texture": "#2"},
				"south": {"uv": [0, 2.5, 11, 3], "texture": "#2"},
				"west": {"uv": [12.5, 4, 13, 4.5], "texture": "#2"},
				"up": {"uv": [11, 3.5, 0, 3], "texture": "#2"},
				"down": {"uv": [11, 3.5, 0, 4], "texture": "#2"}
			}
		},
		{
			"from": [-1.25, 4, 1.65],
			"to": [-1, 5, 15.4],
			"rotation": {"angle": 0, "axis": "y", "origin": [1, 3, 1]},
			"faces": {
				"north": {"uv": [4.5, 12, 5, 12.5], "texture": "#2"},
				"east": {"uv": [0, 4, 7, 4.5], "texture": "#2"},
				"south": {"uv": [5, 12, 5.5, 12.5], "texture": "#2"},
				"west": {"uv": [0, 4.5, 7, 5], "texture": "#2"},
				"up": {"uv": [0.5, 12, 0, 5], "texture": "#2"},
				"down": {"uv": [1, 5, 0.5, 12], "texture": "#2"}
			}
		},
		{
			"from": [-1, 4, 1.6],
			"to": [17, 5, 2],
			"rotation": {"angle": 0, "axis": "y", "origin": [0, 3, 0]},
			"faces": {
				"north": {"uv": [0, 0, 11, 0.5], "texture": "#2"},
				"east": {"uv": [7, 4, 7.5, 4.5], "texture": "#2"},
				"south": {"uv": [0, 0.5, 11, 1], "texture": "#2"},
				"west": {"uv": [7, 4.5, 7.5, 5], "texture": "#2"},
				"up": {"uv": [11, 1.5, 0, 1], "texture": "#2"},
				"down": {"uv": [11, 1.5, 0, 2], "texture": "#2"}
			}
		},
		{
			"from": [-1, 12, 15.05],
			"to": [17, 13, 15.45],
			"rotation": {"angle": 0, "axis": "y", "origin": [0, 11, 13.45]},
			"faces": {
				"north": {"uv": [0, 2, 11, 2.5], "texture": "#2"},
				"east": {"uv": [12.5, 3.5, 13, 4], "texture": "#2"},
				"south": {"uv": [0, 2.5, 11, 3], "texture": "#2"},
				"west": {"uv": [12.5, 4, 13, 4.5], "texture": "#2"},
				"up": {"uv": [11, 3.5, 0, 3], "texture": "#2"},
				"down": {"uv": [11, 3.5, 0, 4], "texture": "#2"}
			}
		},
		{
			"from": [-1.25, 12, 1.65],
			"to": [-1, 13, 15.4],
			"rotation": {"angle": 0, "axis": "y", "origin": [1, 11, 1]},
			"faces": {
				"north": {"uv": [4.5, 12, 5, 12.5], "texture": "#2"},
				"east": {"uv": [0, 4, 7, 4.5], "texture": "#2"},
				"south": {"uv": [5, 12, 5.5, 12.5], "texture": "#2"},
				"west": {"uv": [0, 4.5, 7, 5], "texture": "#2"},
				"up": {"uv": [0.5, 12, 0, 5], "texture": "#2"},
				"down": {"uv": [1, 5, 0.5, 12], "texture": "#2"}
			}
		},
		{
			"from": [17, 12, 1.65],
			"to": [17.25, 13, 15.4],
			"rotation": {"angle": 0, "axis": "y", "origin": [19.25, 11, 1]},
			"faces": {
				"north": {"uv": [12, 10, 12.5, 10.5], "texture": "#2"},
				"east": {"uv": [1, 5, 8, 5.5], "texture": "#2"},
				"south": {"uv": [12, 10.5, 12.5, 11], "texture": "#2"},
				"west": {"uv": [1, 5.5, 8, 6], "texture": "#2"},
				"up": {"uv": [1.5, 13, 1, 6], "texture": "#2"},
				"down": {"uv": [2, 6, 1.5, 13], "texture": "#2"}
			}
		},
		{
			"from": [8.5, 9, 1.5],
			"to": [9, 12, 2],
			"rotation": {"angle": 0, "axis": "y", "origin": [7, 10, 0]},
			"faces": {
				"north": {"uv": [3, 0, 4, 3], "texture": "#5"},
				"east": {"uv": [1, 3, 2, 6], "texture": "#5"},
				"south": {"uv": [2, 3, 3, 6], "texture": "#5"},
				"west": {"uv": [3, 3, 4, 6], "texture": "#5"},
				"up": {"uv": [8, 7, 7, 6], "texture": "#5"},
				"down": {"uv": [8, 7, 7, 8], "texture": "#5"}
			}
		},
		{
			"from": [7.5, 8.5, 1.5],
			"to": [8.5, 9.5, 2],
			"rotation": {"angle": 0, "axis": "y", "origin": [6.5, 7.5, 0]},
			"faces": {
				"north": {"uv": [7, 3, 8, 4], "texture": "#5"},
				"east": {"uv": [4, 7, 5, 8], "texture": "#5"},
				"south": {"uv": [7, 4, 8, 5], "texture": "#5"},
				"west": {"uv": [5, 7, 6, 8], "texture": "#5"},
				"up": {"uv": [8, 6, 7, 5], "texture": "#5"},
				"down": {"uv": [7, 7, 6, 8], "texture": "#5"}
			}
		},
		{
			"from": [7.5, 11.5, 1.5],
			"to": [8.5, 12, 2],
			"rotation": {"angle": 0, "axis": "y", "origin": [6.5, 10, 0]},
			"faces": {
				"north": {"uv": [4, 0, 5, 1], "texture": "#5"},
				"east": {"uv": [4, 1, 5, 2], "texture": "#5"},
				"south": {"uv": [4, 2, 5, 3], "texture": "#5"},
				"west": {"uv": [4, 3, 5, 4], "texture": "#5"},
				"up": {"uv": [5, 5, 4, 4], "texture": "#5"},
				"down": {"uv": [6, 0, 5, 1], "texture": "#5"}
			}
		},
		{
			"from": [7.5, 10.5, 1.8],
			"to": [8.5, 12, 2],
			"rotation": {"angle": 0, "axis": "y", "origin": [6.5, 10, 0]},
			"faces": {
				"north": {"uv": [0, 0, 1, 2], "texture": "#3"},
				"east": {"uv": [1, 0, 2, 2], "texture": "#3"},
				"south": {"uv": [0, 2, 1, 4], "texture": "#3"},
				"west": {"uv": [2, 0, 3, 2], "texture": "#3"},
				"up": {"uv": [2, 3, 1, 2], "texture": "#3"},
				"down": {"uv": [3, 2, 2, 3], "texture": "#3"}
			}
		},
		{
			"from": [8.25, 10.5, 1.5],
			"to": [8.5, 11.5, 2],
			"rotation": {"angle": 0, "axis": "y", "origin": [6.5, 9.5, 0]},
			"faces": {
				"north": {"uv": [0, 8, 1, 9], "texture": "#5"},
				"east": {"uv": [8, 0, 9, 1], "texture": "#5"},
				"south": {"uv": [1, 8, 2, 9], "texture": "#5"},
				"west": {"uv": [8, 1, 9, 2], "texture": "#5"},
				"up": {"uv": [3, 9, 2, 8], "texture": "#5"},
				"down": {"uv": [9, 2, 8, 3], "texture": "#5"}
			}
		},
		{
			"from": [7.5, 10.5, 1.5],
			"to": [7.75, 11.5, 2],
			"rotation": {"angle": 0, "axis": "y", "origin": [5.75, 9.5, 0]},
			"faces": {
				"north": {"uv": [5, 3, 6, 4], "texture": "#5"},
				"east": {"uv": [4, 5, 5, 6], "texture": "#5"},
				"south": {"uv": [5, 4, 6, 5], "texture": "#5"},
				"west": {"uv": [5, 5, 6, 6], "texture": "#5"},
				"up": {"uv": [1, 7, 0, 6], "texture": "#5"},
				"down": {"uv": [7, 0, 6, 1], "texture": "#5"}
			}
		},
		{
			"from": [7.75, 10.5, 1.5],
			"to": [7.9, 11, 2],
			"rotation": {"angle": 0, "axis": "y", "origin": [6, 9.5, 0]},
			"faces": {
				"north": {"uv": [1, 6, 2, 7], "texture": "#5"},
				"east": {"uv": [6, 1, 7, 2], "texture": "#5"},
				"south": {"uv": [2, 6, 3, 7], "texture": "#5"},
				"west": {"uv": [6, 2, 7, 3], "texture": "#5"},
				"up": {"uv": [4, 7, 3, 6], "texture": "#5"},
				"down": {"uv": [7, 3, 6, 4], "texture": "#5"}
			}
		},
		{
			"from": [8.1, 10.5, 1.5],
			"to": [8.25, 11, 2],
			"rotation": {"angle": 0, "axis": "y", "origin": [6.25, 9.5, 0]},
			"faces": {
				"north": {"uv": [7, 0, 8, 1], "texture": "#5"},
				"east": {"uv": [1, 7, 2, 8], "texture": "#5"},
				"south": {"uv": [7, 1, 8, 2], "texture": "#5"},
				"west": {"uv": [2, 7, 3, 8], "texture": "#5"},
				"up": {"uv": [8, 3, 7, 2], "texture": "#5"},
				"down": {"uv": [4, 7, 3, 8], "texture": "#5"}
			}
		},
		{
			"from": [7.5, 10, 1.5],
			"to": [8.5, 10.5, 2],
			"rotation": {"angle": 0, "axis": "y", "origin": [6.5, 8.5, 0]},
			"faces": {
				"north": {"uv": [4, 6, 5, 7], "texture": "#5"},
				"east": {"uv": [6, 4, 7, 5], "texture": "#5"},
				"south": {"uv": [5, 6, 6, 7], "texture": "#5"},
				"west": {"uv": [6, 5, 7, 6], "texture": "#5"},
				"up": {"uv": [7, 7, 6, 6], "texture": "#5"},
				"down": {"uv": [1, 7, 0, 8], "texture": "#5"}
			}
		},
		{
			"from": [7.5, 9.5, 1],
			"to": [8.5, 10, 2],
			"rotation": {"angle": 0, "axis": "y", "origin": [6.5, 8, 0]},
			"faces": {
				"north": {"uv": [0, 0, 1, 1], "texture": "#4"},
				"east": {"uv": [0, 1, 1, 2], "texture": "#4"},
				"south": {"uv": [1, 0, 2, 1], "texture": "#4"},
				"west": {"uv": [1, 1, 2, 2], "texture": "#4"},
				"up": {"uv": [1, 3, 0, 2], "texture": "#4"},
				"down": {"uv": [3, 0, 2, 1], "texture": "#4"}
			}
		},
		{
			"from": [7, 9, 1.5],
			"to": [7.5, 12, 2],
			"rotation": {"angle": 0, "axis": "y", "origin": [5.5, 10, 0]},
			"faces": {
				"north": {"uv": [0, 0, 1, 3], "texture": "#5"},
				"east": {"uv": [1, 0, 2, 3], "texture": "#5"},
				"south": {"uv": [2, 0, 3, 3], "texture": "#5"},
				"west": {"uv": [0, 3, 1, 6], "texture": "#5"},
				"up": {"uv": [6, 2, 5, 1], "texture": "#5"},
				"down": {"uv": [6, 2, 5, 3], "texture": "#5"}
			}
		},
		{
			"from": [16, 0, 1.9],
			"to": [17.1, 12, 3],
			"rotation": {"angle": 0, "axis": "y", "origin": [16, 0, 1]},
			"faces": {
				"north": {"uv": [6, 6, 6.5, 12], "texture": "#2"},
				"east": {"uv": [6.5, 6, 7, 12], "texture": "#2"},
				"south": {"uv": [7, 6, 7.5, 12], "texture": "#2"},
				"west": {"uv": [7.5, 6, 8, 12], "texture": "#2"},
				"up": {"uv": [12.5, 9.5, 12, 9], "texture": "#2"},
				"down": {"uv": [12.5, 9.5, 12, 10], "texture": "#2"}
			}
		},
		{
			"from": [-1.1, 0, 1.9],
			"to": [0, 12, 3],
			"rotation": {"angle": 0, "axis": "y", "origin": [-1, 0, 1]},
			"faces": {
				"north": {"uv": [4, 6, 4.5, 12], "texture": "#2"},
				"east": {"uv": [4.5, 6, 5, 12], "texture": "#2"},
				"south": {"uv": [5, 6, 5.5, 12], "texture": "#2"},
				"west": {"uv": [5.5, 6, 6, 12], "texture": "#2"},
				"up": {"uv": [12.5, 8.5, 12, 8], "texture": "#2"},
				"down": {"uv": [12.5, 8.5, 12, 9], "texture": "#2"}
			}
		},
		{
			"from": [-1.1, 0, 14],
			"to": [0, 12, 15.1],
			"rotation": {"angle": 0, "axis": "y", "origin": [-1, 0, 13]},
			"faces": {
				"north": {"uv": [2, 6, 2.5, 12], "texture": "#2"},
				"east": {"uv": [2.5, 6, 3, 12], "texture": "#2"},
				"south": {"uv": [3, 6, 3.5, 12], "texture": "#2"},
				"west": {"uv": [3.5, 6, 4, 12], "texture": "#2"},
				"up": {"uv": [8, 12.5, 7.5, 12], "texture": "#2"},
				"down": {"uv": [12.5, 7.5, 12, 8], "texture": "#2"}
			}
		},
		{
			"from": [16, 0, 14],
			"to": [17.1, 12, 15.1],
			"rotation": {"angle": 0, "axis": "y", "origin": [16, 0, 13]},
			"faces": {
				"north": {"uv": [8, 4, 8.5, 10], "texture": "#2"},
				"east": {"uv": [8.5, 4, 9, 10], "texture": "#2"},
				"south": {"uv": [9, 4, 9.5, 10], "texture": "#2"},
				"west": {"uv": [9.5, 4, 10, 10], "texture": "#2"},
				"up": {"uv": [13, 3, 12.5, 2.5], "texture": "#2"},
				"down": {"uv": [13, 3, 12.5, 3.5], "texture": "#2"}
			}
		},
		{
			"from": [16, 14, 1.4],
			"to": [17.1, 20, 2.4],
			"rotation": {"angle": 45, "axis": "x", "origin": [15, 13, 0.4]},
			"faces": {
				"north": {"uv": [10.5, 7, 11, 10], "texture": "#2"},
				"east": {"uv": [10.5, 10, 11, 13], "texture": "#2"},
				"south": {"uv": [11, 0, 11.5, 3], "texture": "#2"},
				"west": {"uv": [11, 3, 11.5, 6], "texture": "#2"},
				"up": {"uv": [11.5, 12.5, 11, 12], "texture": "#2"},
				"down": {"uv": [12.5, 11, 12, 11.5], "texture": "#2"}
			}
		},
		{
			"from": [-1.2, 13, 8.1],
			"to": [0, 16, 9],
			"rotation": {"angle": 0, "axis": "y", "origin": [1, 18, 12.6]},
			"faces": {
				"north": {"uv": [12, 1, 12.5, 2.5], "texture": "#2"},
				"east": {"uv": [2, 12, 2.5, 13.5], "texture": "#2"},
				"south": {"uv": [2.5, 12, 3, 13.5], "texture": "#2"},
				"west": {"uv": [12, 2.5, 12.5, 4], "texture": "#2"},
				"up": {"uv": [6, 12.5, 5.5, 12], "texture": "#2"},
				"down": {"uv": [12.5, 5.5, 12, 6], "texture": "#2"}
			}
		},
		{
			"from": [-1.1, 14, 14.6],
			"to": [0, 20, 15.6],
			"rotation": {"angle": -45, "axis": "x", "origin": [1, 13, 16.6]},
			"faces": {
				"north": {"uv": [9, 10, 9.5, 13], "texture": "#2"},
				"east": {"uv": [9.5, 10, 10, 13], "texture": "#2"},
				"south": {"uv": [10, 10, 10.5, 13], "texture": "#2"},
				"west": {"uv": [10.5, 4, 11, 7], "texture": "#2"},
				"up": {"uv": [7.5, 12.5, 7, 12], "texture": "#2"},
				"down": {"uv": [12.5, 7, 12, 7.5], "texture": "#2"}
			}
		},
		{
			"from": [-1.2, 16, 6.1],
			"to": [0, 17.2, 11],
			"rotation": {"angle": 0, "axis": "y", "origin": [1, 18, 12.6]},
			"faces": {
				"north": {"uv": [6, 12, 6.5, 12.5], "texture": "#2"},
				"east": {"uv": [11.5, 6, 14, 6.5], "texture": "#2"},
				"south": {"uv": [6.5, 12, 7, 12.5], "texture": "#2"},
				"west": {"uv": [11.5, 6.5, 14, 7], "texture": "#2"},
				"up": {"uv": [12, 9.5, 11.5, 7], "texture": "#2"},
				"down": {"uv": [12, 9.5, 11.5, 12], "texture": "#2"}
			}
		},
		{
			"from": [-1.1, 14, 1.4],
			"to": [0, 20, 2.4],
			"rotation": {"angle": 45, "axis": "x", "origin": [1, 13, 0.4]},
			"faces": {
				"north": {"uv": [10, 4, 10.5, 7], "texture": "#2"},
				"east": {"uv": [10, 7, 10.5, 10], "texture": "#2"},
				"south": {"uv": [8, 10, 8.5, 13], "texture": "#2"},
				"west": {"uv": [8.5, 10, 9, 13], "texture": "#2"},
				"up": {"uv": [8, 4.5, 7.5, 4], "texture": "#2"},
				"down": {"uv": [8, 4.5, 7.5, 5], "texture": "#2"}
			}
		},
		{
			"from": [6.9, 14, 14.6],
			"to": [9, 20, 15.6],
			"rotation": {"angle": -45, "axis": "x", "origin": [9, 13, 16.6]},
			"faces": {
				"north": {"uv": [9, 10, 9.5, 13], "texture": "#2"},
				"east": {"uv": [9.5, 10, 10, 13], "texture": "#2"},
				"south": {"uv": [10, 10, 10.5, 13], "texture": "#2"},
				"west": {"uv": [10.5, 4, 11, 7], "texture": "#2"},
				"up": {"uv": [7.5, 12.5, 7, 12], "texture": "#2"},
				"down": {"uv": [12.5, 7, 12, 7.5], "texture": "#2"}
			}
		},
		{
			"from": [6.9, 16, 6.1],
			"to": [9, 17.2, 11],
			"rotation": {"angle": 0, "axis": "y", "origin": [9, 18, 12.6]},
			"faces": {
				"north": {"uv": [6, 12, 6.5, 12.5], "texture": "#2"},
				"east": {"uv": [11.5, 6, 14, 6.5], "texture": "#2"},
				"south": {"uv": [6.5, 12, 7, 12.5], "texture": "#2"},
				"west": {"uv": [11.5, 6.5, 14, 7], "texture": "#2"},
				"up": {"uv": [12, 9.5, 11.5, 7], "texture": "#2"},
				"down": {"uv": [12, 9.5, 11.5, 12], "texture": "#2"}
			}
		},
		{
			"from": [6.9, 14, 1.4],
			"to": [9, 20, 2.4],
			"rotation": {"angle": 45, "axis": "x", "origin": [9, 13, 0.4]},
			"faces": {
				"north": {"uv": [10, 4, 10.5, 7], "texture": "#2"},
				"east": {"uv": [10, 7, 10.5, 10], "texture": "#2"},
				"south": {"uv": [8, 10, 8.5, 13], "texture": "#2"},
				"west": {"uv": [8.5, 10, 9, 13], "texture": "#2"},
				"up": {"uv": [8, 4.5, 7.5, 4], "texture": "#2"},
				"down": {"uv": [8, 4.5, 7.5, 5], "texture": "#2"}
			}
		},
		{
			"from": [16, 14, 14.6],
			"to": [17.1, 20, 15.6],
			"rotation": {"angle": -45, "axis": "x", "origin": [15, 13, 16.6]},
			"faces": {
				"north": {"uv": [11, 6, 11.5, 9], "texture": "#2"},
				"east": {"uv": [11, 9, 11.5, 12], "texture": "#2"},
				"south": {"uv": [11.5, 0, 12, 3], "texture": "#2"},
				"west": {"uv": [11.5, 3, 12, 6], "texture": "#2"},
				"up": {"uv": [12.5, 12.5, 12, 12], "texture": "#2"},
				"down": {"uv": [13, 1, 12.5, 1.5], "texture": "#2"}
			}
		},
		{
			"from": [16, 16, 6.1],
			"to": [17.2, 17.2, 11],
			"rotation": {"angle": 0, "axis": "x", "origin": [15, 18, 12.6]},
			"faces": {
				"north": {"uv": [11.5, 12, 12, 12.5], "texture": "#2"},
				"east": {"uv": [12, 0, 14.5, 0.5], "texture": "#2"},
				"south": {"uv": [12, 11.5, 12.5, 12], "texture": "#2"},
				"west": {"uv": [12, 0.5, 14.5, 1], "texture": "#2"},
				"up": {"uv": [0.5, 14.5, 0, 12], "texture": "#2"},
				"down": {"uv": [1, 12, 0.5, 14.5], "texture": "#2"}
			}
		},
		{
			"from": [2, 14, 6],
			"to": [4, 23, 8],
			"rotation": {"angle": 45, "axis": "z", "origin": [2, 14, 6]},
			"faces": {
				"north": {"uv": [0, 0, 1, 4.5], "texture": "#0"},
				"east": {"uv": [1, 0, 2, 4.5], "texture": "#0"},
				"south": {"uv": [2, 0, 3, 4.5], "texture": "#0"},
				"west": {"uv": [3, 0, 4, 4.5], "texture": "#0"},
				"up": {"uv": [2.5, 10, 1.5, 9], "texture": "#0"},
				"down": {"uv": [10, 2.5, 9, 3.5], "texture": "#0"}
			}
		},
		{
			"from": [15, 14, 3],
			"to": [17, 19, 5],
			"rotation": {"angle": -45, "axis": "x", "origin": [15, 14, 3]},
			"faces": {
				"north": {"uv": [6, 0, 7, 2.5], "texture": "#0"},
				"east": {"uv": [6, 2.5, 7, 5], "texture": "#0"},
				"south": {"uv": [6, 5, 7, 7.5], "texture": "#0"},
				"west": {"uv": [7, 0, 8, 2.5], "texture": "#0"},
				"up": {"uv": [10.5, 10.5, 9.5, 9.5], "texture": "#0"},
				"down": {"uv": [11, 0, 10, 1], "texture": "#0"}
			}
		},
		{
			"from": [16, 16, 4],
			"to": [17, 21, 5],
			"rotation": {"angle": -45, "axis": "z", "origin": [15, 16, 3]},
			"faces": {
				"north": {"uv": [0, 9, 0.5, 11.5], "texture": "#0"},
				"east": {"uv": [9, 0, 9.5, 2.5], "texture": "#0"},
				"south": {"uv": [0.5, 9, 1, 11.5], "texture": "#0"},
				"west": {"uv": [1, 9, 1.5, 11.5], "texture": "#0"},
				"up": {"uv": [10.5, 8.5, 10, 8], "texture": "#0"},
				"down": {"uv": [9, 10, 8.5, 10.5], "texture": "#0"}
			}
		},
		{
			"from": [15.75, 16, 5],
			"to": [16.75, 20, 6],
			"rotation": {"angle": 22.5, "axis": "x", "origin": [14.75, 16, 4]},
			"faces": {
				"north": {"uv": [7, 9.5, 7.5, 11.5], "texture": "#0"},
				"east": {"uv": [7.5, 9.5, 8, 11.5], "texture": "#0"},
				"south": {"uv": [9.5, 7.5, 10, 9.5], "texture": "#0"},
				"west": {"uv": [9, 9.5, 9.5, 11.5], "texture": "#0"},
				"up": {"uv": [10.5, 8, 10, 7.5], "texture": "#0"},
				"down": {"uv": [8.5, 10, 8, 10.5], "texture": "#0"}
			}
		},
		{
			"from": [15, 14, 4],
			"to": [16, 21, 5],
			"rotation": {"angle": 22.5, "axis": "y", "origin": [14, 16, 3]},
			"faces": {
				"north": {"uv": [7.5, 2.5, 8, 6], "texture": "#0"},
				"east": {"uv": [6, 7.5, 6.5, 11], "texture": "#0"},
				"south": {"uv": [7.5, 6, 8, 9.5], "texture": "#0"},
				"west": {"uv": [6.5, 7.5, 7, 11], "texture": "#0"},
				"up": {"uv": [10.5, 5, 10, 4.5], "texture": "#0"},
				"down": {"uv": [10.5, 5, 10, 5.5], "texture": "#0"}
			}
		},
		{
			"from": [14, 13, 3],
			"to": [15, 20, 4],
			"rotation": {"angle": 22.5, "axis": "z", "origin": [13, 16, 2]},
			"faces": {
				"north": {"uv": [7, 2.5, 7.5, 6], "texture": "#0"},
				"east": {"uv": [5, 7, 5.5, 10.5], "texture": "#0"},
				"south": {"uv": [5.5, 7, 6, 10.5], "texture": "#0"},
				"west": {"uv": [7, 6, 7.5, 9.5], "texture": "#0"},
				"up": {"uv": [10.5, 4, 10, 3.5], "texture": "#0"},
				"down": {"uv": [10.5, 4, 10, 4.5], "texture": "#0"}
			}
		},
		{
			"from": [13, 14, 6],
			"to": [15, 23, 8],
			"rotation": {"angle": 45, "axis": "y", "origin": [13, 14, 6]},
			"faces": {
				"north": {"uv": [4, 0, 5, 4.5], "texture": "#0"},
				"east": {"uv": [0, 4.5, 1, 9], "texture": "#0"},
				"south": {"uv": [1, 4.5, 2, 9], "texture": "#0"},
				"west": {"uv": [2, 4.5, 3, 9], "texture": "#0"},
				"up": {"uv": [10.5, 6.5, 9.5, 5.5], "texture": "#0"},
				"down": {"uv": [10.5, 6.5, 9.5, 7.5], "texture": "#0"}
			}
		},
		{
			"from": [6.5, 10.25, 2.25],
			"to": [7, 14.25, 2.75],
			"rotation": {"angle": -45, "axis": "x", "origin": [5, 12.25, 2.25]},
			"faces": {
				"north": {"uv": [2.5, 9, 3, 11], "texture": "#0"},
				"east": {"uv": [9, 5.5, 9.5, 7.5], "texture": "#0"},
				"south": {"uv": [9, 7.5, 9.5, 9.5], "texture": "#0"},
				"west": {"uv": [9.5, 0, 10, 2], "texture": "#0"},
				"up": {"uv": [10.5, 3, 10, 2.5], "texture": "#0"},
				"down": {"uv": [10.5, 3, 10, 3.5], "texture": "#0"}
			}
		},
		{
			"from": [6.5, 10, 2],
			"to": [7, 15, 2.5],
			"rotation": {"angle": 45, "axis": "z", "origin": [5, 12, 2]},
			"faces": {
				"north": {"uv": [8.5, 0, 9, 2.5], "texture": "#0"},
				"east": {"uv": [8.5, 2.5, 9, 5], "texture": "#0"},
				"south": {"uv": [8.5, 5, 9, 7.5], "texture": "#0"},
				"west": {"uv": [8.5, 7.5, 9, 10], "texture": "#0"},
				"up": {"uv": [2.5, 10.5, 2, 10], "texture": "#0"},
				"down": {"uv": [10.5, 2, 10, 2.5], "texture": "#0"}
			}
		},
		{
			"from": [6, 12, 0.75],
			"to": [7, 17, 2],
			"rotation": {"angle": -45, "axis": "y", "origin": [5, 14, 1.5]},
			"faces": {
				"north": {"uv": [4, 8, 4.5, 10.5], "texture": "#0"},
				"east": {"uv": [4.5, 8, 5, 10.5], "texture": "#0"},
				"south": {"uv": [8, 5, 8.5, 7.5], "texture": "#0"},
				"west": {"uv": [8, 7.5, 8.5, 10], "texture": "#0"},
				"up": {"uv": [2, 10.5, 1.5, 10], "texture": "#0"},
				"down": {"uv": [10.5, 1.5, 10, 2], "texture": "#0"}
			}
		},
		{
			"from": [0, 15, 8],
			"to": [2, 22, 10],
			"rotation": {"angle": -22.5, "axis": "z", "origin": [0, 15, 8]},
			"faces": {
				"north": {"uv": [3, 4.5, 4, 8], "texture": "#0"},
				"east": {"uv": [4, 4.5, 5, 8], "texture": "#0"},
				"south": {"uv": [5, 0, 6, 3.5], "texture": "#0"},
				"west": {"uv": [5, 3.5, 6, 7], "texture": "#0"},
				"up": {"uv": [10, 4.5, 9, 3.5], "texture": "#0"},
				"down": {"uv": [10, 4.5, 9, 5.5], "texture": "#0"}
			}
		},
		{
			"from": [1, 15, 7],
			"to": [2, 20, 8],
			"rotation": {"angle": -45, "axis": "y", "origin": [1, 15, 7]},
			"faces": {
				"north": {"uv": [8, 0, 8.5, 2.5], "texture": "#0"},
				"east": {"uv": [8, 2.5, 8.5, 5], "texture": "#0"},
				"south": {"uv": [3, 8, 3.5, 10.5], "texture": "#0"},
				"west": {"uv": [3.5, 8, 4, 10.5], "texture": "#0"},
				"up": {"uv": [10, 2.5, 9.5, 2], "texture": "#0"},
				"down": {"uv": [10.5, 1, 10, 1.5], "texture": "#0"}
			}
		}
	],
	"display": {
		"thirdperson_righthand": {
			"scale": [0.24, 0.24, 0.22]
		},
		"thirdperson_lefthand": {
			"scale": [0.23, 0.24, 0.24]
		},
		"firstperson_righthand": {
			"scale": [0.38, 0.38, 0.38]
		},
		"firstperson_lefthand": {
			"scale": [0.38, 0.38, 0.38]
		},
		"ground": {
			"translation": [0, 5.25, 0],
			"scale": [0.5, 0.48, 0.48]
		},
		"gui": {
			"translation": [0, -0.25, 0],
			"scale": [0.67, 0.65, 0.65]
		},
		"head": {
			"translation": [0, 14.5, 0]
		},
		"fixed": {
			"rotation": [90, 0, 0],
			"translation": [-0.75, 1.75, 22.25],
			"scale": [2.61, 2.61, 2.61]
		}
	},
	"groups": [
		{
			"name": "group",
			"origin": [17, 18, 12.6],
			"color": 0,
			"children": [0, 1, 2, 3, 4, 5, 6, 7, 8, 9, 10, 11, 12, 13, 14, 15, 16, 17, 18, 19, 20, 21, 22, 23, 24, 25, 26, 27, 28, 29, 30, 31, 32, 33, 34, 35, 36, 37]
		},
		38,
		39,
		40,
		41,
		42,
		43,
		44,
		45,
		46,
		47,
		48,
		49
	]
}