{
	"credit": "Made with Blockbench",
	"textures": {
		"0": "block/iron_block",
		"1": "block/gold_block",
		"2": "block/blackstone",
		"3": "block/birch_planks",
		"4": "block/emerald_block",
		"5": "block/redstone_block",
		"particle": "block/iron_block"
	},
	"elements": [
		{
			"from": [18, 3.5, 2],
			"to": [19, 7, 15],
			"rotation": {"angle": 0, "axis": "y", "origin": [7, 3.5, 7]},
			"faces": {
				"north": {"uv": [2.75, 0, 12.75, 2], "texture": "#3"},
				"east": {"uv": [2.75, 3, 6.75, 5], "texture": "#3"},
				"south": {"uv": [2.75, 1.5, 12.75, 6.5], "texture": "#3"},
				"west": {"uv": [0, 3.25, 5, 6.25], "texture": "#3"},
				"up": {"uv": [2.75, 1.625, 0, 0], "texture": "#3"},
				"down": {"uv": [2.75, 1.625, 0, 3.25], "texture": "#3"}
			}
		},
		{
			"from": [-3, 0, 2],
			"to": [19, 3.5, 15],
			"rotation": {"angle": 0, "axis": "y", "origin": [9, 0, 7]},
			"faces": {
				"north": {"uv": [12.75, 0, 2.75, 2], "texture": "#3"},
				"east": {"uv": [4, 3.25, 0, 5.25], "texture": "#3"},
				"south": {"uv": [12.75, 1.5, 2.75, 3.5], "texture": "#3"},
				"west": {"uv": [6.75, 3, 2.75, 5], "texture": "#3"},
				"up": {"uv": [0, 1.625, 2.75, 0], "texture": "#3"},
				"down": {"uv": [0, 1.625, 2.75, 3.25], "texture": "#3"}
			}
		},
		{
			"from": [-3, 3.5, 2],
			"to": [-2, 7, 15],
			"rotation": {"angle": 0, "axis": "y", "origin": [9, 3.5, 7]},
			"faces": {
				"north": {"uv": [12.75, 0, 2.75, 2], "texture": "#3"},
				"east": {"uv": [4, 3.25, 0, 8.25], "texture": "#3"},
				"south": {"uv": [12.75, 1.5, 2.75, 6.5], "texture": "#3"},
				"west": {"uv": [6.75, 3, 2.75, 5], "texture": "#3"},
				"up": {"uv": [0, 1.625, 2.75, 0], "texture": "#3"},
				"down": {"uv": [0, 1.625, 2.75, 3.25], "texture": "#3"}
			}
		},
		{
			"from": [-3, 3.5, 2],
			"to": [19, 7.5, 3],
			"rotation": {"angle": 0, "axis": "y", "origin": [7, 3, 7]},
			"faces": {
				"north": {"uv": [2.75, 0, 12.75, 2], "texture": "#3"},
				"east": {"uv": [2.75, 3, 6.75, 8], "texture": "#3"},
				"south": {"uv": [2.75, 1.5, 12.75, 3.5], "texture": "#3"},
				"west": {"uv": [0, 3.25, 4, 8.25], "texture": "#3"},
				"up": {"uv": [2.75, 1.625, 0, 0], "texture": "#3"},
				"down": {"uv": [2.75, 1.625, 0, 3.25], "texture": "#3"}
			}
		},
		{
			"from": [-3, 3.5, 14],
			"to": [19, 7.5, 15],
			"rotation": {"angle": 0, "axis": "y", "origin": [7, 3, 19]},
			"faces": {
				"north": {"uv": [2.75, 0, 12.75, 2], "texture": "#3"},
				"east": {"uv": [2.75, 3, 6.75, 8], "texture": "#3"},
				"south": {"uv": [2.75, 1.5, 12.75, 3.5], "texture": "#3"},
				"west": {"uv": [0, 3.25, 4, 8.25], "texture": "#3"},
				"up": {"uv": [2.75, 1.625, 0, 0], "texture": "#3"},
				"down": {"uv": [2.75, 1.625, 0, 3.25], "texture": "#3"}
			}
		},
		{
			"from": [-3, 18.1, 15.5],
			"to": [19, 19, 21],
			"rotation": {"angle": 0, "axis": "y", "origin": [7, 11, 13]},
			"faces": {
				"north": {"uv": [0, 0, 11, 4], "texture": "#3"},
				"east": {"uv": [11, 0, 14, 4], "texture": "#3"},
				"south": {"uv": [0, 4, 11, 8], "texture": "#3"},
				"west": {"uv": [11, 4, 14, 8], "texture": "#3"},
				"up": {"uv": [11, 11, 0, 8], "texture": "#3"},
				"down": {"uv": [11, 11, 0, 14], "texture": "#3"}
			}
		},
		{
			"from": [-3, 8, 15.5],
			"to": [-2.3, 19, 21],
			"rotation": {"angle": 0, "axis": "y", "origin": [7, 8, 13]},
			"faces": {
				"north": {"uv": [0, 0, 11, 4], "texture": "#3"},
				"east": {"uv": [11, 0, 14, 4], "texture": "#3"},
				"south": {"uv": [0, 4, 11, 8], "texture": "#3"},
				"west": {"uv": [11, 4, 14, 8], "texture": "#3"},
				"up": {"uv": [11, 11, 0, 8], "texture": "#3"},
				"down": {"uv": [11, 11, 0, 14], "texture": "#3"}
			}
		},
		{
			"from": [18.3, 8, 15.5],
			"to": [19, 18, 21],
			"rotation": {"angle": 0, "axis": "y", "origin": [7, 8, 13]},
			"faces": {
				"north": {"uv": [0, 0, 11, 4], "texture": "#3"},
				"east": {"uv": [11, 0, 14, 4], "texture": "#3"},
				"south": {"uv": [0, 4, 11, 8], "texture": "#3"},
				"west": {"uv": [11, 4, 14, 8], "texture": "#3"},
				"up": {"uv": [11, 11, 0, 8], "texture": "#3"},
				"down": {"uv": [11, 11, 0, 14], "texture": "#3"}
			}
		},
		{
			"from": [-3, 8, 15.5],
			"to": [19, 8.5, 21],
			"rotation": {"angle": 0, "axis": "y", "origin": [7, 8, 13]},
			"faces": {
				"north": {"uv": [0, 0, 11, 4], "texture": "#3"},
				"east": {"uv": [11, 0, 14, 4], "texture": "#3"},
				"south": {"uv": [0, 4, 11, 8], "texture": "#3"},
				"west": {"uv": [11, 4, 14, 8], "texture": "#3"},
				"up": {"uv": [11, 11, 0, 8], "texture": "#3"},
				"down": {"uv": [11, 11, 0, 14], "texture": "#3"}
			}
		},
		{
			"from": [-3, 8, 20.5],
			"to": [19, 18, 21],
			"rotation": {"angle": 0, "axis": "y", "origin": [7, 8, 13]},
			"faces": {
				"north": {"uv": [0, 0, 11, 4], "texture": "#3"},
				"east": {"uv": [11, 0, 14, 4], "texture": "#3"},
				"south": {"uv": [0, 4, 11, 8], "texture": "#3"},
				"west": {"uv": [11, 4, 14, 8], "texture": "#3"},
				"up": {"uv": [11, 11, 0, 8], "texture": "#3"},
				"down": {"uv": [11, 11, 0, 14], "texture": "#3"}
			}
		},
		{
			"from": [7.5, 6.5, 1.8],
			"to": [8.5, 7.9, 2],
			"rotation": {"angle": 0, "axis": "y", "origin": [6.5, 6, 0]},
			"faces": {
				"north": {"uv": [0, 0, 1, 2], "texture": "#2"},
				"east": {"uv": [1, 0, 2, 2], "texture": "#2"},
				"south": {"uv": [0, 2, 1, 4], "texture": "#2"},
				"west": {"uv": [2, 0, 3, 2], "texture": "#2"},
				"up": {"uv": [2, 3, 1, 2], "texture": "#2"},
				"down": {"uv": [3, 2, 2, 3], "texture": "#2"}
			}
		},
		{
			"from": [7, 6, 1.5],
			"to": [7.5, 8, 1.9],
			"rotation": {"angle": 0, "axis": "y", "origin": [5.5, 6, 0]},
			"faces": {
				"north": {"uv": [0, 0, 1, 2], "texture": "#1"},
				"east": {"uv": [1, 0, 2, 2], "texture": "#1"},
				"south": {"uv": [0, 2, 1, 4], "texture": "#1"},
				"west": {"uv": [2, 0, 3, 2], "texture": "#1"},
				"up": {"uv": [1, 5, 0, 4], "texture": "#1"},
				"down": {"uv": [5, 0, 4, 1], "texture": "#1"}
			}
		},
		{
			"from": [7.5, 6, 1.5],
			"to": [8.5, 6.5, 2],
			"rotation": {"angle": 0, "axis": "y", "origin": [6.5, 4.5, 0]},
			"faces": {
				"north": {"uv": [4, 4, 5, 5], "texture": "#1"},
				"east": {"uv": [0, 5, 1, 6], "texture": "#1"},
				"south": {"uv": [5, 0, 6, 1], "texture": "#1"},
				"west": {"uv": [1, 5, 2, 6], "texture": "#1"},
				"up": {"uv": [6, 2, 5, 1], "texture": "#1"},
				"down": {"uv": [3, 5, 2, 6], "texture": "#1"}
			}
		},
		{
			"from": [8.1, 6.5, 1.5],
			"to": [8.25, 7, 2],
			"rotation": {"angle": 0, "axis": "y", "origin": [6.25, 5.5, 0]},
			"faces": {
				"north": {"uv": [0, 6, 1, 7], "texture": "#1"},
				"east": {"uv": [6, 0, 7, 1], "texture": "#1"},
				"south": {"uv": [1, 6, 2, 7], "texture": "#1"},
				"west": {"uv": [6, 1, 7, 2], "texture": "#1"},
				"up": {"uv": [3, 7, 2, 6], "texture": "#1"},
				"down": {"uv": [7, 2, 6, 3], "texture": "#1"}
			}
		},
		{
			"from": [7.75, 6.5, 1.5],
			"to": [7.9, 7, 2],
			"rotation": {"angle": 0, "axis": "y", "origin": [6, 5.5, 0]},
			"faces": {
				"north": {"uv": [5, 2, 6, 3], "texture": "#1"},
				"east": {"uv": [3, 5, 4, 6], "texture": "#1"},
				"south": {"uv": [5, 3, 6, 4], "texture": "#1"},
				"west": {"uv": [4, 5, 5, 6], "texture": "#1"},
				"up": {"uv": [6, 5, 5, 4], "texture": "#1"},
				"down": {"uv": [6, 5, 5, 6], "texture": "#1"}
			}
		},
		{
			"from": [7.5, 6.5, 1.5],
			"to": [7.75, 7.5, 2],
			"rotation": {"angle": 0, "axis": "y", "origin": [5.75, 5.5, 0]},
			"faces": {
				"north": {"uv": [1, 4, 2, 5], "texture": "#1"},
				"east": {"uv": [4, 1, 5, 2], "texture": "#1"},
				"south": {"uv": [2, 4, 3, 5], "texture": "#1"},
				"west": {"uv": [4, 2, 5, 3], "texture": "#1"},
				"up": {"uv": [4, 5, 3, 4], "texture": "#1"},
				"down": {"uv": [5, 3, 4, 4], "texture": "#1"}
			}
		},
		{
			"from": [8.25, 6.5, 1.5],
			"to": [8.5, 7.5, 2],
			"rotation": {"angle": 0, "axis": "y", "origin": [6.5, 5.5, 0]},
			"faces": {
				"north": {"uv": [3, 6, 4, 7], "texture": "#1"},
				"east": {"uv": [6, 3, 7, 4], "texture": "#1"},
				"south": {"uv": [4, 6, 5, 7], "texture": "#1"},
				"west": {"uv": [6, 4, 7, 5], "texture": "#1"},
				"up": {"uv": [6, 7, 5, 6], "texture": "#1"},
				"down": {"uv": [7, 5, 6, 6], "texture": "#1"}
			}
		},
		{
			"from": [7.5, 7.5, 1.5],
			"to": [8.5, 8, 1.9],
			"rotation": {"angle": 0, "axis": "y", "origin": [6.5, 6, 0]},
			"faces": {
				"north": {"uv": [7, 0, 8, 1], "texture": "#1"},
				"east": {"uv": [1, 7, 2, 8], "texture": "#1"},
				"south": {"uv": [7, 1, 8, 2], "texture": "#1"},
				"west": {"uv": [2, 7, 3, 8], "texture": "#1"},
				"up": {"uv": [8, 3, 7, 2], "texture": "#1"},
				"down": {"uv": [4, 7, 3, 8], "texture": "#1"}
			}
		},
		{
			"from": [8.5, 6, 1.5],
			"to": [9, 8, 1.9],
			"rotation": {"angle": 0, "axis": "y", "origin": [7, 6, 0]},
			"faces": {
				"north": {"uv": [1, 2, 2, 4], "texture": "#1"},
				"east": {"uv": [2, 2, 3, 4], "texture": "#1"},
				"south": {"uv": [3, 0, 4, 2], "texture": "#1"},
				"west": {"uv": [3, 2, 4, 4], "texture": "#1"},
				"up": {"uv": [7, 7, 6, 6], "texture": "#1"},
				"down": {"uv": [1, 7, 0, 8], "texture": "#1"}
			}
		},
		{
			"from": [18, 0, 1.9],
			"to": [19.1, 8, 3],
			"rotation": {"angle": 0, "axis": "y", "origin": [18, 0, 1]},
			"faces": {
				"north": {"uv": [3, 5.25, 3.25, 7.25], "texture": "#0"},
				"east": {"uv": [3.25, 5.25, 3.5, 7.25], "texture": "#0"},
				"south": {"uv": [3.5, 5.25, 3.75, 7.25], "texture": "#0"},
				"west": {"uv": [3.75, 5.25, 4, 7.25], "texture": "#0"},
				"up": {"uv": [7, 4.75, 6.75, 4.5], "texture": "#0"},
				"down": {"uv": [7, 4.75, 6.75, 5], "texture": "#0"}
			}
		},
		{
			"from": [-3.1, 0, 1.9],
			"to": [-2, 8, 3],
			"rotation": {"angle": 0, "axis": "y", "origin": [-3, 0, 1]},
			"faces": {
				"north": {"uv": [2.5, 5.5, 2.75, 7.5], "texture": "#0"},
				"east": {"uv": [5.5, 3.5, 5.75, 5.5], "texture": "#0"},
				"south": {"uv": [5.5, 5.5, 5.75, 7.5], "texture": "#0"},
				"west": {"uv": [5.75, 1.5, 6, 3.5], "texture": "#0"},
				"up": {"uv": [7.5, 1.75, 7.25, 1.5], "texture": "#0"},
				"down": {"uv": [7.5, 1.75, 7.25, 2], "texture": "#0"}
			}
		},
		{
			"from": [-1.1, 1, 1.9],
			"to": [0, 7, 2.7],
			"rotation": {"angle": 0, "axis": "y", "origin": [-1, 0, 1]},
			"faces": {
				"north": {"uv": [2.5, 5.5, 2.75, 7.5], "texture": "#0"},
				"east": {"uv": [5.5, 3.5, 5.75, 5.5], "texture": "#0"},
				"south": {"uv": [5.5, 5.5, 5.75, 7.5], "texture": "#0"},
				"west": {"uv": [5.75, 1.5, 6, 3.5], "texture": "#0"},
				"up": {"uv": [7.5, 1.75, 7.25, 1.5], "texture": "#0"},
				"down": {"uv": [7.5, 1.75, 7.25, 2], "texture": "#0"}
			}
		},
		{
			"from": [8, 5, 14.2],
			"to": [9.1, 7, 15.1],
			"rotation": {"angle": 0, "axis": "y", "origin": [9, 0, 16]},
			"faces": {
				"north": {"uv": [5.5, 5.5, 5.75, 7.5], "texture": "#0"},
				"east": {"uv": [5.75, 1.5, 6, 3.5], "texture": "#0"},
				"south": {"uv": [2.5, 5.5, 2.75, 7.5], "texture": "#0"},
				"west": {"uv": [5.5, 3.5, 5.75, 5.5], "texture": "#0"},
				"up": {"uv": [7.25, 1.5, 7.5, 1.75], "texture": "#0"},
				"down": {"uv": [7.25, 2, 7.5, 1.75], "texture": "#0"}
			}
		},
		{
			"from": [6.9, 5, 14.2],
			"to": [8, 7, 15.1],
			"rotation": {"angle": 0, "axis": "y", "origin": [7, 0, 16]},
			"faces": {
				"north": {"uv": [5.75, 5.5, 5.5, 7.5], "texture": "#0"},
				"east": {"uv": [5.75, 3.5, 5.5, 5.5], "texture": "#0"},
				"south": {"uv": [2.75, 5.5, 2.5, 7.5], "texture": "#0"},
				"west": {"uv": [6, 1.5, 5.75, 3.5], "texture": "#0"},
				"up": {"uv": [7.5, 1.5, 7.25, 1.75], "texture": "#0"},
				"down": {"uv": [7.5, 2, 7.25, 1.75], "texture": "#0"}
			}
		},
		{
			"from": [16, 1, 14.2],
			"to": [17.1, 7, 15.1],
			"rotation": {"angle": 0, "axis": "y", "origin": [17, 0, 16]},
			"faces": {
				"north": {"uv": [5.5, 5.5, 5.75, 7.5], "texture": "#0"},
				"east": {"uv": [5.75, 1.5, 6, 3.5], "texture": "#0"},
				"south": {"uv": [2.5, 5.5, 2.75, 7.5], "texture": "#0"},
				"west": {"uv": [5.5, 3.5, 5.75, 5.5], "texture": "#0"},
				"up": {"uv": [7.25, 1.5, 7.5, 1.75], "texture": "#0"},
				"down": {"uv": [7.25, 2, 7.5, 1.75], "texture": "#0"}
			}
		},
		{
			"from": [14, 2, 14.2],
			"to": [15.1, 7, 15.1],
			"rotation": {"angle": 0, "axis": "y", "origin": [15, 0, 16]},
			"faces": {
				"north": {"uv": [5.5, 5.5, 5.75, 7.5], "texture": "#0"},
				"east": {"uv": [5.75, 1.5, 6, 3.5], "texture": "#0"},
				"south": {"uv": [2.5, 5.5, 2.75, 7.5], "texture": "#0"},
				"west": {"uv": [5.5, 3.5, 5.75, 5.5], "texture": "#0"},
				"up": {"uv": [7.25, 1.5, 7.5, 1.75], "texture": "#0"},
				"down": {"uv": [7.25, 2, 7.5, 1.75], "texture": "#0"}
			}
		},
		{
			"from": [12, 3, 14.2],
			"to": [13.1, 7, 15.1],
			"rotation": {"angle": 0, "axis": "y", "origin": [13, 0, 16]},
			"faces": {
				"north": {"uv": [5.5, 5.5, 5.75, 7.5], "texture": "#0"},
				"east": {"uv": [5.75, 1.5, 6, 3.5], "texture": "#0"},
				"south": {"uv": [2.5, 5.5, 2.75, 7.5], "texture": "#0"},
				"west": {"uv": [5.5, 3.5, 5.75, 5.5], "texture": "#0"},
				"up": {"uv": [7.25, 1.5, 7.5, 1.75], "texture": "#0"},
				"down": {"uv": [7.25, 2, 7.5, 1.75], "texture": "#0"}
			}
		},
		{
			"from": [10, 4, 14.2],
			"to": [11.1, 7, 15.1],
			"rotation": {"angle": 0, "axis": "y", "origin": [11, 0, 16]},
			"faces": {
				"north": {"uv": [5.5, 5.5, 5.75, 7.5], "texture": "#0"},
				"east": {"uv": [5.75, 1.5, 6, 3.5], "texture": "#0"},
				"south": {"uv": [2.5, 5.5, 2.75, 7.5], "texture": "#0"},
				"west": {"uv": [5.5, 3.5, 5.75, 5.5], "texture": "#0"},
				"up": {"uv": [7.25, 1.5, 7.5, 1.75], "texture": "#0"},
				"down": {"uv": [7.25, 2, 7.5, 1.75], "texture": "#0"}
			}
		},
		{
			"from": [4.9, 4, 14.2],
			"to": [6, 7, 15.1],
			"rotation": {"angle": 0, "axis": "y", "origin": [5, 0, 16]},
			"faces": {
				"north": {"uv": [5.75, 5.5, 5.5, 7.5], "texture": "#0"},
				"east": {"uv": [5.75, 3.5, 5.5, 5.5], "texture": "#0"},
				"south": {"uv": [2.75, 5.5, 2.5, 7.5], "texture": "#0"},
				"west": {"uv": [6, 1.5, 5.75, 3.5], "texture": "#0"},
				"up": {"uv": [7.5, 1.5, 7.25, 1.75], "texture": "#0"},
				"down": {"uv": [7.5, 2, 7.25, 1.75], "texture": "#0"}
			}
		},
		{
			"from": [2.9, 3, 14.2],
			"to": [4, 7, 15.1],
			"rotation": {"angle": 0, "axis": "y", "origin": [3, 0, 16]},
			"faces": {
				"north": {"uv": [5.75, 5.5, 5.5, 7.5], "texture": "#0"},
				"east": {"uv": [5.75, 3.5, 5.5, 5.5], "texture": "#0"},
				"south": {"uv": [2.75, 5.5, 2.5, 7.5], "texture": "#0"},
				"west": {"uv": [6, 1.5, 5.75, 3.5], "texture": "#0"},
				"up": {"uv": [7.5, 1.5, 7.25, 1.75], "texture": "#0"},
				"down": {"uv": [7.5, 2, 7.25, 1.75], "texture": "#0"}
			}
		},
		{
			"from": [0.9, 2, 14.2],
			"to": [2, 7, 15.1],
			"rotation": {"angle": 0, "axis": "y", "origin": [1, 0, 16]},
			"faces": {
				"north": {"uv": [5.75, 5.5, 5.5, 7.5], "texture": "#0"},
				"east": {"uv": [5.75, 3.5, 5.5, 5.5], "texture": "#0"},
				"south": {"uv": [2.75, 5.5, 2.5, 7.5], "texture": "#0"},
				"west": {"uv": [6, 1.5, 5.75, 3.5], "texture": "#0"},
				"up": {"uv": [7.5, 1.5, 7.25, 1.75], "texture": "#0"},
				"down": {"uv": [7.5, 2, 7.25, 1.75], "texture": "#0"}
			}
		},
		{
			"from": [-1.1, 1, 14.2],
			"to": [0, 7, 15.1],
			"rotation": {"angle": 0, "axis": "y", "origin": [-1, 0, 16]},
			"faces": {
				"north": {"uv": [5.75, 5.5, 5.5, 7.5], "texture": "#0"},
				"east": {"uv": [5.75, 3.5, 5.5, 5.5], "texture": "#0"},
				"south": {"uv": [2.75, 5.5, 2.5, 7.5], "texture": "#0"},
				"west": {"uv": [6, 1.5, 5.75, 3.5], "texture": "#0"},
				"up": {"uv": [7.5, 1.5, 7.25, 1.75], "texture": "#0"},
				"down": {"uv": [7.5, 2, 7.25, 1.75], "texture": "#0"}
			}
		},
		{
			"from": [0.9, 2, 1.9],
			"to": [2, 7, 2.7],
			"rotation": {"angle": 0, "axis": "y", "origin": [1, 0, 1]},
			"faces": {
				"north": {"uv": [2.5, 5.5, 2.75, 7.5], "texture": "#0"},
				"east": {"uv": [5.5, 3.5, 5.75, 5.5], "texture": "#0"},
				"south": {"uv": [5.5, 5.5, 5.75, 7.5], "texture": "#0"},
				"west": {"uv": [5.75, 1.5, 6, 3.5], "texture": "#0"},
				"up": {"uv": [7.5, 1.75, 7.25, 1.5], "texture": "#0"},
				"down": {"uv": [7.5, 1.75, 7.25, 2], "texture": "#0"}
			}
		},
		{
			"from": [2.9, 3, 1.9],
			"to": [4, 7, 2.7],
			"rotation": {"angle": 0, "axis": "y", "origin": [3, 0, 1]},
			"faces": {
				"north": {"uv": [2.5, 5.5, 2.75, 7.5], "texture": "#0"},
				"east": {"uv": [5.5, 3.5, 5.75, 5.5], "texture": "#0"},
				"south": {"uv": [5.5, 5.5, 5.75, 7.5], "texture": "#0"},
				"west": {"uv": [5.75, 1.5, 6, 3.5], "texture": "#0"},
				"up": {"uv": [7.5, 1.75, 7.25, 1.5], "texture": "#0"},
				"down": {"uv": [7.5, 1.75, 7.25, 2], "texture": "#0"}
			}
		},
		{
			"from": [8, 5, 1.9],
			"to": [9.1, 7, 2.7],
			"rotation": {"angle": 0, "axis": "y", "origin": [9, 0, 1]},
			"faces": {
				"north": {"uv": [2.75, 5.5, 2.5, 7.5], "texture": "#0"},
				"east": {"uv": [6, 1.5, 5.75, 3.5], "texture": "#0"},
				"south": {"uv": [5.75, 5.5, 5.5, 7.5], "texture": "#0"},
				"west": {"uv": [5.75, 3.5, 5.5, 5.5], "texture": "#0"},
				"up": {"uv": [7.25, 1.75, 7.5, 1.5], "texture": "#0"},
				"down": {"uv": [7.25, 1.75, 7.5, 2], "texture": "#0"}
			}
		},
		{
			"from": [10, 4, 1.9],
			"to": [11.1, 7, 2.7],
			"rotation": {"angle": 0, "axis": "y", "origin": [11, 0, 1]},
			"faces": {
				"north": {"uv": [2.75, 5.5, 2.5, 7.5], "texture": "#0"},
				"east": {"uv": [6, 1.5, 5.75, 3.5], "texture": "#0"},
				"south": {"uv": [5.75, 5.5, 5.5, 7.5], "texture": "#0"},
				"west": {"uv": [5.75, 3.5, 5.5, 5.5], "texture": "#0"},
				"up": {"uv": [7.25, 1.75, 7.5, 1.5], "texture": "#0"},
				"down": {"uv": [7.25, 1.75, 7.5, 2], "texture": "#0"}
			}
		},
		{
			"from": [16, 1, 1.9],
			"to": [17.1, 7, 2.7],
			"rotation": {"angle": 0, "axis": "y", "origin": [17, 0, 1]},
			"faces": {
				"north": {"uv": [2.75, 5.5, 2.5, 7.5], "texture": "#0"},
				"east": {"uv": [6, 1.5, 5.75, 3.5], "texture": "#0"},
				"south": {"uv": [5.75, 5.5, 5.5, 7.5], "texture": "#0"},
				"west": {"uv": [5.75, 3.5, 5.5, 5.5], "texture": "#0"},
				"up": {"uv": [7.25, 1.75, 7.5, 1.5], "texture": "#0"},
				"down": {"uv": [7.25, 1.75, 7.5, 2], "texture": "#0"}
			}
		},
		{
			"from": [14, 2, 1.9],
			"to": [15.1, 7, 2.7],
			"rotation": {"angle": 0, "axis": "y", "origin": [15, 0, 1]},
			"faces": {
				"north": {"uv": [2.75, 5.5, 2.5, 7.5], "texture": "#0"},
				"east": {"uv": [6, 1.5, 5.75, 3.5], "texture": "#0"},
				"south": {"uv": [5.75, 5.5, 5.5, 7.5], "texture": "#0"},
				"west": {"uv": [5.75, 3.5, 5.5, 5.5], "texture": "#0"},
				"up": {"uv": [7.25, 1.75, 7.5, 1.5], "texture": "#0"},
				"down": {"uv": [7.25, 1.75, 7.5, 2], "texture": "#0"}
			}
		},
		{
			"from": [12, 3, 1.9],
			"to": [13.1, 7, 2.7],
			"rotation": {"angle": 0, "axis": "y", "origin": [13, 0, 1]},
			"faces": {
				"north": {"uv": [2.75, 5.5, 2.5, 7.5], "texture": "#0"},
				"east": {"uv": [6, 1.5, 5.75, 3.5], "texture": "#0"},
				"south": {"uv": [5.75, 5.5, 5.5, 7.5], "texture": "#0"},
				"west": {"uv": [5.75, 3.5, 5.5, 5.5], "texture": "#0"},
				"up": {"uv": [7.25, 1.75, 7.5, 1.5], "texture": "#0"},
				"down": {"uv": [7.25, 1.75, 7.5, 2], "texture": "#0"}
			}
		},
		{
			"from": [4.9, 4, 1.9],
			"to": [6, 7, 2.7],
			"rotation": {"angle": 0, "axis": "y", "origin": [5, 0, 1]},
			"faces": {
				"north": {"uv": [2.5, 5.5, 2.75, 7.5], "texture": "#0"},
				"east": {"uv": [5.5, 3.5, 5.75, 5.5], "texture": "#0"},
				"south": {"uv": [5.5, 5.5, 5.75, 7.5], "texture": "#0"},
				"west": {"uv": [5.75, 1.5, 6, 3.5], "texture": "#0"},
				"up": {"uv": [7.5, 1.75, 7.25, 1.5], "texture": "#0"},
				"down": {"uv": [7.5, 1.75, 7.25, 2], "texture": "#0"}
			}
		},
		{
			"from": [6.9, 5, 1.9],
			"to": [8, 7, 2.7],
			"rotation": {"angle": 0, "axis": "y", "origin": [7, 0, 1]},
			"faces": {
				"north": {"uv": [2.5, 5.5, 2.75, 7.5], "texture": "#0"},
				"east": {"uv": [5.5, 3.5, 5.75, 5.5], "texture": "#0"},
				"south": {"uv": [5.5, 5.5, 5.75, 7.5], "texture": "#0"},
				"west": {"uv": [5.75, 1.5, 6, 3.5], "texture": "#0"},
				"up": {"uv": [7.5, 1.75, 7.25, 1.5], "texture": "#0"},
				"down": {"uv": [7.5, 1.75, 7.25, 2], "texture": "#0"}
			}
		},
		{
			"from": [-2, 7, 1.9],
			"to": [18, 8, 3.1],
			"rotation": {"angle": 0, "axis": "y", "origin": [-3, 0, 1]},
			"faces": {
				"north": {"uv": [0, 3, 5, 3.25], "texture": "#0"},
				"east": {"uv": [7.25, 2, 7.5, 2.25], "texture": "#0"},
				"south": {"uv": [0, 3.25, 5, 3.5], "texture": "#0"},
				"west": {"uv": [7.25, 2.25, 7.5, 2.5], "texture": "#0"},
				"up": {"uv": [5, 3.75, 0, 3.5], "texture": "#0"},
				"down": {"uv": [5, 3.75, 0, 4], "texture": "#0"}
			}
		},
		{
			"from": [-2, 7, 13.9],
			"to": [18, 8, 15.1],
			"rotation": {"angle": 0, "axis": "y", "origin": [-3, 0, 16]},
			"faces": {
				"north": {"uv": [0, 2, 5, 2.25], "texture": "#0"},
				"east": {"uv": [7, 6.5, 7.25, 6.75], "texture": "#0"},
				"south": {"uv": [0, 2.25, 5, 2.5], "texture": "#0"},
				"west": {"uv": [6.75, 7, 7, 7.25], "texture": "#0"},
				"up": {"uv": [5, 2.75, 0, 2.5], "texture": "#0"},
				"down": {"uv": [5, 2.75, 0, 3], "texture": "#0"}
			}
		},
		{
			"from": [-3.1, 0, 14],
			"to": [-2, 8, 15.1],
			"rotation": {"angle": 0, "axis": "y", "origin": [-3, 0, 13]},
			"faces": {
				"north": {"uv": [5.75, 3.5, 6, 5.5], "texture": "#0"},
				"east": {"uv": [5.75, 5.5, 6, 7.5], "texture": "#0"},
				"south": {"uv": [6, 1.5, 6.25, 3.5], "texture": "#0"},
				"west": {"uv": [6, 3.5, 6.25, 5.5], "texture": "#0"},
				"up": {"uv": [3.25, 7.5, 3, 7.25], "texture": "#0"},
				"down": {"uv": [3.5, 7.25, 3.25, 7.5], "texture": "#0"}
			}
		},
		{
			"from": [-3.1, 7, 3],
			"to": [-2, 8, 14],
			"rotation": {"angle": 0, "axis": "y", "origin": [-3, 0, 12]},
			"faces": {
				"north": {"uv": [7, 6.75, 7.25, 7], "texture": "#0"},
				"east": {"uv": [0, 5.25, 2.75, 5.5], "texture": "#0"},
				"south": {"uv": [7, 7, 7.25, 7.25], "texture": "#0"},
				"west": {"uv": [5.25, 1.25, 8, 1.5], "texture": "#0"},
				"up": {"uv": [5.5, 4.25, 5.25, 1.5], "texture": "#0"},
				"down": {"uv": [3, 5.25, 2.75, 8], "texture": "#0"}
			}
		},
		{
			"from": [18, 7, 3],
			"to": [19.1, 8, 14],
			"rotation": {"angle": 0, "axis": "y", "origin": [19, 0, 12]},
			"faces": {
				"north": {"uv": [6.75, 6.5, 7, 6.75], "texture": "#0"},
				"east": {"uv": [5, 0.75, 7.75, 1], "texture": "#0"},
				"south": {"uv": [6.75, 6.75, 7, 7], "texture": "#0"},
				"west": {"uv": [5, 1, 7.75, 1.25], "texture": "#0"},
				"up": {"uv": [5.25, 4, 5, 1.25], "texture": "#0"},
				"down": {"uv": [5.25, 4, 5, 6.75], "texture": "#0"}
			}
		},
		{
			"from": [18.25, 9, 19.75],
			"to": [18.85, 9.75, 21.25],
			"rotation": {"angle": -45, "axis": "x", "origin": [19, 1.75, 19]},
			"faces": {
				"north": {"uv": [11, 11, 11.5, 11.5], "texture": "#2"},
				"east": {"uv": [11, 8, 12, 8.5], "texture": "#2"},
				"south": {"uv": [11.5, 9, 12, 9.5], "texture": "#2"},
				"west": {"uv": [11, 8.5, 12, 9], "texture": "#2"},
				"up": {"uv": [11.5, 10, 11, 9], "texture": "#2"},
				"down": {"uv": [11.5, 10, 11, 11], "texture": "#2"}
			}
		},
		{
			"from": [-2.85, 9, 19.75],
			"to": [-2.25, 9.75, 21.25],
			"rotation": {"angle": -45, "axis": "x", "origin": [-3, 1.75, 19]},
			"faces": {
				"north": {"uv": [4, 6, 4.5, 7], "texture": "#2"},
				"east": {"uv": [4.5, 6, 5, 7], "texture": "#2"},
				"south": {"uv": [5, 6, 5.5, 7], "texture": "#2"},
				"west": {"uv": [5.5, 6, 6, 7], "texture": "#2"},
				"up": {"uv": [12.5, 7.5, 12, 8], "texture": "#2"},
				"down": {"uv": [12.5, 8.5, 12, 9], "texture": "#2"}
			}
		},
		{
			"from": [-3.1, 7.9, 14.9],
			"to": [-2, 19.1, 15.6],
			"rotation": {"angle": 0, "axis": "y", "origin": [-3, 8, 14]},
			"faces": {
				"north": {"uv": [5.5, 1.5, 5.75, 3.5], "texture": "#0"},
				"east": {"uv": [1.75, 5.5, 2, 7.5], "texture": "#0"},
				"south": {"uv": [2, 5.5, 2.25, 7.5], "texture": "#0"},
				"west": {"uv": [2.25, 5.5, 2.5, 7.5], "texture": "#0"},
				"up": {"uv": [7.25, 6.25, 7, 6], "texture": "#0"},
				"down": {"uv": [6.5, 7, 6.25, 7.25], "texture": "#0"}
			}
		},
		{
			"from": [-3.1, 7.9, 20],
			"to": [-2, 19.1, 21.1],
			"rotation": {"angle": 0, "axis": "y", "origin": [-3, 8, 19]},
			"faces": {
				"north": {"uv": [6, 5.5, 6.25, 7.5], "texture": "#0"},
				"east": {"uv": [6.25, 1.5, 6.5, 3.5], "texture": "#0"},
				"south": {"uv": [6.25, 3.5, 6.5, 5.5], "texture": "#0"},
				"west": {"uv": [5.25, 6.25, 5.5, 8.25], "texture": "#0"},
				"up": {"uv": [4, 7.5, 3.75, 7.25], "texture": "#0"},
				"down": {"uv": [7.5, 3.75, 7.25, 4], "texture": "#0"}
			}
		},
		{
			"from": [18, 7.9, 14.9],
			"to": [19.1, 19.1, 15.6],
			"rotation": {"angle": 0, "axis": "y", "origin": [19, 8, 14]},
			"faces": {
				"north": {"uv": [4.75, 5.25, 5, 7.25], "texture": "#0"},
				"east": {"uv": [0, 5.5, 0.25, 7.5], "texture": "#0"},
				"south": {"uv": [0.25, 5.5, 0.5, 7.5], "texture": "#0"},
				"west": {"uv": [0.5, 5.5, 0.75, 7.5], "texture": "#0"},
				"up": {"uv": [7.25, 1.75, 7, 1.5], "texture": "#0"},
				"down": {"uv": [7.25, 1.75, 7, 2], "texture": "#0"}
			}
		},
		{
			"from": [-2, 17.9, 14.9],
			"to": [18, 19.1, 15.6],
			"rotation": {"angle": 0, "axis": "y", "origin": [19, 11, 14]},
			"faces": {
				"north": {"uv": [0, 0, 5, 0.25], "texture": "#0"},
				"east": {"uv": [7, 4.5, 7.25, 4.75], "texture": "#0"},
				"south": {"uv": [0, 0.25, 5, 0.5], "texture": "#0"},
				"west": {"uv": [7, 4.75, 7.25, 5], "texture": "#0"},
				"up": {"uv": [5, 0.75, 0, 0.5], "texture": "#0"},
				"down": {"uv": [5, 0.75, 0, 1], "texture": "#0"}
			}
		},
		{
			"from": [7, 18.4, 13.9],
			"to": [9, 19.1, 14.9],
			"rotation": {"angle": 0, "axis": "y", "origin": [19, 11, 14]},
			"faces": {
				"north": {"uv": [6.5, 11, 4, 12], "texture": "#1"},
				"east": {"uv": [8, 11, 5.5, 12], "texture": "#1"},
				"south": {"uv": [7.5, 11, 5, 12], "texture": "#1"},
				"west": {"uv": [7, 11, 4.5, 12], "texture": "#1"},
				"up": {"uv": [9, 8.5, 12.5, 8], "texture": "#1"},
				"down": {"uv": [9, 8.5, 12.5, 9], "texture": "#1"}
			}
		},
		{
			"from": [-2, 17.9, 20],
			"to": [18, 19.1, 21.1],
			"rotation": {"angle": 0, "axis": "y", "origin": [19, 11, 19.5]},
			"faces": {
				"north": {"uv": [0, 5, 5, 5.25], "texture": "#0"},
				"east": {"uv": [4, 7.25, 4.25, 7.5], "texture": "#0"},
				"south": {"uv": [5, 0, 10, 0.25], "texture": "#0"},
				"west": {"uv": [7.25, 4, 7.5, 4.25], "texture": "#0"},
				"up": {"uv": [10, 0.5, 5, 0.25], "texture": "#0"},
				"down": {"uv": [10, 0.5, 5, 0.75], "texture": "#0"}
			}
		},
		{
			"from": [-2, 7.9, 20],
			"to": [18, 8.9, 21.1],
			"rotation": {"angle": 0, "axis": "y", "origin": [19, 1, 19.5]},
			"faces": {
				"north": {"uv": [0, 4, 5, 4.25], "texture": "#0"},
				"east": {"uv": [3.5, 7.25, 3.75, 7.5], "texture": "#0"},
				"south": {"uv": [0, 4.25, 5, 4.5], "texture": "#0"},
				"west": {"uv": [7.25, 3.5, 7.5, 3.75], "texture": "#0"},
				"up": {"uv": [5, 4.75, 0, 4.5], "texture": "#0"},
				"down": {"uv": [5, 4.75, 0, 5], "texture": "#0"}
			}
		},
		{
			"from": [-2, 7.9, 14.9],
			"to": [18, 9.1, 15.6],
			"rotation": {"angle": 0, "axis": "y", "origin": [19, 1, 14]},
			"faces": {
				"north": {"uv": [0, 1, 5, 1.25], "texture": "#0"},
				"east": {"uv": [7, 6.25, 7.25, 6.5], "texture": "#0"},
				"south": {"uv": [0, 1.25, 5, 1.5], "texture": "#0"},
				"west": {"uv": [6.5, 7, 6.75, 7.25], "texture": "#0"},
				"up": {"uv": [5, 1.75, 0, 1.5], "texture": "#0"},
				"down": {"uv": [5, 1.75, 0, 2], "texture": "#0"}
			}
		},
		{
			"from": [18, 7.9, 20],
			"to": [19.1, 19.1, 21.1],
			"rotation": {"angle": 0, "axis": "y", "origin": [19, 8, 19]},
			"faces": {
				"north": {"uv": [0.75, 5.5, 1, 7.5], "texture": "#0"},
				"east": {"uv": [1, 5.5, 1.25, 7.5], "texture": "#0"},
				"south": {"uv": [1.25, 5.5, 1.5, 7.5], "texture": "#0"},
				"west": {"uv": [1.5, 5.5, 1.75, 7.5], "texture": "#0"},
				"up": {"uv": [7.25, 3.75, 7, 3.5], "texture": "#0"},
				"down": {"uv": [7.25, 3.75, 7, 4], "texture": "#0"}
			}
		},
		{
			"from": [18.25, 7.9, 15.6],
			"to": [19.1, 8.8, 20],
			"rotation": {"angle": 0, "axis": "y", "origin": [19, 0.7, 18]},
			"faces": {
				"north": {"uv": [7, 2, 7.25, 2.25], "texture": "#0"},
				"east": {"uv": [6.25, 5.5, 7.25, 5.75], "texture": "#0"},
				"south": {"uv": [7, 2.25, 7.25, 2.5], "texture": "#0"},
				"west": {"uv": [6.25, 5.75, 7.25, 6], "texture": "#0"},
				"up": {"uv": [6.5, 7, 6.25, 6], "texture": "#0"},
				"down": {"uv": [6.75, 1.5, 6.5, 2.5], "texture": "#0"}
			}
		},
		{
			"from": [18.25, 18.2, 15.6],
			"to": [19.1, 19.1, 20],
			"rotation": {"angle": 0, "axis": "y", "origin": [19, 11, 18]},
			"faces": {
				"north": {"uv": [7, 4, 7.25, 4.25], "texture": "#0"},
				"east": {"uv": [6.5, 2.5, 7.5, 2.75], "texture": "#0"},
				"south": {"uv": [7, 4.25, 7.25, 4.5], "texture": "#0"},
				"west": {"uv": [6.5, 2.75, 7.5, 3], "texture": "#0"},
				"up": {"uv": [6.75, 4, 6.5, 3], "texture": "#0"},
				"down": {"uv": [6.75, 4, 6.5, 5], "texture": "#0"}
			}
		},
		{
			"from": [-3.1, 7.9, 15.6],
			"to": [-2.25, 8.8, 20],
			"rotation": {"angle": 0, "axis": "y", "origin": [-3, 0.7, 18]},
			"faces": {
				"north": {"uv": [4.25, 7.25, 4.5, 7.5], "texture": "#0"},
				"east": {"uv": [6.5, 5, 7.5, 5.25], "texture": "#0"},
				"south": {"uv": [7.25, 4.25, 7.5, 4.5], "texture": "#0"},
				"west": {"uv": [6.5, 5.25, 7.5, 5.5], "texture": "#0"},
				"up": {"uv": [6.75, 7, 6.5, 6], "texture": "#0"},
				"down": {"uv": [7, 1.5, 6.75, 2.5], "texture": "#0"}
			}
		},
		{
			"from": [-3.1, 18.2, 15.6],
			"to": [-2.25, 19.1, 20],
			"rotation": {"angle": 0, "axis": "y", "origin": [-3, 11, 18]},
			"faces": {
				"north": {"uv": [4.5, 7.25, 4.75, 7.5], "texture": "#0"},
				"east": {"uv": [6.75, 3, 7.75, 3.25], "texture": "#0"},
				"south": {"uv": [7.25, 4.5, 7.5, 4.75], "texture": "#0"},
				"west": {"uv": [6.75, 3.25, 7.75, 3.5], "texture": "#0"},
				"up": {"uv": [7, 4.5, 6.75, 3.5], "texture": "#0"},
				"down": {"uv": [5.25, 6.75, 5, 7.75], "texture": "#0"}
			}
		},
		{
			"from": [-1.1, 18.2, 15.6],
			"to": [-0.25, 19.1, 20],
			"rotation": {"angle": 0, "axis": "y", "origin": [-1, 11, 18]},
			"faces": {
				"north": {"uv": [4.5, 7.25, 4.75, 7.5], "texture": "#0"},
				"east": {"uv": [6.75, 3, 7.75, 3.25], "texture": "#0"},
				"south": {"uv": [7.25, 4.5, 7.5, 4.75], "texture": "#0"},
				"west": {"uv": [6.75, 3.25, 7.75, 3.5], "texture": "#0"},
				"up": {"uv": [7, 4.5, 6.75, 3.5], "texture": "#0"},
				"down": {"uv": [5.25, 6.75, 5, 7.75], "texture": "#0"}
			}
		},
		{
			"from": [16.25, 7.9, 15.6],
			"to": [17.1, 8.4, 20],
			"rotation": {"angle": 0, "axis": "y", "origin": [17, 16, 18]},
			"faces": {
				"north": {"uv": [4.75, 7.5, 4.5, 7.25], "texture": "#0"},
				"east": {"uv": [7.75, 3.5, 6.75, 3.25], "texture": "#0"},
				"south": {"uv": [7.5, 4.75, 7.25, 4.5], "texture": "#0"},
				"west": {"uv": [7.75, 3.25, 6.75, 3], "texture": "#0"},
				"up": {"uv": [5, 7.75, 5.25, 6.75], "texture": "#0"},
				"down": {"uv": [6.75, 3.5, 7, 4.5], "texture": "#0"}
			}
		},
		{
			"from": [14.25, 7.9, 15.6],
			"to": [15.1, 8.4, 20],
			"rotation": {"angle": 0, "axis": "y", "origin": [15, 16, 18]},
			"faces": {
				"north": {"uv": [4.75, 7.5, 4.5, 7.25], "texture": "#0"},
				"east": {"uv": [7.75, 3.5, 6.75, 3.25], "texture": "#0"},
				"south": {"uv": [7.5, 4.75, 7.25, 4.5], "texture": "#0"},
				"west": {"uv": [7.75, 3.25, 6.75, 3], "texture": "#0"},
				"up": {"uv": [5, 7.75, 5.25, 6.75], "texture": "#0"},
				"down": {"uv": [6.75, 3.5, 7, 4.5], "texture": "#0"}
			}
		},
		{
			"from": [12.25, 7.9, 15.6],
			"to": [13.1, 8.4, 20],
			"rotation": {"angle": 0, "axis": "y", "origin": [13, 16, 18]},
			"faces": {
				"north": {"uv": [4.75, 7.5, 4.5, 7.25], "texture": "#0"},
				"east": {"uv": [7.75, 3.5, 6.75, 3.25], "texture": "#0"},
				"south": {"uv": [7.5, 4.75, 7.25, 4.5], "texture": "#0"},
				"west": {"uv": [7.75, 3.25, 6.75, 3], "texture": "#0"},
				"up": {"uv": [5, 7.75, 5.25, 6.75], "texture": "#0"},
				"down": {"uv": [6.75, 3.5, 7, 4.5], "texture": "#0"}
			}
		},
		{
			"from": [10.25, 7.9, 15.6],
			"to": [11.1, 8.4, 20],
			"rotation": {"angle": 0, "axis": "y", "origin": [11, 16, 18]},
			"faces": {
				"north": {"uv": [4.75, 7.5, 4.5, 7.25], "texture": "#0"},
				"east": {"uv": [7.75, 3.5, 6.75, 3.25], "texture": "#0"},
				"south": {"uv": [7.5, 4.75, 7.25, 4.5], "texture": "#0"},
				"west": {"uv": [7.75, 3.25, 6.75, 3], "texture": "#0"},
				"up": {"uv": [5, 7.75, 5.25, 6.75], "texture": "#0"},
				"down": {"uv": [6.75, 3.5, 7, 4.5], "texture": "#0"}
			}
		},
		{
			"from": [8.45, 7.9, 15.6],
			"to": [9.3, 8.4, 20],
			"rotation": {"angle": 0, "axis": "y", "origin": [9.2, 16, 18]},
			"faces": {
				"north": {"uv": [4.75, 7.5, 4.5, 7.25], "texture": "#0"},
				"east": {"uv": [7.75, 3.5, 6.75, 3.25], "texture": "#0"},
				"south": {"uv": [7.5, 4.75, 7.25, 4.5], "texture": "#0"},
				"west": {"uv": [7.75, 3.25, 6.75, 3], "texture": "#0"},
				"up": {"uv": [5, 7.75, 5.25, 6.75], "texture": "#0"},
				"down": {"uv": [6.75, 3.5, 7, 4.5], "texture": "#0"}
			}
		},
		{
			"from": [6.7, 7.9, 15.6],
			"to": [7.55, 8.4, 20],
			"rotation": {"angle": 0, "axis": "y", "origin": [6.8, 16, 18]},
			"faces": {
				"north": {"uv": [4.5, 7.5, 4.75, 7.25], "texture": "#0"},
				"east": {"uv": [6.75, 3.25, 7.75, 3], "texture": "#0"},
				"south": {"uv": [7.25, 4.75, 7.5, 4.5], "texture": "#0"},
				"west": {"uv": [6.75, 3.5, 7.75, 3.25], "texture": "#0"},
				"up": {"uv": [5.25, 7.75, 5, 6.75], "texture": "#0"},
				"down": {"uv": [7, 3.5, 6.75, 4.5], "texture": "#0"}
			}
		},
		{
			"from": [4.9, 7.9, 15.6],
			"to": [5.75, 8.4, 20],
			"rotation": {"angle": 0, "axis": "y", "origin": [5, 16, 18]},
			"faces": {
				"north": {"uv": [4.5, 7.5, 4.75, 7.25], "texture": "#0"},
				"east": {"uv": [6.75, 3.25, 7.75, 3], "texture": "#0"},
				"south": {"uv": [7.25, 4.75, 7.5, 4.5], "texture": "#0"},
				"west": {"uv": [6.75, 3.5, 7.75, 3.25], "texture": "#0"},
				"up": {"uv": [5.25, 7.75, 5, 6.75], "texture": "#0"},
				"down": {"uv": [7, 3.5, 6.75, 4.5], "texture": "#0"}
			}
		},
		{
			"from": [2.9, 7.9, 15.6],
			"to": [3.75, 8.4, 20],
			"rotation": {"angle": 0, "axis": "y", "origin": [3, 16, 18]},
			"faces": {
				"north": {"uv": [4.5, 7.5, 4.75, 7.25], "texture": "#0"},
				"east": {"uv": [6.75, 3.25, 7.75, 3], "texture": "#0"},
				"south": {"uv": [7.25, 4.75, 7.5, 4.5], "texture": "#0"},
				"west": {"uv": [6.75, 3.5, 7.75, 3.25], "texture": "#0"},
				"up": {"uv": [5.25, 7.75, 5, 6.75], "texture": "#0"},
				"down": {"uv": [7, 3.5, 6.75, 4.5], "texture": "#0"}
			}
		},
		{
			"from": [0.9, 7.9, 15.6],
			"to": [1.75, 8.4, 20],
			"rotation": {"angle": 0, "axis": "y", "origin": [1, 16, 18]},
			"faces": {
				"north": {"uv": [4.5, 7.5, 4.75, 7.25], "texture": "#0"},
				"east": {"uv": [6.75, 3.25, 7.75, 3], "texture": "#0"},
				"south": {"uv": [7.25, 4.75, 7.5, 4.5], "texture": "#0"},
				"west": {"uv": [6.75, 3.5, 7.75, 3.25], "texture": "#0"},
				"up": {"uv": [5.25, 7.75, 5, 6.75], "texture": "#0"},
				"down": {"uv": [7, 3.5, 6.75, 4.5], "texture": "#0"}
			}
		},
		{
			"from": [-1.1, 7.9, 15.6],
			"to": [-0.25, 8.4, 20],
			"rotation": {"angle": 0, "axis": "y", "origin": [-1, 16, 18]},
			"faces": {
				"north": {"uv": [4.5, 7.5, 4.75, 7.25], "texture": "#0"},
				"east": {"uv": [6.75, 3.25, 7.75, 3], "texture": "#0"},
				"south": {"uv": [7.25, 4.75, 7.5, 4.5], "texture": "#0"},
				"west": {"uv": [6.75, 3.5, 7.75, 3.25], "texture": "#0"},
				"up": {"uv": [5.25, 7.75, 5, 6.75], "texture": "#0"},
				"down": {"uv": [7, 3.5, 6.75, 4.5], "texture": "#0"}
			}
		},
		{
			"from": [0.9, 18.2, 15.6],
			"to": [1.75, 19.1, 20],
			"rotation": {"angle": 0, "axis": "y", "origin": [1, 11, 18]},
			"faces": {
				"north": {"uv": [4.5, 7.25, 4.75, 7.5], "texture": "#0"},
				"east": {"uv": [6.75, 3, 7.75, 3.25], "texture": "#0"},
				"south": {"uv": [7.25, 4.5, 7.5, 4.75], "texture": "#0"},
				"west": {"uv": [6.75, 3.25, 7.75, 3.5], "texture": "#0"},
				"up": {"uv": [7, 4.5, 6.75, 3.5], "texture": "#0"},
				"down": {"uv": [5.25, 6.75, 5, 7.75], "texture": "#0"}
			}
		},
		{
			"from": [2.9, 18.2, 15.6],
			"to": [3.75, 19.1, 20],
			"rotation": {"angle": 0, "axis": "y", "origin": [3, 11, 18]},
			"faces": {
				"north": {"uv": [4.5, 7.25, 4.75, 7.5], "texture": "#0"},
				"east": {"uv": [6.75, 3, 7.75, 3.25], "texture": "#0"},
				"south": {"uv": [7.25, 4.5, 7.5, 4.75], "texture": "#0"},
				"west": {"uv": [6.75, 3.25, 7.75, 3.5], "texture": "#0"},
				"up": {"uv": [7, 4.5, 6.75, 3.5], "texture": "#0"},
				"down": {"uv": [5.25, 6.75, 5, 7.75], "texture": "#0"}
			}
		},
		{
			"from": [8.45, 18.2, 15.6],
			"to": [9.3, 19.1, 20],
			"rotation": {"angle": 0, "axis": "y", "origin": [9.2, 11, 18]},
			"faces": {
				"north": {"uv": [4.75, 7.25, 4.5, 7.5], "texture": "#0"},
				"east": {"uv": [7.75, 3.25, 6.75, 3.5], "texture": "#0"},
				"south": {"uv": [7.5, 4.5, 7.25, 4.75], "texture": "#0"},
				"west": {"uv": [7.75, 3, 6.75, 3.25], "texture": "#0"},
				"up": {"uv": [6.75, 4.5, 7, 3.5], "texture": "#0"},
				"down": {"uv": [5, 6.75, 5.25, 7.75], "texture": "#0"}
			}
		},
		{
			"from": [10.25, 18.2, 15.6],
			"to": [11.1, 19.1, 20],
			"rotation": {"angle": 0, "axis": "y", "origin": [11, 11, 18]},
			"faces": {
				"north": {"uv": [4.75, 7.25, 4.5, 7.5], "texture": "#0"},
				"east": {"uv": [7.75, 3.25, 6.75, 3.5], "texture": "#0"},
				"south": {"uv": [7.5, 4.5, 7.25, 4.75], "texture": "#0"},
				"west": {"uv": [7.75, 3, 6.75, 3.25], "texture": "#0"},
				"up": {"uv": [6.75, 4.5, 7, 3.5], "texture": "#0"},
				"down": {"uv": [5, 6.75, 5.25, 7.75], "texture": "#0"}
			}
		},
		{
			"from": [16.25, 18.2, 15.6],
			"to": [17.1, 19.1, 20],
			"rotation": {"angle": 0, "axis": "y", "origin": [17, 11, 18]},
			"faces": {
				"north": {"uv": [4.75, 7.25, 4.5, 7.5], "texture": "#0"},
				"east": {"uv": [7.75, 3.25, 6.75, 3.5], "texture": "#0"},
				"south": {"uv": [7.5, 4.5, 7.25, 4.75], "texture": "#0"},
				"west": {"uv": [7.75, 3, 6.75, 3.25], "texture": "#0"},
				"up": {"uv": [6.75, 4.5, 7, 3.5], "texture": "#0"},
				"down": {"uv": [5, 6.75, 5.25, 7.75], "texture": "#0"}
			}
		},
		{
			"from": [14.25, 18.2, 15.6],
			"to": [15.1, 19.1, 20],
			"rotation": {"angle": 0, "axis": "y", "origin": [15, 11, 18]},
			"faces": {
				"north": {"uv": [4.75, 7.25, 4.5, 7.5], "texture": "#0"},
				"east": {"uv": [7.75, 3.25, 6.75, 3.5], "texture": "#0"},
				"south": {"uv": [7.5, 4.5, 7.25, 4.75], "texture": "#0"},
				"west": {"uv": [7.75, 3, 6.75, 3.25], "texture": "#0"},
				"up": {"uv": [6.75, 4.5, 7, 3.5], "texture": "#0"},
				"down": {"uv": [5, 6.75, 5.25, 7.75], "texture": "#0"}
			}
		},
		{
			"from": [12.25, 18.2, 15.6],
			"to": [13.1, 19.1, 20],
			"rotation": {"angle": 0, "axis": "y", "origin": [13, 11, 18]},
			"faces": {
				"north": {"uv": [4.75, 7.25, 4.5, 7.5], "texture": "#0"},
				"east": {"uv": [7.75, 3.25, 6.75, 3.5], "texture": "#0"},
				"south": {"uv": [7.5, 4.5, 7.25, 4.75], "texture": "#0"},
				"west": {"uv": [7.75, 3, 6.75, 3.25], "texture": "#0"},
				"up": {"uv": [6.75, 4.5, 7, 3.5], "texture": "#0"},
				"down": {"uv": [5, 6.75, 5.25, 7.75], "texture": "#0"}
			}
		},
		{
			"from": [4.9, 18.2, 15.6],
			"to": [5.75, 19.1, 20],
			"rotation": {"angle": 0, "axis": "y", "origin": [5, 11, 18]},
			"faces": {
				"north": {"uv": [4.5, 7.25, 4.75, 7.5], "texture": "#0"},
				"east": {"uv": [6.75, 3, 7.75, 3.25], "texture": "#0"},
				"south": {"uv": [7.25, 4.5, 7.5, 4.75], "texture": "#0"},
				"west": {"uv": [6.75, 3.25, 7.75, 3.5], "texture": "#0"},
				"up": {"uv": [7, 4.5, 6.75, 3.5], "texture": "#0"},
				"down": {"uv": [5.25, 6.75, 5, 7.75], "texture": "#0"}
			}
		},
		{
			"from": [6.7, 18.2, 15.6],
			"to": [7.55, 19.1, 20],
			"rotation": {"angle": 0, "axis": "y", "origin": [6.8, 11, 18]},
			"faces": {
				"north": {"uv": [4.5, 7.25, 4.75, 7.5], "texture": "#0"},
				"east": {"uv": [6.75, 3, 7.75, 3.25], "texture": "#0"},
				"south": {"uv": [7.25, 4.5, 7.5, 4.75], "texture": "#0"},
				"west": {"uv": [6.75, 3.25, 7.75, 3.5], "texture": "#0"},
				"up": {"uv": [7, 4.5, 6.75, 3.5], "texture": "#0"},
				"down": {"uv": [5.25, 6.75, 5, 7.75], "texture": "#0"}
			}
		},
		{
			"from": [-3.1, 16.45, 15.6],
			"to": [-2.45, 17.35, 20],
			"rotation": {"angle": 0, "axis": "y", "origin": [-3, 9.25, 18]},
			"faces": {
				"north": {"uv": [4.5, 7.25, 4.75, 7.5], "texture": "#0"},
				"east": {"uv": [6.75, 3, 7.75, 3.25], "texture": "#0"},
				"south": {"uv": [7.25, 4.5, 7.5, 4.75], "texture": "#0"},
				"west": {"uv": [6.75, 3.25, 7.75, 3.5], "texture": "#0"},
				"up": {"uv": [7, 4.5, 6.75, 3.5], "texture": "#0"},
				"down": {"uv": [5.25, 6.75, 5, 7.75], "texture": "#0"}
			}
		},
		{
			"from": [-3.1, 14.7, 15.6],
			"to": [-2.45, 15.6, 20],
			"rotation": {"angle": 0, "axis": "y", "origin": [-3, 7.5, 18]},
			"faces": {
				"north": {"uv": [4.5, 7.25, 4.75, 7.5], "texture": "#0"},
				"east": {"uv": [6.75, 3, 7.75, 3.25], "texture": "#0"},
				"south": {"uv": [7.25, 4.5, 7.5, 4.75], "texture": "#0"},
				"west": {"uv": [6.75, 3.25, 7.75, 3.5], "texture": "#0"},
				"up": {"uv": [7, 4.5, 6.75, 3.5], "texture": "#0"},
				"down": {"uv": [5.25, 6.75, 5, 7.75], "texture": "#0"}
			}
		},
		{
			"from": [-3.1, 13.1, 15.6],
			"to": [-2.45, 14, 20],
			"rotation": {"angle": 0, "axis": "y", "origin": [-3, 5.9, 18]},
			"faces": {
				"north": {"uv": [4.5, 7.25, 4.75, 7.5], "texture": "#0"},
				"east": {"uv": [6.75, 3, 7.75, 3.25], "texture": "#0"},
				"south": {"uv": [7.25, 4.5, 7.5, 4.75], "texture": "#0"},
				"west": {"uv": [6.75, 3.25, 7.75, 3.5], "texture": "#0"},
				"up": {"uv": [7, 4.5, 6.75, 3.5], "texture": "#0"},
				"down": {"uv": [5.25, 6.75, 5, 7.75], "texture": "#0"}
			}
		},
		{
			"from": [-3.1, 9.7, 15.6],
			"to": [-2.45, 10.6, 20],
			"rotation": {"angle": 0, "axis": "y", "origin": [-3, 2.5, 18]},
			"faces": {
				"north": {"uv": [4.5, 7.25, 4.75, 7.5], "texture": "#0"},
				"east": {"uv": [6.75, 3, 7.75, 3.25], "texture": "#0"},
				"south": {"uv": [7.25, 4.5, 7.5, 4.75], "texture": "#0"},
				"west": {"uv": [6.75, 3.25, 7.75, 3.5], "texture": "#0"},
				"up": {"uv": [7, 4.5, 6.75, 3.5], "texture": "#0"},
				"down": {"uv": [5.25, 6.75, 5, 7.75], "texture": "#0"}
			}
		},
		{
			"from": [-3.1, 11.45, 15.6],
			"to": [-2.45, 12.35, 20],
			"rotation": {"angle": 0, "axis": "y", "origin": [-3, 4.25, 18]},
			"faces": {
				"north": {"uv": [4.5, 7.25, 4.75, 7.5], "texture": "#0"},
				"east": {"uv": [6.75, 3, 7.75, 3.25], "texture": "#0"},
				"south": {"uv": [7.25, 4.5, 7.5, 4.75], "texture": "#0"},
				"west": {"uv": [6.75, 3.25, 7.75, 3.5], "texture": "#0"},
				"up": {"uv": [7, 4.5, 6.75, 3.5], "texture": "#0"},
				"down": {"uv": [5.25, 6.75, 5, 7.75], "texture": "#0"}
			}
		},
		{
			"from": [18, 0, 14],
			"to": [19.1, 8, 15.1],
			"rotation": {"angle": 0, "axis": "y", "origin": [18, 0, 13]},
			"faces": {
				"north": {"uv": [4, 5.25, 4.25, 7.25], "texture": "#0"},
				"east": {"uv": [4.25, 5.25, 4.5, 7.25], "texture": "#0"},
				"south": {"uv": [5.25, 4.25, 5.5, 6.25], "texture": "#0"},
				"west": {"uv": [4.5, 5.25, 4.75, 7.25], "texture": "#0"},
				"up": {"uv": [7, 6.25, 6.75, 6], "texture": "#0"},
				"down": {"uv": [7, 6.25, 6.75, 6.5], "texture": "#0"}
			}
		},
		{
			"from": [18.2, 1, 12],
			"to": [19.1, 7, 13.1],
			"rotation": {"angle": 0, "axis": "y", "origin": [18, 0, 11]},
			"faces": {
				"north": {"uv": [4, 5.25, 4.25, 7.25], "texture": "#0"},
				"east": {"uv": [4.25, 5.25, 4.5, 7.25], "texture": "#0"},
				"south": {"uv": [5.25, 4.25, 5.5, 6.25], "texture": "#0"},
				"west": {"uv": [4.5, 5.25, 4.75, 7.25], "texture": "#0"},
				"up": {"uv": [7, 6.25, 6.75, 6], "texture": "#0"},
				"down": {"uv": [7, 6.25, 6.75, 6.5], "texture": "#0"}
			}
		},
		{
			"from": [18.2, 2, 10],
			"to": [19.1, 7, 11.1],
			"rotation": {"angle": 0, "axis": "y", "origin": [18, 0, 9]},
			"faces": {
				"north": {"uv": [4, 5.25, 4.25, 7.25], "texture": "#0"},
				"east": {"uv": [4.25, 5.25, 4.5, 7.25], "texture": "#0"},
				"south": {"uv": [5.25, 4.25, 5.5, 6.25], "texture": "#0"},
				"west": {"uv": [4.5, 5.25, 4.75, 7.25], "texture": "#0"},
				"up": {"uv": [7, 6.25, 6.75, 6], "texture": "#0"},
				"down": {"uv": [7, 6.25, 6.75, 6.5], "texture": "#0"}
			}
		},
		{
			"from": [18.2, 2, 5.9],
			"to": [19.1, 7, 7],
			"rotation": {"angle": 0, "axis": "y", "origin": [18, 0, 8]},
			"faces": {
				"north": {"uv": [5.5, 4.25, 5.25, 6.25], "texture": "#0"},
				"east": {"uv": [4.5, 5.25, 4.25, 7.25], "texture": "#0"},
				"south": {"uv": [4.25, 5.25, 4, 7.25], "texture": "#0"},
				"west": {"uv": [4.75, 5.25, 4.5, 7.25], "texture": "#0"},
				"up": {"uv": [7, 6, 6.75, 6.25], "texture": "#0"},
				"down": {"uv": [7, 6.5, 6.75, 6.25], "texture": "#0"}
			}
		},
		{
			"from": [-3.1, 1, 12],
			"to": [-2.25, 7, 13.1],
			"rotation": {"angle": 0, "axis": "y", "origin": [-2, 0, 11]},
			"faces": {
				"north": {"uv": [4.25, 5.25, 4, 7.25], "texture": "#0"},
				"east": {"uv": [4.75, 5.25, 4.5, 7.25], "texture": "#0"},
				"south": {"uv": [5.5, 4.25, 5.25, 6.25], "texture": "#0"},
				"west": {"uv": [4.5, 5.25, 4.25, 7.25], "texture": "#0"},
				"up": {"uv": [6.75, 6.25, 7, 6], "texture": "#0"},
				"down": {"uv": [6.75, 6.25, 7, 6.5], "texture": "#0"}
			}
		},
		{
			"from": [-3.1, 2, 10],
			"to": [-2.25, 7, 11.1],
			"rotation": {"angle": 0, "axis": "y", "origin": [-2, 0, 9]},
			"faces": {
				"north": {"uv": [4.25, 5.25, 4, 7.25], "texture": "#0"},
				"east": {"uv": [4.75, 5.25, 4.5, 7.25], "texture": "#0"},
				"south": {"uv": [5.5, 4.25, 5.25, 6.25], "texture": "#0"},
				"west": {"uv": [4.5, 5.25, 4.25, 7.25], "texture": "#0"},
				"up": {"uv": [6.75, 6.25, 7, 6], "texture": "#0"},
				"down": {"uv": [6.75, 6.25, 7, 6.5], "texture": "#0"}
			}
		},
		{
			"from": [-3.1, 3, 7.9],
			"to": [-2.25, 7, 9],
			"rotation": {"angle": 0, "axis": "y", "origin": [-2, 0, 10]},
			"faces": {
				"north": {"uv": [5.25, 4.25, 5.5, 6.25], "texture": "#0"},
				"east": {"uv": [4.5, 5.25, 4.75, 7.25], "texture": "#0"},
				"south": {"uv": [4, 5.25, 4.25, 7.25], "texture": "#0"},
				"west": {"uv": [4.25, 5.25, 4.5, 7.25], "texture": "#0"},
				"up": {"uv": [6.75, 6, 7, 6.25], "texture": "#0"},
				"down": {"uv": [6.75, 6.5, 7, 6.25], "texture": "#0"}
			}
		},
		{
			"from": [-3.1, 1, 3.9],
			"to": [-2.25, 7, 5],
			"rotation": {"angle": 0, "axis": "y", "origin": [-2, 0, 6]},
			"faces": {
				"north": {"uv": [5.25, 4.25, 5.5, 6.25], "texture": "#0"},
				"east": {"uv": [4.5, 5.25, 4.75, 7.25], "texture": "#0"},
				"south": {"uv": [4, 5.25, 4.25, 7.25], "texture": "#0"},
				"west": {"uv": [4.25, 5.25, 4.5, 7.25], "texture": "#0"},
				"up": {"uv": [6.75, 6, 7, 6.25], "texture": "#0"},
				"down": {"uv": [6.75, 6.5, 7, 6.25], "texture": "#0"}
			}
		},
		{
			"from": [-3.1, 2, 5.9],
			"to": [-2.25, 7, 7],
			"rotation": {"angle": 0, "axis": "y", "origin": [-2, 0, 8]},
			"faces": {
				"north": {"uv": [5.25, 4.25, 5.5, 6.25], "texture": "#0"},
				"east": {"uv": [4.5, 5.25, 4.75, 7.25], "texture": "#0"},
				"south": {"uv": [4, 5.25, 4.25, 7.25], "texture": "#0"},
				"west": {"uv": [4.25, 5.25, 4.5, 7.25], "texture": "#0"},
				"up": {"uv": [6.75, 6, 7, 6.25], "texture": "#0"},
				"down": {"uv": [6.75, 6.5, 7, 6.25], "texture": "#0"}
			}
		},
		{
			"from": [18.2, 1, 3.9],
			"to": [19.1, 7, 5],
			"rotation": {"angle": 0, "axis": "y", "origin": [18, 0, 6]},
			"faces": {
				"north": {"uv": [5.5, 4.25, 5.25, 6.25], "texture": "#0"},
				"east": {"uv": [4.5, 5.25, 4.25, 7.25], "texture": "#0"},
				"south": {"uv": [4.25, 5.25, 4, 7.25], "texture": "#0"},
				"west": {"uv": [4.75, 5.25, 4.5, 7.25], "texture": "#0"},
				"up": {"uv": [7, 6, 6.75, 6.25], "texture": "#0"},
				"down": {"uv": [7, 6.5, 6.75, 6.25], "texture": "#0"}
			}
		},
		{
			"from": [18.2, 3, 7.9],
			"to": [19.1, 7, 9],
			"rotation": {"angle": 0, "axis": "y", "origin": [18, 0, 10]},
			"faces": {
				"north": {"uv": [5.5, 4.25, 5.25, 6.25], "texture": "#0"},
				"east": {"uv": [4.5, 5.25, 4.25, 7.25], "texture": "#0"},
				"south": {"uv": [4.25, 5.25, 4, 7.25], "texture": "#0"},
				"west": {"uv": [4.75, 5.25, 4.5, 7.25], "texture": "#0"},
				"up": {"uv": [7, 6, 6.75, 6.25], "texture": "#0"},
				"down": {"uv": [7, 6.5, 6.75, 6.25], "texture": "#0"}
			}
		},
		{
			"from": [-2.8, 3, 3],
			"to": [18, 4, 14.75],
			"rotation": {"angle": 0, "axis": "y", "origin": [0, 3, 5]},
			"faces": {
				"north": {"uv": [0, 0, 10.4, 0.5], "texture": "#1"},
				"east": {"uv": [0, 0, 5.875, 0.5], "texture": "#1"},
				"south": {"uv": [0, 0, 10.4, 0.5], "texture": "#1"},
				"west": {"uv": [0, 0, 5.875, 0.5], "texture": "#1"},
				"up": {"uv": [0, 0, 10.4, 5.875], "texture": "#1"},
				"down": {"uv": [0, 0, 10.4, 5.875], "texture": "#1"}
			}
		},
		{
			"from": [0, 4, 5],
			"to": [17, 5, 13],
			"rotation": {"angle": 0, "axis": "y", "origin": [6, 4, 0]},
			"faces": {
				"north": {"uv": [0, 0, 8.5, 0.5], "texture": "#1"},
				"east": {"uv": [0, 0, 4, 0.5], "texture": "#1"},
				"south": {"uv": [0, 0, 8.5, 0.5], "texture": "#1"},
				"west": {"uv": [0, 0, 4, 0.5], "texture": "#1"},
				"up": {"uv": [0, 0, 8.5, 4], "texture": "#1"},
				"down": {"uv": [0, 0, 8.5, 4], "texture": "#1"}
			}
		},
		{
			"from": [4, 5, 7],
			"to": [14, 6, 11],
			"rotation": {"angle": 0, "axis": "y", "origin": [6, 5, 0]},
			"faces": {
				"north": {"uv": [3, 2, 8, 2.5], "texture": "#1"},
				"east": {"uv": [0, 0, 2, 0.5], "texture": "#1"},
				"south": {"uv": [0, 0, 5, 0.5], "texture": "#1"},
				"west": {"uv": [0, 0, 2, 0.5], "texture": "#1"},
				"up": {"uv": [1, 3, 6, 5], "texture": "#1"},
				"down": {"uv": [0, 0, 5, 2], "texture": "#1"}
			}
		},
		{
			"from": [0, 5, 7],
			"to": [1, 6, 8],
			"rotation": {"angle": 0, "axis": "y", "origin": [2, 5.1, 0]},
			"faces": {
				"north": {"uv": [3, 2, 4, 8.5], "texture": "#1"},
				"east": {"uv": [3, 2, 4, 8.5], "texture": "#1"},
				"south": {"uv": [3, 2, 4, 8.5], "texture": "#1"},
				"west": {"uv": [3, 2, 4, 8.5], "texture": "#1"},
				"up": {"uv": [1, 4, 2, 5], "texture": "#1"},
				"down": {"uv": [5, 1, 10, 3], "texture": "#1"}
			}
		},
		{
			"from": [0, 6, 7],
			"to": [1, 7, 8],
			"rotation": {"angle": 0, "axis": "y", "origin": [2, 6.1, 0]},
			"faces": {
				"north": {"uv": [9, 7, 10, 13.5], "texture": "#1"},
				"east": {"uv": [7, 3.5, 8, 10], "texture": "#1"},
				"south": {"uv": [4, 2, 5, 8.5], "texture": "#1"},
				"west": {"uv": [2, 3, 3, 9.5], "texture": "#1"},
				"up": {"uv": [1, 4, 2, 5], "texture": "#1"},
				"down": {"uv": [5, 1, 10, 3], "texture": "#1"}
			}
		},
		{
			"from": [0, 7, 7],
			"to": [1, 8, 8],
			"rotation": {"angle": 0, "axis": "y", "origin": [2, 7.1, 0]},
			"faces": {
				"north": {"uv": [3, 2, 4, 8.5], "texture": "#1"},
				"east": {"uv": [3, 2, 4, 8.5], "texture": "#1"},
				"south": {"uv": [3, 2, 4, 8.5], "texture": "#1"},
				"west": {"uv": [3, 2, 4, 8.5], "texture": "#1"},
				"up": {"uv": [1, 4, 2, 5], "texture": "#1"},
				"down": {"uv": [5, 1, 10, 3], "texture": "#1"}
			}
		},
		{
			"from": [-4, 5, 10],
			"to": [-3, 6, 11],
			"rotation": {"angle": 45, "axis": "y", "origin": [-2, 5.1, 3]},
			"faces": {
				"north": {"uv": [3, 2, 4, 8.5], "texture": "#1"},
				"east": {"uv": [3, 2, 4, 8.5], "texture": "#1"},
				"south": {"uv": [3, 2, 4, 8.5], "texture": "#1"},
				"west": {"uv": [3, 2, 4, 8.5], "texture": "#1"},
				"up": {"uv": [1, 4, 2, 5], "texture": "#1"},
				"down": {"uv": [5, 1, 10, 3], "texture": "#1"}
			}
		},
		{
			"from": [-4, 6, 10],
			"to": [-3, 7, 11],
			"rotation": {"angle": 45, "axis": "y", "origin": [-2, 6.1, 3]},
			"faces": {
				"north": {"uv": [9, 8.5, 10, 15], "texture": "#1"},
				"east": {"uv": [4, 2, 5, 8.5], "texture": "#1"},
				"south": {"uv": [5, 2, 6, 8.5], "texture": "#1"},
				"west": {"uv": [4, 3, 5, 9.5], "texture": "#1"},
				"up": {"uv": [1, 4, 2, 5], "texture": "#1"},
				"down": {"uv": [5, 1, 10, 3], "texture": "#1"}
			}
		},
		{
			"from": [-1, 6, 8.25],
			"to": [0, 7, 9.25],
			"rotation": {"angle": 45, "axis": "y", "origin": [1, 6.1, 1.25]},
			"faces": {
				"north": {"uv": [3, 2, 4, 8.5], "texture": "#1"},
				"east": {"uv": [3, 2, 4, 8.5], "texture": "#1"},
				"south": {"uv": [3, 2, 4, 8.5], "texture": "#1"},
				"west": {"uv": [3, 2, 4, 8.5], "texture": "#1"},
				"up": {"uv": [1, 4, 2, 5], "texture": "#1"},
				"down": {"uv": [5, 1, 10, 3], "texture": "#1"}
			}
		},
		{
			"from": [2, 6, 10.25],
			"to": [3, 7, 11.25],
			"rotation": {"angle": 45, "axis": "y", "origin": [4, 6.1, 3.25]},
			"faces": {
				"north": {"uv": [13, 9.5, 14, 16], "texture": "#1"},
				"east": {"uv": [3, 2, 4, 8.5], "texture": "#1"},
				"south": {"uv": [3, 2, 4, 8.5], "texture": "#1"},
				"west": {"uv": [3, 2, 4, 8.5], "texture": "#1"},
				"up": {"uv": [1, 4, 2, 5], "texture": "#1"},
				"down": {"uv": [5, 1, 10, 3], "texture": "#1"}
			}
		},
		{
			"from": [-4, 0, 0],
			"to": [-3, 1, 1],
			"rotation": {"angle": 45, "axis": "y", "origin": [-2, 0.1, -7]},
			"faces": {
				"north": {"uv": [3, 2, 4, 8.5], "texture": "#1"},
				"east": {"uv": [3, 2, 4, 8.5], "texture": "#1"},
				"south": {"uv": [3, 2, 4, 8.5], "texture": "#1"},
				"west": {"uv": [3, 2, 4, 8.5], "texture": "#1"},
				"up": {"uv": [1, 4, 2, 5], "texture": "#1"},
				"down": {"uv": [5, 1, 10, 3], "texture": "#1"}
			}
		},
		{
			"from": [-4, 1, 0],
			"to": [-3, 2, 1],
			"rotation": {"angle": 45, "axis": "y", "origin": [-2, 1.1, -7]},
			"faces": {
				"north": {"uv": [3, 2, 4, 8.5], "texture": "#1"},
				"east": {"uv": [3, 2, 4, 8.5], "texture": "#1"},
				"south": {"uv": [3, 2, 4, 8.5], "texture": "#1"},
				"west": {"uv": [3, 2, 4, 8.5], "texture": "#1"},
				"up": {"uv": [1, 4, 2, 5], "texture": "#1"},
				"down": {"uv": [5, 1, 10, 3], "texture": "#1"}
			}
		},
		{
			"from": [1.5, 5, 6],
			"to": [2.5, 6, 7],
			"rotation": {"angle": 0, "axis": "y", "origin": [3.5, 5.1, -1]},
			"faces": {
				"north": {"uv": [3, 2, 4, 8.5], "texture": "#1"},
				"east": {"uv": [3, 2, 4, 8.5], "texture": "#1"},
				"south": {"uv": [3, 2, 4, 8.5], "texture": "#1"},
				"west": {"uv": [3, 2, 4, 8.5], "texture": "#1"},
				"up": {"uv": [1, 4, 2, 5], "texture": "#1"},
				"down": {"uv": [5, 1, 10, 3], "texture": "#1"}
			}
		},
		{
			"from": [1.5, 6, 6],
			"to": [2.5, 7, 7],
			"rotation": {"angle": 0, "axis": "y", "origin": [3.5, 6.1, -1]},
			"faces": {
				"north": {"uv": [7, 4, 8, 10.5], "texture": "#1"},
				"east": {"uv": [9, 4.5, 10, 11], "texture": "#1"},
				"south": {"uv": [1, 3, 2, 9.5], "texture": "#1"},
				"west": {"uv": [5, 4, 6, 10.5], "texture": "#1"},
				"up": {"uv": [1, 4, 2, 5], "texture": "#1"},
				"down": {"uv": [5, 1, 10, 3], "texture": "#1"}
			}
		},
		{
			"from": [8.5, 5, 6],
			"to": [9.5, 6, 7],
			"rotation": {"angle": 0, "axis": "y", "origin": [10.5, 5.1, -1]},
			"faces": {
				"north": {"uv": [13, 9.5, 14, 16], "texture": "#1"},
				"east": {"uv": [3, 2, 4, 8.5], "texture": "#1"},
				"south": {"uv": [3, 2, 4, 8.5], "texture": "#1"},
				"west": {"uv": [3, 2, 4, 8.5], "texture": "#1"},
				"up": {"uv": [1, 4, 2, 5], "texture": "#1"},
				"down": {"uv": [5, 1, 10, 3], "texture": "#1"}
			}
		},
		{
			"from": [7, 5, 6],
			"to": [8, 6, 7],
			"rotation": {"angle": 0, "axis": "y", "origin": [9, 5.1, -1]},
			"faces": {
				"north": {"uv": [3, 2, 4, 8.5], "texture": "#1"},
				"east": {"uv": [3, 2, 4, 8.5], "texture": "#1"},
				"south": {"uv": [3, 2, 4, 8.5], "texture": "#1"},
				"west": {"uv": [3, 2, 4, 8.5], "texture": "#1"},
				"up": {"uv": [1, 4, 2, 5], "texture": "#1"},
				"down": {"uv": [5, 1, 10, 3], "texture": "#1"}
			}
		},
		{
			"from": [8.5, 6, 6],
			"to": [9.5, 7, 7],
			"rotation": {"angle": 0, "axis": "y", "origin": [10.5, 6.1, -1]},
			"faces": {
				"north": {"uv": [14, 8.5, 15, 15], "texture": "#1"},
				"east": {"uv": [3, 2, 4, 8.5], "texture": "#1"},
				"south": {"uv": [3, 2, 4, 8.5], "texture": "#1"},
				"west": {"uv": [3, 2, 4, 8.5], "texture": "#1"},
				"up": {"uv": [1, 4, 2, 5], "texture": "#1"},
				"down": {"uv": [5, 1, 10, 3], "texture": "#1"}
			}
		},
		{
			"from": [9.25, 6, 8],
			"to": [10.25, 7, 9],
			"rotation": {"angle": 0, "axis": "y", "origin": [11.25, 6.1, 1]},
			"faces": {
				"north": {"uv": [3, 2, 4, 8.5], "texture": "#1"},
				"east": {"uv": [3, 2, 4, 8.5], "texture": "#1"},
				"south": {"uv": [3, 2, 4, 8.5], "texture": "#1"},
				"west": {"uv": [3, 2, 4, 8.5], "texture": "#1"},
				"up": {"uv": [1, 4, 2, 5], "texture": "#1"},
				"down": {"uv": [5, 1, 10, 3], "texture": "#1"}
			}
		},
		{
			"from": [9.25, 7, 8],
			"to": [10.25, 8, 9],
			"rotation": {"angle": 0, "axis": "y", "origin": [11.25, 7.1, 1]},
			"faces": {
				"north": {"uv": [3, 2, 4, 8.5], "texture": "#1"},
				"east": {"uv": [3, 2, 4, 8.5], "texture": "#1"},
				"south": {"uv": [3, 2, 4, 8.5], "texture": "#1"},
				"west": {"uv": [3, 2, 4, 8.5], "texture": "#1"},
				"up": {"uv": [1, 4, 2, 5], "texture": "#1"},
				"down": {"uv": [5, 1, 10, 3], "texture": "#1"}
			}
		},
		{
			"from": [13.5, 5, 11],
			"to": [14.5, 6, 12],
			"rotation": {"angle": 0, "axis": "y", "origin": [12.5, 5.1, 4]},
			"faces": {
				"north": {"uv": [14, 9.5, 13, 16], "texture": "#1"},
				"east": {"uv": [4, 2, 3, 8.5], "texture": "#1"},
				"south": {"uv": [4, 2, 3, 8.5], "texture": "#1"},
				"west": {"uv": [4, 2, 3, 8.5], "texture": "#1"},
				"up": {"uv": [2, 4, 1, 5], "texture": "#1"},
				"down": {"uv": [10, 1, 5, 3], "texture": "#1"}
			}
		},
		{
			"from": [15, 5, 11],
			"to": [16, 6, 12],
			"rotation": {"angle": 0, "axis": "y", "origin": [14, 5.1, 4]},
			"faces": {
				"north": {"uv": [14, 9.5, 13, 16], "texture": "#1"},
				"east": {"uv": [4, 2, 3, 8.5], "texture": "#1"},
				"south": {"uv": [4, 2, 3, 8.5], "texture": "#1"},
				"west": {"uv": [4, 2, 3, 8.5], "texture": "#1"},
				"up": {"uv": [2, 4, 1, 5], "texture": "#1"},
				"down": {"uv": [10, 1, 5, 3], "texture": "#1"}
			}
		},
		{
			"from": [13.5, 6, 11],
			"to": [14.5, 7, 12],
			"rotation": {"angle": 0, "axis": "y", "origin": [12.5, 6.1, 4]},
			"faces": {
				"north": {"uv": [14, 9.5, 13, 16], "texture": "#1"},
				"east": {"uv": [4, 2, 3, 8.5], "texture": "#1"},
				"south": {"uv": [4, 2, 3, 8.5], "texture": "#1"},
				"west": {"uv": [4, 2, 3, 8.5], "texture": "#1"},
				"up": {"uv": [2, 4, 1, 5], "texture": "#1"},
				"down": {"uv": [10, 1, 5, 3], "texture": "#1"}
			}
		},
		{
			"from": [6, 6, 9],
			"to": [7, 7, 10],
			"rotation": {"angle": 45, "axis": "y", "origin": [8, 6.1, 2]},
			"faces": {
				"north": {"uv": [3, 2, 4, 8.5], "texture": "#1"},
				"east": {"uv": [3, 2, 4, 8.5], "texture": "#1"},
				"south": {"uv": [3, 2, 4, 8.5], "texture": "#1"},
				"west": {"uv": [3, 2, 4, 8.5], "texture": "#1"},
				"up": {"uv": [1, 4, 2, 5], "texture": "#1"},
				"down": {"uv": [5, 1, 10, 3], "texture": "#1"}
			}
		},
		{
			"from": [11.5, 6, 5],
			"to": [12.5, 7, 6],
			"rotation": {"angle": 0, "axis": "y", "origin": [13.5, 6.1, -2]},
			"faces": {
				"north": {"uv": [3, 2, 4, 8.5], "texture": "#1"},
				"east": {"uv": [4, 2, 5, 8.5], "texture": "#1"},
				"south": {"uv": [6, 2, 7, 8.5], "texture": "#1"},
				"west": {"uv": [2, 2, 3, 8.5], "texture": "#1"},
				"up": {"uv": [8, 11.5, 9, 12.5], "texture": "#1"},
				"down": {"uv": [5, 1, 10, 3], "texture": "#1"}
			}
		},
		{
			"from": [11.5, 5, 5],
			"to": [12.5, 6, 6],
			"rotation": {"angle": 0, "axis": "y", "origin": [13.5, 5.1, -2]},
			"faces": {
				"north": {"uv": [3, 2, 4, 8.5], "texture": "#1"},
				"east": {"uv": [3, 2, 4, 8.5], "texture": "#1"},
				"south": {"uv": [3, 2, 4, 8.5], "texture": "#1"},
				"west": {"uv": [3, 2, 4, 8.5], "texture": "#1"},
				"up": {"uv": [1, 4, 2, 5], "texture": "#1"},
				"down": {"uv": [5, 1, 10, 3], "texture": "#1"}
			}
		},
		{
			"from": [-1, 4, 7],
			"to": [0, 5, 8],
			"rotation": {"angle": 0, "axis": "y", "origin": [1, 4.1, 0]},
			"faces": {
				"north": {"uv": [3, 2, 4, 8.5], "texture": "#1"},
				"east": {"uv": [3, 2, 4, 8.5], "texture": "#1"},
				"south": {"uv": [3, 2, 4, 8.5], "texture": "#1"},
				"west": {"uv": [3, 2, 4, 8.5], "texture": "#1"},
				"up": {"uv": [1, 4, 2, 5], "texture": "#1"},
				"down": {"uv": [5, 1, 10, 3], "texture": "#1"}
			}
		},
		{
			"from": [-1, 4, 6],
			"to": [0, 5, 7],
			"rotation": {"angle": 0, "axis": "y", "origin": [1, 4.1, -1]},
			"faces": {
				"north": {"uv": [3, 2, 4, 8.5], "texture": "#1"},
				"east": {"uv": [3, 2, 4, 8.5], "texture": "#1"},
				"south": {"uv": [3, 2, 4, 8.5], "texture": "#1"},
				"west": {"uv": [3, 2, 4, 8.5], "texture": "#1"},
				"up": {"uv": [1, 4, 2, 5], "texture": "#1"},
				"down": {"uv": [5, 1, 10, 3], "texture": "#1"}
			}
		},
		{
			"from": [0, 5, 6],
			"to": [1, 6, 7],
			"rotation": {"angle": 0, "axis": "y", "origin": [2, 5.1, -1]},
			"faces": {
				"north": {"uv": [8, 7, 9, 13.5], "texture": "#1"},
				"east": {"uv": [6, 4.5, 7, 11], "texture": "#1"},
				"south": {"uv": [4, 3, 5, 9.5], "texture": "#1"},
				"west": {"uv": [4, 1, 5, 7.5], "texture": "#1"},
				"up": {"uv": [1, 4, 2, 5], "texture": "#1"},
				"down": {"uv": [5, 1, 10, 3], "texture": "#1"}
			}
		},
		{
			"from": [0, 0, 0],
			"to": [1, 1, 1],
			"rotation": {"angle": 0, "axis": "y", "origin": [2, 0.1, -7]},
			"faces": {
				"north": {"uv": [3, 2, 4, 8.5], "texture": "#1"},
				"east": {"uv": [3, 2, 4, 8.5], "texture": "#1"},
				"south": {"uv": [3, 2, 4, 8.5], "texture": "#1"},
				"west": {"uv": [3, 2, 4, 8.5], "texture": "#1"},
				"up": {"uv": [1, 4, 2, 5], "texture": "#1"},
				"down": {"uv": [5, 1, 10, 3], "texture": "#1"}
			}
		},
		{
			"from": [19.25, 0, 0.75],
			"to": [20.25, 1, 1.75],
			"rotation": {"angle": 0, "axis": "y", "origin": [21.25, 0.1, -6.25]},
			"faces": {
				"north": {"uv": [3, 2, 4, 8.5], "texture": "#1"},
				"east": {"uv": [3, 2, 4, 8.5], "texture": "#1"},
				"south": {"uv": [3, 2, 4, 8.5], "texture": "#1"},
				"west": {"uv": [3, 2, 4, 8.5], "texture": "#1"},
				"up": {"uv": [1, 4, 2, 5], "texture": "#1"},
				"down": {"uv": [5, 1, 10, 3], "texture": "#1"}
			}
		},
		{
			"from": [14, 0, 0],
			"to": [15, 0.1, 1],
			"rotation": {"angle": 0, "axis": "y", "origin": [16, 0.1, -7]},
			"faces": {
				"north": {"uv": [3, 2, 4, 8.5], "texture": "#1"},
				"east": {"uv": [3, 2, 4, 8.5], "texture": "#1"},
				"south": {"uv": [3, 2, 4, 8.5], "texture": "#1"},
				"west": {"uv": [3, 2, 4, 8.5], "texture": "#1"},
				"up": {"uv": [1, 4, 2, 5], "texture": "#1"},
				"down": {"uv": [5, 1, 10, 3], "texture": "#1"}
			}
		},
		{
			"from": [11, 0, -2],
			"to": [12, 0.1, -1],
			"rotation": {"angle": 0, "axis": "y", "origin": [13, 0.1, -9]},
			"faces": {
				"north": {"uv": [3, 2, 4, 8.5], "texture": "#1"},
				"east": {"uv": [3, 2, 4, 8.5], "texture": "#1"},
				"south": {"uv": [3, 2, 4, 8.5], "texture": "#1"},
				"west": {"uv": [3, 2, 4, 8.5], "texture": "#1"},
				"up": {"uv": [1, 4, 2, 5], "texture": "#1"},
				"down": {"uv": [5, 1, 10, 3], "texture": "#1"}
			}
		},
		{
			"from": [-9, 0, -6],
			"to": [-8, 0.1, -5],
			"rotation": {"angle": -22.5, "axis": "y", "origin": [-10, 0.1, 2]},
			"faces": {
				"north": {"uv": [3, 2, 4, 8.5], "texture": "#1"},
				"east": {"uv": [3, 2, 4, 8.5], "texture": "#1"},
				"south": {"uv": [3, 2, 4, 8.5], "texture": "#1"},
				"west": {"uv": [3, 2, 4, 8.5], "texture": "#1"},
				"up": {"uv": [1, 4, 2, 5], "rotation": 180, "texture": "#1"},
				"down": {"uv": [5, 1, 10, 3], "rotation": 180, "texture": "#1"}
			}
		},
		{
			"from": [4, 0, 1],
			"to": [5, 0.1, 2],
			"rotation": {"angle": 22.5, "axis": "y", "origin": [-3, 0.1, 0]},
			"faces": {
				"north": {"uv": [3, 2, 4, 8.5], "texture": "#1"},
				"east": {"uv": [3, 2, 4, 8.5], "texture": "#1"},
				"south": {"uv": [3, 2, 4, 8.5], "texture": "#1"},
				"west": {"uv": [3, 2, 4, 8.5], "texture": "#1"},
				"up": {"uv": [1, 4, 2, 5], "rotation": 270, "texture": "#1"},
				"down": {"uv": [5, 1, 10, 3], "rotation": 90, "texture": "#1"}
			}
		},
		{
			"from": [1, 0, -1],
			"to": [2, 0.1, 0],
			"rotation": {"angle": 22.5, "axis": "y", "origin": [-6, 0.1, -2]},
			"faces": {
				"north": {"uv": [3, 2, 4, 8.5], "texture": "#1"},
				"east": {"uv": [3, 2, 4, 8.5], "texture": "#1"},
				"south": {"uv": [3, 2, 4, 8.5], "texture": "#1"},
				"west": {"uv": [3, 2, 4, 8.5], "texture": "#1"},
				"up": {"uv": [1, 4, 2, 5], "rotation": 270, "texture": "#1"},
				"down": {"uv": [5, 1, 10, 3], "rotation": 90, "texture": "#1"}
			}
		},
		{
			"from": [-1, 0, -2],
			"to": [0, 0.1, -1],
			"rotation": {"angle": 0, "axis": "y", "origin": [1, 0.1, -9]},
			"faces": {
				"north": {"uv": [3, 2, 4, 8.5], "texture": "#1"},
				"east": {"uv": [3, 2, 4, 8.5], "texture": "#1"},
				"south": {"uv": [3, 2, 4, 8.5], "texture": "#1"},
				"west": {"uv": [3, 2, 4, 8.5], "texture": "#1"},
				"up": {"uv": [1, 4, 2, 5], "texture": "#1"},
				"down": {"uv": [5, 1, 10, 3], "texture": "#1"}
			}
		},
		{
			"from": [10, 0, 0],
			"to": [11, 0.1, 1],
			"rotation": {"angle": 45, "axis": "y", "origin": [12, 0.1, -7]},
			"faces": {
				"north": {"uv": [3, 2, 4, 8.5], "texture": "#1"},
				"east": {"uv": [3, 2, 4, 8.5], "texture": "#1"},
				"south": {"uv": [3, 2, 4, 8.5], "texture": "#1"},
				"west": {"uv": [3, 2, 4, 8.5], "texture": "#1"},
				"up": {"uv": [1, 4, 2, 5], "texture": "#1"},
				"down": {"uv": [5, 1, 10, 3], "texture": "#1"}
			}
		},
		{
			"from": [7, 0, 2],
			"to": [8, 0.1, 3],
			"rotation": {"angle": 45, "axis": "y", "origin": [9, 0.1, -5]},
			"faces": {
				"north": {"uv": [3, 2, 4, 8.5], "texture": "#1"},
				"east": {"uv": [3, 2, 4, 8.5], "texture": "#1"},
				"south": {"uv": [3, 2, 4, 8.5], "texture": "#1"},
				"west": {"uv": [3, 2, 4, 8.5], "texture": "#1"},
				"up": {"uv": [1, 4, 2, 5], "texture": "#1"},
				"down": {"uv": [5, 1, 10, 3], "texture": "#1"}
			}
		},
		{
			"from": [5.5, 0, 1.25],
			"to": [6.5, 0.1, 2.25],
			"rotation": {"angle": 45, "axis": "y", "origin": [7.5, 0.1, -5.75]},
			"faces": {
				"north": {"uv": [3, 2, 4, 8.5], "texture": "#1"},
				"east": {"uv": [3, 2, 4, 8.5], "texture": "#1"},
				"south": {"uv": [3, 2, 4, 8.5], "texture": "#1"},
				"west": {"uv": [3, 2, 4, 8.5], "texture": "#1"},
				"up": {"uv": [1, 4, 2, 5], "texture": "#1"},
				"down": {"uv": [5, 1, 10, 3], "texture": "#1"}
			}
		},
		{
			"from": [20, 0, 3],
			"to": [21, 0.1, 4],
			"rotation": {"angle": 0, "axis": "y", "origin": [22, 0.1, -4]},
			"faces": {
				"north": {"uv": [3, 2, 4, 8.5], "texture": "#1"},
				"east": {"uv": [3, 2, 4, 8.5], "texture": "#1"},
				"south": {"uv": [3, 2, 4, 8.5], "texture": "#1"},
				"west": {"uv": [3, 2, 4, 8.5], "texture": "#1"},
				"up": {"uv": [1, 4, 2, 5], "texture": "#1"},
				"down": {"uv": [5, 1, 10, 3], "texture": "#1"}
			}
		},
		{
			"from": [22, 0, 8],
			"to": [23, 0.1, 9],
			"rotation": {"angle": 0, "axis": "y", "origin": [24, 0.1, 1]},
			"faces": {
				"north": {"uv": [3, 2, 4, 8.5], "texture": "#1"},
				"east": {"uv": [3, 2, 4, 8.5], "texture": "#1"},
				"south": {"uv": [3, 2, 4, 8.5], "texture": "#1"},
				"west": {"uv": [3, 2, 4, 8.5], "texture": "#1"},
				"up": {"uv": [1, 4, 2, 5], "texture": "#1"},
				"down": {"uv": [5, 1, 10, 3], "texture": "#1"}
			}
		},
		{
			"from": [-8, 0, 5],
			"to": [-7, 0.1, 6],
			"rotation": {"angle": 0, "axis": "y", "origin": [-6, 0.1, -2]},
			"faces": {
				"north": {"uv": [3, 2, 4, 8.5], "texture": "#1"},
				"east": {"uv": [3, 2, 4, 8.5], "texture": "#1"},
				"south": {"uv": [3, 2, 4, 8.5], "texture": "#1"},
				"west": {"uv": [3, 2, 4, 8.5], "texture": "#1"},
				"up": {"uv": [1, 4, 2, 5], "texture": "#1"},
				"down": {"uv": [5, 1, 10, 3], "texture": "#1"}
			}
		},
		{
			"from": [14, 0, 10],
			"to": [15, 0.1, 11],
			"rotation": {"angle": 45, "axis": "y", "origin": [16, 0.1, 3]},
			"faces": {
				"north": {"uv": [3, 2, 4, 8.5], "texture": "#1"},
				"east": {"uv": [3, 2, 4, 8.5], "texture": "#1"},
				"south": {"uv": [3, 2, 4, 8.5], "texture": "#1"},
				"west": {"uv": [3, 2, 4, 8.5], "texture": "#1"},
				"up": {"uv": [1, 4, 2, 5], "texture": "#1"},
				"down": {"uv": [5, 1, 10, 3], "texture": "#1"}
			}
		},
		{
			"from": [-11, 0, 10],
			"to": [-10, 0.1, 11],
			"rotation": {"angle": 45, "axis": "y", "origin": [-9, 0.1, 3]},
			"faces": {
				"north": {"uv": [3, 2, 4, 8.5], "texture": "#1"},
				"east": {"uv": [3, 2, 4, 8.5], "texture": "#1"},
				"south": {"uv": [3, 2, 4, 8.5], "texture": "#1"},
				"west": {"uv": [3, 2, 4, 8.5], "texture": "#1"},
				"up": {"uv": [1, 4, 2, 5], "texture": "#1"},
				"down": {"uv": [5, 1, 10, 3], "texture": "#1"}
			}
		},
		{
			"from": [15.5, 0, 6.25],
			"to": [16.5, 0.1, 7.25],
			"rotation": {"angle": 45, "axis": "y", "origin": [17.5, 0.1, -0.75]},
			"faces": {
				"north": {"uv": [3, 2, 4, 8.5], "texture": "#1"},
				"east": {"uv": [3, 2, 4, 8.5], "texture": "#1"},
				"south": {"uv": [3, 2, 4, 8.5], "texture": "#1"},
				"west": {"uv": [3, 2, 4, 8.5], "texture": "#1"},
				"up": {"uv": [1, 4, 2, 5], "texture": "#1"},
				"down": {"uv": [5, 1, 10, 3], "texture": "#1"}
			}
		},
		{
			"from": [-2.5, 0, 1.25],
			"to": [-1.5, 0.1, 2.25],
			"rotation": {"angle": 45, "axis": "y", "origin": [-0.5, 0.1, -5.75]},
			"faces": {
				"north": {"uv": [3, 2, 4, 8.5], "texture": "#1"},
				"east": {"uv": [3, 2, 4, 8.5], "texture": "#1"},
				"south": {"uv": [3, 2, 4, 8.5], "texture": "#1"},
				"west": {"uv": [3, 2, 4, 8.5], "texture": "#1"},
				"up": {"uv": [1, 4, 2, 5], "texture": "#1"},
				"down": {"uv": [5, 1, 10, 3], "texture": "#1"}
			}
		},
		{
			"from": [1, 5, 8],
			"to": [2, 6, 9],
			"rotation": {"angle": 0, "axis": "y", "origin": [3, 5.1, 1]},
			"faces": {
				"north": {"uv": [8, 9, 9, 15.5], "texture": "#1"},
				"east": {"uv": [8, 2, 9, 8.5], "texture": "#1"},
				"south": {"uv": [5, 3.5, 6, 10], "texture": "#1"},
				"west": {"uv": [1, 1, 2, 7.5], "texture": "#1"},
				"up": {"uv": [1, 4, 2, 5], "texture": "#1"},
				"down": {"uv": [5, 1, 10, 3], "texture": "#1"}
			}
		},
		{
			"from": [3.5, 5, 11],
			"to": [4.5, 6, 12],
			"rotation": {"angle": 0, "axis": "y", "origin": [5.5, 5.1, 4]},
			"faces": {
				"north": {"uv": [3, 2, 4, 8.5], "texture": "#1"},
				"east": {"uv": [3, 2, 4, 8.5], "texture": "#1"},
				"south": {"uv": [3, 2, 4, 8.5], "texture": "#1"},
				"west": {"uv": [3, 2, 4, 8.5], "texture": "#1"},
				"up": {"uv": [1, 4, 2, 5], "texture": "#1"},
				"down": {"uv": [5, 1, 10, 3], "texture": "#1"}
			}
		},
		{
			"from": [10.5, 5, 11],
			"to": [11.5, 6, 12],
			"rotation": {"angle": 0, "axis": "y", "origin": [12.5, 5.1, 4]},
			"faces": {
				"north": {"uv": [3, 2, 4, 8.5], "texture": "#1"},
				"east": {"uv": [3, 2, 4, 8.5], "texture": "#1"},
				"south": {"uv": [3, 2, 4, 8.5], "texture": "#1"},
				"west": {"uv": [3, 2, 4, 8.5], "texture": "#1"},
				"up": {"uv": [1, 4, 2, 5], "texture": "#1"},
				"down": {"uv": [5, 1, 10, 3], "texture": "#1"}
			}
		},
		{
			"from": [14.5, 5, 8],
			"to": [15.5, 6, 9],
			"rotation": {"angle": 0, "axis": "y", "origin": [16.5, 5.1, 1]},
			"faces": {
				"north": {"uv": [3, 2, 4, 8.5], "texture": "#1"},
				"east": {"uv": [3, 2, 4, 8.5], "texture": "#1"},
				"south": {"uv": [3, 2, 4, 8.5], "texture": "#1"},
				"west": {"uv": [3, 2, 4, 8.5], "texture": "#1"},
				"up": {"uv": [11, 11.5, 12, 12.5], "texture": "#1"},
				"down": {"uv": [5, 1, 10, 3], "texture": "#1"}
			}
		},
		{
			"from": [4.6, 3, 5.5],
			"to": [6.6, 5, 7.5],
			"rotation": {"angle": -22.5, "axis": "x", "origin": [4.6, 5, 5.5]},
			"faces": {
				"north": {"uv": [0, 0, 4, 4], "texture": "#4"},
				"east": {"uv": [0, 0, 4, 4], "texture": "#4"},
				"south": {"uv": [0, 0, 4, 4], "texture": "#4"},
				"west": {"uv": [0, 0, 4, 4], "texture": "#4"},
				"up": {"uv": [4, 4, 0, 0], "texture": "#4"},
				"down": {"uv": [4, 0, 0, 4], "texture": "#4"}
			}
		},
		{
			"from": [8.6, 3, 9.5],
			"to": [10.6, 5, 11.5],
			"rotation": {"angle": -22.5, "axis": "x", "origin": [8.6, 5, 9.5]},
			"faces": {
				"north": {"uv": [0, 0, 4, 4], "texture": "#4"},
				"east": {"uv": [0, 0, 4, 4], "texture": "#4"},
				"south": {"uv": [0, 0, 4, 4], "texture": "#4"},
				"west": {"uv": [0, 0, 4, 4], "texture": "#4"},
				"up": {"uv": [4, 4, 0, 0], "texture": "#4"},
				"down": {"uv": [4, 0, 0, 4], "texture": "#4"}
			}
		},
		{
			"from": [13.6, 3.25, 9],
			"to": [15.6, 5.25, 11],
			"rotation": {"angle": 0, "axis": "z", "origin": [13.6, 3.25, 9]},
			"faces": {
				"north": {"uv": [0, 0, 2, 2], "texture": "#5"},
				"east": {"uv": [0, 2, 2, 4], "texture": "#5"},
				"south": {"uv": [2, 0, 4, 2], "texture": "#5"},
				"west": {"uv": [0, 2, 2, 4], "texture": "#5"},
				"up": {"uv": [2, 4, 0, 2], "texture": "#5"},
				"down": {"uv": [2, 2, 0, 4], "texture": "#5"}
			}
		},
		{
			"from": [-0.4, 2.5, 10],
			"to": [1.6, 4.5, 11],
			"rotation": {"angle": 0, "axis": "y", "origin": [-0.4, 2.5, 9]},
			"faces": {
				"north": {"uv": [0, 0, 2, 2], "texture": "#5"},
				"east": {"uv": [0, 2, 2, 4], "texture": "#5"},
				"south": {"uv": [2, 0, 4, 2], "texture": "#5"},
				"west": {"uv": [0, 2, 2, 4], "texture": "#5"},
				"up": {"uv": [2, 4, 0, 2], "texture": "#5"},
				"down": {"uv": [2, 2, 0, 4], "texture": "#5"}
			}
		}
	],
	"display": {
		"thirdperson_righthand": {
			"scale": [0.24, 0.24, 0.22]
		},
		"thirdperson_lefthand": {
			"scale": [0.23, 0.24, 0.24]
		},
		"firstperson_righthand": {
			"scale": [0.38, 0.38, 0.38]
		},
		"firstperson_lefthand": {
			"scale": [0.38, 0.38, 0.38]
		},
		"ground": {
			"translation": [0, 5.25, 0],
			"scale": [0.5, 0.48, 0.48]
		},
		"gui": {
			"translation": [0, -0.25, 0],
			"scale": [0.67, 0.65, 0.65]
		},
		"head": {
			"translation": [0, 14.5, 0]
		},
		"fixed": {
			"rotation": [90, 0, 0],
			"translation": [-0.75, 1.75, 22.25],
			"scale": [2.61, 2.61, 2.61]
		}
	},
	"groups": [
		{
			"name": "group",
			"origin": [18, 0, 13],
			"color": 0,
			"children": [
				0,
				1,
				2,
				3,
				4,
				5,
				6,
				7,
				8,
				9,
				10,
				11,
				12,
				13,
				14,
				15,
				16,
				17,
				18,
				19,
				20,
				21,
				22,
				23,
				24,
				25,
				26,
				27,
				28,
				29,
				30,
				31,
				32,
				33,
				34,
				35,
				36,
				37,
				38,
				39,
				40,
				41,
				42,
				43,
				44,
				45,
				46,
				47,
				48,
				49,
				50,
				51,
				52,
				53,
				54,
				55,
				56,
				57,
				58,
				59,
				60,
				61,
				62,
				63,
				64,
				65,
				66,
				67,
				68,
				69,
				70,
				71,
				72,
				73,
				74,
				75,
				76,
				77,
				78,
				79,
				80,
				81,
				82,
				83,
				84,
				85,
				86,
				87,
				88,
				89,
				90,
				91,
				92,
				93,
				94,
				95,
				96
			]
		},
		97,
		98,
		99,
		100,
		101,
		102,
		103,
		104,
		105,
		106,
		107,
		108,
		109,
		110,
		111,
		112,
		113,
		114,
		115,
		116,
		117,
		118,
		119,
		120,
		121,
		122,
		123,
		124,
		125,
		126,
		127,
		128,
		129,
		130,
		131,
		132,
		133,
		134,
		135,
		136,
		137,
		138,
		139,
		140,
		141,
		142,
		143,
		144,
		145,
		146,
		147,
		148,
		149,
		150
	]
}