{
	"credit": "Made with Blockbench",
	"texture_size": [8, 8],
	"textures": {
		"0": "kolonie:block/b",
		"particle": "kolonie:block/b"
	},
	"elements": [
		{
			"from": [12, 9.25, 6.5],
			"to": [13, 10.25, 7],
			"rotation": {"angle": 0, "axis": "y", "origin": [11, 9.75, 5]},
			"faces": {
				"north": {"uv": [6.75, 6.75, 7.25, 7.25], "texture": "#0"},
				"east": {"uv": [7, 7.25, 7.25, 7.75], "texture": "#0"},
				"south": {"uv": [6.75, 6.75, 7.25, 7.25], "texture": "#0"},
				"west": {"uv": [7, 7.25, 7.25, 7.75], "texture": "#0"},
				"up": {"uv": [6.75, 7, 7.25, 7.25], "texture": "#0"},
				"down": {"uv": [6.75, 7, 7.25, 7.25], "texture": "#0"}
			}
		},
		{
			"from": [5, 2.25, 6.5],
			"to": [6, 2.75, 7],
			"rotation": {"angle": 0, "axis": "y", "origin": [4, 2.75, 5]},
			"faces": {
				"north": {"uv": [10.25, 10.5, 10.75, 10.75], "texture": "#0"},
				"east": {"uv": [10.25, 10.5, 10.5, 10.75], "texture": "#0"},
				"south": {"uv": [10.25, 10.5, 10.75, 10.75], "texture": "#0"},
				"west": {"uv": [10.25, 10.5, 10.5, 10.75], "texture": "#0"},
				"up": {"uv": [10.25, 10.5, 10.75, 10.75], "texture": "#0"},
				"down": {"uv": [10.25, 10.5, 10.75, 10.75], "texture": "#0"}
			}
		},
		{
			"from": [12, 8.25, 6.5],
			"to": [12.5, 9.25, 7],
			"rotation": {"angle": 0, "axis": "y", "origin": [11, 8.75, 5]},
			"faces": {
				"north": {"uv": [7, 7.25, 7.25, 7.75], "texture": "#0"},
				"east": {"uv": [7, 7.25, 7.25, 7.75], "texture": "#0"},
				"south": {"uv": [7, 7.25, 7.25, 7.75], "texture": "#0"},
				"west": {"uv": [7, 7.25, 7.25, 7.75], "texture": "#0"},
				"up": {"uv": [7, 7.5, 7.25, 7.75], "texture": "#0"},
				"down": {"uv": [7, 7.25, 7.25, 7.5], "texture": "#0"}
			}
		},
		{
			"from": [11, 6.75, 6.5],
			"to": [11.5, 7.75, 7],
			"rotation": {"angle": 0, "axis": "y", "origin": [10, 7.25, 5]},
			"faces": {
				"north": {"uv": [7.5, 8, 7.75, 8.5], "texture": "#0"},
				"east": {"uv": [7.5, 8, 7.75, 8.5], "texture": "#0"},
				"south": {"uv": [7.5, 8, 7.75, 8.5], "texture": "#0"},
				"west": {"uv": [7.5, 8, 7.75, 8.5], "texture": "#0"},
				"up": {"uv": [7.5, 8.25, 7.75, 8.5], "texture": "#0"},
				"down": {"uv": [7.5, 8.25, 7.75, 8.5], "texture": "#0"}
			}
		},
		{
			"from": [9.5, 7.75, 6.5],
			"to": [10, 8.75, 7],
			"rotation": {"angle": 0, "axis": "y", "origin": [8.5, 8.25, 5]},
			"faces": {
				"north": {"uv": [8.25, 7.5, 8.5, 8], "texture": "#0"},
				"east": {"uv": [8.25, 7.5, 8.5, 8], "texture": "#0"},
				"south": {"uv": [8.25, 7.5, 8.5, 8], "texture": "#0"},
				"west": {"uv": [8.25, 7.5, 8.5, 8], "texture": "#0"},
				"up": {"uv": [8.25, 7.5, 8.5, 7.75], "texture": "#0"},
				"down": {"uv": [8.25, 7.5, 8.5, 7.75], "texture": "#0"}
			}
		},
		{
			"from": [10, 8.25, 6.5],
			"to": [10.5, 9.25, 7],
			"rotation": {"angle": 0, "axis": "y", "origin": [9, 8.75, 5]},
			"faces": {
				"north": {"uv": [8, 7.25, 8.25, 7.75], "texture": "#0"},
				"east": {"uv": [8, 7.25, 8.25, 7.75], "texture": "#0"},
				"south": {"uv": [8, 7.25, 8.25, 7.75], "texture": "#0"},
				"west": {"uv": [8, 7.25, 8.25, 7.75], "texture": "#0"},
				"up": {"uv": [8, 7.25, 8.25, 7.5], "texture": "#0"},
				"down": {"uv": [8, 7.25, 8.25, 7.5], "texture": "#0"}
			}
		},
		{
			"from": [10.5, 8.75, 6.5],
			"to": [11, 9.25, 7],
			"rotation": {"angle": 0, "axis": "y", "origin": [9.5, 9.25, 5]},
			"faces": {
				"north": {"uv": [7.5, 7.25, 7.75, 7.5], "texture": "#0"},
				"east": {"uv": [7.5, 7.25, 7.75, 7.5], "texture": "#0"},
				"south": {"uv": [7.5, 7.25, 7.75, 7.5], "texture": "#0"},
				"west": {"uv": [7.5, 7.25, 7.75, 7.5], "texture": "#0"},
				"up": {"uv": [7.5, 7.25, 7.75, 7.25], "texture": "#0"},
				"down": {"uv": [7.5, 7.25, 7.75, 7.5], "texture": "#0"}
			}
		},
		{
			"from": [9, 6.75, 6.5],
			"to": [11, 7.25, 7],
			"rotation": {"angle": 0, "axis": "y", "origin": [9.5, 7.25, 5]},
			"faces": {
				"north": {"uv": [7.75, 8.25, 8.75, 8.5], "texture": "#0"},
				"east": {"uv": [8.5, 8.25, 8.75, 8.5], "texture": "#0"},
				"south": {"uv": [7.75, 8.25, 8.75, 8.5], "texture": "#0"},
				"west": {"uv": [8.5, 8.25, 8.75, 8.5], "texture": "#0"},
				"up": {"uv": [7.75, 8.25, 8.75, 8.5], "texture": "#0"},
				"down": {"uv": [7.75, 8.25, 8.75, 8.5], "texture": "#0"}
			}
		},
		{
			"from": [8, 5.75, 6.5],
			"to": [9.5, 6.25, 7],
			"rotation": {"angle": 0, "axis": "y", "origin": [8, 6.25, 5]},
			"faces": {
				"north": {"uv": [8.5, 8.75, 9.25, 9], "texture": "#0"},
				"east": {"uv": [8.75, 8.75, 9, 9], "texture": "#0"},
				"south": {"uv": [8.5, 8.75, 9.25, 9], "texture": "#0"},
				"west": {"uv": [8.75, 8.75, 9, 9], "texture": "#0"},
				"up": {"uv": [8.5, 8.75, 9.25, 9], "texture": "#0"},
				"down": {"uv": [8.5, 8.75, 9.25, 9], "texture": "#0"}
			}
		},
		{
			"from": [7.5, 5.25, 6.5],
			"to": [9, 5.75, 7],
			"rotation": {"angle": 0, "axis": "y", "origin": [7.5, 5.75, 5]},
			"faces": {
				"north": {"uv": [8.75, 9, 9.5, 9.25], "texture": "#0"},
				"east": {"uv": [9, 9, 9.25, 9.25], "texture": "#0"},
				"south": {"uv": [8.75, 9, 9.5, 9.25], "texture": "#0"},
				"west": {"uv": [9, 9, 9.25, 9.25], "texture": "#0"},
				"up": {"uv": [8.75, 9, 9.5, 9.25], "texture": "#0"},
				"down": {"uv": [8.75, 9, 9.25, 9.25], "texture": "#0"}
			}
		},
		{
			"from": [7, 4.75, 6.5],
			"to": [8.5, 5.25, 7],
			"rotation": {"angle": 0, "axis": "y", "origin": [7, 5.25, 5]},
			"faces": {
				"north": {"uv": [9, 9.25, 9.75, 9.5], "texture": "#0"},
				"east": {"uv": [9.25, 9.25, 9.5, 9.5], "texture": "#0"},
				"south": {"uv": [9, 9.25, 9.75, 9.5], "texture": "#0"},
				"west": {"uv": [9.25, 9.25, 9.5, 9.5], "texture": "#0"},
				"up": {"uv": [9, 9.25, 9.75, 9.5], "texture": "#0"},
				"down": {"uv": [9, 9.25, 9.75, 9.5], "texture": "#0"}
			}
		},
		{
			"from": [5.5, 3.25, 6.5],
			"to": [7, 3.75, 7],
			"rotation": {"angle": 0, "axis": "y", "origin": [5.5, 3.75, 5]},
			"faces": {
				"north": {"uv": [9.75, 10, 10.5, 10.25], "texture": "#0"},
				"east": {"uv": [10.25, 10, 10.5, 10.25], "texture": "#0"},
				"south": {"uv": [9.75, 10, 10.5, 10.25], "texture": "#0"},
				"west": {"uv": [10.25, 10, 10.5, 10.25], "texture": "#0"},
				"up": {"uv": [9.75, 10, 10.5, 10.25], "texture": "#0"},
				"down": {"uv": [9.75, 10, 10.5, 10.25], "texture": "#0"}
			}
		},
		{
			"from": [5, 2.75, 6.5],
			"to": [7, 3.25, 7],
			"rotation": {"angle": 0, "axis": "y", "origin": [5, 3.25, 5]},
			"faces": {
				"north": {"uv": [9.75, 10.25, 10.75, 10.5], "texture": "#0"},
				"east": {"uv": [10.25, 10.25, 10.5, 10.5], "texture": "#0"},
				"south": {"uv": [9.75, 10.25, 10.75, 10.5], "texture": "#0"},
				"west": {"uv": [10.25, 10.25, 10.5, 10.5], "texture": "#0"},
				"up": {"uv": [9.75, 10.25, 10.75, 10.5], "texture": "#0"},
				"down": {"uv": [9.75, 10.25, 10.75, 10.5], "texture": "#0"}
			}
		},
		{
			"from": [6.5, 3.75, 6.5],
			"to": [8, 4.75, 7],
			"rotation": {"angle": 0, "axis": "y", "origin": [6.5, 4.75, 5]},
			"faces": {
				"north": {"uv": [9.25, 9.5, 10, 10], "texture": "#0"},
				"east": {"uv": [9.25, 9.5, 9.5, 10], "texture": "#0"},
				"south": {"uv": [9.25, 9.5, 10, 10], "texture": "#0"},
				"west": {"uv": [9.25, 9.5, 9.5, 10], "texture": "#0"},
				"up": {"uv": [9.25, 9.75, 10, 10], "texture": "#0"},
				"down": {"uv": [9.25, 9.75, 10, 10], "texture": "#0"}
			}
		},
		{
			"from": [8.5, 6.25, 6.5],
			"to": [10.5, 6.75, 7],
			"rotation": {"angle": 0, "axis": "y", "origin": [9, 6.75, 5]},
			"faces": {
				"north": {"uv": [8, 8.5, 9, 8.75], "texture": "#0"},
				"east": {"uv": [8.25, 8.25, 8.5, 8.5], "texture": "#0"},
				"south": {"uv": [8, 8.5, 9, 8.75], "texture": "#0"},
				"west": {"uv": [8.25, 8.25, 8.5, 8.5], "texture": "#0"},
				"up": {"uv": [8, 8.5, 9, 8.75], "texture": "#0"},
				"down": {"uv": [8, 8.5, 9, 8.75], "texture": "#0"}
			}
		},
		{
			"from": [11.5, 7.25, 6.5],
			"to": [12, 8.75, 7],
			"rotation": {"angle": 0, "axis": "y", "origin": [10.5, 8.25, 5]},
			"faces": {
				"north": {"uv": [7.25, 7.5, 7.5, 8.25], "texture": "#0"},
				"east": {"uv": [7.25, 7.5, 7.5, 8.25], "texture": "#0"},
				"south": {"uv": [7.25, 7.5, 7.5, 8.25], "texture": "#0"},
				"west": {"uv": [7.25, 7.5, 7.5, 8.25], "texture": "#0"},
				"up": {"uv": [7.25, 7.5, 7.5, 7.75], "texture": "#0"},
				"down": {"uv": [7.25, 7.5, 7.5, 7.75], "texture": "#0"}
			}
		},
		{
			"from": [11, 8.75, 6.5],
			"to": [12, 9.75, 7],
			"rotation": {"angle": 0, "axis": "y", "origin": [10, 9.25, 5]},
			"faces": {
				"north": {"uv": [7.25, 7, 7.75, 7.5], "texture": "#0"},
				"east": {"uv": [7, 7, 7.25, 7.5], "texture": "#0"},
				"south": {"uv": [7.25, 7, 7.75, 7.5], "texture": "#0"},
				"west": {"uv": [7, 7.25, 7.25, 7.75], "texture": "#0"},
				"up": {"uv": [7, 7, 7.5, 7.25], "texture": "#0"},
				"down": {"uv": [7, 7, 7.25, 7.25], "texture": "#0"}
			}
		},
		{
			"from": [9, 7.25, 6.5],
			"to": [10, 7.75, 7],
			"rotation": {"angle": 0, "axis": "y", "origin": [8, 7.25, 5]},
			"faces": {
				"north": {"uv": [8.25, 8, 8.75, 8.25], "texture": "#0"},
				"east": {"uv": [8.5, 8, 8.75, 8.25], "texture": "#0"},
				"south": {"uv": [8.25, 8, 8.75, 8.25], "texture": "#0"},
				"west": {"uv": [8.25, 8, 8.5, 8.25], "texture": "#0"},
				"up": {"uv": [8.25, 8, 8.75, 8.25], "texture": "#0"},
				"down": {"uv": [8.25, 8, 8.75, 8.25], "texture": "#0"}
			}
		},
		{
			"from": [7.5, 3.25, 6.5],
			"to": [8.5, 3.75, 7],
			"rotation": {"angle": 0, "axis": "y", "origin": [6.5, 3.25, 5]},
			"faces": {
				"north": {"uv": [9, 10, 9.5, 10.25], "texture": "#0"},
				"east": {"uv": [9, 10, 9.25, 10.25], "texture": "#0"},
				"south": {"uv": [9, 10, 9.5, 10.25], "texture": "#0"},
				"west": {"uv": [9, 10, 9.25, 10.25], "texture": "#0"},
				"up": {"uv": [9, 10, 9.5, 10.25], "texture": "#0"},
				"down": {"uv": [9, 10, 9.5, 10.25], "texture": "#0"}
			}
		},
		{
			"from": [6.5, 2.25, 6.5],
			"to": [7.5, 2.75, 7],
			"rotation": {"angle": 0, "axis": "y", "origin": [5.5, 2.25, 5]},
			"faces": {
				"north": {"uv": [9.5, 10.5, 10, 10.75], "texture": "#0"},
				"east": {"uv": [9.5, 10.5, 9.75, 10.75], "texture": "#0"},
				"south": {"uv": [9.5, 10.5, 10, 10.75], "texture": "#0"},
				"west": {"uv": [9.5, 10.5, 9.75, 10.75], "texture": "#0"},
				"up": {"uv": [9.5, 10.5, 10, 10.75], "texture": "#0"},
				"down": {"uv": [9.5, 10.5, 10, 10.75], "texture": "#0"}
			}
		},
		{
			"from": [7, 1.75, 6.5],
			"to": [8, 2.25, 7],
			"rotation": {"angle": 0, "axis": "y", "origin": [6, 1.75, 5]},
			"faces": {
				"north": {"uv": [9.25, 10.75, 9.75, 11], "texture": "#0"},
				"east": {"uv": [9.25, 10.75, 9.5, 11], "texture": "#0"},
				"south": {"uv": [9.25, 10.75, 9.75, 11], "texture": "#0"},
				"west": {"uv": [9.25, 10.75, 9.5, 11], "texture": "#0"},
				"up": {"uv": [9.25, 10.75, 9.75, 11], "texture": "#0"},
				"down": {"uv": [9.25, 10.75, 9.75, 11], "texture": "#0"}
			}
		},
		{
			"from": [8, 2.75, 6.5],
			"to": [8.5, 3.25, 7],
			"rotation": {"angle": 0, "axis": "y", "origin": [6.5, 2.75, 5]},
			"faces": {
				"north": {"uv": [9, 10.25, 9.25, 10.5], "texture": "#0"},
				"east": {"uv": [9, 10.25, 9.25, 10.5], "texture": "#0"},
				"south": {"uv": [9, 10.25, 9.25, 10.5], "texture": "#0"},
				"west": {"uv": [9, 10.25, 9.25, 10.5], "texture": "#0"},
				"up": {"uv": [9, 10.25, 9.25, 10.5], "texture": "#0"},
				"down": {"uv": [9, 10.25, 9.25, 10.5], "texture": "#0"}
			}
		},
		{
			"from": [6, 3.75, 6.5],
			"to": [6.5, 4.25, 7],
			"rotation": {"angle": 0, "axis": "y", "origin": [4.5, 3.75, 5]},
			"faces": {
				"north": {"uv": [10, 9.75, 10.25, 10], "texture": "#0"},
				"east": {"uv": [10, 9.75, 10.25, 10], "texture": "#0"},
				"south": {"uv": [10, 9.75, 10.25, 10], "texture": "#0"},
				"west": {"uv": [10, 9.75, 10.25, 10], "texture": "#0"},
				"up": {"uv": [10, 9.75, 10.25, 10], "texture": "#0"},
				"down": {"uv": [10, 9.75, 10.25, 10], "texture": "#0"}
			}
		}
	],
	"display": {
		"thirdperson_righthand": {
			"translation": [-0.25, 3.5, 0.75],
			"scale": [0.69, 0.69, 0.69]
		},
		"thirdperson_lefthand": {
			"translation": [-0.25, 3.5, 0.75],
			"scale": [0.69, 0.69, 0.69]
		},
		"firstperson_righthand": {
			"rotation": [0, -180, -180],
			"translation": [0, 0.75, -0.25]
		},
		"firstperson_lefthand": {
			"rotation": [0, 0, 180],
			"translation": [0, -0.75, 0]
		},
		"ground": {
			"translation": [0, 4.5, 0]
		},
		"gui": {
			"translation": [-1.25, 2.5, 0],
			"scale": [1.33, 1.33, 1.35]
		},
		"fixed": {
			"translation": [-1, 3.25, 1],
			"scale": [1.59, 1.59, 1.59]
		}
	}
}