{
	"credit": "Made with Blockbench",
	"texture_size": [8, 8],
	"textures": {
		"0": "kolonie:block/b",
		"particle": "kolonie:block/b"
	},
	"elements": [
		{
			"from": [6.5, 1.5, 7.5],
			"to": [7.5, 2, 8],
			"rotation": {"angle": 0, "axis": "y", "origin": [6.5, 1.5, 6]},
			"faces": {
				"north": {"uv": [9.25, 5, 9.75, 5.25], "texture": "#0"},
				"east": {"uv": [0, 0, 1, 1], "texture": "#0"},
				"south": {"uv": [9.25, 5, 9.75, 5.25], "texture": "#0"},
				"west": {"uv": [0, 0, 1, 1], "texture": "#0"},
				"up": {"uv": [0, 0, 2, 0.25], "texture": "#0"},
				"down": {"uv": [0, 0, 2, 0.25], "texture": "#0"}
			}
		},
		{
			"from": [4.5, 2.5, 7.5],
			"to": [5.5, 3.5, 8],
			"rotation": {"angle": 0, "axis": "y", "origin": [5, 3, 6]},
			"faces": {
				"north": {"uv": [10.25, 4.25, 10.75, 4.75], "texture": "#0"},
				"east": {"uv": [0, 0, 1, 0.75], "texture": "#0"},
				"south": {"uv": [10.25, 4.25, 10.75, 4.75], "texture": "#0"},
				"west": {"uv": [0, 0, 1, 0.75], "texture": "#0"},
				"up": {"uv": [0, 0, 2, 0.5], "texture": "#0"},
				"down": {"uv": [0, 0, 2, 0.5], "texture": "#0"}
			}
		},
		{
			"from": [5.5, 3.5, 7.5],
			"to": [7, 4.5, 8],
			"rotation": {"angle": 0, "axis": "y", "origin": [6, 4, 6]},
			"faces": {
				"north": {"uv": [9.5, 3.75, 10.25, 4.25], "texture": "#0"},
				"east": {"uv": [0, 0, 1, 0.75], "texture": "#0"},
				"south": {"uv": [10.25, 3.75, 9.5, 4.25], "texture": "#0"},
				"west": {"uv": [0, 0, 1, 0.75], "texture": "#0"},
				"up": {"uv": [0, 0, 3, 0.5], "texture": "#0"},
				"down": {"uv": [0, 0, 3, 0.5], "texture": "#0"}
			}
		},
		{
			"from": [7, 2, 7.5],
			"to": [7.5, 2.5, 8],
			"rotation": {"angle": 0, "axis": "y", "origin": [6.5, 2, 6]},
			"faces": {
				"north": {"uv": [9.25, 4.75, 9.5, 5], "texture": "#0"},
				"east": {"uv": [0, 0, 1, 1], "texture": "#0"},
				"south": {"uv": [9.25, 4.75, 9.5, 5], "texture": "#0"},
				"west": {"uv": [0, 0, 1, 1], "texture": "#0"},
				"up": {"uv": [0, 0, 1, 1], "texture": "#0"},
				"down": {"uv": [0, 0, 1, 1], "texture": "#0"}
			}
		},
		{
			"from": [7.5, 5.5, 7.5],
			"to": [8.5, 6.5, 8],
			"rotation": {"angle": 0, "axis": "y", "origin": [7.5, 6, 6]},
			"faces": {
				"north": {"uv": [8.75, 2.75, 9.25, 3.25], "texture": "#0"},
				"east": {"uv": [0, 0, 1, 0.75], "texture": "#0"},
				"south": {"uv": [8.75, 2.75, 9.25, 3.25], "texture": "#0"},
				"west": {"uv": [0, 0, 1, 0.75], "texture": "#0"},
				"up": {"uv": [0, 0, 2, 0.25], "texture": "#0"},
				"down": {"uv": [0, 0, 2, 0.5], "texture": "#0"}
			}
		},
		{
			"from": [8.5, 8, 7.5],
			"to": [9.5, 9.5, 8],
			"rotation": {"angle": 0, "axis": "y", "origin": [8.5, 8.5, 6]},
			"faces": {
				"north": {"uv": [8.25, 1.25, 8.75, 2], "texture": "#0"},
				"east": {"uv": [0, 0, 1, 0.75], "texture": "#0"},
				"south": {"uv": [8.25, 1.25, 8.75, 2], "texture": "#0"},
				"west": {"uv": [0, 0, 1, 0.75], "texture": "#0"},
				"up": {"uv": [0, 0, 2, 0.25], "texture": "#0"},
				"down": {"uv": [0, 0, 2, 0.25], "texture": "#0"}
			}
		},
		{
			"from": [11.5, 7, 7.5],
			"to": [12.5, 8, 8],
			"rotation": {"angle": 0, "axis": "y", "origin": [11.5, 7.5, 6]},
			"faces": {
				"north": {"uv": [6.75, 2, 7.25, 2.5], "texture": "#0"},
				"east": {"uv": [0, 0, 1, 1], "texture": "#0"},
				"south": {"uv": [6.75, 2, 7.25, 2.5], "texture": "#0"},
				"west": {"uv": [0, 0, 1, 0.5], "texture": "#0"},
				"up": {"uv": [0, 0, 2, 0.25], "texture": "#0"},
				"down": {"uv": [0, 0, 2, 0.5], "texture": "#0"}
			}
		},
		{
			"from": [12, 8, 7.5],
			"to": [13, 9, 8],
			"rotation": {"angle": 0, "axis": "y", "origin": [12, 8.5, 6]},
			"faces": {
				"north": {"uv": [6.5, 1.5, 7, 2], "texture": "#0"},
				"east": {"uv": [0, 0, 1, 1], "texture": "#0"},
				"south": {"uv": [6.5, 1.5, 7, 2], "texture": "#0"},
				"west": {"uv": [0, 0, 1, 1], "texture": "#0"},
				"up": {"uv": [0, 0, 2, 0.5], "texture": "#0"},
				"down": {"uv": [0, 0, 2, 0.5], "texture": "#0"}
			}
		},
		{
			"from": [9.5, 10, 7.5],
			"to": [11, 11, 8],
			"rotation": {"angle": 0, "axis": "y", "origin": [10, 10.5, 6]},
			"faces": {
				"north": {"uv": [7.5, 0.5, 8.25, 1], "texture": "#0"},
				"east": {"uv": [0, 0, 1, 0.75], "texture": "#0"},
				"south": {"uv": [7.5, 0.5, 8.25, 1], "texture": "#0"},
				"west": {"uv": [0, 0, 1, 0.75], "texture": "#0"},
				"up": {"uv": [0, 0, 3, 0.25], "texture": "#0"},
				"down": {"uv": [0, 0, 3, 0.25], "texture": "#0"}
			}
		},
		{
			"from": [11, 9.5, 7.5],
			"to": [12.5, 10.5, 8],
			"rotation": {"angle": 0, "axis": "y", "origin": [11.5, 10, 6]},
			"faces": {
				"north": {"uv": [6.75, 0.75, 7.5, 1.25], "texture": "#0"},
				"east": {"uv": [0, 0, 0.5, 1.5], "texture": "#0"},
				"south": {"uv": [6.75, 0.75, 7.5, 1.25], "texture": "#0"},
				"west": {"uv": [0, 0, 0.5, 1.5], "texture": "#0"},
				"up": {"uv": [0, 0, 3, 0.25], "texture": "#0"},
				"down": {"uv": [0, 0, 3, 0.25], "texture": "#0"}
			}
		},
		{
			"from": [8.5, 6.5, 7.5],
			"to": [9.5, 7.5, 8],
			"rotation": {"angle": 0, "axis": "y", "origin": [8.5, 7, 6]},
			"faces": {
				"north": {"uv": [8.25, 2.25, 8.75, 2.75], "texture": "#0"},
				"east": {"uv": [0, 0, 1, 1], "texture": "#0"},
				"south": {"uv": [8.25, 2.25, 8.75, 2.75], "texture": "#0"},
				"west": {"uv": [0, 0, 1, 0.75], "texture": "#0"},
				"up": {"uv": [0, 0, 2, 0.25], "texture": "#0"},
				"down": {"uv": [0, 0, 2, 0.25], "texture": "#0"}
			}
		},
		{
			"from": [10, 6.5, 7.5],
			"to": [11.5, 7.5, 8],
			"rotation": {"angle": 0, "axis": "y", "origin": [10, 7, 6]},
			"faces": {
				"north": {"uv": [7.25, 2.25, 8, 2.75], "texture": "#0"},
				"east": {"uv": [0, 0, 1, 0.75], "texture": "#0"},
				"south": {"uv": [7.25, 2.25, 8, 2.75], "texture": "#0"},
				"west": {"uv": [0, 0, 1, 0.75], "texture": "#0"},
				"up": {"uv": [0, 0, 3, 0.25], "texture": "#0"},
				"down": {"uv": [0, 0, 3, 0.25], "texture": "#0"}
			}
		},
		{
			"from": [6.5, 4.5, 7.5],
			"to": [7.5, 5.5, 8],
			"rotation": {"angle": 0, "axis": "y", "origin": [6.5, 5, 6]},
			"faces": {
				"north": {"uv": [9.25, 3.25, 9.75, 3.75], "texture": "#0"},
				"east": {"uv": [0, 0, 1, 0.5], "texture": "#0"},
				"south": {"uv": [9.25, 3.25, 9.75, 3.75], "texture": "#0"},
				"west": {"uv": [0, 0, 1, 0.5], "texture": "#0"},
				"up": {"uv": [0, 0, 2, 0.5], "texture": "#0"},
				"down": {"uv": [0, 0, 2, 0.5], "texture": "#0"}
			}
		},
		{
			"from": [5, 3.5, 7.5],
			"to": [5.5, 4, 8],
			"rotation": {"angle": 0, "axis": "y", "origin": [4.5, 3.5, 6]},
			"faces": {
				"north": {"uv": [10.25, 4, 10.5, 4.25], "texture": "#0"},
				"east": {"uv": [0, 0, 1, 1], "texture": "#0"},
				"south": {"uv": [10.25, 4, 10.5, 4.25], "texture": "#0"},
				"west": {"uv": [0, 0, 1, 1], "texture": "#0"},
				"up": {"uv": [0, 0, 1, 1], "texture": "#0"},
				"down": {"uv": [0, 0, 1, 1], "texture": "#0"}
			}
		},
		{
			"from": [6, 4.5, 7.5],
			"to": [6.5, 5, 8],
			"rotation": {"angle": 0, "axis": "y", "origin": [5.5, 4.5, 6]},
			"faces": {
				"north": {"uv": [9.75, 3.5, 10, 3.75], "texture": "#0"},
				"east": {"uv": [0, 0, 1, 1], "texture": "#0"},
				"south": {"uv": [9.75, 3.5, 10, 3.75], "texture": "#0"},
				"west": {"uv": [0, 0, 1, 1], "texture": "#0"},
				"up": {"uv": [0, 0, 1, 1], "texture": "#0"},
				"down": {"uv": [0, 0, 1, 1], "texture": "#0"}
			}
		},
		{
			"from": [7.5, 5, 7.5],
			"to": [8, 5.5, 8],
			"rotation": {"angle": 0, "axis": "y", "origin": [7, 5, 6]},
			"faces": {
				"north": {"uv": [9, 3.25, 9.25, 3.5], "texture": "#0"},
				"east": {"uv": [0, 0, 1, 1], "texture": "#0"},
				"south": {"uv": [9, 3.25, 9.25, 3.5], "texture": "#0"},
				"west": {"uv": [0, 0, 1, 1], "texture": "#0"},
				"up": {"uv": [0, 0, 1, 1], "texture": "#0"},
				"down": {"uv": [0, 0, 1, 1], "texture": "#0"}
			}
		},
		{
			"from": [7, 5.5, 7.5],
			"to": [7.5, 6, 8],
			"rotation": {"angle": 0, "axis": "y", "origin": [6.5, 5.5, 6]},
			"faces": {
				"north": {"uv": [9.25, 3, 9.5, 3.25], "texture": "#0"},
				"east": {"uv": [0, 0, 1, 1], "texture": "#0"},
				"south": {"uv": [9.25, 3, 9.5, 3.25], "texture": "#0"},
				"west": {"uv": [0, 0, 1, 1], "texture": "#0"},
				"up": {"uv": [0, 0, 1, 1], "texture": "#0"},
				"down": {"uv": [0, 0, 1, 1], "texture": "#0"}
			}
		},
		{
			"from": [8.5, 6, 7.5],
			"to": [9, 6.5, 8],
			"rotation": {"angle": 0, "axis": "y", "origin": [8, 6, 6]},
			"faces": {
				"north": {"uv": [8.5, 2.75, 8.75, 3], "texture": "#0"},
				"east": {"uv": [0, 0, 1, 1], "texture": "#0"},
				"south": {"uv": [8.5, 2.75, 8.75, 3], "texture": "#0"},
				"west": {"uv": [0, 0, 1, 1], "texture": "#0"},
				"up": {"uv": [0, 0, 1, 1], "texture": "#0"},
				"down": {"uv": [0, 0, 1, 1], "texture": "#0"}
			}
		},
		{
			"from": [9.5, 7, 7.5],
			"to": [10, 7.5, 8],
			"rotation": {"angle": 0, "axis": "y", "origin": [9, 7, 6]},
			"faces": {
				"north": {"uv": [8, 2.25, 8.25, 2.5], "texture": "#0"},
				"east": {"uv": [0, 0, 1, 1], "texture": "#0"},
				"south": {"uv": [8, 2.25, 8.25, 2.5], "texture": "#0"},
				"west": {"uv": [0, 0, 1, 1], "texture": "#0"},
				"up": {"uv": [0, 0, 1, 1], "texture": "#0"},
				"down": {"uv": [0, 0, 1, 1], "texture": "#0"}
			}
		},
		{
			"from": [12, 9, 7.5],
			"to": [13, 9.5, 8],
			"rotation": {"angle": 0, "axis": "y", "origin": [12, 9, 6]},
			"faces": {
				"north": {"uv": [6.5, 1.25, 7, 1.5], "texture": "#0"},
				"east": {"uv": [0, 0, 1, 1], "texture": "#0"},
				"south": {"uv": [6.5, 1.25, 7, 1.5], "texture": "#0"},
				"west": {"uv": [0, 0, 1, 1], "texture": "#0"},
				"up": {"uv": [0, 0, 2, 0.25], "texture": "#0"},
				"down": {"uv": [0, 0, 2, 0.25], "texture": "#0"}
			}
		},
		{
			"from": [12.5, 10, 7.5],
			"to": [13, 11, 8],
			"rotation": {"angle": 0, "axis": "y", "origin": [12, 10, 6]},
			"faces": {
				"north": {"uv": [6.5, 0.5, 6.75, 1], "texture": "#0"},
				"east": {"uv": [0, 0, 1, 1], "texture": "#0"},
				"south": {"uv": [6.5, 0.5, 6.75, 1], "texture": "#0"},
				"west": {"uv": [0, 0, 1, 1], "texture": "#0"},
				"up": {"uv": [0, 0, 1, 1], "texture": "#0"},
				"down": {"uv": [0, 0, 1, 1], "texture": "#0"}
			}
		},
		{
			"from": [11, 10.5, 7.5],
			"to": [11.5, 11.5, 8],
			"rotation": {"angle": 0, "axis": "y", "origin": [10.5, 10.5, 6]},
			"faces": {
				"north": {"uv": [7.25, 0.25, 7.5, 0.75], "texture": "#0"},
				"east": {"uv": [0, 0, 1, 1], "texture": "#0"},
				"south": {"uv": [7.25, 0.25, 7.5, 0.75], "texture": "#0"},
				"west": {"uv": [0, 0, 1, 0.75], "texture": "#0"},
				"up": {"uv": [0, 0, 1, 1], "texture": "#0"},
				"down": {"uv": [0, 0, 1, 1], "texture": "#0"}
			}
		},
		{
			"from": [11.5, 11.5, 7.5],
			"to": [12, 12, 8],
			"rotation": {"angle": 0, "axis": "y", "origin": [11, 11.5, 6]},
			"faces": {
				"north": {"uv": [7, 0, 7.25, 0.25], "texture": "#0"},
				"east": {"uv": [0, 0, 1, 1], "texture": "#0"},
				"south": {"uv": [7, 0, 7.25, 0.25], "texture": "#0"},
				"west": {"uv": [0, 0, 1, 1], "texture": "#0"},
				"up": {"uv": [0, 0, 1, 1], "texture": "#0"},
				"down": {"uv": [0, 0, 1, 1], "texture": "#0"}
			}
		},
		{
			"from": [9.5, 11, 7.5],
			"to": [10, 12, 8],
			"rotation": {"angle": 0, "axis": "y", "origin": [9, 11, 6]},
			"faces": {
				"north": {"uv": [8, 0, 8.25, 0.5], "texture": "#0"},
				"east": {"uv": [0, 0, 1, 1], "texture": "#0"},
				"south": {"uv": [8, 0, 8.25, 0.5], "texture": "#0"},
				"west": {"uv": [0, 0, 1, 1], "texture": "#0"},
				"up": {"uv": [0, 0, 1, 1], "texture": "#0"},
				"down": {"uv": [0, 0, 1, 1], "texture": "#0"}
			}
		},
		{
			"from": [9.5, 9, 7.5],
			"to": [10, 9.5, 8],
			"rotation": {"angle": 0, "axis": "y", "origin": [9, 9, 6]},
			"faces": {
				"north": {"uv": [8, 1.25, 8.25, 1.5], "texture": "#0"},
				"east": {"uv": [0, 0, 1, 1], "texture": "#0"},
				"south": {"uv": [8, 1.25, 8.25, 1.5], "texture": "#0"},
				"west": {"uv": [0, 0, 1, 1], "texture": "#0"},
				"up": {"uv": [0, 0, 1, 1], "texture": "#0"},
				"down": {"uv": [0, 0, 1, 1], "texture": "#0"}
			}
		},
		{
			"from": [9, 9.5, 7.5],
			"to": [10, 10, 8],
			"rotation": {"angle": 0, "axis": "y", "origin": [9, 9.5, 6]},
			"faces": {
				"north": {"uv": [8, 1, 8.5, 1.25], "texture": "#0"},
				"east": {"uv": [0, 0, 1, 1], "texture": "#0"},
				"south": {"uv": [8, 1, 8.5, 1.25], "texture": "#0"},
				"west": {"uv": [0, 0, 1, 1], "texture": "#0"},
				"up": {"uv": [0, 0, 2, 0.25], "texture": "#0"},
				"down": {"uv": [0, 0, 2, 0.25], "texture": "#0"}
			}
		},
		{
			"from": [8.5, 10, 7.5],
			"to": [9.5, 10.5, 8],
			"rotation": {"angle": 0, "axis": "y", "origin": [8.5, 10, 6]},
			"faces": {
				"north": {"uv": [8.25, 0.75, 8.75, 1], "texture": "#0"},
				"east": {"uv": [0, 0, 1, 1], "texture": "#0"},
				"south": {"uv": [8.25, 0.75, 8.75, 1], "texture": "#0"},
				"west": {"uv": [0, 0, 1, 1], "texture": "#0"},
				"up": {"uv": [0, 0, 2, 0.25], "texture": "#0"},
				"down": {"uv": [0, 0, 2, 0.25], "texture": "#0"}
			}
		},
		{
			"from": [8, 10.5, 7.5],
			"to": [9, 11, 8],
			"rotation": {"angle": 0, "axis": "y", "origin": [8, 10.5, 6]},
			"faces": {
				"north": {"uv": [8.5, 0.5, 9, 0.75], "texture": "#0"},
				"east": {"uv": [0, 0, 1, 1], "texture": "#0"},
				"south": {"uv": [8.5, 0.5, 9, 0.75], "texture": "#0"},
				"west": {"uv": [0, 0, 1, 1], "texture": "#0"},
				"up": {"uv": [0, 0, 2, 0.25], "texture": "#0"},
				"down": {"uv": [0, 0, 2, 0.25], "texture": "#0"}
			}
		},
		{
			"from": [7.5, 11, 7.5],
			"to": [8.5, 11.5, 8],
			"rotation": {"angle": 0, "axis": "y", "origin": [7.5, 11, 6]},
			"faces": {
				"north": {"uv": [8.75, 0.25, 9.25, 0.5], "texture": "#0"},
				"east": {"uv": [0, 0, 1, 1], "texture": "#0"},
				"south": {"uv": [8.75, 0.25, 9.25, 0.5], "texture": "#0"},
				"west": {"uv": [0, 0, 1, 1], "texture": "#0"},
				"up": {"uv": [0, 0, 2, 0.25], "texture": "#0"},
				"down": {"uv": [0, 0, 2, 0.25], "texture": "#0"}
			}
		},
		{
			"from": [13.5, 9, 7.5],
			"to": [14, 9.5, 8],
			"rotation": {"angle": 0, "axis": "y", "origin": [13, 9, 6]},
			"faces": {
				"north": {"uv": [6, 1.25, 6.25, 1.5], "texture": "#0"},
				"east": {"uv": [0, 0, 1, 1], "texture": "#0"},
				"south": {"uv": [6, 1.25, 6.25, 1.5], "texture": "#0"},
				"west": {"uv": [0, 0, 1, 1], "texture": "#0"},
				"up": {"uv": [0, 0, 1, 1], "texture": "#0"},
				"down": {"uv": [0, 0, 1, 1], "texture": "#0"}
			}
		},
		{
			"from": [13, 8.5, 7.5],
			"to": [13.5, 9, 8],
			"rotation": {"angle": 0, "axis": "y", "origin": [12.5, 8.5, 6]},
			"faces": {
				"north": {"uv": [6.25, 1.5, 6.5, 1.75], "texture": "#0"},
				"east": {"uv": [0, 0, 1, 1], "texture": "#0"},
				"south": {"uv": [6.25, 1.5, 6.5, 1.75], "texture": "#0"},
				"west": {"uv": [0, 0, 1, 1], "texture": "#0"},
				"up": {"uv": [0, 0, 1, 1], "texture": "#0"},
				"down": {"uv": [0, 0, 1, 1], "texture": "#0"}
			}
		},
		{
			"from": [12, 6.5, 7.5],
			"to": [13, 7, 8],
			"rotation": {"angle": 0, "axis": "y", "origin": [11.5, 6.5, 6]},
			"faces": {
				"north": {"uv": [6.5, 2.5, 7, 2.75], "texture": "#0"},
				"east": {"uv": [0, 0, 1, 1], "texture": "#0"},
				"south": {"uv": [6.5, 2.5, 7, 2.75], "texture": "#0"},
				"west": {"uv": [0, 0, 1, 1], "texture": "#0"},
				"up": {"uv": [0, 0, 2, 0.25], "texture": "#0"},
				"down": {"uv": [0, 0, 2, 0.25], "texture": "#0"}
			}
		},
		{
			"from": [12.5, 6, 7.5],
			"to": [13, 6.5, 8],
			"rotation": {"angle": 0, "axis": "y", "origin": [12, 6, 6]},
			"faces": {
				"north": {"uv": [6.5, 2.75, 6.75, 3], "texture": "#0"},
				"east": {"uv": [0, 0, 1, 1], "texture": "#0"},
				"south": {"uv": [6.5, 2.75, 6.75, 3], "texture": "#0"},
				"west": {"uv": [0, 0, 1, 1], "texture": "#0"},
				"up": {"uv": [0, 0, 1, 1], "texture": "#0"},
				"down": {"uv": [0, 0, 1, 1], "texture": "#0"}
			}
		},
		{
			"from": [8, 6.5, 7.5],
			"to": [8.5, 7, 8],
			"rotation": {"angle": 0, "axis": "y", "origin": [7.5, 6.5, 6]},
			"faces": {
				"north": {"uv": [8.75, 2.5, 9, 2.75], "texture": "#0"},
				"east": {"uv": [0, 0, 1, 1], "texture": "#0"},
				"south": {"uv": [8.75, 2.5, 9, 2.75], "texture": "#0"},
				"west": {"uv": [0, 0, 1, 1], "texture": "#0"},
				"up": {"uv": [0, 0, 1, 1], "texture": "#0"},
				"down": {"uv": [0, 0, 1, 1], "texture": "#0"}
			}
		},
		{
			"from": [9, 7.5, 7.5],
			"to": [10, 8, 8],
			"rotation": {"angle": 0, "axis": "y", "origin": [9, 7.5, 6]},
			"faces": {
				"north": {"uv": [8, 2, 8.5, 2.25], "texture": "#0"},
				"east": {"uv": [0, 0, 1, 1], "texture": "#0"},
				"south": {"uv": [8, 2, 8.5, 2.25], "texture": "#0"},
				"west": {"uv": [0, 0, 1, 1], "texture": "#0"},
				"up": {"uv": [0, 0, 2, 0.25], "texture": "#0"},
				"down": {"uv": [0, 0, 2, 0.25], "texture": "#0"}
			}
		},
		{
			"from": [10, 6, 7.5],
			"to": [10.5, 6.5, 8],
			"rotation": {"angle": 0, "axis": "y", "origin": [9.5, 6, 6]},
			"faces": {
				"north": {"uv": [7.75, 2.75, 8, 3], "texture": "#0"},
				"east": {"uv": [0, 0, 1, 1], "texture": "#0"},
				"south": {"uv": [7.75, 2.75, 8, 3], "texture": "#0"},
				"west": {"uv": [0, 0, 1, 1], "texture": "#0"},
				"up": {"uv": [0, 0, 1, 1], "texture": "#0"},
				"down": {"uv": [0, 0, 1, 1], "texture": "#0"}
			}
		},
		{
			"from": [11, 7.5, 7.5],
			"to": [11.5, 8, 8],
			"rotation": {"angle": 0, "axis": "y", "origin": [10.5, 7.5, 6]},
			"faces": {
				"north": {"uv": [7.25, 2, 7.5, 2.25], "texture": "#0"},
				"east": {"uv": [0, 0, 1, 1], "texture": "#0"},
				"south": {"uv": [7.25, 2, 7.5, 2.25], "texture": "#0"},
				"west": {"uv": [0, 0, 1, 1], "texture": "#0"},
				"up": {"uv": [0, 0, 1, 1], "texture": "#0"},
				"down": {"uv": [0, 0, 1, 1], "texture": "#0"}
			}
		},
		{
			"from": [11.5, 8.5, 7.5],
			"to": [12, 9, 8],
			"rotation": {"angle": 0, "axis": "y", "origin": [11, 8.5, 6]},
			"faces": {
				"north": {"uv": [7, 1.5, 7.25, 1.75], "texture": "#0"},
				"east": {"uv": [0, 0, 1, 1], "texture": "#0"},
				"south": {"uv": [7, 1.5, 7.25, 1.75], "texture": "#0"},
				"west": {"uv": [0, 0, 1, 1], "texture": "#0"},
				"up": {"uv": [0, 0, 1, 1], "texture": "#0"},
				"down": {"uv": [0, 0, 1, 1], "texture": "#0"}
			}
		},
		{
			"from": [7.5, 8.5, 7.5],
			"to": [8.5, 9, 8],
			"rotation": {"angle": 0, "axis": "y", "origin": [7.5, 8.5, 6]},
			"faces": {
				"north": {"uv": [8.75, 1.5, 9.25, 1.75], "texture": "#0"},
				"east": {"uv": [0, 0, 1, 1], "texture": "#0"},
				"south": {"uv": [8.75, 1.5, 9.25, 1.75], "texture": "#0"},
				"west": {"uv": [0, 0, 1, 1], "texture": "#0"},
				"up": {"uv": [0, 0, 2, 0.5], "texture": "#0"},
				"down": {"uv": [0, 0, 2, 0.5], "texture": "#0"}
			}
		},
		{
			"from": [7, 3.5, 7.5],
			"to": [7.5, 4, 8],
			"rotation": {"angle": 0, "axis": "y", "origin": [6.5, 3.5, 6]},
			"faces": {
				"north": {"uv": [9.25, 4, 9.5, 4.25], "texture": "#0"},
				"east": {"uv": [0, 0, 1, 1], "texture": "#0"},
				"south": {"uv": [9.25, 4, 9.5, 4.25], "texture": "#0"},
				"west": {"uv": [0, 0, 1, 1], "texture": "#0"},
				"up": {"uv": [0, 0, 1, 1], "texture": "#0"},
				"down": {"uv": [0, 0, 1, 1], "texture": "#0"}
			}
		},
		{
			"from": [7, 3, 7.5],
			"to": [8, 3.5, 8],
			"rotation": {"angle": 0, "axis": "y", "origin": [6.5, 3, 6]},
			"faces": {
				"north": {"uv": [9, 4.25, 9.5, 4.5], "texture": "#0"},
				"east": {"uv": [0, 0, 1, 1], "texture": "#0"},
				"south": {"uv": [9, 4.25, 9.5, 4.5], "texture": "#0"},
				"west": {"uv": [0, 0, 1, 1], "texture": "#0"},
				"up": {"uv": [0, 0, 2, 0.25], "texture": "#0"},
				"down": {"uv": [0, 0, 2, 0.25], "texture": "#0"}
			}
		},
		{
			"from": [5.5, 3, 7.5],
			"to": [6.5, 3.5, 8],
			"rotation": {"angle": 0, "axis": "y", "origin": [5, 3, 6]},
			"faces": {
				"north": {"uv": [9.75, 4.25, 10.25, 4.5], "texture": "#0"},
				"east": {"uv": [0, 0, 1, 1], "texture": "#0"},
				"south": {"uv": [9.75, 4.25, 10.25, 4.5], "texture": "#0"},
				"west": {"uv": [0, 0, 1, 1], "texture": "#0"},
				"up": {"uv": [0, 0, 2, 0.5], "texture": "#0"},
				"down": {"uv": [0, 0, 2, 0.5], "texture": "#0"}
			}
		},
		{
			"from": [7.5, 2, 7.5],
			"to": [8, 3, 8],
			"rotation": {"angle": 0, "axis": "y", "origin": [7, 2, 6]},
			"faces": {
				"north": {"uv": [9, 4.5, 9.25, 5], "texture": "#0"},
				"east": {"uv": [0, 0, 1, 0.75], "texture": "#0"},
				"south": {"uv": [9, 4.5, 9.25, 5], "texture": "#0"},
				"west": {"uv": [0, 0, 1, 0.75], "texture": "#0"},
				"up": {"uv": [0, 0, 1, 1], "texture": "#0"},
				"down": {"uv": [0, 0, 1, 1], "texture": "#0"}
			}
		}
	],
	"display": {
		"thirdperson_righthand": {
			"translation": [-0.25, 3.5, -0.5],
			"scale": [0.69, 0.69, 0.69]
		},
		"thirdperson_lefthand": {
			"translation": [-0.25, 3.5, -0.5],
			"scale": [0.69, 0.69, 0.69]
		},
		"firstperson_righthand": {
			"rotation": [0, -180, 180],
			"translation": [-2.5, 2, -0.25]
		},
		"firstperson_lefthand": {
			"rotation": [0, 180, 96],
			"translation": [0, 3.25, 0]
		},
		"ground": {
			"translation": [0, 4.5, 0]
		},
		"gui": {
			"translation": [0, 1.5, 0],
			"scale": [1.2, 1.2, 1.2]
		},
		"fixed": {
			"translation": [0, 1.75, -1],
			"scale": [1.2, 1.2, 1.2]
		}
	}
}