{
	"credit": "Made with Blockbench",
	"texture_size": [8, 8],
	"textures": {
		"0": "kolonie:block/b",
		"1": "kolonie:block/fire_r",
		"particle": "kolonie:block/b"
	},
	"elements": [
		{
			"from": [5, 2.5, 8.5],
			"to": [6, 4, 9],
			"rotation": {"angle": 0, "axis": "y", "origin": [4, 2, 8]},
			"faces": {
				"north": {"uv": [4, 10, 4.5, 10.75], "texture": "#0"},
				"east": {"uv": [0, 0, 0.25, 0.75], "texture": "#0"},
				"south": {"uv": [4, 10, 4.5, 10.75], "texture": "#0"},
				"west": {"uv": [0, 0, 0.25, 0.75], "texture": "#0"},
				"up": {"uv": [0, 0, 0.5, 0.25], "texture": "#0"},
				"down": {"uv": [0, 0, 0.5, 0.25], "texture": "#0"}
			}
		},
		{
			"from": [4, 2, 8.5],
			"to": [5, 3, 9],
			"rotation": {"angle": 0, "axis": "y", "origin": [3, 1.5, 8]},
			"faces": {
				"north": {"uv": [4.5, 10.5, 5, 11], "texture": "#0"},
				"east": {"uv": [0, 0, 0.25, 0.5], "texture": "#0"},
				"south": {"uv": [4.5, 10.5, 5, 11], "texture": "#0"},
				"west": {"uv": [0, 0, 0.25, 0.5], "texture": "#0"},
				"up": {"uv": [0, 0, 0.5, 0.25], "texture": "#0"},
				"down": {"uv": [0, 0, 0.5, 0.25], "texture": "#0"}
			}
		},
		{
			"from": [4.5, 3, 8.5],
			"to": [5, 3.5, 9],
			"rotation": {"angle": 0, "axis": "y", "origin": [3, 2.5, 8]},
			"faces": {
				"north": {"uv": [4.5, 10.25, 4.75, 10.5], "texture": "#0"},
				"east": {"uv": [0, 0, 0.25, 0.25], "texture": "#0"},
				"south": {"uv": [4.5, 10.25, 4.75, 10.5], "texture": "#0"},
				"west": {"uv": [0, 0, 0.25, 0.25], "texture": "#0"},
				"up": {"uv": [0, 0, 0.25, 0.25], "texture": "#0"},
				"down": {"uv": [0, 0, 0.25, 0.25], "texture": "#0"}
			}
		},
		{
			"from": [5.5, 4, 8.5],
			"to": [6, 4.5, 9],
			"rotation": {"angle": 0, "axis": "y", "origin": [4, 3.5, 8]},
			"faces": {
				"north": {"uv": [4, 9.75, 4.25, 10], "texture": "#0"},
				"east": {"uv": [0, 0, 0.25, 0.25], "texture": "#0"},
				"south": {"uv": [4, 9.75, 4.25, 10], "texture": "#0"},
				"west": {"uv": [0, 0, 0.25, 0.25], "texture": "#0"},
				"up": {"uv": [0, 0, 0.25, 0.25], "texture": "#0"},
				"down": {"uv": [0, 0, 0.25, 0.25], "texture": "#0"}
			}
		},
		{
			"from": [7, 4.5, 8.5],
			"to": [7.5, 5, 9],
			"rotation": {"angle": 0, "axis": "y", "origin": [5.5, 4, 8]},
			"faces": {
				"north": {"uv": [3.25, 9.5, 3.5, 9.75], "texture": "#0"},
				"east": {"uv": [0, 0, 0.25, 0.25], "texture": "#0"},
				"south": {"uv": [3.25, 9.5, 3.5, 9.75], "texture": "#0"},
				"west": {"uv": [0, 0, 0.25, 0.25], "texture": "#0"},
				"up": {"uv": [0, 0, 0.25, 0.25], "texture": "#0"},
				"down": {"uv": [0, 0, 0.25, 0.25], "texture": "#0"}
			}
		},
		{
			"from": [10, 10, 8.5],
			"to": [10.5, 10.5, 9],
			"rotation": {"angle": 0, "axis": "y", "origin": [8.5, 9.5, 8]},
			"faces": {
				"north": {"uv": [1.75, 6.75, 2, 7], "texture": "#0"},
				"east": {"uv": [0, 0, 0.25, 0.25], "texture": "#0"},
				"south": {"uv": [1.75, 6.75, 2, 7], "texture": "#0"},
				"west": {"uv": [0, 0, 0.25, 0.25], "texture": "#0"},
				"up": {"uv": [0, 0, 0.25, 0.25], "texture": "#0"},
				"down": {"uv": [0, 0, 0.25, 0.25], "texture": "#0"}
			}
		},
		{
			"from": [11, 9, 8.5],
			"to": [11.5, 9.5, 9],
			"rotation": {"angle": 0, "axis": "y", "origin": [9.5, 8.5, 8]},
			"faces": {
				"north": {"uv": [1.25, 7.25, 1.5, 7.5], "texture": "#0"},
				"east": {"uv": [0.25, 12.25, 0.5, 12.5], "texture": "#0"},
				"south": {"uv": [1.25, 7.25, 1.5, 7.5], "texture": "#0"},
				"west": {"uv": [1, 12.25, 1.25, 12.5], "texture": "#0"},
				"up": {"uv": [0.75, 12.25, 1, 12.5], "texture": "#0"},
				"down": {"uv": [0.5, 12.25, 0.75, 12.5], "texture": "#0"}
			}
		},
		{
			"from": [10.5, 8.5, 8.5],
			"to": [11, 9, 9],
			"rotation": {"angle": 0, "axis": "y", "origin": [9, 8, 8]},
			"faces": {
				"north": {"uv": [1.5, 7.5, 1.75, 7.75], "texture": "#0"},
				"east": {"uv": [1.25, 12.25, 1.5, 12.5], "texture": "#0"},
				"south": {"uv": [1.5, 7.5, 1.75, 7.75], "texture": "#0"},
				"west": {"uv": [1, 12.25, 1.25, 12.5], "texture": "#0"},
				"up": {"uv": [0.75, 12.25, 1, 12.5], "texture": "#0"},
				"down": {"uv": [0.25, 12.25, 0.5, 12.5], "texture": "#0"}
			}
		},
		{
			"from": [12, 8, 8.5],
			"to": [12.5, 8.5, 9],
			"rotation": {"angle": 0, "axis": "y", "origin": [10.5, 7.5, 8]},
			"faces": {
				"north": {"uv": [0.75, 7.75, 1, 8], "texture": "#0"},
				"east": {"uv": [0, 0, 0.25, 0.25], "texture": "#0"},
				"south": {"uv": [0.75, 7.75, 1, 8], "texture": "#0"},
				"west": {"uv": [0, 0, 0.25, 0.25], "texture": "#0"},
				"up": {"uv": [0, 0, 0.25, 0.25], "texture": "#0"},
				"down": {"uv": [0, 0, 0.25, 0.25], "texture": "#0"}
			}
		},
		{
			"from": [9.5, 9, 8.5],
			"to": [10, 10, 9],
			"rotation": {"angle": 0, "axis": "y", "origin": [8, 8.5, 8]},
			"faces": {
				"north": {"uv": [2, 7, 2.25, 7.5], "texture": "#0"},
				"east": {"uv": [0, 0, 0.25, 0.5], "texture": "#0"},
				"south": {"uv": [2, 7, 2.25, 7.5], "texture": "#0"},
				"west": {"uv": [2, 7, 2.25, 7.5], "texture": "#0"},
				"up": {"uv": [0, 0, 0.25, 0.25], "texture": "#0"},
				"down": {"uv": [0, 0, 0.25, 0.25], "texture": "#0"}
			}
		},
		{
			"from": [7, 5.5, 8.5],
			"to": [8.5, 6, 9],
			"rotation": {"angle": 0, "axis": "y", "origin": [5.5, 5, 8]},
			"faces": {
				"north": {"uv": [2.75, 9, 3.5, 9.25], "texture": "#0"},
				"east": {"uv": [0, 0, 0.25, 0.25], "texture": "#0"},
				"south": {"uv": [2.75, 9, 3.5, 9.25], "texture": "#0"},
				"west": {"uv": [0, 0, 0.25, 0.25], "texture": "#0"},
				"up": {"uv": [0, 0, 0.75, 0.25], "texture": "#0"},
				"down": {"uv": [0, 0, 0.75, 0.25], "texture": "#0"}
			}
		},
		{
			"from": [7.5, 6, 8.5],
			"to": [9, 6.5, 9],
			"rotation": {"angle": 0, "axis": "y", "origin": [6, 5.5, 8]},
			"faces": {
				"north": {"uv": [2.5, 8.75, 3.25, 9], "texture": "#0"},
				"east": {"uv": [0, 0, 0.25, 0.25], "texture": "#0"},
				"south": {"uv": [2.5, 8.75, 3.25, 9], "texture": "#0"},
				"west": {"uv": [0, 0, 0.25, 0.25], "texture": "#0"},
				"up": {"uv": [0, 0, 0.75, 0.25], "texture": "#0"},
				"down": {"uv": [0, 0, 0.75, 0.25], "texture": "#0"}
			}
		},
		{
			"from": [9, 8, 8.5],
			"to": [10.5, 8.5, 9],
			"rotation": {"angle": 0, "axis": "y", "origin": [7.5, 7.5, 8]},
			"faces": {
				"north": {"uv": [1.75, 7.75, 2.5, 8], "texture": "#0"},
				"east": {"uv": [0, 0, 0.25, 0.25], "texture": "#0"},
				"south": {"uv": [1.75, 7.75, 2.5, 8], "texture": "#0"},
				"west": {"uv": [0, 0, 0.25, 0.25], "texture": "#0"},
				"up": {"uv": [0, 0, 0.75, 0.25], "texture": "#0"},
				"down": {"uv": [0, 0, 0.75, 0.25], "texture": "#0"}
			}
		},
		{
			"from": [11, 7.5, 8.5],
			"to": [12, 8, 9],
			"rotation": {"angle": 0, "axis": "y", "origin": [9.5, 7, 8]},
			"faces": {
				"north": {"uv": [1, 8, 1.5, 8.25], "texture": "#0"},
				"east": {"uv": [0, 0, 0.25, 0.25], "texture": "#0"},
				"south": {"uv": [1, 8, 1.5, 8.25], "texture": "#0"},
				"west": {"uv": [0, 0, 0.25, 0.25], "texture": "#0"},
				"up": {"uv": [0, 0, 0.5, 0.25], "texture": "#0"},
				"down": {"uv": [0, 0, 0.5, 0.25], "texture": "#0"}
			}
		},
		{
			"from": [9, 8.5, 8.5],
			"to": [10, 9, 9],
			"rotation": {"angle": 0, "axis": "y", "origin": [7.5, 8, 8]},
			"faces": {
				"north": {"uv": [2, 7.5, 2.5, 7.75], "texture": "#0"},
				"east": {"uv": [0, 0, 0.25, 0.25], "texture": "#0"},
				"south": {"uv": [2, 7.5, 2.5, 7.75], "texture": "#0"},
				"west": {"uv": [0, 0, 0.25, 0.25], "texture": "#0"},
				"up": {"uv": [0, 0, 0.5, 0.25], "texture": "#0"},
				"down": {"uv": [0, 0, 0.5, 0.25], "texture": "#0"}
			}
		},
		{
			"from": [8, 6.5, 8.5],
			"to": [10, 7, 9],
			"rotation": {"angle": 0, "axis": "y", "origin": [6.5, 6, 8]},
			"faces": {
				"north": {"uv": [2, 8.5, 3, 8.75], "texture": "#0"},
				"east": {"uv": [0, 0, 0.25, 0.25], "texture": "#0"},
				"south": {"uv": [2, 8.5, 3, 8.75], "texture": "#0"},
				"west": {"uv": [0, 0, 0.25, 0.25], "texture": "#0"},
				"up": {"uv": [0, 0, 1, 0.25], "texture": "#0"},
				"down": {"uv": [0, 0, 1, 0.25], "texture": "#0"}
			}
		},
		{
			"from": [8.5, 7, 8.5],
			"to": [11, 8, 9],
			"rotation": {"angle": 0, "axis": "y", "origin": [7, 6.5, 8]},
			"faces": {
				"north": {"uv": [1.5, 8, 2.75, 8.5], "texture": "#0"},
				"east": {"uv": [0, 0, 0.25, 0.5], "texture": "#0"},
				"south": {"uv": [1.5, 8, 2.75, 8.5], "texture": "#0"},
				"west": {"uv": [0, 0, 0.25, 0.5], "texture": "#0"},
				"up": {"uv": [0, 0, 1.25, 0.25], "texture": "#0"},
				"down": {"uv": [0, 0, 1.25, 0.25], "texture": "#0"}
			}
		},
		{
			"from": [6.5, 5, 8.5],
			"to": [8, 5.5, 9],
			"rotation": {"angle": 0, "axis": "y", "origin": [5, 4.5, 8]},
			"faces": {
				"north": {"uv": [3, 9.25, 3.75, 9.5], "texture": "#0"},
				"east": {"uv": [0.75, 0, 1, 0.25], "texture": "#0"},
				"south": {"uv": [3, 9.25, 3.75, 9.5], "texture": "#0"},
				"west": {"uv": [0, 0, 0.25, 0.25], "texture": "#0"},
				"up": {"uv": [0, 0, 0.75, 0.25], "texture": "#0"},
				"down": {"uv": [0, 0, 0.75, 0.25], "texture": "#0"}
			}
		},
		{
			"from": [5.5, 2, 8.5],
			"to": [6.5, 2.5, 9],
			"rotation": {"angle": 0, "axis": "y", "origin": [4, 1.5, 8]},
			"faces": {
				"north": {"uv": [3.75, 10.75, 4.25, 11], "texture": "#0"},
				"east": {"uv": [0, 0, 0.25, 0.25], "texture": "#0"},
				"south": {"uv": [3.75, 10.75, 4.25, 11], "texture": "#0"},
				"west": {"uv": [0, 0, 0.25, 0.25], "texture": "#0"},
				"up": {"uv": [0, 0, 0.5, 0.25], "texture": "#0"},
				"down": {"uv": [0, 0, 0.5, 0.25], "texture": "#0"}
			}
		},
		{
			"from": [6, 1.5, 8.5],
			"to": [7, 2, 9],
			"rotation": {"angle": 0, "axis": "y", "origin": [4.5, 1, 8]},
			"faces": {
				"north": {"uv": [3.5, 11, 4, 11.25], "texture": "#0"},
				"east": {"uv": [0, 0, 0.25, 0.25], "texture": "#0"},
				"south": {"uv": [3.5, 11, 4, 11.25], "texture": "#0"},
				"west": {"uv": [0, 0, 0.25, 0.25], "texture": "#0"},
				"up": {"uv": [0, 0, 0.5, 0.25], "texture": "#0"},
				"down": {"uv": [0, 0, 0.5, 0.25], "texture": "#0"}
			}
		},
		{
			"from": [7, 2.5, 8.5],
			"to": [8, 3, 9],
			"rotation": {"angle": 0, "axis": "y", "origin": [5.5, 2, 8]},
			"faces": {
				"north": {"uv": [3, 10.5, 3.5, 10.75], "texture": "#0"},
				"east": {"uv": [0, 0, 0.25, 0.25], "texture": "#0"},
				"south": {"uv": [3, 10.5, 3.5, 10.75], "texture": "#0"},
				"west": {"uv": [0, 0, 0.25, 0.25], "texture": "#0"},
				"up": {"uv": [0, 0, 0.5, 0.25], "texture": "#0"},
				"down": {"uv": [0, 0, 0.5, 0.25], "texture": "#0"}
			}
		},
		{
			"from": [6.5, 3, 8.5],
			"to": [7.5, 3.5, 9],
			"rotation": {"angle": 0, "axis": "y", "origin": [5, 2.5, 8]},
			"faces": {
				"north": {"uv": [3.25, 10.25, 3.75, 10.5], "texture": "#0"},
				"east": {"uv": [0, 0, 0.25, 0.25], "texture": "#0"},
				"south": {"uv": [3.25, 10.25, 3.75, 10.5], "texture": "#0"},
				"west": {"uv": [0, 0, 0.25, 0.25], "texture": "#0"},
				"up": {"uv": [0, 0, 0.5, 0.25], "texture": "#0"},
				"down": {"uv": [0, 0, 0.5, 0.25], "texture": "#0"}
			}
		},
		{
			"from": [6, 3.5, 8.5],
			"to": [7, 5, 9],
			"rotation": {"angle": 0, "axis": "y", "origin": [5, 3, 8]},
			"faces": {
				"north": {"uv": [3.5, 9.5, 4, 10.25], "texture": "#0"},
				"east": {"uv": [0, 0, 0.25, 0.75], "texture": "#0"},
				"south": {"uv": [3.5, 9.5, 4, 10.25], "texture": "#0"},
				"west": {"uv": [0, 0, 0.25, 0.75], "texture": "#0"},
				"up": {"uv": [0, 0, 0.5, 0.25], "texture": "#0"},
				"down": {"uv": [0, 0, 0.5, 0.25], "texture": "#0"}
			}
		},
		{
			"from": [9.45, 9.3, 8.75],
			"to": [11.75, 13.05, 8.75],
			"rotation": {"angle": -45, "axis": "z", "origin": [9.1, 9.3, 6.75]},
			"faces": {
				"north": {"uv": [0, 0, 16, 16], "texture": "#1"},
				"east": {"uv": [0, 0, 0, 6], "texture": "#1"},
				"south": {"uv": [0, 0, 16, 16], "texture": "#1"},
				"west": {"uv": [0, 0, 0, 6], "texture": "#1"},
				"up": {"uv": [6, 0, 0, 0], "texture": "#1"},
				"down": {"uv": [6, 0, 0, 0], "texture": "#1"}
			}
		}
	],
	"display": {
		"thirdperson_righthand": {
			"translation": [-0.25, 3.5, -0.5],
			"scale": [0.69, 0.69, 0.69]
		},
		"thirdperson_lefthand": {
			"translation": [-0.25, 3.5, -0.5],
			"scale": [0.69, 0.69, 0.69]
		},
		"firstperson_righthand": {
			"rotation": [0, -180, -180],
			"translation": [0, -0.75, -0.25]
		},
		"firstperson_lefthand": {
			"rotation": [0, 0, 180],
			"translation": [0, 0.75, 0]
		},
		"ground": {
			"translation": [0, 4.5, 0]
		},
		"gui": {
			"translation": [0, 1.5, 0],
			"scale": [1.2, 1.2, 1.2]
		},
		"fixed": {
			"translation": [0, 1.75, -1],
			"scale": [1.2, 1.2, 1.2]
		}
	}
}