{
	"credit": "Made with Blockbench",
	"textures": {
		"0": "block/paper_1",
		"particle": "block/paper_1"
	},
	"elements": [
		{
			"from": [4, 0, 3],
			"to": [12, 0, 14],
			"rotation": {"angle": 0, "axis": "y", "origin": [0, 0, 16]},
			"faces": {
				"north": {"uv": [8, 0, 0, 0], "texture": "#0"},
				"east": {"uv": [11, 0, 0, 0], "texture": "#0"},
				"south": {"uv": [8, 0, 0, 0], "texture": "#0"},
				"west": {"uv": [11, 0, 0, 0], "texture": "#0"},
				"up": {"uv": [4, 15, 8, 10], "texture": "#0"},
				"down": {"uv": [12, 15, 16, 10], "texture": "#0"}
			}
		},
		{
			"from": [4, 1.15, 2.75],
			"to": [12, 1.15, 13.75],
			"rotation": {"angle": 0, "axis": "y", "origin": [0, 0, 16]},
			"faces": {
				"north": {"uv": [8, 0, 0, 0], "texture": "#0"},
				"east": {"uv": [11, 0, 0, 0], "texture": "#0"},
				"south": {"uv": [8, 0, 0, 0], "texture": "#0"},
				"west": {"uv": [11, 0, 0, 0], "texture": "#0"},
				"up": {"uv": [8, 15, 12, 10], "texture": "#0"},
				"down": {"uv": [12, 15, 16, 10], "texture": "#0"}
			}
		},
		{
			"from": [4.25, 0.9, 3.25],
			"to": [12.25, 0.9, 14.25],
			"rotation": {"angle": 0, "axis": "y", "origin": [0, 0, 16]},
			"faces": {
				"north": {"uv": [8, 0, 0, 0], "texture": "#0"},
				"east": {"uv": [11, 0, 0, 0], "texture": "#0"},
				"south": {"uv": [8, 0, 0, 0], "texture": "#0"},
				"west": {"uv": [11, 0, 0, 0], "texture": "#0"},
				"up": {"uv": [4, 15, 8, 10], "texture": "#0"},
				"down": {"uv": [12, 15, 16, 10], "texture": "#0"}
			}
		},
		{
			"from": [3.75, 1, 2.75],
			"to": [11.75, 1, 13.75],
			"rotation": {"angle": 0, "axis": "y", "origin": [0, 0, 16]},
			"faces": {
				"north": {"uv": [8, 0, 0, 0], "texture": "#0"},
				"east": {"uv": [11, 0, 0, 0], "texture": "#0"},
				"south": {"uv": [8, 0, 0, 0], "texture": "#0"},
				"west": {"uv": [11, 0, 0, 0], "texture": "#0"},
				"up": {"uv": [0, 5, 4, 0], "texture": "#0"},
				"down": {"uv": [12, 5, 16, 0], "texture": "#0"}
			}
		},
		{
			"from": [4, 0.85, 2.75],
			"to": [12, 0.85, 13.75],
			"rotation": {"angle": 0, "axis": "y", "origin": [0, 0, 16]},
			"faces": {
				"north": {"uv": [8, 0, 0, 0], "texture": "#0"},
				"east": {"uv": [11, 0, 0, 0], "texture": "#0"},
				"south": {"uv": [8, 0, 0, 0], "texture": "#0"},
				"west": {"uv": [11, 0, 0, 0], "texture": "#0"},
				"up": {"uv": [8, 15, 12, 10], "texture": "#0"},
				"down": {"uv": [12, 15, 16, 10], "texture": "#0"}
			}
		},
		{
			"from": [3.75, 0.7, 2.75],
			"to": [11.75, 0.7, 13.75],
			"rotation": {"angle": 0, "axis": "y", "origin": [0, 0, 16]},
			"faces": {
				"north": {"uv": [8, 0, 0, 0], "texture": "#0"},
				"east": {"uv": [11, 0, 0, 0], "texture": "#0"},
				"south": {"uv": [8, 0, 0, 0], "texture": "#0"},
				"west": {"uv": [11, 0, 0, 0], "texture": "#0"},
				"up": {"uv": [0, 5, 4, 0], "texture": "#0"},
				"down": {"uv": [12, 5, 16, 0], "texture": "#0"}
			}
		},
		{
			"from": [4.25, 1.2, 3.25],
			"to": [12.25, 1.2, 14.25],
			"rotation": {"angle": 0, "axis": "y", "origin": [0, 0, 16]},
			"faces": {
				"north": {"uv": [8, 0, 0, 0], "texture": "#0"},
				"east": {"uv": [11, 0, 0, 0], "texture": "#0"},
				"south": {"uv": [8, 0, 0, 0], "texture": "#0"},
				"west": {"uv": [11, 0, 0, 0], "texture": "#0"},
				"up": {"uv": [4, 15, 8, 10], "texture": "#0"},
				"down": {"uv": [12, 15, 16, 10], "texture": "#0"}
			}
		},
		{
			"from": [4.25, 0.6, 3.25],
			"to": [12.25, 0.6, 14.25],
			"rotation": {"angle": 0, "axis": "y", "origin": [0, 0, 16]},
			"faces": {
				"north": {"uv": [8, 0, 0, 0], "texture": "#0"},
				"east": {"uv": [11, 0, 0, 0], "texture": "#0"},
				"south": {"uv": [8, 0, 0, 0], "texture": "#0"},
				"west": {"uv": [11, 0, 0, 0], "texture": "#0"},
				"up": {"uv": [4, 15, 8, 10], "texture": "#0"},
				"down": {"uv": [12, 15, 16, 10], "texture": "#0"}
			}
		},
		{
			"from": [4, 0.6, 3],
			"to": [12, 0.6, 14],
			"rotation": {"angle": 0, "axis": "y", "origin": [0, 0, 16]},
			"faces": {
				"north": {"uv": [8, 0, 0, 0], "texture": "#0"},
				"east": {"uv": [11, 0, 0, 0], "texture": "#0"},
				"south": {"uv": [8, 0, 0, 0], "texture": "#0"},
				"west": {"uv": [11, 0, 0, 0], "texture": "#0"},
				"up": {"uv": [4, 15, 8, 10], "texture": "#0"},
				"down": {"uv": [12, 15, 16, 10], "texture": "#0"}
			}
		},
		{
			"from": [3.25, 1.8, 2.75],
			"to": [11.25, 1.8, 13.75],
			"rotation": {"angle": 0, "axis": "y", "origin": [0, 0, 16]},
			"faces": {
				"north": {"uv": [8, 0, 0, 0], "texture": "#0"},
				"east": {"uv": [11, 0, 0, 0], "texture": "#0"},
				"south": {"uv": [8, 0, 0, 0], "texture": "#0"},
				"west": {"uv": [11, 0, 0, 0], "texture": "#0"},
				"up": {"uv": [8, 15, 12, 10], "texture": "#0"},
				"down": {"uv": [12, 15, 16, 10], "texture": "#0"}
			}
		},
		{
			"from": [3.5, 1.55, 3.25],
			"to": [11.5, 1.55, 14.25],
			"rotation": {"angle": 0, "axis": "y", "origin": [0, 0, 16]},
			"faces": {
				"north": {"uv": [8, 0, 0, 0], "texture": "#0"},
				"east": {"uv": [11, 0, 0, 0], "texture": "#0"},
				"south": {"uv": [8, 0, 0, 0], "texture": "#0"},
				"west": {"uv": [11, 0, 0, 0], "texture": "#0"},
				"up": {"uv": [4, 15, 8, 10], "texture": "#0"},
				"down": {"uv": [12, 15, 16, 10], "texture": "#0"}
			}
		},
		{
			"from": [3, 1.65, 2.75],
			"to": [11, 1.65, 13.75],
			"rotation": {"angle": 0, "axis": "y", "origin": [0, 0, 16]},
			"faces": {
				"north": {"uv": [8, 0, 0, 0], "texture": "#0"},
				"east": {"uv": [11, 0, 0, 0], "texture": "#0"},
				"south": {"uv": [8, 0, 0, 0], "texture": "#0"},
				"west": {"uv": [11, 0, 0, 0], "texture": "#0"},
				"up": {"uv": [0, 5, 4, 0], "texture": "#0"},
				"down": {"uv": [12, 5, 16, 0], "texture": "#0"}
			}
		},
		{
			"from": [3.25, 1.5, 2.75],
			"to": [11.25, 1.5, 13.75],
			"rotation": {"angle": 0, "axis": "y", "origin": [0, 0, 16]},
			"faces": {
				"north": {"uv": [8, 0, 0, 0], "texture": "#0"},
				"east": {"uv": [11, 0, 0, 0], "texture": "#0"},
				"south": {"uv": [8, 0, 0, 0], "texture": "#0"},
				"west": {"uv": [11, 0, 0, 0], "texture": "#0"},
				"up": {"uv": [8, 15, 12, 10], "texture": "#0"},
				"down": {"uv": [12, 15, 16, 10], "texture": "#0"}
			}
		},
		{
			"from": [3, 1.35, 2.75],
			"to": [11, 1.35, 13.75],
			"rotation": {"angle": 0, "axis": "y", "origin": [0, 0, 16]},
			"faces": {
				"north": {"uv": [8, 0, 0, 0], "texture": "#0"},
				"east": {"uv": [11, 0, 0, 0], "texture": "#0"},
				"south": {"uv": [8, 0, 0, 0], "texture": "#0"},
				"west": {"uv": [11, 0, 0, 0], "texture": "#0"},
				"up": {"uv": [0, 5, 4, 0], "texture": "#0"},
				"down": {"uv": [12, 5, 16, 0], "texture": "#0"}
			}
		},
		{
			"from": [6.5, 1.85, 5.25],
			"to": [14.5, 1.85, 16.25],
			"rotation": {"angle": 22.5, "axis": "y", "origin": [0, 0, 16]},
			"faces": {
				"north": {"uv": [8, 0, 0, 0], "texture": "#0"},
				"east": {"uv": [11, 0, 0, 0], "texture": "#0"},
				"south": {"uv": [8, 0, 0, 0], "texture": "#0"},
				"west": {"uv": [11, 0, 0, 0], "texture": "#0"},
				"up": {"uv": [4, 15, 8, 10], "texture": "#0"},
				"down": {"uv": [12, 15, 16, 10], "texture": "#0"}
			}
		},
		{
			"from": [3.5, 0.1, 2.5],
			"to": [11.5, 0.1, 13.5],
			"rotation": {"angle": 0, "axis": "y", "origin": [0, 0, 16]},
			"faces": {
				"north": {"uv": [8, 0, 0, 0], "texture": "#0"},
				"east": {"uv": [11, 0, 0, 0], "texture": "#0"},
				"south": {"uv": [8, 0, 0, 0], "texture": "#0"},
				"west": {"uv": [11, 0, 0, 0], "texture": "#0"},
				"up": {"uv": [0, 5, 4, 0], "texture": "#0"},
				"down": {"uv": [12, 5, 16, 0], "texture": "#0"}
			}
		},
		{
			"from": [3.75, 0.25, 2.5],
			"to": [11.75, 0.25, 13.5],
			"rotation": {"angle": 0, "axis": "y", "origin": [0, 0, 16]},
			"faces": {
				"north": {"uv": [8, 0, 0, 0], "texture": "#0"},
				"east": {"uv": [11, 0, 0, 0], "texture": "#0"},
				"south": {"uv": [8, 0, 0, 0], "texture": "#0"},
				"west": {"uv": [11, 0, 0, 0], "texture": "#0"},
				"up": {"uv": [8, 15, 12, 10], "texture": "#0"},
				"down": {"uv": [12, 15, 16, 10], "texture": "#0"}
			}
		},
		{
			"from": [3.5, 0.4, 2.5],
			"to": [11.5, 0.4, 13.5],
			"rotation": {"angle": 0, "axis": "y", "origin": [0, 0, 16]},
			"faces": {
				"north": {"uv": [8, 0, 0, 0], "texture": "#0"},
				"east": {"uv": [11, 0, 0, 0], "texture": "#0"},
				"south": {"uv": [8, 0, 0, 0], "texture": "#0"},
				"west": {"uv": [11, 0, 0, 0], "texture": "#0"},
				"up": {"uv": [0, 5, 4, 0], "texture": "#0"},
				"down": {"uv": [12, 5, 16, 0], "texture": "#0"}
			}
		},
		{
			"from": [4, 0.3, 3],
			"to": [12, 0.3, 14],
			"rotation": {"angle": 0, "axis": "y", "origin": [0, 0, 16]},
			"faces": {
				"north": {"uv": [8, 0, 0, 0], "texture": "#0"},
				"east": {"uv": [11, 0, 0, 0], "texture": "#0"},
				"south": {"uv": [8, 0, 0, 0], "texture": "#0"},
				"west": {"uv": [11, 0, 0, 0], "texture": "#0"},
				"up": {"uv": [4, 15, 8, 10], "texture": "#0"},
				"down": {"uv": [12, 15, 16, 10], "texture": "#0"}
			}
		},
		{
			"from": [3.75, 0.55, 2.5],
			"to": [11.75, 0.55, 13.5],
			"rotation": {"angle": 0, "axis": "y", "origin": [0, 0, 16]},
			"faces": {
				"north": {"uv": [8, 0, 0, 0], "texture": "#0"},
				"east": {"uv": [11, 0, 0, 0], "texture": "#0"},
				"south": {"uv": [8, 0, 0, 0], "texture": "#0"},
				"west": {"uv": [11, 0, 0, 0], "texture": "#0"},
				"up": {"uv": [8, 15, 12, 10], "texture": "#0"},
				"down": {"uv": [12, 15, 16, 10], "texture": "#0"}
			}
		}
	],
	"display": {
		"thirdperson_righthand": {
			"translation": [0, 8, 0]
		},
		"thirdperson_lefthand": {
			"translation": [0, 8, 0]
		},
		"firstperson_righthand": {
			"translation": [0, 8, 0]
		},
		"firstperson_lefthand": {
			"translation": [0, 8, 0]
		},
		"ground": {
			"translation": [0, 5.25, 0]
		},
		"gui": {
			"rotation": [12, 0, 0],
			"translation": [0, 4.75, 0]
		},
		"head": {
			"translation": [0, 14.75, 0]
		},
		"fixed": {
			"rotation": [-90, 0, 0],
			"translation": [0.5, 0, -15.75],
			"scale": [1.92, 1.92, 1.92]
		}
	}
}