{
	"credit": "Made with Blockbench",
	"texture_size": [64, 64],
	"textures": {
		"1": "kolonie:block/a",
		"particle": "kolonie:block/a"
	},
	"elements": [
		{
			"from": [9, 19, 8],
			"to": [14, 20, 9],
			"rotation": {"angle": 0, "axis": "y", "origin": [10, 19, 8]},
			"faces": {
				"north": {"uv": [6, 0.5, 7.25, 0.75], "texture": "#1"},
				"east": {"uv": [11.5, 3.75, 11.75, 4], "texture": "#1"},
				"south": {"uv": [6, 0.5, 7.25, 0.75], "texture": "#1"},
				"west": {"uv": [11.5, 3.25, 11.75, 3.5], "texture": "#1"},
				"up": {"uv": [5.75, 0, 8.25, 0.25], "texture": "#1"},
				"down": {"uv": [5.75, 0, 8.25, 0.25], "texture": "#1"}
			}
		},
		{
			"from": [7, 18, 8],
			"to": [16, 19, 9],
			"rotation": {"angle": 0, "axis": "y", "origin": [13, 18, 8]},
			"faces": {
				"north": {"uv": [5.5, 0.75, 7.75, 1], "texture": "#1"},
				"east": {"uv": [11.75, 3.5, 12.25, 4], "texture": "#1"},
				"south": {"uv": [5.5, 0.75, 7.75, 1], "texture": "#1"},
				"west": {"uv": [11.75, 3.5, 12.25, 4], "texture": "#1"},
				"up": {"uv": [5.75, 0, 9.25, 0.25], "texture": "#1"},
				"down": {"uv": [5.5, 0, 9, 0.25], "texture": "#1"}
			}
		},
		{
			"from": [6, 3, 8],
			"to": [7, 18, 9],
			"rotation": {"angle": 0, "axis": "y", "origin": [5, 17, 8]},
			"faces": {
				"north": {"uv": [7.75, 1, 8, 4.75], "texture": "#1"},
				"east": {"uv": [11.75, 0, 12, 4.25], "texture": "#1"},
				"south": {"uv": [7.75, 1, 8, 4.75], "texture": "#1"},
				"west": {"uv": [11.75, 0, 12, 4.25], "texture": "#1"},
				"up": {"uv": [11.5, 3.75, 12, 4.25], "texture": "#1"},
				"down": {"uv": [11.5, 3.75, 12, 4.25], "texture": "#1"}
			}
		},
		{
			"from": [3, 3, 8],
			"to": [6, 17, 9],
			"rotation": {"angle": 0, "axis": "y", "origin": [3, 16, 8]},
			"faces": {
				"north": {"uv": [8, 1.25, 8.75, 4.5], "texture": "#1"},
				"east": {"uv": [11.75, 0, 12.25, 4.25], "texture": "#1"},
				"south": {"uv": [8, 1.25, 8.75, 4.5], "texture": "#1"},
				"west": {"uv": [11.75, 0, 12.25, 4.25], "texture": "#1"},
				"up": {"uv": [7.75, 0, 9.25, 0.25], "texture": "#1"},
				"down": {"uv": [8, 0, 9.5, 0.25], "texture": "#1"}
			}
		},
		{
			"from": [0, 3, 8],
			"to": [3, 16, 9],
			"rotation": {"angle": 0, "axis": "y", "origin": [0, 15, 8]},
			"faces": {
				"north": {"uv": [9, 1.5, 9.5, 4.5], "texture": "#1"},
				"east": {"uv": [11.75, 0, 12, 4.75], "texture": "#1"},
				"south": {"uv": [9, 1.5, 9.5, 4.5], "texture": "#1"},
				"west": {"uv": [12, 0, 12.25, 4.75], "texture": "#1"},
				"up": {"uv": [7.5, 0, 9, 0.25], "texture": "#1"},
				"down": {"uv": [7.5, 0, 9, 0.25], "texture": "#1"}
			}
		},
		{
			"from": [-2, 4, 8],
			"to": [0, 15, 9],
			"rotation": {"angle": 0, "axis": "y", "origin": [-3, 14, 8]},
			"faces": {
				"north": {"uv": [9.5, 1.75, 10, 4.25], "texture": "#1"},
				"east": {"uv": [12, 0, 12.25, 4.75], "texture": "#1"},
				"south": {"uv": [9.5, 1.75, 10, 4.25], "texture": "#1"},
				"west": {"uv": [12, 0, 12.25, 4.75], "texture": "#1"},
				"up": {"uv": [8, 0, 9, 0.25], "texture": "#1"},
				"down": {"uv": [8, 0, 9, 0.25], "texture": "#1"}
			}
		},
		{
			"from": [-4, 4, 8],
			"to": [-2, 16, 9],
			"rotation": {"angle": 0, "axis": "y", "origin": [-5, 15, 8]},
			"faces": {
				"north": {"uv": [10, 1.5, 10.5, 4.25], "texture": "#1"},
				"east": {"uv": [12, 0, 12.25, 4.75], "texture": "#1"},
				"south": {"uv": [10, 1.5, 10.5, 4.25], "texture": "#1"},
				"west": {"uv": [12, 0, 12.25, 4.75], "texture": "#1"},
				"up": {"uv": [8.25, 0, 9.25, 0.25], "texture": "#1"},
				"down": {"uv": [8.25, 0, 9.25, 0.25], "texture": "#1"}
			}
		},
		{
			"from": [-7, 14, 8],
			"to": [-6, 18, 9],
			"rotation": {"angle": 0, "axis": "y", "origin": [-8, 17, 8]},
			"faces": {
				"north": {"uv": [11, 1, 11.25, 2], "texture": "#1"},
				"east": {"uv": [11.75, 1.75, 12.25, 3.75], "texture": "#1"},
				"south": {"uv": [11, 1, 11.25, 2], "texture": "#1"},
				"west": {"uv": [11.75, 1.75, 12.25, 3.75], "texture": "#1"},
				"up": {"uv": [11.75, 3.75, 12.25, 4.25], "texture": "#1"},
				"down": {"uv": [11.75, 3.75, 12.25, 4.25], "texture": "#1"}
			}
		},
		{
			"from": [-6, 10, 8],
			"to": [-4, 17, 9],
			"rotation": {"angle": 0, "axis": "y", "origin": [-7, 13, 8]},
			"faces": {
				"north": {"uv": [10.5, 1.25, 11, 2.75], "texture": "#1"},
				"east": {"uv": [12, 1.5, 12.25, 3.5], "texture": "#1"},
				"south": {"uv": [10.5, 1.25, 11, 2.75], "texture": "#1"},
				"west": {"uv": [12, 1.5, 12.25, 3.5], "texture": "#1"},
				"up": {"uv": [8.5, 0, 9.5, 0.25], "texture": "#1"},
				"down": {"uv": [8.5, 0, 9.5, 0.25], "texture": "#1"}
			}
		},
		{
			"from": [-5, 6, 8],
			"to": [-4, 10, 9],
			"rotation": {"angle": 0, "axis": "y", "origin": [-6, 9, 8]},
			"faces": {
				"north": {"uv": [10.5, 2.75, 10.75, 3.75], "texture": "#1"},
				"east": {"uv": [11.75, 1.25, 12.25, 3.75], "texture": "#1"},
				"south": {"uv": [10.5, 2.75, 10.75, 3.75], "texture": "#1"},
				"west": {"uv": [11.75, 1.75, 12.25, 4.25], "texture": "#1"},
				"up": {"uv": [11.75, 3.75, 12.25, 4.25], "texture": "#1"},
				"down": {"uv": [11.75, 3.75, 12.25, 4.25], "texture": "#1"}
			}
		},
		{
			"from": [-6, 6, 8],
			"to": [-5, 8, 9],
			"rotation": {"angle": 0, "axis": "y", "origin": [-7, 7, 8]},
			"faces": {
				"north": {"uv": [10.75, 3.25, 11, 3.75], "texture": "#1"},
				"east": {"uv": [11.75, 3.25, 12.25, 4.25], "texture": "#1"},
				"south": {"uv": [10.75, 3.25, 11, 3.75], "texture": "#1"},
				"west": {"uv": [11.75, 3.25, 12.25, 4.25], "texture": "#1"},
				"up": {"uv": [11.75, 3.75, 12.25, 4.25], "texture": "#1"},
				"down": {"uv": [11.75, 3.75, 12.25, 4.25], "texture": "#1"}
			}
		},
		{
			"from": [-7, 4, 8],
			"to": [-4, 6, 9],
			"rotation": {"angle": 0, "axis": "y", "origin": [-8, 5, 8]},
			"faces": {
				"north": {"uv": [10.5, 3.75, 11.25, 4.25], "texture": "#1"},
				"east": {"uv": [0, 0, 0.5, 1], "texture": "#1"},
				"south": {"uv": [10.5, 3.75, 11.25, 4.25], "texture": "#1"},
				"west": {"uv": [11.75, 3, 12.25, 4], "texture": "#1"},
				"up": {"uv": [7.75, 0, 8.75, 0.25], "texture": "#1"},
				"down": {"uv": [7.75, 0, 8.75, 0.25], "texture": "#1"}
			}
		},
		{
			"from": [-5, 3, 8],
			"to": [-3, 4, 9],
			"rotation": {"angle": 0, "axis": "y", "origin": [-6, 4, 8]},
			"faces": {
				"north": {"uv": [10.25, 4.25, 10.75, 4.5], "texture": "#1"},
				"east": {"uv": [11.5, 3.75, 12, 4.25], "texture": "#1"},
				"south": {"uv": [10.25, 4.25, 10.75, 4.5], "texture": "#1"},
				"west": {"uv": [11.5, 3.75, 12, 4.25], "texture": "#1"},
				"up": {"uv": [8.75, 0, 9.75, 0.25], "texture": "#1"},
				"down": {"uv": [8.75, 0, 9.75, 0.25], "texture": "#1"}
			}
		},
		{
			"from": [4, 2, 8],
			"to": [7, 3, 9],
			"rotation": {"angle": 0, "axis": "y", "origin": [3, 3, 8]},
			"faces": {
				"north": {"uv": [7.75, 4.5, 8.5, 4.75], "texture": "#1"},
				"east": {"uv": [11.5, 2.75, 12, 3.25], "texture": "#1"},
				"south": {"uv": [7.75, 4.5, 8.5, 4.75], "texture": "#1"},
				"west": {"uv": [11.5, 3.5, 12, 4], "texture": "#1"},
				"up": {"uv": [7.75, 0, 9.25, 0.25], "texture": "#1"},
				"down": {"uv": [7, 0, 8.5, 0.25], "texture": "#1"}
			}
		},
		{
			"from": [7, 1, 8],
			"to": [16, 2, 9],
			"rotation": {"angle": 0, "axis": "y", "origin": [13, 2, 8]},
			"faces": {
				"north": {"uv": [5.5, 4.75, 7.75, 5], "texture": "#1"},
				"east": {"uv": [11.75, 3.75, 12.25, 4.25], "texture": "#1"},
				"south": {"uv": [5.5, 4.75, 7.75, 5], "texture": "#1"},
				"west": {"uv": [11.75, 3.25, 12.25, 3.75], "texture": "#1"},
				"up": {"uv": [6.25, 0, 9.75, 0.25], "texture": "#1"},
				"down": {"uv": [5.75, 0, 9.25, 0.25], "texture": "#1"}
			}
		},
		{
			"from": [7, 2, 8],
			"to": [17, 18, 9],
			"rotation": {"angle": 0, "axis": "y", "origin": [15, 3, 8]},
			"faces": {
				"north": {"uv": [5.25, 1, 7.75, 4.75], "texture": "#1"},
				"east": {"uv": [12, 0, 12.25, 4.5], "texture": "#1"},
				"south": {"uv": [5.25, 1, 7.75, 4.75], "texture": "#1"},
				"west": {"uv": [12, 0, 12.25, 4.5], "texture": "#1"},
				"up": {"uv": [5.5, 0, 10.25, 0.25], "texture": "#1"},
				"down": {"uv": [5.5, 0, 10.25, 0.25], "texture": "#1"}
			}
		},
		{
			"from": [9, 0, 8],
			"to": [14, 1, 9],
			"rotation": {"angle": 0, "axis": "y", "origin": [8, 1, 8]},
			"faces": {
				"north": {"uv": [6, 5, 7.25, 5.25], "texture": "#1"},
				"east": {"uv": [11.75, 3.75, 12.25, 4.25], "texture": "#1"},
				"south": {"uv": [6, 5, 7.25, 5.25], "texture": "#1"},
				"west": {"uv": [11.75, 3, 12.25, 3.5], "texture": "#1"},
				"up": {"uv": [6.75, 0, 9.25, 0.25], "texture": "#1"},
				"down": {"uv": [6.75, 0, 9.25, 0.25], "texture": "#1"}
			}
		}
	],
	"display": {
		"thirdperson_righthand": {
			"translation": [-1, 0, -0.25],
			"scale": [0.25, 0.25, 0.25]
		},
		"thirdperson_lefthand": {
			"translation": [0, 0, -0.25],
			"scale": [0.25, 0.25, 0.25]
		},
		"firstperson_righthand": {
			"rotation": [-15, -180, 0],
			"scale": [0.34, 0.34, 0.34]
		},
		"firstperson_lefthand": {
			"rotation": [-15, 180, 0],
			"scale": [0.34, 0.34, 0.34]
		},
		"ground": {
			"translation": [0, -0.25, 0],
			"scale": [0.44, 0.44, 0.44]
		},
		"gui": {
			"rotation": [-180, 0, -180],
			"translation": [-1.5, -1.5, 0],
			"scale": [0.57789, 0.73, 0.6]
		},
		"head": {
			"scale": [0.3, 0.41, 1]
		},
		"fixed": {
			"translation": [1.5, -1.75, -0.5],
			"scale": [0.74703, 0.91, 0.62]
		}
	},
	"groups": [
		{
			"name": "group",
			"origin": [8, -5, 8],
			"color": 0,
			"children": [0, 1, 2, 3, 4, 5, 6, 7, 8, 9, 10, 11, 12, 13, 14, 15, 16]
		}
	]
}