{
	"credit": "Made with Blockbench",
	"textures": {
		"1": "block/gray_wool",
		"2": "block/nether_portal",
		"particle": "block/nether_portal"
	},
	"elements": [
		{
			"from": [4.75, 0, 10.5],
			"to": [6.5, 1, 12],
			"rotation": {"angle": 45, "axis": "y", "origin": [0, 0, 0]},
			"faces": {
				"north": {"uv": [0, 6, 1, 6.5], "texture": "#1"},
				"east": {"uv": [6, 0, 7, 0.5], "texture": "#1"},
				"south": {"uv": [6, 0.5, 7, 1], "texture": "#1"},
				"west": {"uv": [1, 6, 2, 6.5], "texture": "#1"},
				"up": {"uv": [1, 1, 0, 0], "texture": "#1"},
				"down": {"uv": [1, 1, 0, 2], "texture": "#1"}
			}
		},
		{
			"from": [4.5, 0.5, 10.5],
			"to": [5.5, 2, 12],
			"rotation": {"angle": 45, "axis": "y", "origin": [0, 0, 0]},
			"faces": {
				"north": {"uv": [6, 1, 6.5, 2], "texture": "#1"},
				"east": {"uv": [1, 0, 2, 1], "texture": "#1"},
				"south": {"uv": [2, 6, 2.5, 7], "texture": "#1"},
				"west": {"uv": [1, 1, 2, 2], "texture": "#1"},
				"up": {"uv": [6.5, 3, 6, 2], "texture": "#1"},
				"down": {"uv": [3, 6, 2.5, 7], "texture": "#1"}
			}
		},
		{
			"from": [4.25, 1.5, 10.5],
			"to": [5, 3, 12],
			"rotation": {"angle": 45, "axis": "y", "origin": [0, 0, 0]},
			"faces": {
				"north": {"uv": [3, 6, 3.5, 7], "texture": "#1"},
				"east": {"uv": [0, 2, 1, 3], "texture": "#1"},
				"south": {"uv": [6, 3, 6.5, 4], "texture": "#1"},
				"west": {"uv": [2, 0, 3, 1], "texture": "#1"},
				"up": {"uv": [4, 7, 3.5, 6], "texture": "#1"},
				"down": {"uv": [4.5, 6, 4, 7], "texture": "#1"}
			}
		},
		{
			"from": [-6.5, 0, 10.5],
			"to": [-4.75, 1, 12],
			"rotation": {"angle": 45, "axis": "y", "origin": [0, 0, 0]},
			"faces": {
				"north": {"uv": [6, 4, 7, 4.5], "texture": "#1"},
				"east": {"uv": [4.5, 6, 5.5, 6.5], "texture": "#1"},
				"south": {"uv": [6, 4.5, 7, 5], "texture": "#1"},
				"west": {"uv": [6, 5, 7, 5.5], "texture": "#1"},
				"up": {"uv": [2, 3, 1, 2], "texture": "#1"},
				"down": {"uv": [3, 1, 2, 2], "texture": "#1"}
			}
		},
		{
			"from": [-5.5, 0.5, 10.5],
			"to": [-4.5, 2, 12],
			"rotation": {"angle": 45, "axis": "y", "origin": [0, 0, 0]},
			"faces": {
				"north": {"uv": [5.5, 6, 6, 7], "texture": "#1"},
				"east": {"uv": [2, 2, 3, 3], "texture": "#1"},
				"south": {"uv": [6, 5.5, 6.5, 6.5], "texture": "#1"},
				"west": {"uv": [0, 3, 1, 4], "texture": "#1"},
				"up": {"uv": [0.5, 7.5, 0, 6.5], "texture": "#1"},
				"down": {"uv": [1, 6.5, 0.5, 7.5], "texture": "#1"}
			}
		},
		{
			"from": [-5, 1.5, 10.5],
			"to": [-4.25, 3, 12],
			"rotation": {"angle": 45, "axis": "y", "origin": [0, 0, 0]},
			"faces": {
				"north": {"uv": [1, 6.5, 1.5, 7.5], "texture": "#1"},
				"east": {"uv": [3, 0, 4, 1], "texture": "#1"},
				"south": {"uv": [6.5, 1, 7, 2], "texture": "#1"},
				"west": {"uv": [1, 3, 2, 4], "texture": "#1"},
				"up": {"uv": [2, 7.5, 1.5, 6.5], "texture": "#1"},
				"down": {"uv": [7, 2, 6.5, 3], "texture": "#1"}
			}
		},
		{
			"from": [-0.75, 0, 4.75],
			"to": [0.75, 1, 6.5],
			"rotation": {"angle": 45, "axis": "y", "origin": [0, 0, 0]},
			"faces": {
				"north": {"uv": [6.5, 3, 7.5, 3.5], "texture": "#1"},
				"east": {"uv": [6.5, 3.5, 7.5, 4], "texture": "#1"},
				"south": {"uv": [4.5, 6.5, 5.5, 7], "texture": "#1"},
				"west": {"uv": [6.5, 5.5, 7.5, 6], "texture": "#1"},
				"up": {"uv": [4, 2, 3, 1], "texture": "#1"},
				"down": {"uv": [3, 3, 2, 4], "texture": "#1"}
			}
		},
		{
			"from": [-0.75, 0.5, 5.75],
			"to": [0.75, 2, 6.75],
			"rotation": {"angle": 45, "axis": "y", "origin": [0, 0, 0]},
			"faces": {
				"north": {"uv": [3, 2, 4, 3], "texture": "#1"},
				"east": {"uv": [6, 6.5, 6.5, 7.5], "texture": "#1"},
				"south": {"uv": [3, 3, 4, 4], "texture": "#1"},
				"west": {"uv": [6.5, 6, 7, 7], "texture": "#1"},
				"up": {"uv": [8, 0.5, 7, 0], "texture": "#1"},
				"down": {"uv": [8, 0.5, 7, 1], "texture": "#1"}
			}
		},
		{
			"from": [-0.75, 1.5, 6.25],
			"to": [0.75, 3, 7],
			"rotation": {"angle": 45, "axis": "y", "origin": [0, 0, 0]},
			"faces": {
				"north": {"uv": [0, 4, 1, 5], "texture": "#1"},
				"east": {"uv": [7, 1, 7.5, 2], "texture": "#1"},
				"south": {"uv": [4, 0, 5, 1], "texture": "#1"},
				"west": {"uv": [2, 7, 2.5, 8], "texture": "#1"},
				"up": {"uv": [8, 2.5, 7, 2], "texture": "#1"},
				"down": {"uv": [3.5, 7, 2.5, 7.5], "texture": "#1"}
			}
		},
		{
			"from": [-0.75, 0, 16.1],
			"to": [0.75, 1, 17.85],
			"rotation": {"angle": 45, "axis": "y", "origin": [0, 0, 0]},
			"faces": {
				"north": {"uv": [7, 2.5, 8, 3], "texture": "#1"},
				"east": {"uv": [3.5, 7, 4.5, 7.5], "texture": "#1"},
				"south": {"uv": [7, 4, 8, 4.5], "texture": "#1"},
				"west": {"uv": [4.5, 7, 5.5, 7.5], "texture": "#1"},
				"up": {"uv": [2, 5, 1, 4], "texture": "#1"},
				"down": {"uv": [5, 1, 4, 2], "texture": "#1"}
			}
		},
		{
			"from": [-0.75, 0.5, 15.85],
			"to": [0.75, 2, 16.85],
			"rotation": {"angle": 45, "axis": "y", "origin": [0, 0, 0]},
			"faces": {
				"north": {"uv": [2, 4, 3, 5], "texture": "#1"},
				"east": {"uv": [7, 4.5, 7.5, 5.5], "texture": "#1"},
				"south": {"uv": [4, 2, 5, 3], "texture": "#1"},
				"west": {"uv": [5.5, 7, 6, 8], "texture": "#1"},
				"up": {"uv": [8, 6.5, 7, 6], "texture": "#1"},
				"down": {"uv": [7.5, 7, 6.5, 7.5], "texture": "#1"}
			}
		},
		{
			"from": [-0.75, 1.5, 15.6],
			"to": [0.75, 3, 16.35],
			"rotation": {"angle": 45, "axis": "y", "origin": [0, 0, 0]},
			"faces": {
				"north": {"uv": [3, 4, 4, 5], "texture": "#1"},
				"east": {"uv": [0, 7.5, 0.5, 8.5], "texture": "#1"},
				"south": {"uv": [4, 3, 5, 4], "texture": "#1"},
				"west": {"uv": [0.5, 7.5, 1, 8.5], "texture": "#1"},
				"up": {"uv": [8, 7, 7, 6.5], "texture": "#1"},
				"down": {"uv": [2, 7.5, 1, 8], "texture": "#1"}
			}
		},
		{
			"from": [4.75, 0, 10.5],
			"to": [6.5, 1, 12],
			"rotation": {"angle": 45, "axis": "y", "origin": [0, 0, 0]},
			"faces": {
				"north": {"uv": [7.5, 1, 8.5, 1.5], "texture": "#1"},
				"east": {"uv": [7.5, 1.5, 8.5, 2], "texture": "#1"},
				"south": {"uv": [2.5, 7.5, 3.5, 8], "texture": "#1"},
				"west": {"uv": [7.5, 3, 8.5, 3.5], "texture": "#1"},
				"up": {"uv": [5, 5, 4, 4], "texture": "#1"},
				"down": {"uv": [1, 5, 0, 6], "texture": "#1"}
			}
		},
		{
			"from": [4.5, 0.5, 10.5],
			"to": [5.5, 2, 12],
			"rotation": {"angle": 45, "axis": "y", "origin": [0, 0, 0]},
			"faces": {
				"north": {"uv": [3.5, 7.5, 4, 8.5], "texture": "#1"},
				"east": {"uv": [5, 0, 6, 1], "texture": "#1"},
				"south": {"uv": [4, 7.5, 4.5, 8.5], "texture": "#1"},
				"west": {"uv": [1, 5, 2, 6], "texture": "#1"},
				"up": {"uv": [5, 8.5, 4.5, 7.5], "texture": "#1"},
				"down": {"uv": [8, 4.5, 7.5, 5.5], "texture": "#1"}
			}
		},
		{
			"from": [4.25, 1.5, 10.5],
			"to": [5, 3, 12],
			"rotation": {"angle": 45, "axis": "y", "origin": [0, 0, 0]},
			"faces": {
				"north": {"uv": [5, 7.5, 5.5, 8.5], "texture": "#1"},
				"east": {"uv": [5, 1, 6, 2], "texture": "#1"},
				"south": {"uv": [6, 7.5, 6.5, 8.5], "texture": "#1"},
				"west": {"uv": [2, 5, 3, 6], "texture": "#1"},
				"up": {"uv": [7, 8.5, 6.5, 7.5], "texture": "#1"},
				"down": {"uv": [7.5, 7.5, 7, 8.5], "texture": "#1"}
			}
		},
		{
			"from": [-6.5, 0, 10.5],
			"to": [-4.75, 1, 12],
			"rotation": {"angle": 45, "axis": "y", "origin": [0, 0, 0]},
			"faces": {
				"north": {"uv": [7.5, 3.5, 8.5, 4], "texture": "#1"},
				"east": {"uv": [7.5, 5.5, 8.5, 6], "texture": "#1"},
				"south": {"uv": [7.5, 7, 8.5, 7.5], "texture": "#1"},
				"west": {"uv": [7.5, 7.5, 8.5, 8], "texture": "#1"},
				"up": {"uv": [6, 3, 5, 2], "texture": "#1"},
				"down": {"uv": [4, 5, 3, 6], "texture": "#1"}
			}
		},
		{
			"from": [-5.5, 0.5, 10.5],
			"to": [-4.5, 2, 12],
			"rotation": {"angle": 45, "axis": "y", "origin": [0, 0, 0]},
			"faces": {
				"north": {"uv": [8, 0, 8.5, 1], "texture": "#1"},
				"east": {"uv": [5, 3, 6, 4], "texture": "#1"},
				"south": {"uv": [1, 8, 1.5, 9], "texture": "#1"},
				"west": {"uv": [4, 5, 5, 6], "texture": "#1"},
				"up": {"uv": [2, 9, 1.5, 8], "texture": "#1"},
				"down": {"uv": [2.5, 8, 2, 9], "texture": "#1"}
			}
		},
		{
			"from": [-5, 1.5, 10.5],
			"to": [-4.25, 3, 12],
			"rotation": {"angle": 45, "axis": "y", "origin": [0, 0, 0]},
			"faces": {
				"north": {"uv": [8, 2, 8.5, 3], "texture": "#1"},
				"east": {"uv": [5, 4, 6, 5], "texture": "#1"},
				"south": {"uv": [2.5, 8, 3, 9], "texture": "#1"},
				"west": {"uv": [5, 5, 6, 6], "texture": "#1"},
				"up": {"uv": [3.5, 9, 3, 8], "texture": "#1"},
				"down": {"uv": [8.5, 4, 8, 5], "texture": "#1"}
			}
		},
		{
			"from": [4.5, 2, 4.5],
			"to": [11.5, 7.25, 11.5],
			"faces": {
				"north": {"uv": [3.5, 6, 7, 8.5], "texture": "#1"},
				"east": {"uv": [6.5, 0, 10, 2.5], "texture": "#1"},
				"south": {"uv": [6.5, 2.5, 10, 5], "texture": "#1"},
				"west": {"uv": [0, 7, 3.5, 9.5], "texture": "#1"},
				"up": {"uv": [3.5, 3.5, 0, 0], "texture": "#1"},
				"down": {"uv": [3.5, 3.5, 0, 7], "texture": "#1"}
			}
		},
		{
			"from": [4, 3, 5.75],
			"to": [4.5, 7.25, 10.25],
			"faces": {
				"north": {"uv": [6, 12.5, 6.5, 14.5], "texture": "#1"},
				"east": {"uv": [3.5, 8.5, 6, 10.5], "texture": "#1"},
				"south": {"uv": [6.5, 12.5, 7, 14.5], "texture": "#1"},
				"west": {"uv": [0, 9.5, 2.5, 11.5], "texture": "#1"},
				"up": {"uv": [12.5, 7.5, 12, 5], "texture": "#1"},
				"down": {"uv": [12.5, 7.5, 12, 10], "texture": "#1"}
			}
		},
		{
			"from": [3.5, 4, 7],
			"to": [4, 7.25, 9],
			"faces": {
				"north": {"uv": [5.5, 10.5, 6, 12], "texture": "#1"},
				"east": {"uv": [6, 8.5, 7, 10], "texture": "#1"},
				"south": {"uv": [3, 13, 3.5, 14.5], "texture": "#1"},
				"west": {"uv": [8.5, 10, 9.5, 11.5], "texture": "#1"},
				"up": {"uv": [7, 6, 6.5, 5], "texture": "#1"},
				"down": {"uv": [3, 9.5, 2.5, 10.5], "texture": "#1"}
			}
		},
		{
			"from": [11.5, 3, 5.75],
			"to": [12, 7.25, 10.25],
			"faces": {
				"north": {"uv": [7, 12.5, 7.5, 14.5], "texture": "#1"},
				"east": {"uv": [9.5, 5, 12, 7], "texture": "#1"},
				"south": {"uv": [7.5, 12.5, 8, 14.5], "texture": "#1"},
				"west": {"uv": [9.5, 7, 12, 9], "texture": "#1"},
				"up": {"uv": [8.5, 14.5, 8, 12], "texture": "#1"},
				"down": {"uv": [13, 0, 12.5, 2.5], "texture": "#1"}
			}
		},
		{
			"from": [11, 7.25, 5.75],
			"to": [11.5, 8, 10.25],
			"faces": {
				"north": {"uv": [2, 11.5, 2.5, 12], "texture": "#1"},
				"east": {"uv": [12, 10, 14.5, 10.5], "texture": "#1"},
				"south": {"uv": [13, 14, 13.5, 14.5], "texture": "#1"},
				"west": {"uv": [12, 10.5, 14.5, 11], "texture": "#1"},
				"up": {"uv": [2.5, 15, 2, 12.5], "texture": "#1"},
				"down": {"uv": [3, 12.5, 2.5, 15], "texture": "#1"}
			}
		},
		{
			"from": [11.5, 7.25, 7],
			"to": [12, 8, 9],
			"faces": {
				"north": {"uv": [13.5, 14, 14, 14.5], "texture": "#1"},
				"east": {"uv": [11.5, 13, 12.5, 13.5], "texture": "#1"},
				"south": {"uv": [14, 13.5, 14.5, 14], "texture": "#1"},
				"west": {"uv": [12.5, 13, 13.5, 13.5], "texture": "#1"},
				"up": {"uv": [3.5, 10.5, 3, 9.5], "texture": "#1"},
				"down": {"uv": [14, 4, 13.5, 5], "texture": "#1"}
			}
		},
		{
			"from": [4, 7.25, 7],
			"to": [4.5, 8, 9],
			"faces": {
				"north": {"uv": [14, 14, 14.5, 14.5], "texture": "#1"},
				"east": {"uv": [13.5, 5, 14.5, 5.5], "texture": "#1"},
				"south": {"uv": [14.5, 2, 15, 2.5], "texture": "#1"},
				"west": {"uv": [13.5, 5.5, 14.5, 6], "texture": "#1"},
				"up": {"uv": [14, 7, 13.5, 6], "texture": "#1"},
				"down": {"uv": [9, 13.5, 8.5, 14.5], "texture": "#1"}
			}
		},
		{
			"from": [4.5, 7.25, 5.75],
			"to": [5, 8, 10.25],
			"faces": {
				"north": {"uv": [3, 14.5, 3.5, 15], "texture": "#1"},
				"east": {"uv": [12.5, 2.5, 15, 3], "texture": "#1"},
				"south": {"uv": [3.5, 14.5, 4, 15], "texture": "#1"},
				"west": {"uv": [3, 12.5, 5.5, 13], "texture": "#1"},
				"up": {"uv": [13, 7.5, 12.5, 5], "texture": "#1"},
				"down": {"uv": [6, 12.5, 5.5, 15], "texture": "#1"}
			}
		},
		{
			"from": [12, 4, 7],
			"to": [12.5, 7.25, 9],
			"faces": {
				"north": {"uv": [3.5, 13, 4, 14.5], "texture": "#1"},
				"east": {"uv": [9.5, 11, 10.5, 12.5], "texture": "#1"},
				"south": {"uv": [4, 13, 4.5, 14.5], "texture": "#1"},
				"west": {"uv": [10.5, 11, 11.5, 12.5], "texture": "#1"},
				"up": {"uv": [9.5, 14.5, 9, 13.5], "texture": "#1"},
				"down": {"uv": [10, 13.5, 9.5, 14.5], "texture": "#1"}
			}
		},
		{
			"from": [5.75, 3, 11.5],
			"to": [10.25, 7.25, 12],
			"faces": {
				"north": {"uv": [9.5, 9, 12, 11], "texture": "#1"},
				"east": {"uv": [0, 13, 0.5, 15], "texture": "#1"},
				"south": {"uv": [10, 0, 12.5, 2], "texture": "#1"},
				"west": {"uv": [0.5, 13, 1, 15], "texture": "#1"},
				"up": {"uv": [15, 3.5, 12.5, 3], "texture": "#1"},
				"down": {"uv": [15, 3.5, 12.5, 4], "texture": "#1"}
			}
		},
		{
			"from": [7, 4, 12],
			"to": [9, 7.25, 12.5],
			"faces": {
				"north": {"uv": [0, 11.5, 1, 13], "texture": "#1"},
				"east": {"uv": [13, 4, 13.5, 5.5], "texture": "#1"},
				"south": {"uv": [1, 11.5, 2, 13], "texture": "#1"},
				"west": {"uv": [4.5, 13, 5, 14.5], "texture": "#1"},
				"up": {"uv": [11, 14, 10, 13.5], "texture": "#1"},
				"down": {"uv": [12, 13.5, 11, 14], "texture": "#1"}
			}
		},
		{
			"from": [5.75, 3, 4],
			"to": [10.25, 7.25, 4.5],
			"faces": {
				"north": {"uv": [10, 2, 12.5, 4], "texture": "#1"},
				"east": {"uv": [1, 13, 1.5, 15], "texture": "#1"},
				"south": {"uv": [6, 10, 8.5, 12], "texture": "#1"},
				"west": {"uv": [1.5, 13, 2, 15], "texture": "#1"},
				"up": {"uv": [15, 8, 12.5, 7.5], "texture": "#1"},
				"down": {"uv": [15, 8, 12.5, 8.5], "texture": "#1"}
			}
		},
		{
			"from": [5.75, 7.25, 4.5],
			"to": [10.25, 8, 5],
			"faces": {
				"north": {"uv": [12.5, 8.5, 15, 9], "texture": "#1"},
				"east": {"uv": [4, 14.5, 4.5, 15], "texture": "#1"},
				"south": {"uv": [12.5, 9, 15, 9.5], "texture": "#1"},
				"west": {"uv": [4.5, 14.5, 5, 15], "texture": "#1"},
				"up": {"uv": [12, 13, 9.5, 12.5], "texture": "#1"},
				"down": {"uv": [15, 9.5, 12.5, 10], "texture": "#1"}
			}
		},
		{
			"from": [5.75, 7.25, 11],
			"to": [10.25, 8, 11.5],
			"faces": {
				"north": {"uv": [12.5, 11, 15, 11.5], "texture": "#1"},
				"east": {"uv": [5, 14.5, 5.5, 15], "texture": "#1"},
				"south": {"uv": [12.5, 11.5, 15, 12], "texture": "#1"},
				"west": {"uv": [14.5, 5, 15, 5.5], "texture": "#1"},
				"up": {"uv": [14.5, 13, 12, 12.5], "texture": "#1"},
				"down": {"uv": [15, 12, 12.5, 12.5], "texture": "#1"}
			}
		},
		{
			"from": [7, 7.25, 11.5],
			"to": [9, 8, 12],
			"faces": {
				"north": {"uv": [12, 13.5, 13, 14], "texture": "#1"},
				"east": {"uv": [14.5, 5.5, 15, 6], "texture": "#1"},
				"south": {"uv": [13, 13.5, 14, 14], "texture": "#1"},
				"west": {"uv": [6, 14.5, 6.5, 15], "texture": "#1"},
				"up": {"uv": [14.5, 13.5, 13.5, 13], "texture": "#1"},
				"down": {"uv": [15, 4, 14, 4.5], "texture": "#1"}
			}
		},
		{
			"from": [7, 7.25, 4],
			"to": [9.25, 8, 4.5],
			"faces": {
				"north": {"uv": [14, 4.5, 15, 5], "texture": "#1"},
				"east": {"uv": [6.5, 14.5, 7, 15], "texture": "#1"},
				"south": {"uv": [14, 6, 15, 6.5], "texture": "#1"},
				"west": {"uv": [7, 14.5, 7.5, 15], "texture": "#1"},
				"up": {"uv": [15, 7, 14, 6.5], "texture": "#1"},
				"down": {"uv": [11, 14, 10, 14.5], "texture": "#1"}
			}
		},
		{
			"from": [7, 4, 3.5],
			"to": [9.25, 7.25, 4],
			"faces": {
				"north": {"uv": [8.5, 11.5, 9.5, 13], "texture": "#1"},
				"east": {"uv": [5, 13, 5.5, 14.5], "texture": "#1"},
				"south": {"uv": [11.5, 11, 12.5, 12.5], "texture": "#1"},
				"west": {"uv": [13, 5.5, 13.5, 7], "texture": "#1"},
				"up": {"uv": [12, 14.5, 11, 14], "texture": "#1"},
				"down": {"uv": [13, 14, 12, 14.5], "texture": "#1"}
			}
		},
		{
			"from": [5, 7.25, 5],
			"to": [11, 8, 11],
			"faces": {
				"north": {"uv": [10, 4, 13, 4.5], "texture": "#1"},
				"east": {"uv": [10, 4.5, 13, 5], "texture": "#1"},
				"south": {"uv": [2, 12, 5, 12.5], "texture": "#1"},
				"west": {"uv": [5, 12, 8, 12.5], "texture": "#1"},
				"up": {"uv": [6.5, 3, 3.5, 0], "texture": "#1"},
				"down": {"uv": [6.5, 3, 3.5, 6], "texture": "#1"}
			}
		},
		{
			"from": [5.5, 1.5, 5.5],
			"to": [10.5, 2, 10.5],
			"faces": {
				"north": {"uv": [13, 0, 15.5, 0.5], "texture": "#1"},
				"east": {"uv": [13, 0.5, 15.5, 1], "texture": "#1"},
				"south": {"uv": [13, 1, 15.5, 1.5], "texture": "#1"},
				"west": {"uv": [13, 1.5, 15.5, 2], "texture": "#1"},
				"up": {"uv": [9.5, 7.5, 7, 5], "texture": "#1"},
				"down": {"uv": [9.5, 7.5, 7, 10], "texture": "#1"}
			}
		},
		{
			"from": [6.5, 1, 6.5],
			"to": [9.5, 1.5, 9.5],
			"faces": {
				"north": {"uv": [13, 2, 14.5, 2.5], "texture": "#1"},
				"east": {"uv": [13, 7, 14.5, 7.5], "texture": "#1"},
				"south": {"uv": [8.5, 13, 10, 13.5], "texture": "#1"},
				"west": {"uv": [10, 13, 11.5, 13.5], "texture": "#1"},
				"up": {"uv": [4, 12, 2.5, 10.5], "texture": "#1"},
				"down": {"uv": [5.5, 10.5, 4, 12], "texture": "#1"}
			}
		},
		{
			"from": [3.5, 8, 7],
			"to": [4.5, 9.25, 9],
			"faces": {
				"north": {"uv": [0, 0, 0.5, 0.625], "texture": "#1"},
				"east": {"uv": [0, 0, 1, 0.625], "texture": "#1"},
				"south": {"uv": [0, 0, 0.5, 0.625], "texture": "#1"},
				"west": {"uv": [0, 0, 1, 0.625], "texture": "#1"},
				"up": {"uv": [0, 0, 0.5, 1], "texture": "#1"},
				"down": {"uv": [0, 0, 0.5, 1], "texture": "#1"}
			}
		},
		{
			"from": [4, 8, 9],
			"to": [5, 9.25, 10.25],
			"faces": {
				"north": {"uv": [0, 0, 0.5, 0.625], "texture": "#1"},
				"east": {"uv": [0, 0, 0.625, 0.625], "texture": "#1"},
				"south": {"uv": [0, 0, 0.5, 0.625], "texture": "#1"},
				"west": {"uv": [0, 0, 0.625, 0.625], "texture": "#1"},
				"up": {"uv": [0, 0, 0.5, 0.625], "texture": "#1"},
				"down": {"uv": [0, 0, 0.5, 0.625], "texture": "#1"}
			}
		},
		{
			"from": [4.5, 8, 10.25],
			"to": [5.75, 9.25, 11.5],
			"faces": {
				"north": {"uv": [0, 0, 0.625, 0.625], "texture": "#1"},
				"east": {"uv": [0, 0, 0.625, 0.625], "texture": "#1"},
				"south": {"uv": [0, 0, 0.625, 0.625], "texture": "#1"},
				"west": {"uv": [0, 0, 0.625, 0.625], "texture": "#1"},
				"up": {"uv": [0, 0, 0.625, 0.625], "texture": "#1"},
				"down": {"uv": [0, 0, 0.625, 0.625], "texture": "#1"}
			}
		},
		{
			"from": [10.25, 8, 10.25],
			"to": [11.5, 9.25, 11.5],
			"faces": {
				"north": {"uv": [0, 0, 0.625, 0.625], "texture": "#1"},
				"east": {"uv": [0, 0, 0.625, 0.625], "texture": "#1"},
				"south": {"uv": [0, 0, 0.625, 0.625], "texture": "#1"},
				"west": {"uv": [0, 0, 0.625, 0.625], "texture": "#1"},
				"up": {"uv": [0, 0, 0.625, 0.625], "texture": "#1"},
				"down": {"uv": [0, 0, 0.625, 0.625], "texture": "#1"}
			}
		},
		{
			"from": [10.25, 8, 4.5],
			"to": [11.5, 9.25, 5.75],
			"faces": {
				"north": {"uv": [0, 0, 0.625, 0.625], "texture": "#1"},
				"east": {"uv": [0, 0, 0.625, 0.625], "texture": "#1"},
				"south": {"uv": [0, 0, 0.625, 0.625], "texture": "#1"},
				"west": {"uv": [0, 0, 0.625, 0.625], "texture": "#1"},
				"up": {"uv": [0, 0, 0.625, 0.625], "texture": "#1"},
				"down": {"uv": [0, 0, 0.625, 0.625], "texture": "#1"}
			}
		},
		{
			"from": [4.5, 8, 4.5],
			"to": [5.75, 9.25, 5.75],
			"faces": {
				"north": {"uv": [0, 0, 0.625, 0.625], "texture": "#1"},
				"east": {"uv": [0, 0, 0.625, 0.625], "texture": "#1"},
				"south": {"uv": [0, 0, 0.625, 0.625], "texture": "#1"},
				"west": {"uv": [0, 0, 0.625, 0.625], "texture": "#1"},
				"up": {"uv": [0, 0, 0.625, 0.625], "texture": "#1"},
				"down": {"uv": [0, 0, 0.625, 0.625], "texture": "#1"}
			}
		},
		{
			"from": [4, 8, 5.75],
			"to": [5, 9.25, 7],
			"faces": {
				"north": {"uv": [0, 0, 0.5, 0.625], "texture": "#1"},
				"east": {"uv": [0, 0, 0.625, 0.625], "texture": "#1"},
				"south": {"uv": [0, 0, 0.5, 0.625], "texture": "#1"},
				"west": {"uv": [0, 0, 0.625, 0.625], "texture": "#1"},
				"up": {"uv": [0, 0, 0.5, 0.625], "texture": "#1"},
				"down": {"uv": [0, 0, 0.5, 0.625], "texture": "#1"}
			}
		},
		{
			"from": [11, 8, 5.75],
			"to": [12, 9.25, 7],
			"faces": {
				"north": {"uv": [0, 0, 0.5, 0.625], "texture": "#1"},
				"east": {"uv": [0, 0, 0.625, 0.625], "texture": "#1"},
				"south": {"uv": [0, 0, 0.5, 0.625], "texture": "#1"},
				"west": {"uv": [0, 0, 0.625, 0.625], "texture": "#1"},
				"up": {"uv": [0, 0, 0.5, 0.625], "texture": "#1"},
				"down": {"uv": [0, 0, 0.5, 0.625], "texture": "#1"}
			}
		},
		{
			"from": [11, 8, 9],
			"to": [12, 9.25, 10.25],
			"faces": {
				"north": {"uv": [0, 0, 0.5, 0.625], "texture": "#1"},
				"east": {"uv": [0, 0, 0.625, 0.625], "texture": "#1"},
				"south": {"uv": [0, 0, 0.5, 0.625], "texture": "#1"},
				"west": {"uv": [0, 0, 0.625, 0.625], "texture": "#1"},
				"up": {"uv": [0, 0, 0.5, 0.625], "texture": "#1"},
				"down": {"uv": [0, 0, 0.5, 0.625], "texture": "#1"}
			}
		},
		{
			"from": [11.5, 8, 7],
			"to": [12.5, 9.25, 9],
			"faces": {
				"north": {"uv": [0, 0, 0.5, 0.625], "texture": "#1"},
				"east": {"uv": [0, 0, 1, 0.625], "texture": "#1"},
				"south": {"uv": [0, 0, 0.5, 0.625], "texture": "#1"},
				"west": {"uv": [0, 0, 1, 0.625], "texture": "#1"},
				"up": {"uv": [0, 0, 0.5, 1], "texture": "#1"},
				"down": {"uv": [0, 0, 0.5, 1], "texture": "#1"}
			}
		},
		{
			"from": [5.75, 8, 11],
			"to": [7, 9.25, 12],
			"faces": {
				"north": {"uv": [0, 0, 0.625, 0.625], "texture": "#1"},
				"east": {"uv": [0, 0, 0.5, 0.625], "texture": "#1"},
				"south": {"uv": [0, 0, 0.625, 0.625], "texture": "#1"},
				"west": {"uv": [0, 0, 0.5, 0.625], "texture": "#1"},
				"up": {"uv": [0, 0, 0.625, 0.5], "texture": "#1"},
				"down": {"uv": [0, 0, 0.625, 0.5], "texture": "#1"}
			}
		},
		{
			"from": [9, 8, 11],
			"to": [10.25, 9.25, 12],
			"faces": {
				"north": {"uv": [0, 0, 0.625, 0.625], "texture": "#1"},
				"east": {"uv": [0, 0, 0.5, 0.625], "texture": "#1"},
				"south": {"uv": [0, 0, 0.625, 0.625], "texture": "#1"},
				"west": {"uv": [0, 0, 0.5, 0.625], "texture": "#1"},
				"up": {"uv": [0, 0, 0.625, 0.5], "texture": "#1"},
				"down": {"uv": [0, 0, 0.625, 0.5], "texture": "#1"}
			}
		},
		{
			"from": [7, 8, 11.5],
			"to": [9, 9.25, 12.5],
			"faces": {
				"north": {"uv": [0, 0, 1, 0.625], "texture": "#1"},
				"east": {"uv": [0, 0, 0.5, 0.625], "texture": "#1"},
				"south": {"uv": [0, 0, 1, 0.625], "texture": "#1"},
				"west": {"uv": [0, 0, 0.5, 0.625], "texture": "#1"},
				"up": {"uv": [0, 0, 1, 0.5], "texture": "#1"},
				"down": {"uv": [0, 0, 1, 0.5], "texture": "#1"}
			}
		},
		{
			"from": [5.75, 8, 4],
			"to": [7, 9.25, 5],
			"faces": {
				"north": {"uv": [0, 0, 0.625, 0.625], "texture": "#1"},
				"east": {"uv": [0, 0, 0.5, 0.625], "texture": "#1"},
				"south": {"uv": [0, 0, 0.625, 0.625], "texture": "#1"},
				"west": {"uv": [0, 0, 0.5, 0.625], "texture": "#1"},
				"up": {"uv": [0, 0, 0.625, 0.5], "texture": "#1"},
				"down": {"uv": [0, 0, 0.625, 0.5], "texture": "#1"}
			}
		},
		{
			"from": [9, 8, 4],
			"to": [10.25, 9.25, 5],
			"faces": {
				"north": {"uv": [0, 0, 0.625, 0.625], "texture": "#1"},
				"east": {"uv": [0, 0, 0.5, 0.625], "texture": "#1"},
				"south": {"uv": [0, 0, 0.625, 0.625], "texture": "#1"},
				"west": {"uv": [0, 0, 0.5, 0.625], "texture": "#1"},
				"up": {"uv": [0, 0, 0.625, 0.5], "texture": "#1"},
				"down": {"uv": [0, 0, 0.625, 0.5], "texture": "#1"}
			}
		},
		{
			"from": [7, 8, 3.5],
			"to": [9, 9.25, 4.5],
			"faces": {
				"north": {"uv": [0, 0, 1, 0.625], "texture": "#1"},
				"east": {"uv": [0, 0, 0.5, 0.625], "texture": "#1"},
				"south": {"uv": [0, 0, 1, 0.625], "texture": "#1"},
				"west": {"uv": [0, 0, 0.5, 0.625], "texture": "#1"},
				"up": {"uv": [0, 0, 1, 0.5], "texture": "#1"},
				"down": {"uv": [0, 0, 1, 0.5], "texture": "#1"}
			}
		},
		{
			"from": [4, 8, 7],
			"to": [5, 8.5, 9],
			"faces": {
				"north": {"uv": [10, 7, 11, 8], "texture": "#2"},
				"east": {"uv": [6, 4, 8, 5], "texture": "#2"},
				"south": {"uv": [8, 10, 9, 11], "texture": "#2"},
				"west": {"uv": [6, 5, 8, 6], "texture": "#2"},
				"up": {"uv": [7, 8, 6, 6], "texture": "#2"},
				"down": {"uv": [8, 6, 7, 8], "texture": "#2"}
			}
		},
		{
			"from": [5, 8, 5],
			"to": [11, 8.5, 11],
			"faces": {
				"north": {"uv": [6, 0, 12, 1], "texture": "#2"},
				"east": {"uv": [6, 1, 12, 2], "texture": "#2"},
				"south": {"uv": [6, 2, 12, 3], "texture": "#2"},
				"west": {"uv": [6, 3, 12, 4], "texture": "#2"},
				"up": {"uv": [6, 6, 0, 0], "texture": "#2"},
				"down": {"uv": [6, 6, 0, 12], "texture": "#2"}
			}
		},
		{
			"from": [7, 8, 11],
			"to": [9, 8.5, 11.75],
			"faces": {
				"north": {"uv": [8, 4, 10, 5], "texture": "#2"},
				"east": {"uv": [10, 8, 11, 9], "texture": "#2"},
				"south": {"uv": [8, 5, 10, 6], "texture": "#2"},
				"west": {"uv": [9, 10, 10, 11], "texture": "#2"},
				"up": {"uv": [8, 9, 6, 8], "texture": "#2"},
				"down": {"uv": [10, 6, 8, 7], "texture": "#2"}
			}
		},
		{
			"from": [11, 8, 7],
			"to": [12, 8.5, 9],
			"faces": {
				"north": {"uv": [10, 9, 11, 10], "texture": "#2"},
				"east": {"uv": [8, 7, 10, 8], "texture": "#2"},
				"south": {"uv": [10, 10, 11, 11], "texture": "#2"},
				"west": {"uv": [8, 8, 10, 9], "texture": "#2"},
				"up": {"uv": [7, 11, 6, 9], "texture": "#2"},
				"down": {"uv": [8, 9, 7, 11], "texture": "#2"}
			}
		},
		{
			"from": [7, 8, 4.25],
			"to": [9, 8.5, 5],
			"faces": {
				"north": {"uv": [8, 9, 10, 10], "texture": "#2"},
				"east": {"uv": [6, 11, 7, 12], "texture": "#2"},
				"south": {"uv": [10, 4, 12, 5], "texture": "#2"},
				"west": {"uv": [7, 11, 8, 12], "texture": "#2"},
				"up": {"uv": [12, 6, 10, 5], "texture": "#2"},
				"down": {"uv": [12, 6, 10, 7], "texture": "#2"}
			}
		}
	],
	"display": {
		"thirdperson_righthand": {
			"translation": [0, 6, 0]
		},
		"thirdperson_lefthand": {
			"translation": [0, 6, 0]
		},
		"firstperson_righthand": {
			"translation": [0, 6, 0]
		},
		"firstperson_lefthand": {
			"translation": [0, 6, 0]
		},
		"ground": {
			"translation": [0, 4.75, 0]
		},
		"head": {
			"translation": [0, 14.25, 0]
		},
		"fixed": {
			"rotation": [-90, 0, 0],
			"translation": [0, 0, -30.5],
			"scale": [4, 4, 4]
		}
	},
	"groups": [
		{
			"name": "group",
			"origin": [0, 0, 0],
			"color": 0,
			"children": [
				0,
				1,
				2,
				{
					"name": "group",
					"origin": [0, 0, 0],
					"color": 0,
					"children": [
						3,
						4,
						5,
						{
							"name": "group",
							"origin": [0, 0, 0],
							"color": 0,
							"children": [
								6,
								7,
								8,
								{
									"name": "group",
									"origin": [0, 0, 0],
									"color": 0,
									"children": [9, 10, 11]
								}
							]
						}
					]
				},
				{
					"name": "group",
					"origin": [0, 0, 0],
					"color": 0,
					"children": [
						12,
						13,
						14,
						{
							"name": "group",
							"origin": [0, 0, 0],
							"color": 0,
							"children": [15, 16, 17]
						}
					]
				}
			]
		},
		{
			"name": "group",
			"origin": [0, 0, 0],
			"color": 1,
			"children": [18, 19, 20, 21, 22, 23, 24, 25, 26, 27, 28, 29, 30, 31, 32, 33, 34, 35, 36, 37]
		},
		{
			"name": "group",
			"origin": [0, 0, 0],
			"color": 0,
			"children": [38, 39, 40, 41, 42, 43, 44, 45, 46, 47, 48, 49, 50, 51, 52, 53]
		},
		{
			"name": "group",
			"origin": [0, 0, 0],
			"color": 0,
			"children": [54, 55, 56, 57, 58]
		}
	]
}