{
	"credit": "Made with Blockbench",
	"textures": {
		"0": "block/nether_portal",
		"1": "block/white_stained_glass",
		"3": "block/brown_wool",
		"particle": "block/nether_portal"
	},
	"elements": [
		{
			"from": [7, 0.5, 7],
			"to": [9, 1, 9],
			"faces": {
				"north": {"uv": [14, 4, 16, 5], "texture": "#1"},
				"east": {"uv": [14, 5, 16, 6], "texture": "#1"},
				"south": {"uv": [14, 6, 16, 7], "texture": "#1"},
				"west": {"uv": [14, 7, 16, 8], "texture": "#1"},
				"up": {"uv": [5, 11, 3, 9], "texture": "#1"},
				"down": {"uv": [11, 4, 9, 6], "texture": "#1"}
			}
		},
		{
			"from": [6.5, 1, 6.5],
			"to": [7, 1.5, 9.5],
			"faces": {
				"north": {"uv": [15, 2, 16, 3], "texture": "#1"},
				"east": {"uv": [11, 3, 14, 4], "texture": "#1"},
				"south": {"uv": [3, 15, 4, 16], "texture": "#1"},
				"west": {"uv": [11, 4, 14, 5], "texture": "#1"},
				"up": {"uv": [5, 14, 4, 11], "texture": "#1"},
				"down": {"uv": [10, 11, 9, 14], "texture": "#1"}
			}
		},
		{
			"from": [9, 1, 6.5],
			"to": [9.5, 1.5, 9.5],
			"faces": {
				"north": {"uv": [1, 15, 2, 16], "texture": "#1"},
				"east": {"uv": [9, 8, 12, 9], "texture": "#1"},
				"south": {"uv": [2, 15, 3, 16], "texture": "#1"},
				"west": {"uv": [9, 10, 12, 11], "texture": "#1"},
				"up": {"uv": [12, 3, 11, 0], "texture": "#1"},
				"down": {"uv": [4, 11, 3, 14], "texture": "#1"}
			}
		},
		{
			"from": [7, 1, 9],
			"to": [9, 1.5, 9.5],
			"faces": {
				"north": {"uv": [12, 13, 14, 14], "texture": "#1"},
				"east": {"uv": [14, 14, 15, 15], "texture": "#1"},
				"south": {"uv": [13, 12, 15, 13], "texture": "#1"},
				"west": {"uv": [0, 15, 1, 16], "texture": "#1"},
				"up": {"uv": [5, 15, 3, 14], "texture": "#1"},
				"down": {"uv": [16, 3, 14, 4], "texture": "#1"}
			}
		},
		{
			"from": [7, 1, 6.5],
			"to": [9, 1.5, 7],
			"faces": {
				"north": {"uv": [8, 14, 10, 15], "texture": "#1"},
				"east": {"uv": [4, 15, 5, 16], "texture": "#1"},
				"south": {"uv": [14, 9, 16, 10], "texture": "#1"},
				"west": {"uv": [5, 15, 6, 16], "texture": "#1"},
				"up": {"uv": [12, 15, 10, 14], "texture": "#1"},
				"down": {"uv": [14, 14, 12, 15], "texture": "#1"}
			}
		},
		{
			"from": [6.5, 4, 6.5],
			"to": [9.5, 4.5, 9.5],
			"faces": {
				"north": {"uv": [5, 9, 8, 10], "texture": "#1"},
				"east": {"uv": [9, 6, 12, 7], "texture": "#1"},
				"south": {"uv": [9, 7, 12, 8], "texture": "#1"},
				"west": {"uv": [8, 9, 11, 10], "texture": "#1"},
				"up": {"uv": [3, 3, 0, 0], "texture": "#1"},
				"down": {"uv": [3, 3, 0, 6], "texture": "#1"}
			}
		},
		{
			"from": [7, 4.5, 7],
			"to": [9, 5, 9],
			"faces": {
				"north": {"uv": [13, 2, 15, 3], "texture": "#1"},
				"east": {"uv": [13, 8, 15, 9], "texture": "#1"},
				"south": {"uv": [13, 10, 15, 11], "texture": "#1"},
				"west": {"uv": [13, 11, 15, 12], "texture": "#1"},
				"up": {"uv": [11, 2, 9, 0], "texture": "#1"},
				"down": {"uv": [11, 2, 9, 4], "texture": "#1"}
			}
		},
		{
			"from": [7.25, 6.5, 7.25],
			"to": [8.75, 7, 8.75],
			"faces": {
				"north": {"uv": [2, 0, 4, 1], "texture": "#1"},
				"east": {"uv": [2, 1, 4, 2], "texture": "#1"},
				"south": {"uv": [2, 2, 4, 3], "texture": "#1"},
				"west": {"uv": [2, 3, 4, 4], "texture": "#1"},
				"up": {"uv": [2, 2, 0, 0], "texture": "#1"},
				"down": {"uv": [2, 2, 0, 4], "texture": "#1"}
			}
		},
		{
			"from": [7.5, 5, 7.5],
			"to": [8.5, 6.5, 8.5],
			"faces": {
				"north": {"uv": [5, 13, 6, 15], "texture": "#1"},
				"east": {"uv": [6, 13, 7, 15], "texture": "#1"},
				"south": {"uv": [13, 6, 14, 8], "texture": "#1"},
				"west": {"uv": [7, 13, 8, 15], "texture": "#1"},
				"up": {"uv": [9, 14, 8, 13], "texture": "#1"},
				"down": {"uv": [15, 13, 14, 14], "texture": "#1"}
			}
		},
		{
			"from": [7.6, 6.5, 7.6],
			"to": [8.4, 7.5, 8.4],
			"faces": {
				"north": {"uv": [0, 0, 5, 5], "texture": "#3"},
				"east": {"uv": [0, 3, 5, 8], "texture": "#3"},
				"south": {"uv": [3, 0, 8, 5], "texture": "#3"},
				"west": {"uv": [3, 3, 8, 8], "texture": "#3"},
				"up": {"uv": [5, 5, 3, 3], "texture": "#3"},
				"down": {"uv": [5, 3, 3, 5], "texture": "#3"}
			}
		},
		{
			"from": [6.5, 1.5, 6],
			"to": [9.5, 4, 6.5],
			"faces": {
				"north": {"uv": [0, 6, 3, 9], "texture": "#1"},
				"east": {"uv": [10, 11, 11, 14], "texture": "#1"},
				"south": {"uv": [6, 0, 9, 3], "texture": "#1"},
				"west": {"uv": [11, 11, 12, 14], "texture": "#1"},
				"up": {"uv": [14, 6, 11, 5], "texture": "#1"},
				"down": {"uv": [14, 9, 11, 10], "texture": "#1"}
			}
		},
		{
			"from": [6.5, 1.5, 9.5],
			"to": [9.5, 4, 10],
			"faces": {
				"north": {"uv": [6, 6, 9, 9], "texture": "#1"},
				"east": {"uv": [12, 6, 13, 9], "texture": "#1"},
				"south": {"uv": [0, 9, 3, 12], "texture": "#1"},
				"west": {"uv": [12, 10, 13, 13], "texture": "#1"},
				"up": {"uv": [16, 1, 13, 0], "texture": "#1"},
				"down": {"uv": [16, 1, 13, 2], "texture": "#1"}
			}
		},
		{
			"from": [9.5, 1.5, 6.5],
			"to": [10, 4, 9.5],
			"faces": {
				"north": {"uv": [5, 10, 6, 13], "texture": "#1"},
				"east": {"uv": [3, 0, 6, 3], "texture": "#1"},
				"south": {"uv": [6, 10, 7, 13], "texture": "#1"},
				"west": {"uv": [3, 3, 6, 6], "texture": "#1"},
				"up": {"uv": [8, 13, 7, 10], "texture": "#1"},
				"down": {"uv": [9, 10, 8, 13], "texture": "#1"}
			}
		},
		{
			"from": [6, 1.5, 6.5],
			"to": [6.5, 4, 9.5],
			"faces": {
				"north": {"uv": [0, 12, 1, 15], "texture": "#1"},
				"east": {"uv": [3, 6, 6, 9], "texture": "#1"},
				"south": {"uv": [12, 0, 13, 3], "texture": "#1"},
				"west": {"uv": [6, 3, 9, 6], "texture": "#1"},
				"up": {"uv": [2, 15, 1, 12], "texture": "#1"},
				"down": {"uv": [3, 12, 2, 15], "texture": "#1"}
			}
		},
		{
			"from": [7, 1, 7],
			"to": [9, 1.5, 9],
			"faces": {
				"north": {"uv": [0, 0, 2, 0.5], "texture": "#0"},
				"east": {"uv": [0, 0, 2, 0.5], "texture": "#0"},
				"south": {"uv": [0, 0, 2, 0.5], "texture": "#0"},
				"west": {"uv": [0, 0, 2, 0.5], "texture": "#0"},
				"up": {"uv": [0, 0, 2, 2], "texture": "#0"},
				"down": {"uv": [0, 0, 2, 2], "texture": "#0"}
			}
		},
		{
			"from": [6.5, 1.5, 6.5],
			"to": [9.5, 2.5, 9.5],
			"faces": {
				"north": {"uv": [3, 0, 6, 1], "texture": "#0"},
				"east": {"uv": [3, 1, 6, 2], "texture": "#0"},
				"south": {"uv": [3, 2, 6, 3], "texture": "#0"},
				"west": {"uv": [3, 3, 6, 4], "texture": "#0"},
				"up": {"uv": [3, 3, 0, 0], "texture": "#0"},
				"down": {"uv": [3, 3, 0, 6], "texture": "#0"}
			}
		}
	],
	"display": {
		"thirdperson_righthand": {
			"translation": [0, 6, 0]
		},
		"thirdperson_lefthand": {
			"translation": [0, 6, 0]
		},
		"firstperson_righthand": {
			"translation": [0, 6, 0]
		},
		"firstperson_lefthand": {
			"translation": [0, 6, 0]
		},
		"ground": {
			"translation": [0, 6.75, 0],
			"scale": [1.29, 1.29, 1.29]
		},
		"gui": {
			"rotation": [0, 38, 0],
			"translation": [0, 5.25, 0],
			"scale": [1.61, 1.61, 1.61]
		},
		"head": {
			"rotation": [0, 31, -108],
			"translation": [3.75, 12, -5.25],
			"scale": [1.69, 1.69, 1.69]
		}
	}
}