{
	"credit": "Made with Blockbench",
	"texture_size": [32, 32],
	"textures": {
		"0": "block/red_concrete",
		"1": "block/green_concrete",
		"2": "block/black_concrete",
		"3": "block/gray_concrete",
		"4": "block/white_concrete",
		"5": "block/light_gray_concrete",
		"6": "block/gray_wool",
		"particle": "block/red_concrete"
	},
	"elements": [
		{
			"from": [0, 0, 0],
			"to": [16, 1, 6],
			"faces": {
				"north": {"uv": [0, 0, 16, 1], "texture": "#2"},
				"east": {"uv": [0, 0, 6, 1], "texture": "#2"},
				"south": {"uv": [0, 0, 16, 1], "texture": "#2"},
				"west": {"uv": [0, 0, 6, 1], "texture": "#2"},
				"up": {"uv": [0, 0, 16, 6], "texture": "#2"},
				"down": {"uv": [0, 0, 16, 6], "texture": "#2"}
			}
		},
		{
			"from": [0, 0, 6],
			"to": [16, 7, 11],
			"faces": {
				"north": {"uv": [0, 0, 16, 7], "texture": "#3"},
				"east": {"uv": [0, 0, 5, 7], "texture": "#3"},
				"south": {"uv": [0, 0, 16, 7], "texture": "#3"},
				"west": {"uv": [0, 0, 5, 7], "texture": "#3"},
				"up": {"uv": [0, 0, 16, 5], "texture": "#3"},
				"down": {"uv": [0, 0, 16, 5], "texture": "#3"}
			}
		},
		{
			"from": [0, 7, 5],
			"to": [16, 9, 11],
			"faces": {
				"north": {"uv": [0, 0, 16, 2], "texture": "#3"},
				"east": {"uv": [0, 0, 6, 2], "texture": "#3"},
				"south": {"uv": [0, 0, 16, 2], "texture": "#3"},
				"west": {"uv": [0, 0, 6, 2], "texture": "#3"},
				"up": {"uv": [0, 0, 16, 6], "texture": "#3"},
				"down": {"uv": [0, 0, 16, 6], "texture": "#3"}
			}
		},
		{
			"from": [0, 9, 0],
			"to": [16, 11, 9],
			"faces": {
				"north": {"uv": [0, 0, 16, 2], "texture": "#3"},
				"east": {"uv": [0, 0, 9, 2], "texture": "#3"},
				"south": {"uv": [0, 0, 16, 2], "texture": "#3"},
				"west": {"uv": [0, 0, 9, 2], "texture": "#3"},
				"up": {"uv": [0, 0, 16, 9], "texture": "#3"},
				"down": {"uv": [0, 0, 16, 9], "texture": "#3"}
			}
		},
		{
			"from": [0, 8, -1],
			"to": [16, 11, 0],
			"faces": {
				"north": {"uv": [0, 0, 16, 3], "texture": "#2"},
				"east": {"uv": [0, 0, 1, 3], "texture": "#2"},
				"south": {"uv": [0, 0, 16, 3], "texture": "#2"},
				"west": {"uv": [0, 0, 1, 3], "texture": "#2"},
				"up": {"uv": [0, 0, 16, 1], "texture": "#2"},
				"down": {"uv": [0, 0, 16, 1], "texture": "#2"}
			}
		},
		{
			"from": [1, 0, 1],
			"to": [15, 1.5, 6],
			"faces": {
				"north": {"uv": [0, 5, 7, 6], "texture": "#6"},
				"east": {"uv": [0, 7, 2.5, 8], "texture": "#6"},
				"south": {"uv": [0, 6, 7, 7], "texture": "#6"},
				"west": {"uv": [7, 0, 9.5, 1], "texture": "#6"},
				"up": {"uv": [7, 2.5, 0, 0], "texture": "#6"},
				"down": {"uv": [7, 2.5, 0, 5], "texture": "#6"}
			}
		},
		{
			"from": [1.4, 8.7, -1.55],
			"to": [3, 10.3, 0.3],
			"faces": {
				"north": {"uv": [0, 0, 1.6, 1.6], "texture": "#4"},
				"east": {"uv": [0, 0, 1.85, 1.6], "texture": "#4"},
				"south": {"uv": [0, 0, 1.6, 1.6], "texture": "#4"},
				"west": {"uv": [0, 0, 1.85, 1.6], "texture": "#4"},
				"up": {"uv": [0, 0, 1.6, 1.85], "texture": "#4"},
				"down": {"uv": [0, 0, 1.6, 1.85], "texture": "#4"}
			}
		},
		{
			"from": [5.9, 8.65, -1.6],
			"to": [7.6, 10.35, 0.35],
			"faces": {
				"north": {"uv": [0, 0, 1.7, 1.7], "texture": "#5"},
				"east": {"uv": [0, 0, 1.95, 1.7], "texture": "#5"},
				"south": {"uv": [0, 0, 1.7, 1.7], "texture": "#5"},
				"west": {"uv": [0, 0, 1.95, 1.7], "texture": "#5"},
				"up": {"uv": [0, 0, 1.7, 1.95], "texture": "#5"},
				"down": {"uv": [0, 0, 1.7, 1.95], "texture": "#5"}
			}
		},
		{
			"from": [5.9, 6.65, 2.4],
			"to": [7.6, 9.35, 4.35],
			"faces": {
				"north": {"uv": [0, 0, 1.7, 2.7], "texture": "#5"},
				"east": {"uv": [0, 0, 1.95, 2.7], "texture": "#5"},
				"south": {"uv": [0, 0, 1.7, 2.7], "texture": "#5"},
				"west": {"uv": [0, 0, 1.95, 2.7], "texture": "#5"},
				"up": {"uv": [0, 0, 1.7, 1.95], "texture": "#5"},
				"down": {"uv": [0, 0, 1.7, 1.95], "texture": "#5"}
			}
		},
		{
			"from": [6.5, 4.65, 2.5],
			"to": [7, 7.35, 3.45],
			"faces": {
				"north": {"uv": [0, 0, 0.5, 2.7], "texture": "#5"},
				"east": {"uv": [0, 0, 0.95, 2.7], "texture": "#5"},
				"south": {"uv": [0, 0, 0.5, 2.7], "texture": "#5"},
				"west": {"uv": [0, 0, 0.95, 2.7], "texture": "#5"},
				"up": {"uv": [0, 0, 0.5, 0.95], "texture": "#5"},
				"down": {"uv": [0, 0, 0.5, 0.95], "texture": "#5"}
			}
		},
		{
			"from": [11.4, 7.7, 2.45],
			"to": [13, 9.3, 4.3],
			"faces": {
				"north": {"uv": [0, 0, 1.6, 1.6], "texture": "#5"},
				"east": {"uv": [0, 0, 1.85, 1.6], "texture": "#5"},
				"south": {"uv": [0, 0, 1.6, 1.6], "texture": "#5"},
				"west": {"uv": [0, 0, 1.85, 1.6], "texture": "#5"},
				"up": {"uv": [0, 0, 1.6, 1.85], "texture": "#5"},
				"down": {"uv": [0, 0, 1.6, 1.85], "texture": "#5"}
			}
		},
		{
			"from": [15.5, 5.8, 6.55],
			"to": [16.9, 7.2, 8.2],
			"faces": {
				"north": {"uv": [0, 0, 1.4, 1.4], "texture": "#2"},
				"east": {"uv": [0, 0, 1.65, 1.4], "texture": "#2"},
				"south": {"uv": [0, 0, 1.4, 1.4], "texture": "#2"},
				"west": {"uv": [0, 0, 1.65, 1.4], "texture": "#2"},
				"up": {"uv": [0, 0, 1.4, 1.65], "texture": "#2"},
				"down": {"uv": [0, 0, 1.4, 1.65], "texture": "#2"}
			}
		},
		{
			"from": [16.5, 1.65, 6.5],
			"to": [17, 4.35, 7.45],
			"faces": {
				"north": {"uv": [0, 0, 0.5, 2.7], "texture": "#2"},
				"east": {"uv": [0, 0, 0.95, 2.7], "texture": "#2"},
				"south": {"uv": [0, 0, 0.5, 2.7], "texture": "#2"},
				"west": {"uv": [0, 0, 0.95, 2.7], "texture": "#2"},
				"up": {"uv": [0, 0, 0.5, 0.95], "texture": "#2"},
				"down": {"uv": [0, 0, 0.5, 0.95], "texture": "#2"}
			}
		},
		{
			"from": [15.9, 3.65, 6.4],
			"to": [17.6, 6.35, 8.35],
			"faces": {
				"north": {"uv": [0, 0, 1.7, 2.7], "texture": "#2"},
				"east": {"uv": [0, 0, 1.95, 2.7], "texture": "#2"},
				"south": {"uv": [0, 0, 1.7, 2.7], "texture": "#2"},
				"west": {"uv": [0, 0, 1.95, 2.7], "texture": "#2"},
				"up": {"uv": [0, 0, 1.7, 1.95], "texture": "#2"},
				"down": {"uv": [0, 0, 1.7, 1.95], "texture": "#2"}
			}
		},
		{
			"from": [2.5, 4.65, 2.5],
			"to": [3, 7.35, 3.45],
			"faces": {
				"north": {"uv": [0, 0, 0.5, 2.7], "texture": "#5"},
				"east": {"uv": [0, 0, 0.95, 2.7], "texture": "#5"},
				"south": {"uv": [0, 0, 0.5, 2.7], "texture": "#5"},
				"west": {"uv": [0, 0, 0.95, 2.7], "texture": "#5"},
				"up": {"uv": [0, 0, 0.5, 0.95], "texture": "#5"},
				"down": {"uv": [0, 0, 0.5, 0.95], "texture": "#5"}
			}
		},
		{
			"from": [1.9, 6.65, 2.4],
			"to": [3.6, 9.35, 4.35],
			"faces": {
				"north": {"uv": [0, 0, 1.7, 2.7], "texture": "#5"},
				"east": {"uv": [0, 0, 1.95, 2.7], "texture": "#5"},
				"south": {"uv": [0, 0, 1.7, 2.7], "texture": "#5"},
				"west": {"uv": [0, 0, 1.95, 2.7], "texture": "#5"},
				"up": {"uv": [0, 0, 1.7, 1.95], "texture": "#5"},
				"down": {"uv": [0, 0, 1.7, 1.95], "texture": "#5"}
			}
		},
		{
			"from": [14.5, 9.5, -1.25],
			"to": [15.5, 10.5, 0],
			"faces": {
				"north": {"uv": [0, 0, 1, 1], "texture": "#0"},
				"east": {"uv": [0, 0, 1.25, 1], "texture": "#0"},
				"south": {"uv": [0, 0, 1, 1], "texture": "#0"},
				"west": {"uv": [0, 0, 1.25, 1], "texture": "#0"},
				"up": {"uv": [0, 0, 1, 1.25], "texture": "#0"},
				"down": {"uv": [0, 0, 1, 1.25], "texture": "#0"}
			}
		},
		{
			"from": [12.5, 9.5, -1.25],
			"to": [13.5, 10.5, 0],
			"faces": {
				"north": {"uv": [0, 0, 1, 1], "texture": "#1"},
				"east": {"uv": [0, 0, 1.25, 1], "texture": "#1"},
				"south": {"uv": [0, 0, 1, 1], "texture": "#1"},
				"west": {"uv": [0, 0, 1.25, 1], "texture": "#1"},
				"up": {"uv": [0, 0, 1, 1.25], "texture": "#1"},
				"down": {"uv": [0, 0, 1, 1.25], "texture": "#1"}
			}
		},
		{
			"from": [10.6, 9.7, -1.05],
			"to": [11.4, 10.5, -0.1],
			"faces": {
				"north": {"uv": [0, 0, 0.8, 0.8], "texture": "#5"},
				"east": {"uv": [0, 0, 0.95, 0.8], "texture": "#5"},
				"south": {"uv": [0, 0, 0.8, 0.8], "texture": "#5"},
				"west": {"uv": [0, 0, 0.95, 0.8], "texture": "#5"},
				"up": {"uv": [0, 0, 0.8, 0.95], "texture": "#5"},
				"down": {"uv": [0, 0, 0.8, 0.95], "texture": "#5"}
			}
		},
		{
			"from": [6, 1.5, 1.9],
			"to": [7.8, 1.7, 3.7],
			"faces": {
				"north": {"uv": [0, 0, 1.8, 0.2], "texture": "#4"},
				"east": {"uv": [0, 0, 1.8, 0.2], "texture": "#4"},
				"south": {"uv": [0, 0, 1.8, 0.2], "texture": "#4"},
				"west": {"uv": [0, 0, 1.8, 0.2], "texture": "#4"},
				"up": {"uv": [0, 0, 1.8, 1.8], "texture": "#4"},
				"down": {"uv": [0, 0, 1.8, 1.8], "texture": "#4"}
			}
		},
		{
			"from": [6, 1.7, 1.7],
			"to": [8, 3.7, 2],
			"faces": {
				"north": {"uv": [0, 0, 2, 2], "texture": "#4"},
				"east": {"uv": [0, 0, 0.3, 2], "texture": "#4"},
				"south": {"uv": [0, 0, 2, 2], "texture": "#4"},
				"west": {"uv": [0, 0, 0.3, 2], "texture": "#4"},
				"up": {"uv": [0, 0, 2, 0.3], "texture": "#4"},
				"down": {"uv": [0, 0, 2, 0.3], "texture": "#4"}
			}
		},
		{
			"from": [5.75, 1.7, 1.7],
			"to": [6, 3.7, 4],
			"faces": {
				"north": {"uv": [0, 0, 0.25, 2], "texture": "#4"},
				"east": {"uv": [0, 0, 2.3, 2], "texture": "#4"},
				"south": {"uv": [0, 0, 0.25, 2], "texture": "#4"},
				"west": {"uv": [0, 0, 2.3, 2], "texture": "#4"},
				"up": {"uv": [0, 0, 0.25, 2.3], "texture": "#4"},
				"down": {"uv": [0, 0, 0.25, 2.3], "texture": "#4"}
			}
		},
		{
			"from": [5.1, 3.1, 3],
			"to": [5.8, 3.5, 3.2],
			"faces": {
				"north": {"uv": [0, 0, 0.7, 0.4], "texture": "#4"},
				"east": {"uv": [0, 0, 0.2, 0.4], "texture": "#4"},
				"south": {"uv": [0, 0, 0.7, 0.4], "texture": "#4"},
				"west": {"uv": [0, 0, 0.2, 0.4], "texture": "#4"},
				"up": {"uv": [0, 0, 0.7, 0.2], "texture": "#4"},
				"down": {"uv": [0, 0, 0.7, 0.2], "texture": "#4"}
			}
		},
		{
			"from": [4.8, 1.9, 3],
			"to": [5.1, 3.3, 3.2],
			"faces": {
				"north": {"uv": [0, 0, 0.3, 1.4], "texture": "#4"},
				"east": {"uv": [0, 0, 0.2, 1.4], "texture": "#4"},
				"south": {"uv": [0, 0, 0.3, 1.4], "texture": "#4"},
				"west": {"uv": [0, 0, 0.2, 1.4], "texture": "#4"},
				"up": {"uv": [0, 0, 0.3, 0.2], "texture": "#4"},
				"down": {"uv": [0, 0, 0.3, 0.2], "texture": "#4"}
			}
		},
		{
			"from": [5.1, 1.7, 3],
			"to": [5.9, 2.1, 3.2],
			"faces": {
				"north": {"uv": [0, 0, 0.8, 0.4], "texture": "#4"},
				"east": {"uv": [0, 0, 0.2, 0.4], "texture": "#4"},
				"south": {"uv": [0, 0, 0.8, 0.4], "texture": "#4"},
				"west": {"uv": [0, 0, 0.2, 0.4], "texture": "#4"},
				"up": {"uv": [0, 0, 0.8, 0.2], "texture": "#4"},
				"down": {"uv": [0, 0, 0.8, 0.2], "texture": "#4"}
			}
		},
		{
			"from": [7.75, 1.7, 1.7],
			"to": [8, 3.7, 4],
			"faces": {
				"north": {"uv": [0, 0, 0.25, 2], "texture": "#4"},
				"east": {"uv": [0, 0, 2.3, 2], "texture": "#4"},
				"south": {"uv": [0, 0, 0.25, 2], "texture": "#4"},
				"west": {"uv": [0, 0, 2.3, 2], "texture": "#4"},
				"up": {"uv": [0, 0, 0.25, 2.3], "texture": "#4"},
				"down": {"uv": [0, 0, 0.25, 2.3], "texture": "#4"}
			}
		},
		{
			"from": [6, 1.7, 3.7],
			"to": [8, 3.7, 4],
			"faces": {
				"north": {"uv": [0, 0, 2, 2], "texture": "#4"},
				"east": {"uv": [0, 0, 0.3, 2], "texture": "#4"},
				"south": {"uv": [0, 0, 2, 2], "texture": "#4"},
				"west": {"uv": [0, 0, 0.3, 2], "texture": "#4"},
				"up": {"uv": [0, 0, 2, 0.3], "texture": "#4"},
				"down": {"uv": [0, 0, 2, 0.3], "texture": "#4"}
			}
		}
	],
	"display": {
		"thirdperson_righthand": {
			"rotation": [180, 0, -180],
			"translation": [0.75, 4.5, -1.25],
			"scale": [0.5, 0.5, 0.5]
		},
		"thirdperson_lefthand": {
			"translation": [-0.25, 1, -4.75],
			"scale": [0.5, 0.5, 0.5]
		},
		"firstperson_righthand": {
			"translation": [0, 3.5, 0]
		},
		"firstperson_lefthand": {
			"translation": [0, 3, 0]
		},
		"ground": {
			"translation": [0, 5.5, 0]
		},
		"gui": {
			"translation": [-0.25, 2.5, 0]
		},
		"head": {
			"translation": [0, 14.75, 0]
		},
		"fixed": {
			"rotation": [-90, 0, 0],
			"translation": [-0.25, 10.5, -22.5],
			"scale": [3, 3, 3]
		}
	}
}