{
	"credit": "Made with Blockbench",
	"texture_size": [32, 32],
	"textures": {
		"0": "block/light_gray_concrete_powder",
		"particle": "block/light_gray_concrete_powder"
	},
	"elements": [
		{
			"from": [9, 0, 3],
			"to": [10, 6, 8],
			"faces": {
				"north": {"uv": [6, 6, 6.5, 9], "texture": "#0"},
				"east": {"uv": [0, 0, 2.5, 3], "texture": "#0"},
				"south": {"uv": [6.5, 0, 7, 3], "texture": "#0"},
				"west": {"uv": [2.5, 0, 5, 3], "texture": "#0"},
				"up": {"uv": [3.5, 10, 3, 7.5], "texture": "#0"},
				"down": {"uv": [8, 3, 7.5, 5.5], "texture": "#0"}
			}
		},
		{
			"from": [6, 0, 7],
			"to": [9, 6, 8],
			"faces": {
				"north": {"uv": [5, 0, 6.5, 3], "texture": "#0"},
				"east": {"uv": [6.5, 3, 7, 6], "texture": "#0"},
				"south": {"uv": [5, 3, 6.5, 6], "texture": "#0"},
				"west": {"uv": [6.5, 6, 7, 9], "texture": "#0"},
				"up": {"uv": [9.5, 4, 8, 3.5], "texture": "#0"},
				"down": {"uv": [9.5, 4, 8, 4.5], "texture": "#0"}
			}
		},
		{
			"from": [6, 0, 3],
			"to": [9, 6, 4],
			"faces": {
				"north": {"uv": [0, 6, 1.5, 9], "texture": "#0"},
				"east": {"uv": [7, 0, 7.5, 3], "texture": "#0"},
				"south": {"uv": [1.5, 6, 3, 9], "texture": "#0"},
				"west": {"uv": [7, 3, 7.5, 6], "texture": "#0"},
				"up": {"uv": [9.5, 5, 8, 4.5], "texture": "#0"},
				"down": {"uv": [9.5, 5, 8, 5.5], "texture": "#0"}
			}
		},
		{
			"from": [6, 0, 4],
			"to": [9, 1, 7],
			"faces": {
				"north": {"uv": [7.5, 8, 9, 8.5], "texture": "#0"},
				"east": {"uv": [8.5, 1.5, 10, 2], "texture": "#0"},
				"south": {"uv": [8.5, 2, 10, 2.5], "texture": "#0"},
				"west": {"uv": [8.5, 2.5, 10, 3], "texture": "#0"},
				"up": {"uv": [4.5, 7.5, 3, 6], "texture": "#0"},
				"down": {"uv": [6, 6, 4.5, 7.5], "texture": "#0"}
			}
		},
		{
			"from": [6, 5, 6],
			"to": [7, 6, 7],
			"faces": {
				"north": {"uv": [9.5, 6.5, 10, 7], "texture": "#0"},
				"east": {"uv": [9.5, 7, 10, 7.5], "texture": "#0"},
				"south": {"uv": [9.5, 7.5, 10, 8], "texture": "#0"},
				"west": {"uv": [9.5, 8, 10, 8.5], "texture": "#0"},
				"up": {"uv": [9, 10, 8.5, 9.5], "texture": "#0"},
				"down": {"uv": [10, 8.5, 9.5, 9], "texture": "#0"}
			}
		},
		{
			"from": [7, 5, 6.5],
			"to": [8, 6, 7],
			"faces": {
				"north": {"uv": [9.5, 9, 10, 9.5], "texture": "#0"},
				"east": {"uv": [9.5, 9.5, 10, 10], "texture": "#0"},
				"south": {"uv": [0, 10, 0.5, 10.5], "texture": "#0"},
				"west": {"uv": [10, 0, 10.5, 0.5], "texture": "#0"},
				"up": {"uv": [10.5, 1, 10, 0.5], "texture": "#0"},
				"down": {"uv": [10.5, 1, 10, 1.5], "texture": "#0"}
			}
		},
		{
			"from": [8, 5, 6],
			"to": [9, 6, 7],
			"faces": {
				"north": {"uv": [10, 1.5, 10.5, 2], "texture": "#0"},
				"east": {"uv": [10, 2, 10.5, 2.5], "texture": "#0"},
				"south": {"uv": [2.5, 10, 3, 10.5], "texture": "#0"},
				"west": {"uv": [10, 2.5, 10.5, 3], "texture": "#0"},
				"up": {"uv": [3.5, 10.5, 3, 10], "texture": "#0"},
				"down": {"uv": [10.5, 3, 10, 3.5], "texture": "#0"}
			}
		},
		{
			"from": [8, 5, 4],
			"to": [9, 6, 4.5],
			"faces": {
				"north": {"uv": [3.5, 10, 4, 10.5], "texture": "#0"},
				"east": {"uv": [10, 3.5, 10.5, 4], "texture": "#0"},
				"south": {"uv": [4, 10, 4.5, 10.5], "texture": "#0"},
				"west": {"uv": [10, 4, 10.5, 4.5], "texture": "#0"},
				"up": {"uv": [5, 10.5, 4.5, 10], "texture": "#0"},
				"down": {"uv": [10.5, 4.5, 10, 5], "texture": "#0"}
			}
		},
		{
			"from": [6, 5, 4],
			"to": [7, 6, 4.5],
			"faces": {
				"north": {"uv": [5, 10, 5.5, 10.5], "texture": "#0"},
				"east": {"uv": [10, 5.5, 10.5, 6], "texture": "#0"},
				"south": {"uv": [6, 10, 6.5, 10.5], "texture": "#0"},
				"west": {"uv": [10, 6, 10.5, 6.5], "texture": "#0"},
				"up": {"uv": [7, 10.5, 6.5, 10], "texture": "#0"},
				"down": {"uv": [10.5, 6.5, 10, 7], "texture": "#0"}
			}
		},
		{
			"from": [6, 5, 4.5],
			"to": [6.5, 6, 6],
			"faces": {
				"north": {"uv": [7, 10, 7.5, 10.5], "texture": "#0"},
				"east": {"uv": [8.5, 6, 9.5, 6.5], "texture": "#0"},
				"south": {"uv": [10, 7, 10.5, 7.5], "texture": "#0"},
				"west": {"uv": [7.5, 8.5, 8.5, 9], "texture": "#0"},
				"up": {"uv": [9, 9.5, 8.5, 8.5], "texture": "#0"},
				"down": {"uv": [0.5, 9, 0, 10], "texture": "#0"}
			}
		},
		{
			"from": [8.5, 5, 4.5],
			"to": [9, 6, 6],
			"faces": {
				"north": {"uv": [7.5, 10, 8, 10.5], "texture": "#0"},
				"east": {"uv": [0.5, 9, 1.5, 9.5], "texture": "#0"},
				"south": {"uv": [10, 7.5, 10.5, 8], "texture": "#0"},
				"west": {"uv": [1.5, 9, 2.5, 9.5], "texture": "#0"},
				"up": {"uv": [3, 10, 2.5, 9], "texture": "#0"},
				"down": {"uv": [6.5, 9, 6, 10], "texture": "#0"}
			}
		},
		{
			"from": [5, 0, 3],
			"to": [6, 6, 8],
			"faces": {
				"north": {"uv": [7, 6, 7.5, 9], "texture": "#0"},
				"east": {"uv": [0, 3, 2.5, 6], "texture": "#0"},
				"south": {"uv": [7.5, 0, 8, 3], "texture": "#0"},
				"west": {"uv": [2.5, 3, 5, 6], "texture": "#0"},
				"up": {"uv": [4, 10, 3.5, 7.5], "texture": "#0"},
				"down": {"uv": [4.5, 7.5, 4, 10], "texture": "#0"}
			}
		},
		{
			"from": [7, 2.5, 2],
			"to": [8, 3, 3],
			"faces": {
				"north": {"uv": [8, 10, 8.5, 10.5], "texture": "#0"},
				"east": {"uv": [10, 8, 10.5, 8.5], "texture": "#0"},
				"south": {"uv": [8.5, 10, 9, 10.5], "texture": "#0"},
				"west": {"uv": [10, 8.5, 10.5, 9], "texture": "#0"},
				"up": {"uv": [9.5, 10.5, 9, 10], "texture": "#0"},
				"down": {"uv": [10.5, 9, 10, 9.5], "texture": "#0"}
			}
		},
		{
			"from": [7, 3.5, 1],
			"to": [8, 4, 1.5],
			"faces": {
				"north": {"uv": [9.5, 10, 10, 10.5], "texture": "#0"},
				"east": {"uv": [10, 9.5, 10.5, 10], "texture": "#0"},
				"south": {"uv": [10, 10, 10.5, 10.5], "texture": "#0"},
				"west": {"uv": [0, 10.5, 0.5, 11], "texture": "#0"},
				"up": {"uv": [11, 0.5, 10.5, 0], "texture": "#0"},
				"down": {"uv": [1, 10.5, 0.5, 11], "texture": "#0"}
			}
		},
		{
			"from": [7, 3, 1.5],
			"to": [8, 3.5, 2],
			"faces": {
				"north": {"uv": [10.5, 0.5, 11, 1], "texture": "#0"},
				"east": {"uv": [1, 10.5, 1.5, 11], "texture": "#0"},
				"south": {"uv": [10.5, 1, 11, 1.5], "texture": "#0"},
				"west": {"uv": [1.5, 10.5, 2, 11], "texture": "#0"},
				"up": {"uv": [11, 2, 10.5, 1.5], "texture": "#0"},
				"down": {"uv": [2.5, 10.5, 2, 11], "texture": "#0"}
			}
		},
		{
			"from": [7, 4, 0.5],
			"to": [8, 6, 1],
			"faces": {
				"north": {"uv": [6.5, 9, 7, 10], "texture": "#0"},
				"east": {"uv": [7, 9, 7.5, 10], "texture": "#0"},
				"south": {"uv": [7.5, 9, 8, 10], "texture": "#0"},
				"west": {"uv": [8, 9, 8.5, 10], "texture": "#0"},
				"up": {"uv": [11, 2.5, 10.5, 2], "texture": "#0"},
				"down": {"uv": [3, 10.5, 2.5, 11], "texture": "#0"}
			}
		},
		{
			"from": [9, 6, 5],
			"to": [9.5, 8, 6],
			"faces": {
				"north": {"uv": [9, 8, 9.5, 9], "texture": "#0"},
				"east": {"uv": [9, 9, 9.5, 10], "texture": "#0"},
				"south": {"uv": [0.5, 9.5, 1, 10.5], "texture": "#0"},
				"west": {"uv": [1, 9.5, 1.5, 10.5], "texture": "#0"},
				"up": {"uv": [11, 3, 10.5, 2.5], "texture": "#0"},
				"down": {"uv": [3.5, 10.5, 3, 11], "texture": "#0"}
			}
		},
		{
			"from": [5.5, 8, 5],
			"to": [9.5, 8.5, 6],
			"faces": {
				"north": {"uv": [7.5, 6.5, 9.5, 7], "texture": "#0"},
				"east": {"uv": [10.5, 3, 11, 3.5], "texture": "#0"},
				"south": {"uv": [7.5, 7, 9.5, 7.5], "texture": "#0"},
				"west": {"uv": [3.5, 10.5, 4, 11], "texture": "#0"},
				"up": {"uv": [9.5, 8, 7.5, 7.5], "texture": "#0"},
				"down": {"uv": [10, 0, 8, 0.5], "texture": "#0"}
			}
		},
		{
			"from": [5.5, 6, 5],
			"to": [6, 8, 6],
			"faces": {
				"north": {"uv": [1.5, 9.5, 2, 10.5], "texture": "#0"},
				"east": {"uv": [2, 9.5, 2.5, 10.5], "texture": "#0"},
				"south": {"uv": [9.5, 3, 10, 4], "texture": "#0"},
				"west": {"uv": [9.5, 4, 10, 5], "texture": "#0"},
				"up": {"uv": [11, 4, 10.5, 3.5], "texture": "#0"},
				"down": {"uv": [4.5, 10.5, 4, 11], "texture": "#0"}
			}
		},
		{
			"from": [7, 6, 1],
			"to": [8, 6.5, 3],
			"faces": {
				"north": {"uv": [10.5, 4, 11, 4.5], "texture": "#0"},
				"east": {"uv": [4.5, 9.5, 5.5, 10], "texture": "#0"},
				"south": {"uv": [4.5, 10.5, 5, 11], "texture": "#0"},
				"west": {"uv": [9.5, 5, 10.5, 5.5], "texture": "#0"},
				"up": {"uv": [6, 10.5, 5.5, 9.5], "texture": "#0"},
				"down": {"uv": [10, 5.5, 9.5, 6.5], "texture": "#0"}
			}
		},
		{
			"from": [7, 0, 8],
			"to": [8, 1, 12],
			"rotation": {"angle": -22.5, "axis": "x", "origin": [0, 0, 0]},
			"faces": {
				"north": {"uv": [10.5, 4.5, 11, 5], "texture": "#0"},
				"east": {"uv": [8, 0.5, 10, 1], "texture": "#0"},
				"south": {"uv": [5, 10.5, 5.5, 11], "texture": "#0"},
				"west": {"uv": [8, 1, 10, 1.5], "texture": "#0"},
				"up": {"uv": [6, 9.5, 5.5, 7.5], "texture": "#0"},
				"down": {"uv": [8.5, 1.5, 8, 3.5], "texture": "#0"}
			}
		},
		{
			"from": [6.5, -0.4, 12],
			"to": [8.5, 1.5, 12.25],
			"rotation": {"angle": -22.5, "axis": "x", "origin": [0, 0, 0]},
			"faces": {
				"north": {"uv": [4.5, 7.5, 5.5, 8.5], "texture": "#0"},
				"east": {"uv": [4.5, 8.5, 5, 9.5], "texture": "#0"},
				"south": {"uv": [7.5, 5.5, 8.5, 6.5], "texture": "#0"},
				"west": {"uv": [5, 8.5, 5.5, 9.5], "texture": "#0"},
				"up": {"uv": [9.5, 3.5, 8.5, 3], "texture": "#0"},
				"down": {"uv": [9.5, 5.5, 8.5, 6], "texture": "#0"}
			}
		},
		{
			"from": [6.5, -0.4, 12.25],
			"to": [6.75, 1.5, 12.5],
			"rotation": {"angle": -22.5, "axis": "x", "origin": [0, 0, 0]},
			"faces": {
				"north": {"uv": [4.5, 7.5, 5.5, 8.5], "texture": "#0"},
				"east": {"uv": [4.5, 8.5, 5, 9.5], "texture": "#0"},
				"south": {"uv": [7.5, 5.5, 8.5, 6.5], "texture": "#0"},
				"west": {"uv": [5, 8.5, 5.5, 9.5], "texture": "#0"},
				"up": {"uv": [9.5, 3.5, 8.5, 3], "texture": "#0"},
				"down": {"uv": [9.5, 5.5, 8.5, 6], "texture": "#0"}
			}
		},
		{
			"from": [6.85, -0.25, 12.25],
			"to": [7, 1.5, 12.4],
			"rotation": {"angle": -22.5, "axis": "x", "origin": [0, 0, 0]},
			"faces": {
				"north": {"uv": [4.5, 7.5, 5.5, 8.5], "texture": "#0"},
				"east": {"uv": [4.5, 8.5, 5, 9.5], "texture": "#0"},
				"south": {"uv": [7.5, 5.5, 8.5, 6.5], "texture": "#0"},
				"west": {"uv": [5, 8.5, 5.5, 9.5], "texture": "#0"},
				"up": {"uv": [9.5, 3.5, 8.5, 3], "texture": "#0"},
				"down": {"uv": [9.5, 5.5, 8.5, 6], "texture": "#0"}
			}
		},
		{
			"from": [7.1, -0.25, 12.25],
			"to": [7.25, 1.5, 12.4],
			"rotation": {"angle": -22.5, "axis": "x", "origin": [0, 0, 0]},
			"faces": {
				"north": {"uv": [4.5, 7.5, 5.5, 8.5], "texture": "#0"},
				"east": {"uv": [4.5, 8.5, 5, 9.5], "texture": "#0"},
				"south": {"uv": [7.5, 5.5, 8.5, 6.5], "texture": "#0"},
				"west": {"uv": [5, 8.5, 5.5, 9.5], "texture": "#0"},
				"up": {"uv": [9.5, 3.5, 8.5, 3], "texture": "#0"},
				"down": {"uv": [9.5, 5.5, 8.5, 6], "texture": "#0"}
			}
		},
		{
			"from": [7.35, -0.25, 12.25],
			"to": [7.5, 1.5, 12.4],
			"rotation": {"angle": -22.5, "axis": "x", "origin": [0, 0, 0]},
			"faces": {
				"north": {"uv": [4.5, 7.5, 5.5, 8.5], "texture": "#0"},
				"east": {"uv": [4.5, 8.5, 5, 9.5], "texture": "#0"},
				"south": {"uv": [7.5, 5.5, 8.5, 6.5], "texture": "#0"},
				"west": {"uv": [5, 8.5, 5.5, 9.5], "texture": "#0"},
				"up": {"uv": [9.5, 3.5, 8.5, 3], "texture": "#0"},
				"down": {"uv": [9.5, 5.5, 8.5, 6], "texture": "#0"}
			}
		},
		{
			"from": [7.6, -0.25, 12.25],
			"to": [7.75, 1.5, 12.4],
			"rotation": {"angle": -22.5, "axis": "x", "origin": [0, 0, 0]},
			"faces": {
				"north": {"uv": [4.5, 7.5, 5.5, 8.5], "texture": "#0"},
				"east": {"uv": [4.5, 8.5, 5, 9.5], "texture": "#0"},
				"south": {"uv": [7.5, 5.5, 8.5, 6.5], "texture": "#0"},
				"west": {"uv": [5, 8.5, 5.5, 9.5], "texture": "#0"},
				"up": {"uv": [9.5, 3.5, 8.5, 3], "texture": "#0"},
				"down": {"uv": [9.5, 5.5, 8.5, 6], "texture": "#0"}
			}
		},
		{
			"from": [7.85, -0.25, 12.25],
			"to": [8, 1.5, 12.4],
			"rotation": {"angle": -22.5, "axis": "x", "origin": [0, 0, 0]},
			"faces": {
				"north": {"uv": [4.5, 7.5, 5.5, 8.5], "texture": "#0"},
				"east": {"uv": [4.5, 8.5, 5, 9.5], "texture": "#0"},
				"south": {"uv": [7.5, 5.5, 8.5, 6.5], "texture": "#0"},
				"west": {"uv": [5, 8.5, 5.5, 9.5], "texture": "#0"},
				"up": {"uv": [9.5, 3.5, 8.5, 3], "texture": "#0"},
				"down": {"uv": [9.5, 5.5, 8.5, 6], "texture": "#0"}
			}
		},
		{
			"from": [8.1, -0.25, 12.25],
			"to": [8.25, 1.5, 12.4],
			"rotation": {"angle": -22.5, "axis": "x", "origin": [0, 0, 0]},
			"faces": {
				"north": {"uv": [4.5, 7.5, 5.5, 8.5], "texture": "#0"},
				"east": {"uv": [4.5, 8.5, 5, 9.5], "texture": "#0"},
				"south": {"uv": [7.5, 5.5, 8.5, 6.5], "texture": "#0"},
				"west": {"uv": [5, 8.5, 5.5, 9.5], "texture": "#0"},
				"up": {"uv": [9.5, 3.5, 8.5, 3], "texture": "#0"},
				"down": {"uv": [9.5, 5.5, 8.5, 6], "texture": "#0"}
			}
		},
		{
			"from": [8.25, -0.4, 12.25],
			"to": [8.5, 1.5, 12.5],
			"rotation": {"angle": -22.5, "axis": "x", "origin": [0, 0, 0]},
			"faces": {
				"north": {"uv": [4.5, 7.5, 5.5, 8.5], "texture": "#0"},
				"east": {"uv": [4.5, 8.5, 5, 9.5], "texture": "#0"},
				"south": {"uv": [7.5, 5.5, 8.5, 6.5], "texture": "#0"},
				"west": {"uv": [5, 8.5, 5.5, 9.5], "texture": "#0"},
				"up": {"uv": [9.5, 3.5, 8.5, 3], "texture": "#0"},
				"down": {"uv": [9.5, 5.5, 8.5, 6], "texture": "#0"}
			}
		},
		{
			"from": [6.75, 1.25, 12.25],
			"to": [8.25, 1.5, 12.5],
			"rotation": {"angle": -22.5, "axis": "x", "origin": [0, 0, 0]},
			"faces": {
				"north": {"uv": [4.5, 7.5, 5.5, 8.5], "texture": "#0"},
				"east": {"uv": [4.5, 8.5, 5, 9.5], "texture": "#0"},
				"south": {"uv": [7.5, 5.5, 8.5, 6.5], "texture": "#0"},
				"west": {"uv": [5, 8.5, 5.5, 9.5], "texture": "#0"},
				"up": {"uv": [9.5, 3.5, 8.5, 3], "texture": "#0"},
				"down": {"uv": [9.5, 5.5, 8.5, 6], "texture": "#0"}
			}
		},
		{
			"from": [6.75, -0.4, 12.25],
			"to": [8.25, -0.15, 12.5],
			"rotation": {"angle": -22.5, "axis": "x", "origin": [0, 0, 0]},
			"faces": {
				"north": {"uv": [4.5, 7.5, 5.5, 8.5], "texture": "#0"},
				"east": {"uv": [4.5, 8.5, 5, 9.5], "texture": "#0"},
				"south": {"uv": [7.5, 5.5, 8.5, 6.5], "texture": "#0"},
				"west": {"uv": [5, 8.5, 5.5, 9.5], "texture": "#0"},
				"up": {"uv": [9.5, 3.5, 8.5, 3], "texture": "#0"},
				"down": {"uv": [9.5, 5.5, 8.5, 6], "texture": "#0"}
			}
		},
		{
			"from": [6.75, 1, 12.25],
			"to": [8.25, 1.15, 12.5],
			"rotation": {"angle": -22.5, "axis": "x", "origin": [0, 0, 0]},
			"faces": {
				"north": {"uv": [4.5, 7.5, 5.5, 8.5], "texture": "#0"},
				"east": {"uv": [4.5, 8.5, 5, 9.5], "texture": "#0"},
				"south": {"uv": [7.5, 5.5, 8.5, 6.5], "texture": "#0"},
				"west": {"uv": [5, 8.5, 5.5, 9.5], "texture": "#0"},
				"up": {"uv": [9.5, 3.5, 8.5, 3], "texture": "#0"},
				"down": {"uv": [9.5, 5.5, 8.5, 6], "texture": "#0"}
			}
		},
		{
			"from": [6.75, 0.75, 12.25],
			"to": [8.25, 0.9, 12.5],
			"rotation": {"angle": -22.5, "axis": "x", "origin": [0, 0, 0]},
			"faces": {
				"north": {"uv": [4.5, 7.5, 5.5, 8.5], "texture": "#0"},
				"east": {"uv": [4.5, 8.5, 5, 9.5], "texture": "#0"},
				"south": {"uv": [7.5, 5.5, 8.5, 6.5], "texture": "#0"},
				"west": {"uv": [5, 8.5, 5.5, 9.5], "texture": "#0"},
				"up": {"uv": [9.5, 3.5, 8.5, 3], "texture": "#0"},
				"down": {"uv": [9.5, 5.5, 8.5, 6], "texture": "#0"}
			}
		},
		{
			"from": [6.75, 0.5, 12.25],
			"to": [8.25, 0.65, 12.5],
			"rotation": {"angle": -22.5, "axis": "x", "origin": [0, 0, 0]},
			"faces": {
				"north": {"uv": [4.5, 7.5, 5.5, 8.5], "texture": "#0"},
				"east": {"uv": [4.5, 8.5, 5, 9.5], "texture": "#0"},
				"south": {"uv": [7.5, 5.5, 8.5, 6.5], "texture": "#0"},
				"west": {"uv": [5, 8.5, 5.5, 9.5], "texture": "#0"},
				"up": {"uv": [9.5, 3.5, 8.5, 3], "texture": "#0"},
				"down": {"uv": [9.5, 5.5, 8.5, 6], "texture": "#0"}
			}
		},
		{
			"from": [6.75, 0.25, 12.25],
			"to": [8.25, 0.4, 12.5],
			"rotation": {"angle": -22.5, "axis": "x", "origin": [0, 0, 0]},
			"faces": {
				"north": {"uv": [4.5, 7.5, 5.5, 8.5], "texture": "#0"},
				"east": {"uv": [4.5, 8.5, 5, 9.5], "texture": "#0"},
				"south": {"uv": [7.5, 5.5, 8.5, 6.5], "texture": "#0"},
				"west": {"uv": [5, 8.5, 5.5, 9.5], "texture": "#0"},
				"up": {"uv": [9.5, 3.5, 8.5, 3], "texture": "#0"},
				"down": {"uv": [9.5, 5.5, 8.5, 6], "texture": "#0"}
			}
		},
		{
			"from": [6.75, 0, 12.25],
			"to": [8.25, 0.15, 12.5],
			"rotation": {"angle": -22.5, "axis": "x", "origin": [0, 0, 0]},
			"faces": {
				"north": {"uv": [4.5, 7.5, 5.5, 8.5], "texture": "#0"},
				"east": {"uv": [4.5, 8.5, 5, 9.5], "texture": "#0"},
				"south": {"uv": [7.5, 5.5, 8.5, 6.5], "texture": "#0"},
				"west": {"uv": [5, 8.5, 5.5, 9.5], "texture": "#0"},
				"up": {"uv": [9.5, 3.5, 8.5, 3], "texture": "#0"},
				"down": {"uv": [9.5, 5.5, 8.5, 6], "texture": "#0"}
			}
		}
	],
	"display": {
		"thirdperson_righthand": {
			"rotation": [78, 180, 0],
			"translation": [0, 1, 0]
		},
		"thirdperson_lefthand": {
			"rotation": [78, 180, 0],
			"translation": [0, 1, 0]
		},
		"firstperson_righthand": {
			"rotation": [0, -180, 0],
			"translation": [0, 5.25, 0]
		},
		"firstperson_lefthand": {
			"rotation": [0, -180, 0],
			"translation": [0, 5.25, 0]
		},
		"ground": {
			"translation": [0, 12, 0],
			"scale": [1.59, 1.59, 1.59]
		},
		"gui": {
			"rotation": [0, 61, 0],
			"translation": [2.75, 5.25, 0],
			"scale": [1.47, 1.51, 1.51]
		},
		"head": {
			"rotation": [0, 180, 0],
			"translation": [-1, 22.25, -5.25],
			"scale": [2, 2, 2]
		},
		"fixed": {
			"rotation": [-90, 27, 0],
			"translation": [0, 2.5, -27.75],
			"scale": [3.61, 3.61, 3.61]
		}
	}
}