{
	"credit": "Made with Blockbench",
	"texture_size": [32, 32],
	"textures": {
		"0": "block/black_concrete",
		"1": "block/orange_concrete",
		"2": "block/white_concrete",
		"particle": "block/black_concrete"
	},
	"elements": [
		{
			"from": [1, 0, 11],
			"to": [15, 2, 15],
			"faces": {
				"north": {"uv": [0, 6, 3.5, 6.5], "texture": "#1"},
				"east": {"uv": [1, 8, 2, 8.5], "texture": "#1"},
				"south": {"uv": [3.5, 6, 7, 6.5], "texture": "#1"},
				"west": {"uv": [2, 8, 3, 8.5], "texture": "#1"},
				"up": {"uv": [6.5, 3, 3, 2], "texture": "#1"},
				"down": {"uv": [6.5, 3, 3, 4], "texture": "#1"}
			}
		},
		{
			"from": [1, 0, 1],
			"to": [15, 2, 5],
			"faces": {
				"north": {"uv": [0, 5.5, 3.5, 6], "texture": "#1"},
				"east": {"uv": [6.5, 7.5, 7.5, 8], "texture": "#1"},
				"south": {"uv": [3.5, 5.5, 7, 6], "texture": "#1"},
				"west": {"uv": [7.5, 6.5, 8.5, 7], "texture": "#1"},
				"up": {"uv": [6.5, 1, 3, 0], "texture": "#1"},
				"down": {"uv": [6.5, 1, 3, 2], "texture": "#1"}
			}
		},
		{
			"from": [1, 0, 5],
			"to": [5, 2, 11],
			"faces": {
				"north": {"uv": [8, 2, 9, 2.5], "texture": "#1"},
				"east": {"uv": [6.5, 3.5, 8, 4], "texture": "#1"},
				"south": {"uv": [8, 2.5, 9, 3], "texture": "#1"},
				"west": {"uv": [6, 6.5, 7.5, 7], "texture": "#1"},
				"up": {"uv": [7.5, 1.5, 6.5, 0], "texture": "#1"},
				"down": {"uv": [2, 6.5, 1, 8], "texture": "#1"}
			}
		},
		{
			"from": [11, 0, 5],
			"to": [15, 2, 11],
			"faces": {
				"north": {"uv": [7.5, 7.5, 8.5, 8], "texture": "#1"},
				"east": {"uv": [0, 5, 1.5, 5.5], "texture": "#1"},
				"south": {"uv": [0, 8, 1, 8.5], "texture": "#1"},
				"west": {"uv": [1.5, 5, 3, 5.5], "texture": "#1"},
				"up": {"uv": [7, 5.5, 6, 4], "texture": "#1"},
				"down": {"uv": [1, 6.5, 0, 8], "texture": "#1"}
			}
		},
		{
			"from": [5, 1, 5],
			"to": [11, 2, 11],
			"faces": {
				"north": {"uv": [6, 0, 12, 1], "texture": "#0"},
				"east": {"uv": [6, 1, 12, 2], "texture": "#0"},
				"south": {"uv": [6, 2, 12, 3], "texture": "#0"},
				"west": {"uv": [6, 3, 12, 4], "texture": "#0"},
				"up": {"uv": [6, 6, 0, 0], "texture": "#0"},
				"down": {"uv": [6, 6, 0, 12], "texture": "#0"}
			}
		},
		{
			"from": [5, 2, 5],
			"to": [11, 12, 11],
			"faces": {
				"north": {"uv": [0, 0, 1.5, 2.5], "texture": "#1"},
				"east": {"uv": [1.5, 0, 3, 2.5], "texture": "#1"},
				"south": {"uv": [0, 2.5, 1.5, 5], "texture": "#1"},
				"west": {"uv": [1.5, 2.5, 3, 5], "texture": "#1"},
				"up": {"uv": [4.5, 5.5, 3, 4], "texture": "#1"},
				"down": {"uv": [6, 4, 4.5, 5.5], "texture": "#1"}
			}
		},
		{
			"from": [5, 12, 5],
			"to": [11, 14, 11],
			"faces": {
				"north": {"uv": [2, 8, 5, 9], "texture": "#2"},
				"east": {"uv": [5, 8, 8, 9], "texture": "#2"},
				"south": {"uv": [8, 6, 11, 7], "texture": "#2"},
				"west": {"uv": [8, 7, 11, 8], "texture": "#2"},
				"up": {"uv": [3, 3, 0, 0], "texture": "#2"},
				"down": {"uv": [3, 3, 0, 6], "texture": "#2"}
			}
		},
		{
			"from": [6.25, 16, 6.25],
			"to": [9.75, 20, 9.75],
			"faces": {
				"north": {"uv": [6.5, 1.5, 7.5, 2.5], "texture": "#1"},
				"east": {"uv": [2, 6.5, 3, 7.5], "texture": "#1"},
				"south": {"uv": [6.5, 2.5, 7.5, 3.5], "texture": "#1"},
				"west": {"uv": [3, 6.5, 4, 7.5], "texture": "#1"},
				"up": {"uv": [5, 7.5, 4, 6.5], "texture": "#1"},
				"down": {"uv": [6, 6.5, 5, 7.5], "texture": "#1"}
			}
		},
		{
			"from": [6.25, 14, 6.25],
			"to": [9.75, 16, 9.75],
			"faces": {
				"north": {"uv": [9, 5, 11, 6], "texture": "#2"},
				"east": {"uv": [8, 9, 10, 10], "texture": "#2"},
				"south": {"uv": [0, 10, 2, 11], "texture": "#2"},
				"west": {"uv": [10, 1, 12, 2], "texture": "#2"},
				"up": {"uv": [8, 8, 6, 6], "texture": "#2"},
				"down": {"uv": [2, 8, 0, 10], "texture": "#2"}
			}
		},
		{
			"from": [5, 2, 11],
			"to": [11, 3, 13],
			"faces": {
				"north": {"uv": [4, 7.5, 5.5, 8], "texture": "#1"},
				"east": {"uv": [5, 8, 5.5, 8.5], "texture": "#1"},
				"south": {"uv": [7.5, 5, 9, 5.5], "texture": "#1"},
				"west": {"uv": [5.5, 8, 6, 8.5], "texture": "#1"},
				"up": {"uv": [9, 6, 7.5, 5.5], "texture": "#1"},
				"down": {"uv": [9, 6, 7.5, 6.5], "texture": "#1"}
			}
		},
		{
			"from": [5, 7, 11],
			"to": [11, 8, 13],
			"faces": {
				"north": {"uv": [4, 7.5, 5.5, 8], "texture": "#1"},
				"east": {"uv": [5, 8, 5.5, 8.5], "texture": "#1"},
				"south": {"uv": [7.5, 5, 9, 5.5], "texture": "#1"},
				"west": {"uv": [5.5, 8, 6, 8.5], "texture": "#1"},
				"up": {"uv": [9, 6, 7.5, 5.5], "texture": "#1"},
				"down": {"uv": [9, 6, 7.5, 6.5], "texture": "#1"}
			}
		},
		{
			"from": [5, 3, 11],
			"to": [11, 7, 13],
			"faces": {
				"north": {"uv": [6, 0, 9, 2], "texture": "#2"},
				"east": {"uv": [8, 10, 9, 12], "texture": "#2"},
				"south": {"uv": [6, 2, 9, 4], "texture": "#2"},
				"west": {"uv": [9, 10, 10, 12], "texture": "#2"},
				"up": {"uv": [6, 10, 3, 9], "texture": "#2"},
				"down": {"uv": [12, 4, 9, 5], "texture": "#2"}
			}
		},
		{
			"from": [5, 2, 3],
			"to": [11, 3, 5],
			"faces": {
				"north": {"uv": [6.5, 7, 8, 7.5], "texture": "#1"},
				"east": {"uv": [8, 3, 8.5, 3.5], "texture": "#1"},
				"south": {"uv": [7.5, 0, 9, 0.5], "texture": "#1"},
				"west": {"uv": [8, 3.5, 8.5, 4], "texture": "#1"},
				"up": {"uv": [9, 1, 7.5, 0.5], "texture": "#1"},
				"down": {"uv": [9, 1, 7.5, 1.5], "texture": "#1"}
			}
		},
		{
			"from": [5, 7, 3],
			"to": [11, 8, 5],
			"faces": {
				"north": {"uv": [6.5, 7, 8, 7.5], "texture": "#1"},
				"east": {"uv": [8, 3, 8.5, 3.5], "texture": "#1"},
				"south": {"uv": [7.5, 0, 9, 0.5], "texture": "#1"},
				"west": {"uv": [8, 3.5, 8.5, 4], "texture": "#1"},
				"up": {"uv": [9, 1, 7.5, 0.5], "texture": "#1"},
				"down": {"uv": [9, 1, 7.5, 1.5], "texture": "#1"}
			}
		},
		{
			"from": [5, 3, 3],
			"to": [11, 7, 5],
			"faces": {
				"north": {"uv": [3, 0, 6, 2], "texture": "#2"},
				"east": {"uv": [10, 2, 11, 4], "texture": "#2"},
				"south": {"uv": [3, 2, 6, 4], "texture": "#2"},
				"west": {"uv": [3, 10, 4, 12], "texture": "#2"},
				"up": {"uv": [11, 9, 8, 8], "texture": "#2"},
				"down": {"uv": [12, 0, 9, 1], "texture": "#2"}
			}
		},
		{
			"from": [11, 2, 5],
			"to": [13, 3, 11],
			"faces": {
				"north": {"uv": [4, 8, 4.5, 8.5], "texture": "#1"},
				"east": {"uv": [7.5, 1.5, 9, 2], "texture": "#1"},
				"south": {"uv": [4.5, 8, 5, 8.5], "texture": "#1"},
				"west": {"uv": [2, 7.5, 3.5, 8], "texture": "#1"},
				"up": {"uv": [8, 3.5, 7.5, 2], "texture": "#1"},
				"down": {"uv": [4, 7.5, 3.5, 9], "texture": "#1"}
			}
		},
		{
			"from": [11, 7, 5],
			"to": [13, 8, 11],
			"faces": {
				"north": {"uv": [4, 8, 4.5, 8.5], "texture": "#1"},
				"east": {"uv": [7.5, 1.5, 9, 2], "texture": "#1"},
				"south": {"uv": [4.5, 8, 5, 8.5], "texture": "#1"},
				"west": {"uv": [2, 7.5, 3.5, 8], "texture": "#1"},
				"up": {"uv": [8, 3.5, 7.5, 2], "texture": "#1"},
				"down": {"uv": [4, 7.5, 3.5, 9], "texture": "#1"}
			}
		},
		{
			"from": [11, 3, 5],
			"to": [13, 7, 11],
			"faces": {
				"north": {"uv": [4, 10, 5, 12], "texture": "#2"},
				"east": {"uv": [3, 4, 6, 6], "texture": "#2"},
				"south": {"uv": [5, 10, 6, 12], "texture": "#2"},
				"west": {"uv": [0, 6, 3, 8], "texture": "#2"},
				"up": {"uv": [10, 4, 9, 1], "texture": "#2"},
				"down": {"uv": [3, 9, 2, 12], "texture": "#2"}
			}
		},
		{
			"from": [3, 2, 5],
			"to": [5, 3, 11],
			"faces": {
				"north": {"uv": [5.5, 7.5, 6, 8], "texture": "#1"},
				"east": {"uv": [7, 4, 8.5, 4.5], "texture": "#1"},
				"south": {"uv": [3, 8, 3.5, 8.5], "texture": "#1"},
				"west": {"uv": [7, 4.5, 8.5, 5], "texture": "#1"},
				"up": {"uv": [7.5, 6.5, 7, 5], "texture": "#1"},
				"down": {"uv": [6.5, 7, 6, 8.5], "texture": "#1"}
			}
		},
		{
			"from": [3, 7, 5],
			"to": [5, 8, 11],
			"faces": {
				"north": {"uv": [5.5, 7.5, 6, 8], "texture": "#1"},
				"east": {"uv": [7, 4, 8.5, 4.5], "texture": "#1"},
				"south": {"uv": [3, 8, 3.5, 8.5], "texture": "#1"},
				"west": {"uv": [7, 4.5, 8.5, 5], "texture": "#1"},
				"up": {"uv": [7.5, 6.5, 7, 5], "texture": "#1"},
				"down": {"uv": [6.5, 7, 6, 8.5], "texture": "#1"}
			}
		},
		{
			"from": [3, 3, 5],
			"to": [5, 7, 11],
			"faces": {
				"north": {"uv": [10, 9, 11, 11], "texture": "#2"},
				"east": {"uv": [3, 6, 6, 8], "texture": "#2"},
				"south": {"uv": [0, 11, 1, 13], "texture": "#2"},
				"west": {"uv": [6, 4, 9, 6], "texture": "#2"},
				"up": {"uv": [7, 12, 6, 9], "texture": "#2"},
				"down": {"uv": [8, 9, 7, 12], "texture": "#2"}
			}
		}
	],
	"display": {
		"thirdperson_righthand": {
			"translation": [0, 6, 0],
			"scale": [0.8, 0.8, 0.8]
		},
		"thirdperson_lefthand": {
			"translation": [0, 6.25, 0],
			"scale": [0.8, 0.8, 0.8]
		},
		"firstperson_righthand": {
			"translation": [0, 3.75, 0]
		},
		"firstperson_lefthand": {
			"translation": [0, 3.75, 0]
		},
		"ground": {
			"translation": [0, 6, 0],
			"scale": [0.86, 0.86, 0.85]
		},
		"gui": {
			"rotation": [27, -39, 0],
			"translation": [0, -0.25, 0],
			"scale": [0.7, 0.61, 0.7]
		},
		"head": {
			"rotation": [0, 45, 0],
			"translation": [0, 15, 0],
			"scale": [1.1, 1.1, 1.1]
		},
		"fixed": {
			"rotation": [-90, 0, 0],
			"translation": [0, 0, -14.75],
			"scale": [1.41, 1.84, 1.41]
		}
	}
}