{
	"credit": "Made with Blockbench",
	"textures": {
		"0": "block/white_stained_glass",
		"1": "block/brown_concrete_powder",
		"2": "block/white_wool",
		"particle": "block/white_stained_glass"
	},
	"elements": [
		{
			"from": [6, 0.5, 6],
			"to": [10, 4.75, 10],
			"faces": {
				"north": {"uv": [0, 0, 4, 5], "texture": "#1"},
				"east": {"uv": [4, 0, 8, 5], "texture": "#1"},
				"south": {"uv": [0, 5, 4, 10], "texture": "#1"},
				"west": {"uv": [4, 5, 8, 10], "texture": "#1"},
				"up": {"uv": [12, 4, 8, 0], "texture": "#1"},
				"down": {"uv": [12, 4, 8, 8], "texture": "#1"}
			}
		},
		{
			"from": [6, 0, 6],
			"to": [10, 0.5, 10],
			"faces": {
				"north": {"uv": [0, 9, 2, 9.5], "texture": "#0"},
				"east": {"uv": [9, 0, 11, 0.5], "texture": "#0"},
				"south": {"uv": [9, 0.5, 11, 1], "texture": "#0"},
				"west": {"uv": [9, 1, 11, 1.5], "texture": "#0"},
				"up": {"uv": [2, 2, 0, 0], "texture": "#0"},
				"down": {"uv": [2, 2, 0, 4], "texture": "#0"}
			}
		},
		{
			"from": [10, 0.5, 7],
			"to": [10.5, 5.5, 8],
			"faces": {
				"north": {"uv": [2, 0, 2.5, 2.5], "texture": "#0"},
				"east": {"uv": [2.5, 0, 3, 2.5], "texture": "#0"},
				"south": {"uv": [2, 2.5, 2.5, 5], "texture": "#0"},
				"west": {"uv": [2.5, 2.5, 3, 5], "texture": "#0"},
				"up": {"uv": [9.5, 2, 9, 1.5], "texture": "#0"},
				"down": {"uv": [9.5, 2, 9, 2.5], "texture": "#0"}
			}
		},
		{
			"from": [10, 0.5, 8],
			"to": [10.25, 5.5, 9],
			"faces": {
				"north": {"uv": [3, 0, 3.5, 2.5], "texture": "#0"},
				"east": {"uv": [3, 2.5, 3.5, 5], "texture": "#0"},
				"south": {"uv": [3.5, 0, 4, 2.5], "texture": "#0"},
				"west": {"uv": [3.5, 2.5, 4, 5], "texture": "#0"},
				"up": {"uv": [9.5, 3, 9, 2.5], "texture": "#0"},
				"down": {"uv": [9.5, 3, 9, 3.5], "texture": "#0"}
			}
		},
		{
			"from": [10, 0.5, 9],
			"to": [10.5, 5.5, 10],
			"faces": {
				"north": {"uv": [0, 4, 0.5, 6.5], "texture": "#0"},
				"east": {"uv": [4, 0, 4.5, 2.5], "texture": "#0"},
				"south": {"uv": [0.5, 4, 1, 6.5], "texture": "#0"},
				"west": {"uv": [1, 4, 1.5, 6.5], "texture": "#0"},
				"up": {"uv": [9.5, 4, 9, 3.5], "texture": "#0"},
				"down": {"uv": [9.5, 4, 9, 4.5], "texture": "#0"}
			}
		},
		{
			"from": [8, 0.5, 10],
			"to": [9, 5.5, 10.5],
			"faces": {
				"north": {"uv": [1.5, 4, 2, 6.5], "texture": "#0"},
				"east": {"uv": [4, 2.5, 4.5, 5], "texture": "#0"},
				"south": {"uv": [4.5, 0, 5, 2.5], "texture": "#0"},
				"west": {"uv": [4.5, 2.5, 5, 5], "texture": "#0"},
				"up": {"uv": [9.5, 5, 9, 4.5], "texture": "#0"},
				"down": {"uv": [9.5, 5, 9, 5.5], "texture": "#0"}
			}
		},
		{
			"from": [9, 0.5, 10],
			"to": [10, 5.5, 10.25],
			"faces": {
				"north": {"uv": [5, 0, 5.5, 2.5], "texture": "#0"},
				"east": {"uv": [2, 5, 2.5, 7.5], "texture": "#0"},
				"south": {"uv": [2.5, 5, 3, 7.5], "texture": "#0"},
				"west": {"uv": [5, 2.5, 5.5, 5], "texture": "#0"},
				"up": {"uv": [9.5, 6, 9, 5.5], "texture": "#0"},
				"down": {"uv": [9.5, 6, 9, 6.5], "texture": "#0"}
			}
		},
		{
			"from": [7, 0.5, 10],
			"to": [8, 5.5, 10.25],
			"faces": {
				"north": {"uv": [3, 5, 3.5, 7.5], "texture": "#0"},
				"east": {"uv": [3.5, 5, 4, 7.5], "texture": "#0"},
				"south": {"uv": [4, 5, 4.5, 7.5], "texture": "#0"},
				"west": {"uv": [4.5, 5, 5, 7.5], "texture": "#0"},
				"up": {"uv": [9.5, 7, 9, 6.5], "texture": "#0"},
				"down": {"uv": [9.5, 7, 9, 7.5], "texture": "#0"}
			}
		},
		{
			"from": [6, 0.5, 10],
			"to": [7, 5.5, 10.5],
			"faces": {
				"north": {"uv": [5, 5, 5.5, 7.5], "texture": "#0"},
				"east": {"uv": [5.5, 0, 6, 2.5], "texture": "#0"},
				"south": {"uv": [5.5, 2.5, 6, 5], "texture": "#0"},
				"west": {"uv": [5.5, 5, 6, 7.5], "texture": "#0"},
				"up": {"uv": [9.5, 8, 9, 7.5], "texture": "#0"},
				"down": {"uv": [9.5, 8, 9, 8.5], "texture": "#0"}
			}
		},
		{
			"from": [5.75, 0.5, 9],
			"to": [6, 5.5, 10],
			"faces": {
				"north": {"uv": [6, 0, 6.5, 2.5], "texture": "#0"},
				"east": {"uv": [6, 2.5, 6.5, 5], "texture": "#0"},
				"south": {"uv": [6, 5, 6.5, 7.5], "texture": "#0"},
				"west": {"uv": [0, 6.5, 0.5, 9], "texture": "#0"},
				"up": {"uv": [9.5, 9, 9, 8.5], "texture": "#0"},
				"down": {"uv": [9.5, 9, 9, 9.5], "texture": "#0"}
			}
		},
		{
			"from": [5.5, 0.5, 8],
			"to": [6, 5.5, 9],
			"faces": {
				"north": {"uv": [6.5, 0, 7, 2.5], "texture": "#0"},
				"east": {"uv": [0.5, 6.5, 1, 9], "texture": "#0"},
				"south": {"uv": [1, 6.5, 1.5, 9], "texture": "#0"},
				"west": {"uv": [1.5, 6.5, 2, 9], "texture": "#0"},
				"up": {"uv": [0.5, 10, 0, 9.5], "texture": "#0"},
				"down": {"uv": [1, 9.5, 0.5, 10], "texture": "#0"}
			}
		},
		{
			"from": [5.75, 0.5, 7],
			"to": [6, 5.5, 8],
			"faces": {
				"north": {"uv": [6.5, 2.5, 7, 5], "texture": "#0"},
				"east": {"uv": [6.5, 5, 7, 7.5], "texture": "#0"},
				"south": {"uv": [7, 0, 7.5, 2.5], "texture": "#0"},
				"west": {"uv": [7, 2.5, 7.5, 5], "texture": "#0"},
				"up": {"uv": [1.5, 10, 1, 9.5], "texture": "#0"},
				"down": {"uv": [2, 9.5, 1.5, 10], "texture": "#0"}
			}
		},
		{
			"from": [5.5, 0.5, 6],
			"to": [6, 5.5, 7],
			"faces": {
				"north": {"uv": [7, 5, 7.5, 7.5], "texture": "#0"},
				"east": {"uv": [7.5, 0, 8, 2.5], "texture": "#0"},
				"south": {"uv": [2, 7.5, 2.5, 10], "texture": "#0"},
				"west": {"uv": [2.5, 7.5, 3, 10], "texture": "#0"},
				"up": {"uv": [10, 2, 9.5, 1.5], "texture": "#0"},
				"down": {"uv": [10, 2, 9.5, 2.5], "texture": "#0"}
			}
		},
		{
			"from": [6, 0.5, 5.75],
			"to": [7, 5.5, 6],
			"faces": {
				"north": {"uv": [7.5, 2.5, 8, 5], "texture": "#0"},
				"east": {"uv": [3, 7.5, 3.5, 10], "texture": "#0"},
				"south": {"uv": [3.5, 7.5, 4, 10], "texture": "#0"},
				"west": {"uv": [4, 7.5, 4.5, 10], "texture": "#0"},
				"up": {"uv": [10, 3, 9.5, 2.5], "texture": "#0"},
				"down": {"uv": [10, 3, 9.5, 3.5], "texture": "#0"}
			}
		},
		{
			"from": [7, 0.5, 5.5],
			"to": [8, 5.5, 6],
			"faces": {
				"north": {"uv": [4.5, 7.5, 5, 10], "texture": "#0"},
				"east": {"uv": [5, 7.5, 5.5, 10], "texture": "#0"},
				"south": {"uv": [7.5, 5, 8, 7.5], "texture": "#0"},
				"west": {"uv": [5.5, 7.5, 6, 10], "texture": "#0"},
				"up": {"uv": [10, 4, 9.5, 3.5], "texture": "#0"},
				"down": {"uv": [10, 4, 9.5, 4.5], "texture": "#0"}
			}
		},
		{
			"from": [8, 0.5, 5.75],
			"to": [9, 5.5, 6],
			"faces": {
				"north": {"uv": [6, 7.5, 6.5, 10], "texture": "#0"},
				"east": {"uv": [6.5, 7.5, 7, 10], "texture": "#0"},
				"south": {"uv": [7, 7.5, 7.5, 10], "texture": "#0"},
				"west": {"uv": [7.5, 7.5, 8, 10], "texture": "#0"},
				"up": {"uv": [10, 5, 9.5, 4.5], "texture": "#0"},
				"down": {"uv": [10, 5, 9.5, 5.5], "texture": "#0"}
			}
		},
		{
			"from": [9, 0.5, 5.5],
			"to": [10, 5.5, 6],
			"faces": {
				"north": {"uv": [8, 0, 8.5, 2.5], "texture": "#0"},
				"east": {"uv": [8, 2.5, 8.5, 5], "texture": "#0"},
				"south": {"uv": [8, 5, 8.5, 7.5], "texture": "#0"},
				"west": {"uv": [8, 7.5, 8.5, 10], "texture": "#0"},
				"up": {"uv": [10, 6, 9.5, 5.5], "texture": "#0"},
				"down": {"uv": [10, 6, 9.5, 6.5], "texture": "#0"}
			}
		},
		{
			"from": [10, 0.5, 6],
			"to": [10.25, 5.5, 7],
			"faces": {
				"north": {"uv": [8.5, 0, 9, 2.5], "texture": "#0"},
				"east": {"uv": [8.5, 2.5, 9, 5], "texture": "#0"},
				"south": {"uv": [8.5, 5, 9, 7.5], "texture": "#0"},
				"west": {"uv": [8.5, 7.5, 9, 10], "texture": "#0"},
				"up": {"uv": [10, 7, 9.5, 6.5], "texture": "#0"},
				"down": {"uv": [10, 7, 9.5, 7.5], "texture": "#0"}
			}
		},
		{
			"from": [7.75, 4.25, 10.25],
			"to": [8.25, 4.75, 11.75],
			"faces": {
				"north": {"uv": [0, 0, 0.25, 0.25], "texture": "#0"},
				"east": {"uv": [0, 0, 0.75, 0.25], "texture": "#0"},
				"south": {"uv": [0, 0, 0.25, 0.25], "texture": "#0"},
				"west": {"uv": [0, 0, 0.75, 0.25], "texture": "#0"},
				"up": {"uv": [0, 0, 0.25, 0.75], "texture": "#0"},
				"down": {"uv": [0, 0, 0.25, 0.75], "texture": "#0"}
			}
		},
		{
			"from": [7.75, 1.75, 11.75],
			"to": [8.25, 4.25, 12.25],
			"faces": {
				"north": {"uv": [0, 0, 0.25, 1.25], "texture": "#0"},
				"east": {"uv": [0, 0, 0.25, 1.25], "texture": "#0"},
				"south": {"uv": [0, 0, 0.25, 1.25], "texture": "#0"},
				"west": {"uv": [0, 0, 0.25, 1.25], "texture": "#0"},
				"up": {"uv": [0, 0, 0.25, 0.25], "texture": "#0"},
				"down": {"uv": [0, 0, 0.25, 0.25], "texture": "#0"}
			}
		},
		{
			"from": [7.75, 1.25, 10.25],
			"to": [8.25, 1.75, 11.75],
			"faces": {
				"north": {"uv": [0, 0, 0.25, 0.25], "texture": "#0"},
				"east": {"uv": [0, 0, 0.75, 0.25], "texture": "#0"},
				"south": {"uv": [0, 0, 0.25, 0.25], "texture": "#0"},
				"west": {"uv": [0, 0, 0.75, 0.25], "texture": "#0"},
				"up": {"uv": [0, 0, 0.25, 0.75], "texture": "#0"},
				"down": {"uv": [0, 0, 0.25, 0.75], "texture": "#0"}
			}
		},
		{
			"from": [7, 5.25, 7],
			"to": [8, 6.25, 8],
			"faces": {
				"north": {"uv": [7, 0, 8, 1], "texture": "#2"},
				"east": {"uv": [7, 1, 8, 2], "texture": "#2"},
				"south": {"uv": [7, 2, 8, 3], "texture": "#2"},
				"west": {"uv": [3, 7, 4, 8], "texture": "#2"},
				"up": {"uv": [8, 4, 7, 3], "texture": "#2"},
				"down": {"uv": [5, 7, 4, 8], "texture": "#2"}
			}
		},
		{
			"from": [8, 5.25, 9],
			"to": [9, 6.25, 10],
			"faces": {
				"north": {"uv": [5, 7, 6, 8], "texture": "#2"},
				"east": {"uv": [6, 7, 7, 8], "texture": "#2"},
				"south": {"uv": [7, 7, 8, 8], "texture": "#2"},
				"west": {"uv": [0, 8, 1, 9], "texture": "#2"},
				"up": {"uv": [9, 1, 8, 0], "texture": "#2"},
				"down": {"uv": [2, 8, 1, 9], "texture": "#2"}
			}
		},
		{
			"from": [7, 5.25, 8],
			"to": [9, 6.5, 9],
			"faces": {
				"north": {"uv": [3, 0, 5, 1.5], "texture": "#2"},
				"east": {"uv": [1, 6, 2, 7.5], "texture": "#2"},
				"south": {"uv": [3, 2, 5, 3.5], "texture": "#2"},
				"west": {"uv": [2, 6, 3, 7.5], "texture": "#2"},
				"up": {"uv": [5, 5, 3, 4], "texture": "#2"},
				"down": {"uv": [7, 0, 5, 1], "texture": "#2"}
			}
		},
		{
			"from": [6, 4.75, 6],
			"to": [7, 5.75, 7],
			"faces": {
				"north": {"uv": [9, 7, 10, 7.5], "texture": "#2"},
				"east": {"uv": [8, 9, 9, 9.5], "texture": "#2"},
				"south": {"uv": [9, 8, 10, 8.5], "texture": "#2"},
				"west": {"uv": [9, 9, 10, 9.5], "texture": "#2"},
				"up": {"uv": [9, 2, 8, 1], "texture": "#2"},
				"down": {"uv": [3, 8, 2, 9], "texture": "#2"}
			}
		},
		{
			"from": [8, 4.75, 6],
			"to": [10, 5.75, 7],
			"faces": {
				"north": {"uv": [8, 2, 10, 2.5], "texture": "#2"},
				"east": {"uv": [0, 10, 1, 10.5], "texture": "#2"},
				"south": {"uv": [3, 8, 5, 8.5], "texture": "#2"},
				"west": {"uv": [10, 0, 11, 0.5], "texture": "#2"},
				"up": {"uv": [7, 2, 5, 1], "texture": "#2"},
				"down": {"uv": [7, 2, 5, 3], "texture": "#2"}
			}
		},
		{
			"from": [9, 4.75, 9],
			"to": [10, 6, 10],
			"faces": {
				"north": {"uv": [8, 3, 9, 4], "texture": "#2"},
				"east": {"uv": [5, 8, 6, 9], "texture": "#2"},
				"south": {"uv": [6, 8, 7, 9], "texture": "#2"},
				"west": {"uv": [7, 8, 8, 9], "texture": "#2"},
				"up": {"uv": [9, 8, 8, 7], "texture": "#2"},
				"down": {"uv": [9, 8, 8, 9], "texture": "#2"}
			}
		},
		{
			"from": [7, 4.75, 6],
			"to": [8, 6, 7],
			"faces": {
				"north": {"uv": [0, 9, 1, 10], "texture": "#2"},
				"east": {"uv": [9, 0, 10, 1], "texture": "#2"},
				"south": {"uv": [1, 9, 2, 10], "texture": "#2"},
				"west": {"uv": [9, 1, 10, 2], "texture": "#2"},
				"up": {"uv": [3, 10, 2, 9], "texture": "#2"},
				"down": {"uv": [4, 9, 3, 10], "texture": "#2"}
			}
		},
		{
			"from": [6, 5.25, 8],
			"to": [7, 6, 9],
			"faces": {
				"north": {"uv": [9, 3, 10, 4], "texture": "#2"},
				"east": {"uv": [4, 9, 5, 10], "texture": "#2"},
				"south": {"uv": [9, 4, 10, 5], "texture": "#2"},
				"west": {"uv": [5, 9, 6, 10], "texture": "#2"},
				"up": {"uv": [10, 6, 9, 5], "texture": "#2"},
				"down": {"uv": [7, 9, 6, 10], "texture": "#2"}
			}
		},
		{
			"from": [6, 4.75, 7],
			"to": [9, 5.75, 10],
			"faces": {
				"north": {"uv": [3, 6, 6, 6.5], "texture": "#2"},
				"east": {"uv": [6, 4, 9, 4.5], "texture": "#2"},
				"south": {"uv": [6, 5, 9, 5.5], "texture": "#2"},
				"west": {"uv": [6, 6, 9, 6.5], "texture": "#2"},
				"up": {"uv": [3, 3, 0, 0], "texture": "#2"},
				"down": {"uv": [3, 3, 0, 6], "texture": "#2"}
			}
		},
		{
			"from": [9, 4.75, 7],
			"to": [10, 6.25, 9],
			"faces": {
				"north": {"uv": [9, 6, 10, 7], "texture": "#2"},
				"east": {"uv": [3, 5, 5, 6], "texture": "#2"},
				"south": {"uv": [7, 9, 8, 10], "texture": "#2"},
				"west": {"uv": [5, 3, 7, 4], "texture": "#2"},
				"up": {"uv": [6, 6, 5, 4], "texture": "#2"},
				"down": {"uv": [1, 6, 0, 8], "texture": "#2"}
			}
		}
	],
	"display": {
		"thirdperson_righthand": {
			"rotation": [28, 0, 0],
			"translation": [0, 5, 0],
			"scale": [0.86, 0.86, 0.86]
		},
		"thirdperson_lefthand": {
			"rotation": [28, 0, 0],
			"translation": [0, 5, 0],
			"scale": [0.86, 0.86, 0.86]
		},
		"firstperson_righthand": {
			"translation": [0, 6.25, 0]
		},
		"firstperson_lefthand": {
			"translation": [0, 6.25, 0]
		},
		"ground": {
			"translation": [0, 7.25, 0],
			"scale": [1.2, 1.2, 1.2]
		},
		"gui": {
			"rotation": [0, 75, 0],
			"translation": [-0.25, 6.75, 0],
			"scale": [1.51, 1.51, 1.51]
		},
		"head": {
			"rotation": [0, 90, 28],
			"translation": [0, -1.75, -7]
		}
	},
	"groups": [
		0,
		{
			"name": "group",
			"origin": [0, 0, 0],
			"color": 0,
			"children": [1, 2, 3, 4, 5, 6, 7, 8, 9, 10, 11, 12, 13, 14, 15, 16, 17]
		},
		{
			"name": "group",
			"origin": [0, 0, 0],
			"color": 0,
			"children": [18, 19, 20]
		},
		{
			"name": "group",
			"origin": [0, 0, 0],
			"color": 0,
			"children": [21, 22, 23, 24, 25, 26, 27, 28, 29, 30]
		}
	]
}