{"parent":"minecraft:block/blue_stained_glass","overrides":[{"predicate":{"custom_model_data":2200357},"model":"slimefun:slimefun/energy/electric_dust_washer"},{"predicate":{"custom_model_data":2200358},"model":"slimefun:slimefun/energy/electric_dust_washer_2"},{"predicate":{"custom_model_data":2200359},"model":"slimefun:slimefun/energy/electric_dust_washer_3"},{"predicate":{"custom_model_data":2202010},"model":"slimefunwarfare:general/fiber_optic_glass"},{"predicate":{"custom_model_data":2202011},"model":"item/blue_stained_glass"}]}