{
  "parent": "minecraft:item/generated",
  "textures": {
    "layer0": "minecraft:item/book"
  },
	"overrides": [
		{"predicate": {"custom_model_data":77001}, "model": "item/decorations/book/book_1"},
		{"predicate": {"custom_model_data":77002}, "model": "item/decorations/book/book_2"},
		{"predicate": {"custom_model_data":77003}, "model": "item/decorations/book/book_3"},
		{"predicate": {"custom_model_data":77004}, "model": "item/decorations/book/book_4"},
		{"predicate": {"custom_model_data":77005}, "model": "item/decorations/book/books_1"},
		{"predicate": {"custom_model_data":77006}, "model": "item/decorations/book/books_2"},
		{"predicate": {"custom_model_data":77007}, "model": "item/decorations/book/books_3"},
		{"predicate": {"custom_model_data":77008}, "model": "item/decorations/book/books_4"},
		{"predicate": {"custom_model_data":77009}, "model": "item/decorations/book/books_5"},
		{"predicate": {"custom_model_data":77010}, "model": "item/decorations/book/books_6"},


		{"predicate":{"custom_model_data":2201319},"model":"fluffymachines:misc/ancient_book"},
		{"predicate":{"custom_model_data":2201320},"model":"item/book"}
	]
}