{"parent":"minecraft:item/generated","textures":{"layer0":"minecraft:item/brick"},"overrides":[{"predicate":{"custom_model_data":2200081},"model":"slimefun:slimefun/resources/ingots/bronze_ingot"},{"predicate":{"custom_model_data":2200105},"model":"slimefun:slimefun/resources/ingots/copper_ingot"},{"predicate":{"custom_model_data":2200217},"model":"slimefun:slimefun/resources/ingots/redstone_alloy"},{"predicate":{"custom_model_data":2200325},"model":"slimefun:slimefun/christmas/christmas_caramel"},{"predicate":{"custom_model_data":2200601},"model":"infinityexpansion:materials/adamantite"},{"predicate":{"custom_model_data":2200612},"model":"infinityexpansion:materials/magsteel"},{"predicate":{"custom_model_data":2201286},"model":"fluffymachines:portable_chargers/small_portable_charger"},{"predicate":{"custom_model_data":2202071},"model":"slimefunwarfare:resources/holmium_ingot"},{"predicate":{"custom_model_data":2202072},"model":"item/brick"}]}