{"parent":"minecraft:item/generated","textures":{"layer0":"minecraft:item/cauldron"},"overrides":[{"predicate":{"custom_model_data":2200143},"model":"slimefun:slimefun/basic_machines/ore_washer"},{"predicate":{"custom_model_data":2200239},"model":"slimefun:slimefun/basic_machines/composter"},{"predicate":{"custom_model_data":2200252},"model":"slimefun:slimefun/basic_machines/crucible"},{"predicate":{"custom_model_data":2201078},"model":"exotic_garden:misc/kitchen"},{"predicate":{"custom_model_data":2201079},"model":"item/cauldron"}]}