{"parent":"item/generated","textures":{"layer0":"item/cod"},"display":{"head":{"rotation":[0,90,-60],"translation":[-7,-4,-7],"scale":[0.8,0.8,0.8]}},"overrides":[{"predicate":{"custom_model_data":2203105},"model":"gastronomicon:ingredient/gn_raw_mackerel"},{"predicate":{"custom_model_data":2203109},"model":"gastronomicon:ingredient/gn_raw_trout"},{"predicate":{"custom_model_data":2203111},"model":"gastronomicon:ingredient/gn_raw_bass"},{"predicate":{"custom_model_data":2203113},"model":"gastronomicon:ingredient/gn_raw_carp"},{"predicate":{"custom_model_data":2203115},"model":"gastronomicon:ingredient/gn_raw_pike"},{"predicate":{"custom_model_data":2203117},"model":"gastronomicon:ingredient/gn_raw_tuna"},{"predicate":{"custom_model_data":2203119},"model":"gastronomicon:ingredient/gn_shrimp"},{"predicate":{"custom_model_data":2203120},"model":"item/cod"}]}