{"parent":"minecraft:item/handheld","textures":{"layer0":"minecraft:item/diamond_pickaxe"},"overrides":[{"predicate":{"custom_model_data":2200163},"model":"slimefun:slimefun/tools/smelters_pickaxe"},{"predicate":{"custom_model_data":2200241},"model":"slimefun:slimefun/tools/explosive_pickaxe"},{"predicate":{"custom_model_data":2200245},"model":"slimefun:slimefun/basic_machines/advanced_industrial_miner"},{"predicate":{"custom_model_data":2200247},"model":"slimefun:slimefun/tools/pickaxe_of_the_seeker"},{"predicate":{"custom_model_data":2200271},"model":"slimefun:slimefun/tools/pickaxe_of_vein_mining"},{"predicate":{"custom_model_data":2200275},"model":"slimefun:slimefun/tools/soulbound_pickaxe"},{"predicate":{"custom_model_data":2201300},"model":"fluffymachines:tools/upgraded_explosive_pickaxe"},{"predicate":{"custom_model_data":2201302},"model":"fluffymachines:tools/paxel"},{"predicate":{"custom_model_data":2201303},"model":"item/diamond_pickaxe"}]}