{"parent":"minecraft:item/generated","textures":{"layer0":"minecraft:item/diamond"},"overrides":[{"predicate":{"custom_model_data":2200090},"model":"slimefun:slimefun/resources/valuables/synthetic_diamond"},{"predicate":{"custom_model_data":2200676},"model":"infinityexpansion:materials/quarry_oscillator_diamond"},{"predicate":{"custom_model_data":2200678},"model":"infinityexpansion:materials/vein_miner_rune"},{"predicate":{"custom_model_data":2201411},"model":"bump:magical_items/make"},{"predicate":{"custom_model_data":2201413},"model":"bump:magical_items/cpu"},{"predicate":{"custom_model_data":2201414},"model":"item/diamond"}]}