{"parent":"minecraft:item/generated","overrides":[{"model":"minecraft:item/diamond_helmet_quartz_trim","predicate":{"trim_type":0.1}},{"model":"minecraft:item/diamond_helmet_iron_trim","predicate":{"trim_type":0.2}},{"model":"minecraft:item/diamond_helmet_netherite_trim","predicate":{"trim_type":0.3}},{"model":"minecraft:item/diamond_helmet_redstone_trim","predicate":{"trim_type":0.4}},{"model":"minecraft:item/diamond_helmet_copper_trim","predicate":{"trim_type":0.5}},{"model":"minecraft:item/diamond_helmet_gold_trim","predicate":{"trim_type":0.6}},{"model":"minecraft:item/diamond_helmet_emerald_trim","predicate":{"trim_type":0.7}},{"model":"minecraft:item/diamond_helmet_diamond_darker_trim","predicate":{"trim_type":0.8}},{"model":"minecraft:item/diamond_helmet_lapis_trim","predicate":{"trim_type":0.9}},{"model":"minecraft:item/diamond_helmet_amethyst_trim","predicate":{"trim_type":1.0}},{"predicate":{"custom_model_data":2200279},"model":"slimefun:slimefun/magical_armor/soulbound_armor/helmet"},{"predicate":{"trim_type":0.1,"custom_model_data":2200279},"model":"slimefun:slimefun/magical_armor/soulbound_armor/helmet"},{"predicate":{"trim_type":0.2,"custom_model_data":2200279},"model":"slimefun:slimefun/magical_armor/soulbound_armor/helmet"},{"predicate":{"trim_type":0.3,"custom_model_data":2200279},"model":"slimefun:slimefun/magical_armor/soulbound_armor/helmet"},{"predicate":{"trim_type":0.4,"custom_model_data":2200279},"model":"slimefun:slimefun/magical_armor/soulbound_armor/helmet"},{"predicate":{"trim_type":0.5,"custom_model_data":2200279},"model":"slimefun:slimefun/magical_armor/soulbound_armor/helmet"},{"predicate":{"trim_type":0.6,"custom_model_data":2200279},"model":"slimefun:slimefun/magical_armor/soulbound_armor/helmet"},{"predicate":{"trim_type":0.7,"custom_model_data":2200279},"model":"slimefun:slimefun/magical_armor/soulbound_armor/helmet"},{"predicate":{"trim_type":0.8,"custom_model_data":2200279},"model":"slimefun:slimefun/magical_armor/soulbound_armor/helmet"},{"predicate":{"trim_type":0.9,"custom_model_data":2200279},"model":"slimefun:slimefun/magical_armor/soulbound_armor/helmet"},{"predicate":{"trim_type":1.0,"custom_model_data":2200279},"model":"slimefun:slimefun/magical_armor/soulbound_armor/helmet"},{"predicate":{"custom_model_data":2201401},"model":"bump:armors/random_helmet"},{"predicate":{"trim_type":0.1,"custom_model_data":2201401},"model":"bump:armors/random_helmet"},{"predicate":{"trim_type":0.2,"custom_model_data":2201401},"model":"bump:armors/random_helmet"},{"predicate":{"trim_type":0.3,"custom_model_data":2201401},"model":"bump:armors/random_helmet"},{"predicate":{"trim_type":0.4,"custom_model_data":2201401},"model":"bump:armors/random_helmet"},{"predicate":{"trim_type":0.5,"custom_model_data":2201401},"model":"bump:armors/random_helmet"},{"predicate":{"trim_type":0.6,"custom_model_data":2201401},"model":"bump:armors/random_helmet"},{"predicate":{"trim_type":0.7,"custom_model_data":2201401},"model":"bump:armors/random_helmet"},{"predicate":{"trim_type":0.8,"custom_model_data":2201401},"model":"bump:armors/random_helmet"},{"predicate":{"trim_type":0.9,"custom_model_data":2201401},"model":"bump:armors/random_helmet"},{"predicate":{"trim_type":1.0,"custom_model_data":2201401},"model":"bump:armors/random_helmet"},{"predicate":{"custom_model_data":2201402},"model":"item/diamond_helmet"}],"textures":{"layer0":"minecraft:item/diamond_helmet"}}