{"parent":"minecraft:item/generated","overrides":[{"model":"minecraft:item/diamond_chestplate_quartz_trim","predicate":{"trim_type":0.1}},{"model":"minecraft:item/diamond_chestplate_iron_trim","predicate":{"trim_type":0.2}},{"model":"minecraft:item/diamond_chestplate_netherite_trim","predicate":{"trim_type":0.3}},{"model":"minecraft:item/diamond_chestplate_redstone_trim","predicate":{"trim_type":0.4}},{"model":"minecraft:item/diamond_chestplate_copper_trim","predicate":{"trim_type":0.5}},{"model":"minecraft:item/diamond_chestplate_gold_trim","predicate":{"trim_type":0.6}},{"model":"minecraft:item/diamond_chestplate_emerald_trim","predicate":{"trim_type":0.7}},{"model":"minecraft:item/diamond_chestplate_diamond_darker_trim","predicate":{"trim_type":0.8}},{"model":"minecraft:item/diamond_chestplate_lapis_trim","predicate":{"trim_type":0.9}},{"model":"minecraft:item/diamond_chestplate_amethyst_trim","predicate":{"trim_type":1.0}},{"predicate":{"custom_model_data":2200280},"model":"slimefun:slimefun/magical_armor/soulbound_armor/chestplate"},{"predicate":{"trim_type":0.1,"custom_model_data":2200280},"model":"slimefun:slimefun/magical_armor/soulbound_armor/chestplate"},{"predicate":{"trim_type":0.2,"custom_model_data":2200280},"model":"slimefun:slimefun/magical_armor/soulbound_armor/chestplate"},{"predicate":{"trim_type":0.3,"custom_model_data":2200280},"model":"slimefun:slimefun/magical_armor/soulbound_armor/chestplate"},{"predicate":{"trim_type":0.4,"custom_model_data":2200280},"model":"slimefun:slimefun/magical_armor/soulbound_armor/chestplate"},{"predicate":{"trim_type":0.5,"custom_model_data":2200280},"model":"slimefun:slimefun/magical_armor/soulbound_armor/chestplate"},{"predicate":{"trim_type":0.6,"custom_model_data":2200280},"model":"slimefun:slimefun/magical_armor/soulbound_armor/chestplate"},{"predicate":{"trim_type":0.7,"custom_model_data":2200280},"model":"slimefun:slimefun/magical_armor/soulbound_armor/chestplate"},{"predicate":{"trim_type":0.8,"custom_model_data":2200280},"model":"slimefun:slimefun/magical_armor/soulbound_armor/chestplate"},{"predicate":{"trim_type":0.9,"custom_model_data":2200280},"model":"slimefun:slimefun/magical_armor/soulbound_armor/chestplate"},{"predicate":{"trim_type":1.0,"custom_model_data":2200280},"model":"slimefun:slimefun/magical_armor/soulbound_armor/chestplate"},{"predicate":{"custom_model_data":2200654},"model":"infinityexpansion:mob_simulation/zombie_data_card"},{"predicate":{"trim_type":0.1,"custom_model_data":2200654},"model":"infinityexpansion:mob_simulation/zombie_data_card"},{"predicate":{"trim_type":0.2,"custom_model_data":2200654},"model":"infinityexpansion:mob_simulation/zombie_data_card"},{"predicate":{"trim_type":0.3,"custom_model_data":2200654},"model":"infinityexpansion:mob_simulation/zombie_data_card"},{"predicate":{"trim_type":0.4,"custom_model_data":2200654},"model":"infinityexpansion:mob_simulation/zombie_data_card"},{"predicate":{"trim_type":0.5,"custom_model_data":2200654},"model":"infinityexpansion:mob_simulation/zombie_data_card"},{"predicate":{"trim_type":0.6,"custom_model_data":2200654},"model":"infinityexpansion:mob_simulation/zombie_data_card"},{"predicate":{"trim_type":0.7,"custom_model_data":2200654},"model":"infinityexpansion:mob_simulation/zombie_data_card"},{"predicate":{"trim_type":0.8,"custom_model_data":2200654},"model":"infinityexpansion:mob_simulation/zombie_data_card"},{"predicate":{"trim_type":0.9,"custom_model_data":2200654},"model":"infinityexpansion:mob_simulation/zombie_data_card"},{"predicate":{"trim_type":1.0,"custom_model_data":2200654},"model":"infinityexpansion:mob_simulation/zombie_data_card"},{"predicate":{"custom_model_data":2200659},"model":"infinityexpansion:mob_simulation/spider_data_card"},{"predicate":{"trim_type":0.1,"custom_model_data":2200659},"model":"infinityexpansion:mob_simulation/spider_data_card"},{"predicate":{"trim_type":0.2,"custom_model_data":2200659},"model":"infinityexpansion:mob_simulation/spider_data_card"},{"predicate":{"trim_type":0.3,"custom_model_data":2200659},"model":"infinityexpansion:mob_simulation/spider_data_card"},{"predicate":{"trim_type":0.4,"custom_model_data":2200659},"model":"infinityexpansion:mob_simulation/spider_data_card"},{"predicate":{"trim_type":0.5,"custom_model_data":2200659},"model":"infinityexpansion:mob_simulation/spider_data_card"},{"predicate":{"trim_type":0.6,"custom_model_data":2200659},"model":"infinityexpansion:mob_simulation/spider_data_card"},{"predicate":{"trim_type":0.7,"custom_model_data":2200659},"model":"infinityexpansion:mob_simulation/spider_data_card"},{"predicate":{"trim_type":0.8,"custom_model_data":2200659},"model":"infinityexpansion:mob_simulation/spider_data_card"},{"predicate":{"trim_type":0.9,"custom_model_data":2200659},"model":"infinityexpansion:mob_simulation/spider_data_card"},{"predicate":{"trim_type":1.0,"custom_model_data":2200659},"model":"infinityexpansion:mob_simulation/spider_data_card"},{"predicate":{"custom_model_data":2200660},"model":"infinityexpansion:mob_simulation/skeleton_data_card"},{"predicate":{"trim_type":0.1,"custom_model_data":2200660},"model":"infinityexpansion:mob_simulation/skeleton_data_card"},{"predicate":{"trim_type":0.2,"custom_model_data":2200660},"model":"infinityexpansion:mob_simulation/skeleton_data_card"},{"predicate":{"trim_type":0.3,"custom_model_data":2200660},"model":"infinityexpansion:mob_simulation/skeleton_data_card"},{"predicate":{"trim_type":0.4,"custom_model_data":2200660},"model":"infinityexpansion:mob_simulation/skeleton_data_card"},{"predicate":{"trim_type":0.5,"custom_model_data":2200660},"model":"infinityexpansion:mob_simulation/skeleton_data_card"},{"predicate":{"trim_type":0.6,"custom_model_data":2200660},"model":"infinityexpansion:mob_simulation/skeleton_data_card"},{"predicate":{"trim_type":0.7,"custom_model_data":2200660},"model":"infinityexpansion:mob_simulation/skeleton_data_card"},{"predicate":{"trim_type":0.8,"custom_model_data":2200660},"model":"infinityexpansion:mob_simulation/skeleton_data_card"},{"predicate":{"trim_type":0.9,"custom_model_data":2200660},"model":"infinityexpansion:mob_simulation/skeleton_data_card"},{"predicate":{"trim_type":1.0,"custom_model_data":2200660},"model":"infinityexpansion:mob_simulation/skeleton_data_card"},{"predicate":{"custom_model_data":2200661},"model":"infinityexpansion:mob_simulation/wither_skeleton_data_card"},{"predicate":{"trim_type":0.1,"custom_model_data":2200661},"model":"infinityexpansion:mob_simulation/wither_skeleton_data_card"},{"predicate":{"trim_type":0.2,"custom_model_data":2200661},"model":"infinityexpansion:mob_simulation/wither_skeleton_data_card"},{"predicate":{"trim_type":0.3,"custom_model_data":2200661},"model":"infinityexpansion:mob_simulation/wither_skeleton_data_card"},{"predicate":{"trim_type":0.4,"custom_model_data":2200661},"model":"infinityexpansion:mob_simulation/wither_skeleton_data_card"},{"predicate":{"trim_type":0.5,"custom_model_data":2200661},"model":"infinityexpansion:mob_simulation/wither_skeleton_data_card"},{"predicate":{"trim_type":0.6,"custom_model_data":2200661},"model":"infinityexpansion:mob_simulation/wither_skeleton_data_card"},{"predicate":{"trim_type":0.7,"custom_model_data":2200661},"model":"infinityexpansion:mob_simulation/wither_skeleton_data_card"},{"predicate":{"trim_type":0.8,"custom_model_data":2200661},"model":"infinityexpansion:mob_simulation/wither_skeleton_data_card"},{"predicate":{"trim_type":0.9,"custom_model_data":2200661},"model":"infinityexpansion:mob_simulation/wither_skeleton_data_card"},{"predicate":{"trim_type":1.0,"custom_model_data":2200661},"model":"infinityexpansion:mob_simulation/wither_skeleton_data_card"},{"predicate":{"custom_model_data":2200662},"model":"infinityexpansion:mob_simulation/endermen_data_card"},{"predicate":{"trim_type":0.1,"custom_model_data":2200662},"model":"infinityexpansion:mob_simulation/endermen_data_card"},{"predicate":{"trim_type":0.2,"custom_model_data":2200662},"model":"infinityexpansion:mob_simulation/endermen_data_card"},{"predicate":{"trim_type":0.3,"custom_model_data":2200662},"model":"infinityexpansion:mob_simulation/endermen_data_card"},{"predicate":{"trim_type":0.4,"custom_model_data":2200662},"model":"infinityexpansion:mob_simulation/endermen_data_card"},{"predicate":{"trim_type":0.5,"custom_model_data":2200662},"model":"infinityexpansion:mob_simulation/endermen_data_card"},{"predicate":{"trim_type":0.6,"custom_model_data":2200662},"model":"infinityexpansion:mob_simulation/endermen_data_card"},{"predicate":{"trim_type":0.7,"custom_model_data":2200662},"model":"infinityexpansion:mob_simulation/endermen_data_card"},{"predicate":{"trim_type":0.8,"custom_model_data":2200662},"model":"infinityexpansion:mob_simulation/endermen_data_card"},{"predicate":{"trim_type":0.9,"custom_model_data":2200662},"model":"infinityexpansion:mob_simulation/endermen_data_card"},{"predicate":{"trim_type":1.0,"custom_model_data":2200662},"model":"infinityexpansion:mob_simulation/endermen_data_card"},{"predicate":{"custom_model_data":2200663},"model":"infinityexpansion:mob_simulation/creeper_data_card"},{"predicate":{"trim_type":0.1,"custom_model_data":2200663},"model":"infinityexpansion:mob_simulation/creeper_data_card"},{"predicate":{"trim_type":0.2,"custom_model_data":2200663},"model":"infinityexpansion:mob_simulation/creeper_data_card"},{"predicate":{"trim_type":0.3,"custom_model_data":2200663},"model":"infinityexpansion:mob_simulation/creeper_data_card"},{"predicate":{"trim_type":0.4,"custom_model_data":2200663},"model":"infinityexpansion:mob_simulation/creeper_data_card"},{"predicate":{"trim_type":0.5,"custom_model_data":2200663},"model":"infinityexpansion:mob_simulation/creeper_data_card"},{"predicate":{"trim_type":0.6,"custom_model_data":2200663},"model":"infinityexpansion:mob_simulation/creeper_data_card"},{"predicate":{"trim_type":0.7,"custom_model_data":2200663},"model":"infinityexpansion:mob_simulation/creeper_data_card"},{"predicate":{"trim_type":0.8,"custom_model_data":2200663},"model":"infinityexpansion:mob_simulation/creeper_data_card"},{"predicate":{"trim_type":0.9,"custom_model_data":2200663},"model":"infinityexpansion:mob_simulation/creeper_data_card"},{"predicate":{"trim_type":1.0,"custom_model_data":2200663},"model":"infinityexpansion:mob_simulation/creeper_data_card"},{"predicate":{"custom_model_data":2200664},"model":"infinityexpansion:mob_simulation/guardian_data_card"},{"predicate":{"trim_type":0.1,"custom_model_data":2200664},"model":"infinityexpansion:mob_simulation/guardian_data_card"},{"predicate":{"trim_type":0.2,"custom_model_data":2200664},"model":"infinityexpansion:mob_simulation/guardian_data_card"},{"predicate":{"trim_type":0.3,"custom_model_data":2200664},"model":"infinityexpansion:mob_simulation/guardian_data_card"},{"predicate":{"trim_type":0.4,"custom_model_data":2200664},"model":"infinityexpansion:mob_simulation/guardian_data_card"},{"predicate":{"trim_type":0.5,"custom_model_data":2200664},"model":"infinityexpansion:mob_simulation/guardian_data_card"},{"predicate":{"trim_type":0.6,"custom_model_data":2200664},"model":"infinityexpansion:mob_simulation/guardian_data_card"},{"predicate":{"trim_type":0.7,"custom_model_data":2200664},"model":"infinityexpansion:mob_simulation/guardian_data_card"},{"predicate":{"trim_type":0.8,"custom_model_data":2200664},"model":"infinityexpansion:mob_simulation/guardian_data_card"},{"predicate":{"trim_type":0.9,"custom_model_data":2200664},"model":"infinityexpansion:mob_simulation/guardian_data_card"},{"predicate":{"trim_type":1.0,"custom_model_data":2200664},"model":"infinityexpansion:mob_simulation/guardian_data_card"},{"predicate":{"custom_model_data":2200666},"model":"infinityexpansion:mob_simulation/iron_golem_data_card"},{"predicate":{"trim_type":0.1,"custom_model_data":2200666},"model":"infinityexpansion:mob_simulation/iron_golem_data_card"},{"predicate":{"trim_type":0.2,"custom_model_data":2200666},"model":"infinityexpansion:mob_simulation/iron_golem_data_card"},{"predicate":{"trim_type":0.3,"custom_model_data":2200666},"model":"infinityexpansion:mob_simulation/iron_golem_data_card"},{"predicate":{"trim_type":0.4,"custom_model_data":2200666},"model":"infinityexpansion:mob_simulation/iron_golem_data_card"},{"predicate":{"trim_type":0.5,"custom_model_data":2200666},"model":"infinityexpansion:mob_simulation/iron_golem_data_card"},{"predicate":{"trim_type":0.6,"custom_model_data":2200666},"model":"infinityexpansion:mob_simulation/iron_golem_data_card"},{"predicate":{"trim_type":0.7,"custom_model_data":2200666},"model":"infinityexpansion:mob_simulation/iron_golem_data_card"},{"predicate":{"trim_type":0.8,"custom_model_data":2200666},"model":"infinityexpansion:mob_simulation/iron_golem_data_card"},{"predicate":{"trim_type":0.9,"custom_model_data":2200666},"model":"infinityexpansion:mob_simulation/iron_golem_data_card"},{"predicate":{"trim_type":1.0,"custom_model_data":2200666},"model":"infinityexpansion:mob_simulation/iron_golem_data_card"},{"predicate":{"custom_model_data":2200667},"model":"infinityexpansion:mob_simulation/blaze_data_card"},{"predicate":{"trim_type":0.1,"custom_model_data":2200667},"model":"infinityexpansion:mob_simulation/blaze_data_card"},{"predicate":{"trim_type":0.2,"custom_model_data":2200667},"model":"infinityexpansion:mob_simulation/blaze_data_card"},{"predicate":{"trim_type":0.3,"custom_model_data":2200667},"model":"infinityexpansion:mob_simulation/blaze_data_card"},{"predicate":{"trim_type":0.4,"custom_model_data":2200667},"model":"infinityexpansion:mob_simulation/blaze_data_card"},{"predicate":{"trim_type":0.5,"custom_model_data":2200667},"model":"infinityexpansion:mob_simulation/blaze_data_card"},{"predicate":{"trim_type":0.6,"custom_model_data":2200667},"model":"infinityexpansion:mob_simulation/blaze_data_card"},{"predicate":{"trim_type":0.7,"custom_model_data":2200667},"model":"infinityexpansion:mob_simulation/blaze_data_card"},{"predicate":{"trim_type":0.8,"custom_model_data":2200667},"model":"infinityexpansion:mob_simulation/blaze_data_card"},{"predicate":{"trim_type":0.9,"custom_model_data":2200667},"model":"infinityexpansion:mob_simulation/blaze_data_card"},{"predicate":{"trim_type":1.0,"custom_model_data":2200667},"model":"infinityexpansion:mob_simulation/blaze_data_card"},{"predicate":{"custom_model_data":2200672},"model":"infinityexpansion:mob_simulation/witch_data_card"},{"predicate":{"trim_type":0.1,"custom_model_data":2200672},"model":"infinityexpansion:mob_simulation/witch_data_card"},{"predicate":{"trim_type":0.2,"custom_model_data":2200672},"model":"infinityexpansion:mob_simulation/witch_data_card"},{"predicate":{"trim_type":0.3,"custom_model_data":2200672},"model":"infinityexpansion:mob_simulation/witch_data_card"},{"predicate":{"trim_type":0.4,"custom_model_data":2200672},"model":"infinityexpansion:mob_simulation/witch_data_card"},{"predicate":{"trim_type":0.5,"custom_model_data":2200672},"model":"infinityexpansion:mob_simulation/witch_data_card"},{"predicate":{"trim_type":0.6,"custom_model_data":2200672},"model":"infinityexpansion:mob_simulation/witch_data_card"},{"predicate":{"trim_type":0.7,"custom_model_data":2200672},"model":"infinityexpansion:mob_simulation/witch_data_card"},{"predicate":{"trim_type":0.8,"custom_model_data":2200672},"model":"infinityexpansion:mob_simulation/witch_data_card"},{"predicate":{"trim_type":0.9,"custom_model_data":2200672},"model":"infinityexpansion:mob_simulation/witch_data_card"},{"predicate":{"trim_type":1.0,"custom_model_data":2200672},"model":"infinityexpansion:mob_simulation/witch_data_card"},{"predicate":{"custom_model_data":2200673},"model":"item/diamond_chestplate"}],"textures":{"layer0":"minecraft:item/diamond_chestplate"}}