{"parent":"item/generated","textures":{"layer0":"item/elytra"},"overrides":[{"predicate":{"broken":1},"model":"item/broken_elytra"},{"predicate":{"custom_model_data":2200422},"model":"slimefun:slimefun/magical_gadgets/elytra/infused_elytra"},{"predicate":{"broken":1,"custom_model_data":2200422},"model":"slimefun:slimefun/magical_gadgets/elytra/infused_elytra"},{"predicate":{"custom_model_data":2200423},"model":"slimefun:slimefun/magical_gadgets/elytra/soulbound_elytra"},{"predicate":{"broken":1,"custom_model_data":2200423},"model":"slimefun:slimefun/magical_gadgets/elytra/soulbound_elytra"},{"predicate":{"custom_model_data":2200552},"model":"slimefun:slimefun/magical_armor/bee_armor/elytra/bee_wings"},{"predicate":{"broken":1,"custom_model_data":2200552},"model":"slimefun:slimefun/magical_armor/bee_armor/elytra/bee_wings"},{"predicate":{"custom_model_data":2200553},"model":"item/elytra"}]}