{"parent":"minecraft:item/generated","textures":{"layer0":"minecraft:item/emerald"},"overrides":[{"predicate":{"custom_model_data":2200164},"model":"slimefun:slimefun/magical_items/common_talisman"},{"predicate":{"custom_model_data":2200165},"model":"slimefun:slimefun/talisman1/anvil"},{"predicate":{"custom_model_data":2200166},"model":"slimefun:slimefun/talisman2/anvil"},{"predicate":{"custom_model_data":2200167},"model":"slimefun:slimefun/talisman1/miner"},{"predicate":{"custom_model_data":2200168},"model":"slimefun:slimefun/talisman2/miner"},{"predicate":{"custom_model_data":2200169},"model":"slimefun:slimefun/talisman1/hunter"},{"predicate":{"custom_model_data":2200170},"model":"slimefun:slimefun/talisman2/hunter"},{"predicate":{"custom_model_data":2200171},"model":"slimefun:slimefun/talisman1/lava_walker"},{"predicate":{"custom_model_data":2200172},"model":"slimefun:slimefun/talisman2/lava_walker"},{"predicate":{"custom_model_data":2200173},"model":"slimefun:slimefun/talisman1/water_breather"},{"predicate":{"custom_model_data":2200174},"model":"slimefun:slimefun/talisman2/water_breather"},{"predicate":{"custom_model_data":2200175},"model":"slimefun:slimefun/talisman1/angel"},{"predicate":{"custom_model_data":2200176},"model":"slimefun:slimefun/talisman2/angel"},{"predicate":{"custom_model_data":2200177},"model":"slimefun:slimefun/talisman1/firefighter"},{"predicate":{"custom_model_data":2200178},"model":"slimefun:slimefun/talisman2/firefighter"},{"predicate":{"custom_model_data":2200179},"model":"slimefun:slimefun/talisman1/magican"},{"predicate":{"custom_model_data":2200180},"model":"slimefun:slimefun/talisman2/magican"},{"predicate":{"custom_model_data":2200181},"model":"slimefun:slimefun/talisman1/traveller"},{"predicate":{"custom_model_data":2200182},"model":"slimefun:slimefun/talisman2/traveller"},{"predicate":{"custom_model_data":2200183},"model":"slimefun:slimefun/talisman1/warrior"},{"predicate":{"custom_model_data":2200184},"model":"slimefun:slimefun/talisman2/warrior"},{"predicate":{"custom_model_data":2200185},"model":"slimefun:slimefun/talisman1/knight"},{"predicate":{"custom_model_data":2200186},"model":"slimefun:slimefun/talisman2/knight"},{"predicate":{"custom_model_data":2200188},"model":"slimefun:slimefun/resources/valuables/synthetic_emerald"},{"predicate":{"custom_model_data":2200193},"model":"slimefun:slimefun/talisman1/whirlwind"},{"predicate":{"custom_model_data":2200194},"model":"slimefun:slimefun/talisman2/whirlwind"},{"predicate":{"custom_model_data":2200195},"model":"slimefun:slimefun/talisman1/wizard"},{"predicate":{"custom_model_data":2200196},"model":"slimefun:slimefun/talisman2/wizard"},{"predicate":{"custom_model_data":2200529},"model":"slimefun:slimefun/talisman1/caveman"},{"predicate":{"custom_model_data":2200530},"model":"slimefun:slimefun/talisman2/caveman"},{"predicate":{"custom_model_data":2200531},"model":"slimefun:slimefun/talisman1/wise"},{"predicate":{"custom_model_data":2200532},"model":"slimefun:slimefun/talisman2/wise"},{"predicate":{"custom_model_data":2200533},"model":"slimefun:slimefun/talisman2/0_default"},{"predicate":{"custom_model_data":2200545},"model":"slimefun:slimefun/talisman1/farmer"},{"predicate":{"custom_model_data":2200546},"model":"slimefun:slimefun/talisman2/farmer"},{"predicate":{"custom_model_data":2200675},"model":"infinityexpansion:materials/quarry_oscillator_emerald"},{"predicate":{"custom_model_data":2200676},"model":"item/emerald"}]}