{
  "parent": "minecraft:item/generated",
  "textures": {
    "layer0": "minecraft:block/fern"
  },
	"overrides": [
		{"predicate": {"custom_model_data":77001}, "model": "item/decorations/plants/dec_plant_1"},
		{"predicate": {"custom_model_data":77002}, "model": "item/decorations/plants/dec_plant_2"},
		{"predicate": {"custom_model_data":77003}, "model": "item/decorations/plants/dec_plant_3"},
		{"predicate": {"custom_model_data":77004}, "model": "item/decorations/plants/dec_plant_4"},
		{"predicate": {"custom_model_data":77005}, "model": "item/decorations/plants/vine_1"},
		{"predicate": {"custom_model_data":77006}, "model": "item/decorations/plants/dec_plant_5"},


		{"predicate":{"custom_model_data":2203060},"model":"gastronomicon:ingredient/gn_mint"},
		{"predicate":{"custom_model_data":2203093},"model":"gastronomicon:ingredient/gn_fiddleheads"},
		{"predicate":{"custom_model_data":2203094},"model":"item/fern"}
	]
}