{"parent":"item/generated","textures":{"layer0":"item/firework_star","layer1":"item/firework_star_overlay"},"overrides":[{"predicate":{"custom_model_data":2200156},"model":"slimefun:slimefun/resources/valuables/silicon"},{"predicate":{"custom_model_data":2200409},"model":"slimefun:slimefun/magical_items/blank_rune"},{"predicate":{"custom_model_data":2200410},"model":"slimefun:slimefun/magical_items/ancient_rune_air"},{"predicate":{"custom_model_data":2200411},"model":"slimefun:slimefun/magical_items/ancient_rune_earth"},{"predicate":{"custom_model_data":2200412},"model":"slimefun:slimefun/magical_items/ancient_rune_fire"},{"predicate":{"custom_model_data":2200413},"model":"slimefun:slimefun/magical_items/ancient_rune_water"},{"predicate":{"custom_model_data":2200414},"model":"slimefun:slimefun/magical_items/ancient_rune_ender"},{"predicate":{"custom_model_data":2200415},"model":"slimefun:slimefun/magical_items/ancient_rune_lightning"},{"predicate":{"custom_model_data":2200416},"model":"slimefun:slimefun/magical_items/ancient_rune_rainbow"},{"predicate":{"custom_model_data":2200417},"model":"slimefun:slimefun/magical_items/ancient_rune_soulbound"},{"predicate":{"custom_model_data":2200418},"model":"slimefun:slimefun/magical_items/ancient_rune_enchantment"},{"predicate":{"custom_model_data":2200543},"model":"slimefun:slimefun/magical_items/ancient_rune_villagers"},{"predicate":{"custom_model_data":2200802},"model":"slimy_tree_taps:materials/rubber"},{"predicate":{"custom_model_data":2201315},"model":"fluffymachines:misc/fireproof_rune"},{"predicate":{"custom_model_data":2201316},"model":"item/firework_star"}]}