{
  "parent": "minecraft:item/generated",
  "textures": {
    "layer0": "minecraft:item/gold_nugget"
  },
	"overrides": [
		{"predicate": {"custom_model_data":77001}, "model": "item/decorations/deco_pot_1"},
		{"predicate": {"custom_model_data":77002}, "model": "item/decorations/cauldron_1"},
		{"predicate": {"custom_model_data":77003}, "model": "item/beer"},
		{"predicate": {"custom_model_data":77004}, "model": "item/decorations/krhla"},
		{"predicate": {"custom_model_data":77005}, "model": "item/decorations/cist_potion"},
		{"predicate": {"custom_model_data":77006}, "model": "item/decorations/kuzel"},
		{"predicate": {"custom_model_data":77007}, "model": "item/decorations/bandage"},
		{"predicate": {"custom_model_data":77008}, "model": "item/decorations/coffee_maker"},
		{"predicate": {"custom_model_data":77009}, "model": "item/decorations/nit"},
		{"predicate": {"custom_model_data":77010}, "model": "item/decorations/latka"},
		{"predicate": {"custom_model_data":77011}, "model": "item/decorations/crate_extra"},
		{"predicate": {"custom_model_data":77012}, "model": "item/decorations/crate_cosmetic"},
		{"predicate": {"custom_model_data":77013}, "model": "item/decorations/crate_vote"},
		{"predicate": {"custom_model_data":77014}, "model": "item/decorations/crate_head"},
		{"predicate": {"custom_model_data":77015}, "model": "item/decorations/key_vote"},
		{"predicate": {"custom_model_data":77016}, "model": "item/decorations/key_extra"},
		{"predicate": {"custom_model_data":77017}, "model": "item/decorations/key_cosmetic"},
		{"predicate": {"custom_model_data":77018}, "model": "item/decorations/key_head"},


		
		{"predicate":{"custom_model_data":2200030},"model":"slimefun:slimefun/magical_items/magic_lump_1"},
		{"predicate":{"custom_model_data":2200031},"model":"slimefun:slimefun/magical_items/magic_lump_2"},
		{"predicate":{"custom_model_data":2200032},"model":"slimefun:slimefun/magical_items/magic_lump_3"},
		{"predicate":{"custom_model_data":2200033},"model":"slimefun:slimefun/magical_items/ender_lump_1"},
		{"predicate":{"custom_model_data":2200034},"model":"slimefun:slimefun/magical_items/ender_lump_2"},
		{"predicate":{"custom_model_data":2200035},"model":"slimefun:slimefun/magical_items/ender_lump_3"},
		{"predicate":{"custom_model_data":2201410},"model":"bump:magical_items/old_coin"},
		{"predicate":{"custom_model_data":2201411},"model":"item/gold_nugget"}
	]
}