{"parent":"minecraft:item/generated","overrides":[{"model":"minecraft:item/golden_helmet_quartz_trim","predicate":{"trim_type":0.1}},{"model":"minecraft:item/golden_helmet_iron_trim","predicate":{"trim_type":0.2}},{"model":"minecraft:item/golden_helmet_netherite_trim","predicate":{"trim_type":0.3}},{"model":"minecraft:item/golden_helmet_redstone_trim","predicate":{"trim_type":0.4}},{"model":"minecraft:item/golden_helmet_copper_trim","predicate":{"trim_type":0.5}},{"model":"minecraft:item/golden_helmet_gold_darker_trim","predicate":{"trim_type":0.6}},{"model":"minecraft:item/golden_helmet_emerald_trim","predicate":{"trim_type":0.7}},{"model":"minecraft:item/golden_helmet_diamond_trim","predicate":{"trim_type":0.8}},{"model":"minecraft:item/golden_helmet_lapis_trim","predicate":{"trim_type":0.9}},{"model":"minecraft:item/golden_helmet_amethyst_trim","predicate":{"trim_type":1.0}},{"predicate":{"custom_model_data":2200202},"model":"slimefun:slimefun/armor/gilded_iron_armor/gilded_iron_helmet"},{"predicate":{"trim_type":0.1,"custom_model_data":2200202},"model":"slimefun:slimefun/armor/gilded_iron_armor/gilded_iron_helmet"},{"predicate":{"trim_type":0.2,"custom_model_data":2200202},"model":"slimefun:slimefun/armor/gilded_iron_armor/gilded_iron_helmet"},{"predicate":{"trim_type":0.3,"custom_model_data":2200202},"model":"slimefun:slimefun/armor/gilded_iron_armor/gilded_iron_helmet"},{"predicate":{"trim_type":0.4,"custom_model_data":2200202},"model":"slimefun:slimefun/armor/gilded_iron_armor/gilded_iron_helmet"},{"predicate":{"trim_type":0.5,"custom_model_data":2200202},"model":"slimefun:slimefun/armor/gilded_iron_armor/gilded_iron_helmet"},{"predicate":{"trim_type":0.6,"custom_model_data":2200202},"model":"slimefun:slimefun/armor/gilded_iron_armor/gilded_iron_helmet"},{"predicate":{"trim_type":0.7,"custom_model_data":2200202},"model":"slimefun:slimefun/armor/gilded_iron_armor/gilded_iron_helmet"},{"predicate":{"trim_type":0.8,"custom_model_data":2200202},"model":"slimefun:slimefun/armor/gilded_iron_armor/gilded_iron_helmet"},{"predicate":{"trim_type":0.9,"custom_model_data":2200202},"model":"slimefun:slimefun/armor/gilded_iron_armor/gilded_iron_helmet"},{"predicate":{"trim_type":1.0,"custom_model_data":2200202},"model":"slimefun:slimefun/armor/gilded_iron_armor/gilded_iron_helmet"},{"predicate":{"custom_model_data":2200218},"model":"slimefun:slimefun/armor/gold_12k_armor/gold_12k_helmet"},{"predicate":{"trim_type":0.1,"custom_model_data":2200218},"model":"slimefun:slimefun/armor/gold_12k_armor/gold_12k_helmet"},{"predicate":{"trim_type":0.2,"custom_model_data":2200218},"model":"slimefun:slimefun/armor/gold_12k_armor/gold_12k_helmet"},{"predicate":{"trim_type":0.3,"custom_model_data":2200218},"model":"slimefun:slimefun/armor/gold_12k_armor/gold_12k_helmet"},{"predicate":{"trim_type":0.4,"custom_model_data":2200218},"model":"slimefun:slimefun/armor/gold_12k_armor/gold_12k_helmet"},{"predicate":{"trim_type":0.5,"custom_model_data":2200218},"model":"slimefun:slimefun/armor/gold_12k_armor/gold_12k_helmet"},{"predicate":{"trim_type":0.6,"custom_model_data":2200218},"model":"slimefun:slimefun/armor/gold_12k_armor/gold_12k_helmet"},{"predicate":{"trim_type":0.7,"custom_model_data":2200218},"model":"slimefun:slimefun/armor/gold_12k_armor/gold_12k_helmet"},{"predicate":{"trim_type":0.8,"custom_model_data":2200218},"model":"slimefun:slimefun/armor/gold_12k_armor/gold_12k_helmet"},{"predicate":{"trim_type":0.9,"custom_model_data":2200218},"model":"slimefun:slimefun/armor/gold_12k_armor/gold_12k_helmet"},{"predicate":{"trim_type":1.0,"custom_model_data":2200218},"model":"slimefun:slimefun/armor/gold_12k_armor/gold_12k_helmet"},{"predicate":{"custom_model_data":2200551},"model":"slimefun:slimefun/magical_armor/bee_armor/bee_helmet"},{"predicate":{"trim_type":0.1,"custom_model_data":2200551},"model":"slimefun:slimefun/magical_armor/bee_armor/bee_helmet"},{"predicate":{"trim_type":0.2,"custom_model_data":2200551},"model":"slimefun:slimefun/magical_armor/bee_armor/bee_helmet"},{"predicate":{"trim_type":0.3,"custom_model_data":2200551},"model":"slimefun:slimefun/magical_armor/bee_armor/bee_helmet"},{"predicate":{"trim_type":0.4,"custom_model_data":2200551},"model":"slimefun:slimefun/magical_armor/bee_armor/bee_helmet"},{"predicate":{"trim_type":0.5,"custom_model_data":2200551},"model":"slimefun:slimefun/magical_armor/bee_armor/bee_helmet"},{"predicate":{"trim_type":0.6,"custom_model_data":2200551},"model":"slimefun:slimefun/magical_armor/bee_armor/bee_helmet"},{"predicate":{"trim_type":0.7,"custom_model_data":2200551},"model":"slimefun:slimefun/magical_armor/bee_armor/bee_helmet"},{"predicate":{"trim_type":0.8,"custom_model_data":2200551},"model":"slimefun:slimefun/magical_armor/bee_armor/bee_helmet"},{"predicate":{"trim_type":0.9,"custom_model_data":2200551},"model":"slimefun:slimefun/magical_armor/bee_armor/bee_helmet"},{"predicate":{"trim_type":1.0,"custom_model_data":2200551},"model":"slimefun:slimefun/magical_armor/bee_armor/bee_helmet"},{"predicate":{"custom_model_data":2200552},"model":"item/golden_helmet"}],"textures":{"layer0":"minecraft:item/golden_helmet"}}