{"parent":"minecraft:item/generated","textures":{"layer0":"minecraft:item/gold_ingot"},"overrides":[{"predicate":{"custom_model_data":2200084},"model":"slimefun:slimefun/resources/ingots/brass_ingot"},{"predicate":{"custom_model_data":2200085},"model":"slimefun:slimefun/resources/ingots/aluminum_brass_ingot"},{"predicate":{"custom_model_data":2200086},"model":"slimefun:slimefun/resources/ingots/aluminum_bronze_ingot"},{"predicate":{"custom_model_data":2200087},"model":"slimefun:slimefun/resources/ingots/corinthian_bronze_ingot"},{"predicate":{"custom_model_data":2200144},"model":"slimefun:slimefun/resources/gold_ingots/gold_24k"},{"predicate":{"custom_model_data":2200145},"model":"slimefun:slimefun/resources/gold_ingots/gold_22k"},{"predicate":{"custom_model_data":2200146},"model":"slimefun:slimefun/resources/gold_ingots/gold_20k"},{"predicate":{"custom_model_data":2200147},"model":"slimefun:slimefun/resources/gold_ingots/gold_18k"},{"predicate":{"custom_model_data":2200148},"model":"slimefun:slimefun/resources/gold_ingots/gold_16k"},{"predicate":{"custom_model_data":2200149},"model":"slimefun:slimefun/resources/gold_ingots/gold_14k"},{"predicate":{"custom_model_data":2200150},"model":"slimefun:slimefun/resources/gold_ingots/gold_12k"},{"predicate":{"custom_model_data":2200151},"model":"slimefun:slimefun/resources/gold_ingots/gold_10k"},{"predicate":{"custom_model_data":2200152},"model":"slimefun:slimefun/resources/gold_ingots/gold_8k"},{"predicate":{"custom_model_data":2200153},"model":"slimefun:slimefun/resources/gold_ingots/gold_6k"},{"predicate":{"custom_model_data":2200154},"model":"slimefun:slimefun/resources/gold_ingots/gold_4k"},{"predicate":{"custom_model_data":2200187},"model":"slimefun:slimefun/resources/ingots/gilded_iron"},{"predicate":{"custom_model_data":2200466},"model":"slimefun:slimefun/resources/radioactive_materials/blistering_ingot"},{"predicate":{"custom_model_data":2200467},"model":"slimefun:slimefun/resources/radioactive_materials/blistering_ingot_2"},{"predicate":{"custom_model_data":2200468},"model":"slimefun:slimefun/resources/radioactive_materials/blistering_ingot_3"},{"predicate":{"custom_model_data":2200608},"model":"infinityexpansion:materials/machine_circuit"},{"predicate":{"custom_model_data":2201288},"model":"fluffymachines:portable_chargers/big_portable_charger"},{"predicate":{"custom_model_data":2201289},"model":"item/gold_ingot"}]}