{
  "parent": "minecraft:item/generated",
  "textures": {
    "layer0": "minecraft:item/iron_nugget"
  },
	"overrides": [
		{"predicate": {"custom_model_data":77001}, "model": "item/hats/imp_glasses"},
		{"predicate": {"custom_model_data":77002}, "model": "item/hats/crown"},
		{"predicate": {"custom_model_data":77003}, "model": "item/hats/halo"},
		{"predicate": {"custom_model_data":77004}, "model": "item/hats/clown"},
		{"predicate": {"custom_model_data":77005}, "model": "item/hats/witch_hat"},
		{"predicate": {"custom_model_data":77006}, "model": "item/hats/horns"},
		{"predicate": {"custom_model_data":77007}, "model": "item/hats/likmik_crown"},
		{"predicate": {"custom_model_data":77008}, "model": "item/hats/cat_hat"},
		{"predicate": {"custom_model_data":77009}, "model": "item/hats/flowers_crown"},
		{"predicate": {"custom_model_data":77010}, "model": "item/hats/slovak_flag"},
		{"predicate": {"custom_model_data":77011}, "model": "item/hats/czech_flag"},
		{"predicate": {"custom_model_data":77012}, "model": "item/hats/aegons_crown"},
		{"predicate": {"custom_model_data":77013}, "model": "item/hats/cowboy_hat"},
		{"predicate": {"custom_model_data":77014}, "model": "item/hats/gentleman_hat"},
		{"predicate": {"custom_model_data":77015}, "model": "item/hats/sheep_hat"},
		{"predicate": {"custom_model_data":77016}, "model": "item/hats/dragon_crown"},
		{"predicate": {"custom_model_data":77017}, "model": "item/hats/blitzo"},
		{"predicate": {"custom_model_data":77018}, "model": "item/hats/viking_horn_hat"},
		{"predicate": {"custom_model_data":77019}, "model": "item/hats/panda"},
		{"predicate": {"custom_model_data":77020}, "model": "item/hats/pirate_hat"},
		{"predicate": {"custom_model_data":77021}, "model": "item/hats/fire"},
		{"predicate": {"custom_model_data":77022}, "model": "item/hats/soulfire"},
		{"predicate": {"custom_model_data":77023}, "model": "item/hats/egypt_crown"},
		{"predicate": {"custom_model_data":77024}, "model": "item/hats/candles"},
		{"predicate": {"custom_model_data":77025}, "model": "item/hats/loki_crown"},
		{"predicate": {"custom_model_data":77026}, "model": "item/hats/axe"},
		{"predicate": {"custom_model_data":77027}, "model": "item/hats/fire_r"},
		{"predicate": {"custom_model_data":77028}, "model": "item/hats/fire_b"},
		{"predicate": {"custom_model_data":77029}, "model": "item/hats/fire_p"},
		{"predicate": {"custom_model_data":77030}, "model": "item/hats/fire_w"},
		{"predicate": {"custom_model_data":77031}, "model": "item/hats/fire_bl"},
		{"predicate": {"custom_model_data":77032}, "model": "item/hats/fire_g"},
		{"predicate": {"custom_model_data":77033}, "model": "item/hats/fire_rb"},
		{"predicate": {"custom_model_data":77034}, "model": "item/hats/fire_y"},
		{"predicate": {"custom_model_data":77035}, "model": "item/hats/mining_helmet"},
		{"predicate": {"custom_model_data":77036}, "model": "item/hats/ulmi_crown"},
		{"predicate": {"custom_model_data":77037}, "model": "item/hats/slimefun_hat"},
		{"predicate": {"custom_model_data":77038}, "model": "item/hats/british_crown"},
		{"predicate": {"custom_model_data":77039}, "model": "item/hats/ulmi_crown1"},
		{"predicate": {"custom_model_data":77040}, "model": "item/hats/slamak"},
		{"predicate": {"custom_model_data":77041}, "model": "item/hats/gold_stick"},
		{"predicate": {"custom_model_data":77042}, "model": "item/hats/stolas_crown"},
		{"predicate": {"custom_model_data":77043}, "model": "item/hats/aragorn_crown"},
		{"predicate": {"custom_model_data":77044}, "model": "item/hats/jesus_crown"},
		{"predicate": {"custom_model_data":77045}, "model": "item/hats/wig"},
		{"predicate": {"custom_model_data":77046}, "model": "item/hats/china_hat"},
		{"predicate": {"custom_model_data":77047}, "model": "item/hats/glasses"},
		{"predicate": {"custom_model_data":77048}, "model": "item/hats/plameniak"},
		{"predicate": {"custom_model_data":77049}, "model": "item/hats/mor"},
		{"predicate": {"custom_model_data":77050}, "model": "item/hats/lego"},
		


                {"predicate": {"custom_model_data":2200617}, "model": "infinityexpansion:materials/void_bit"},
		{"predicate": {"custom_model_data":2200618}, "model": "item/gold_nugget"}
		
	]
}