{"parent":"minecraft:item/generated","textures":{"layer0":"minecraft:item/lava_bucket"},"overrides":[{"predicate":{"custom_model_data":2204007},"model":"liquid:molten_ancient_debris"},{"predicate":{"custom_model_data":2204008},"model":"liquid:molten_diamond"},{"predicate":{"custom_model_data":2204009},"model":"liquid:molten_diamond"},{"predicate":{"custom_model_data":2204010},"model":"liquid:molten_emerald"},{"predicate":{"custom_model_data":2204011},"model":"liquid:molten_emerald"},{"predicate":{"custom_model_data":2204012},"model":"liquid:molten_gold"},{"predicate":{"custom_model_data":2204013},"model":"liquid:molten_gold"},{"predicate":{"custom_model_data":2204014},"model":"liquid:molten_iron"},{"predicate":{"custom_model_data":2204015},"model":"liquid:molten_iron"},{"predicate":{"custom_model_data":2204016},"model":"liquid:molten_lapis_lazuli"},{"predicate":{"custom_model_data":2204017},"model":"liquid:molten_lapis_lazuli"},{"predicate":{"custom_model_data":2204018},"model":"liquid:molten_netherite"},{"predicate":{"custom_model_data":2204019},"model":"liquid:molten_redstone_alloy"},{"predicate":{"custom_model_data":2204020},"model":"liquid:molten_redstone_alloy"},{"predicate":{"custom_model_data":2204021},"model":"liquid:molten_aluminum"},{"predicate":{"custom_model_data":2204022},"model":"liquid:molten_aluminum_brass"},{"predicate":{"custom_model_data":2204023},"model":"liquid:molten_aluminum_bronze"},{"predicate":{"custom_model_data":2204024},"model":"liquid:molten_billon"},{"predicate":{"custom_model_data":2204025},"model":"liquid:molten_uranium"},{"predicate":{"custom_model_data":2204026},"model":"liquid:molten_brass"},{"predicate":{"custom_model_data":2204027},"model":"liquid:molten_bronze"},{"predicate":{"custom_model_data":2204028},"model":"liquid:molten_steel"},{"predicate":{"custom_model_data":2204029},"model":"liquid:molten_cobalt"},{"predicate":{"custom_model_data":2204030},"model":"liquid:molten_copper"},{"predicate":{"custom_model_data":2204031},"model":"liquid:molten_corinthian_bronze"},{"predicate":{"custom_model_data":2204032},"model":"liquid:molten_damascus_steel"},{"predicate":{"custom_model_data":2204033},"model":"liquid:molten_duralumin"},{"predicate":{"custom_model_data":2204034},"model":"liquid:molten_ferrosilicon"},{"predicate":{"custom_model_data":2204035},"model":"liquid:molten_gilded_iron"},{"predicate":{"custom_model_data":2204036},"model":"liquid:molten_gold_4k"},{"predicate":{"custom_model_data":2204037},"model":"liquid:molten_gold_6k"},{"predicate":{"custom_model_data":2204038},"model":"liquid:molten_gold_8k"},{"predicate":{"custom_model_data":2204039},"model":"liquid:molten_gold_10k"},{"predicate":{"custom_model_data":2204040},"model":"liquid:molten_gold_12k"},{"predicate":{"custom_model_data":2204041},"model":"liquid:molten_gold_14k"},{"predicate":{"custom_model_data":2204042},"model":"liquid:molten_gold_16k"},{"predicate":{"custom_model_data":2204043},"model":"liquid:molten_gold_18k"},{"predicate":{"custom_model_data":2204044},"model":"liquid:molten_gold_20k"},{"predicate":{"custom_model_data":2204045},"model":"liquid:molten_gold_22k"},{"predicate":{"custom_model_data":2204046},"model":"liquid:molten_gold_24k"},{"predicate":{"custom_model_data":2204047},"model":"liquid:molten_hardened_metal"},{"predicate":{"custom_model_data":2204048},"model":"liquid:molten_lead"},{"predicate":{"custom_model_data":2204049},"model":"liquid:molten_magnesium"},{"predicate":{"custom_model_data":2204050},"model":"liquid:molten_magnesium_salt"},{"predicate":{"custom_model_data":2204051},"model":"liquid:molten_magnet"},{"predicate":{"custom_model_data":2204052},"model":"liquid:molten_steel"},{"predicate":{"custom_model_data":2204053},"model":"liquid:molten_nickel"},{"predicate":{"custom_model_data":2204054},"model":"liquid:molten_plutonium"},{"predicate":{"custom_model_data":2204055},"model":"liquid:molten_redstone_alloy"},{"predicate":{"custom_model_data":2204056},"model":"liquid:molten_reinforced_alloy"},{"predicate":{"custom_model_data":2204057},"model":"liquid:molten_salt"},{"predicate":{"custom_model_data":2204058},"model":"liquid:molten_silicon"},{"predicate":{"custom_model_data":2204059},"model":"liquid:molten_silver"},{"predicate":{"custom_model_data":2204060},"model":"liquid:molten_slag"},{"predicate":{"custom_model_data":2204061},"model":"liquid:molten_solder"},{"predicate":{"custom_model_data":2204062},"model":"liquid:molten_steel"},{"predicate":{"custom_model_data":2204063},"model":"liquid:molten_sulfate"},{"predicate":{"custom_model_data":2204064},"model":"liquid:molten_tin"},{"predicate":{"custom_model_data":2204065},"model":"liquid:molten_uranium"},{"predicate":{"custom_model_data":2204066},"model":"liquid:molten_zinc"},{"predicate":{"custom_model_data":2204067},"model":"item/lava_bucket"}]}