{"parent":"minecraft:item/generated","overrides":[{"model":"minecraft:item/leather_helmet_quartz_trim","predicate":{"trim_type":0.1}},{"model":"minecraft:item/leather_helmet_iron_trim","predicate":{"trim_type":0.2}},{"model":"minecraft:item/leather_helmet_netherite_trim","predicate":{"trim_type":0.3}},{"model":"minecraft:item/leather_helmet_redstone_trim","predicate":{"trim_type":0.4}},{"model":"minecraft:item/leather_helmet_copper_trim","predicate":{"trim_type":0.5}},{"model":"minecraft:item/leather_helmet_gold_trim","predicate":{"trim_type":0.6}},{"model":"minecraft:item/leather_helmet_emerald_trim","predicate":{"trim_type":0.7}},{"model":"minecraft:item/leather_helmet_diamond_trim","predicate":{"trim_type":0.8}},{"model":"minecraft:item/leather_helmet_lapis_trim","predicate":{"trim_type":0.9}},{"model":"minecraft:item/leather_helmet_amethyst_trim","predicate":{"trim_type":1.0}},{"predicate":{"custom_model_data":2200037},"model":"slimefun:slimefun/magical_armor/ender_amor/helmet"},{"predicate":{"trim_type":0.1,"custom_model_data":2200037},"model":"slimefun:slimefun/magical_armor/ender_amor/helmet"},{"predicate":{"trim_type":0.2,"custom_model_data":2200037},"model":"slimefun:slimefun/magical_armor/ender_amor/helmet"},{"predicate":{"trim_type":0.3,"custom_model_data":2200037},"model":"slimefun:slimefun/magical_armor/ender_amor/helmet"},{"predicate":{"trim_type":0.4,"custom_model_data":2200037},"model":"slimefun:slimefun/magical_armor/ender_amor/helmet"},{"predicate":{"trim_type":0.5,"custom_model_data":2200037},"model":"slimefun:slimefun/magical_armor/ender_amor/helmet"},{"predicate":{"trim_type":0.6,"custom_model_data":2200037},"model":"slimefun:slimefun/magical_armor/ender_amor/helmet"},{"predicate":{"trim_type":0.7,"custom_model_data":2200037},"model":"slimefun:slimefun/magical_armor/ender_amor/helmet"},{"predicate":{"trim_type":0.8,"custom_model_data":2200037},"model":"slimefun:slimefun/magical_armor/ender_amor/helmet"},{"predicate":{"trim_type":0.9,"custom_model_data":2200037},"model":"slimefun:slimefun/magical_armor/ender_amor/helmet"},{"predicate":{"trim_type":1.0,"custom_model_data":2200037},"model":"slimefun:slimefun/magical_armor/ender_amor/helmet"},{"predicate":{"custom_model_data":2200044},"model":"slimefun:slimefun/magical_armor/slime_armor/slime_helmet"},{"predicate":{"trim_type":0.1,"custom_model_data":2200044},"model":"slimefun:slimefun/magical_armor/slime_armor/slime_helmet"},{"predicate":{"trim_type":0.2,"custom_model_data":2200044},"model":"slimefun:slimefun/magical_armor/slime_armor/slime_helmet"},{"predicate":{"trim_type":0.3,"custom_model_data":2200044},"model":"slimefun:slimefun/magical_armor/slime_armor/slime_helmet"},{"predicate":{"trim_type":0.4,"custom_model_data":2200044},"model":"slimefun:slimefun/magical_armor/slime_armor/slime_helmet"},{"predicate":{"trim_type":0.5,"custom_model_data":2200044},"model":"slimefun:slimefun/magical_armor/slime_armor/slime_helmet"},{"predicate":{"trim_type":0.6,"custom_model_data":2200044},"model":"slimefun:slimefun/magical_armor/slime_armor/slime_helmet"},{"predicate":{"trim_type":0.7,"custom_model_data":2200044},"model":"slimefun:slimefun/magical_armor/slime_armor/slime_helmet"},{"predicate":{"trim_type":0.8,"custom_model_data":2200044},"model":"slimefun:slimefun/magical_armor/slime_armor/slime_helmet"},{"predicate":{"trim_type":0.9,"custom_model_data":2200044},"model":"slimefun:slimefun/magical_armor/slime_armor/slime_helmet"},{"predicate":{"trim_type":1.0,"custom_model_data":2200044},"model":"slimefun:slimefun/magical_armor/slime_armor/slime_helmet"},{"predicate":{"custom_model_data":2200061},"model":"slimefun:slimefun/magical_armor/glowstone_armor/helmet"},{"predicate":{"trim_type":0.1,"custom_model_data":2200061},"model":"slimefun:slimefun/magical_armor/glowstone_armor/helmet"},{"predicate":{"trim_type":0.2,"custom_model_data":2200061},"model":"slimefun:slimefun/magical_armor/glowstone_armor/helmet"},{"predicate":{"trim_type":0.3,"custom_model_data":2200061},"model":"slimefun:slimefun/magical_armor/glowstone_armor/helmet"},{"predicate":{"trim_type":0.4,"custom_model_data":2200061},"model":"slimefun:slimefun/magical_armor/glowstone_armor/helmet"},{"predicate":{"trim_type":0.5,"custom_model_data":2200061},"model":"slimefun:slimefun/magical_armor/glowstone_armor/helmet"},{"predicate":{"trim_type":0.6,"custom_model_data":2200061},"model":"slimefun:slimefun/magical_armor/glowstone_armor/helmet"},{"predicate":{"trim_type":0.7,"custom_model_data":2200061},"model":"slimefun:slimefun/magical_armor/glowstone_armor/helmet"},{"predicate":{"trim_type":0.8,"custom_model_data":2200061},"model":"slimefun:slimefun/magical_armor/glowstone_armor/helmet"},{"predicate":{"trim_type":0.9,"custom_model_data":2200061},"model":"slimefun:slimefun/magical_armor/glowstone_armor/helmet"},{"predicate":{"trim_type":1.0,"custom_model_data":2200061},"model":"slimefun:slimefun/magical_armor/glowstone_armor/helmet"},{"predicate":{"custom_model_data":2200073},"model":"slimefun:slimefun/armor/cactus_armor/helmet"},{"predicate":{"trim_type":0.1,"custom_model_data":2200073},"model":"slimefun:slimefun/armor/cactus_armor/helmet"},{"predicate":{"trim_type":0.2,"custom_model_data":2200073},"model":"slimefun:slimefun/armor/cactus_armor/helmet"},{"predicate":{"trim_type":0.3,"custom_model_data":2200073},"model":"slimefun:slimefun/armor/cactus_armor/helmet"},{"predicate":{"trim_type":0.4,"custom_model_data":2200073},"model":"slimefun:slimefun/armor/cactus_armor/helmet"},{"predicate":{"trim_type":0.5,"custom_model_data":2200073},"model":"slimefun:slimefun/armor/cactus_armor/helmet"},{"predicate":{"trim_type":0.6,"custom_model_data":2200073},"model":"slimefun:slimefun/armor/cactus_armor/helmet"},{"predicate":{"trim_type":0.7,"custom_model_data":2200073},"model":"slimefun:slimefun/armor/cactus_armor/helmet"},{"predicate":{"trim_type":0.8,"custom_model_data":2200073},"model":"slimefun:slimefun/armor/cactus_armor/helmet"},{"predicate":{"trim_type":0.9,"custom_model_data":2200073},"model":"slimefun:slimefun/armor/cactus_armor/helmet"},{"predicate":{"trim_type":1.0,"custom_model_data":2200073},"model":"slimefun:slimefun/armor/cactus_armor/helmet"},{"predicate":{"custom_model_data":2200207},"model":"slimefun:slimefun/armor/hazmat_suit/helmet"},{"predicate":{"trim_type":0.1,"custom_model_data":2200207},"model":"slimefun:slimefun/armor/hazmat_suit/helmet"},{"predicate":{"trim_type":0.2,"custom_model_data":2200207},"model":"slimefun:slimefun/armor/hazmat_suit/helmet"},{"predicate":{"trim_type":0.3,"custom_model_data":2200207},"model":"slimefun:slimefun/armor/hazmat_suit/helmet"},{"predicate":{"trim_type":0.4,"custom_model_data":2200207},"model":"slimefun:slimefun/armor/hazmat_suit/helmet"},{"predicate":{"trim_type":0.5,"custom_model_data":2200207},"model":"slimefun:slimefun/armor/hazmat_suit/helmet"},{"predicate":{"trim_type":0.6,"custom_model_data":2200207},"model":"slimefun:slimefun/armor/hazmat_suit/helmet"},{"predicate":{"trim_type":0.7,"custom_model_data":2200207},"model":"slimefun:slimefun/armor/hazmat_suit/helmet"},{"predicate":{"trim_type":0.8,"custom_model_data":2200207},"model":"slimefun:slimefun/armor/hazmat_suit/helmet"},{"predicate":{"trim_type":0.9,"custom_model_data":2200207},"model":"slimefun:slimefun/armor/hazmat_suit/helmet"},{"predicate":{"trim_type":1.0,"custom_model_data":2200207},"model":"slimefun:slimefun/armor/hazmat_suit/helmet"},{"predicate":{"custom_model_data":2200229},"model":"slimefun:slimefun/technical_gadgets/night_vision_goggles"},{"predicate":{"trim_type":0.1,"custom_model_data":2200229},"model":"slimefun:slimefun/technical_gadgets/night_vision_goggles"},{"predicate":{"trim_type":0.2,"custom_model_data":2200229},"model":"slimefun:slimefun/technical_gadgets/night_vision_goggles"},{"predicate":{"trim_type":0.3,"custom_model_data":2200229},"model":"slimefun:slimefun/technical_gadgets/night_vision_goggles"},{"predicate":{"trim_type":0.4,"custom_model_data":2200229},"model":"slimefun:slimefun/technical_gadgets/night_vision_goggles"},{"predicate":{"trim_type":0.5,"custom_model_data":2200229},"model":"slimefun:slimefun/technical_gadgets/night_vision_goggles"},{"predicate":{"trim_type":0.6,"custom_model_data":2200229},"model":"slimefun:slimefun/technical_gadgets/night_vision_goggles"},{"predicate":{"trim_type":0.7,"custom_model_data":2200229},"model":"slimefun:slimefun/technical_gadgets/night_vision_goggles"},{"predicate":{"trim_type":0.8,"custom_model_data":2200229},"model":"slimefun:slimefun/technical_gadgets/night_vision_goggles"},{"predicate":{"trim_type":0.9,"custom_model_data":2200229},"model":"slimefun:slimefun/technical_gadgets/night_vision_goggles"},{"predicate":{"trim_type":1.0,"custom_model_data":2200229},"model":"slimefun:slimefun/technical_gadgets/night_vision_goggles"},{"predicate":{"custom_model_data":2200555},"model":"slimefun:slimefun/magical_armor/elytra_cap/elytra_cap"},{"predicate":{"trim_type":0.1,"custom_model_data":2200555},"model":"slimefun:slimefun/magical_armor/elytra_cap/elytra_cap"},{"predicate":{"trim_type":0.2,"custom_model_data":2200555},"model":"slimefun:slimefun/magical_armor/elytra_cap/elytra_cap"},{"predicate":{"trim_type":0.3,"custom_model_data":2200555},"model":"slimefun:slimefun/magical_armor/elytra_cap/elytra_cap"},{"predicate":{"trim_type":0.4,"custom_model_data":2200555},"model":"slimefun:slimefun/magical_armor/elytra_cap/elytra_cap"},{"predicate":{"trim_type":0.5,"custom_model_data":2200555},"model":"slimefun:slimefun/magical_armor/elytra_cap/elytra_cap"},{"predicate":{"trim_type":0.6,"custom_model_data":2200555},"model":"slimefun:slimefun/magical_armor/elytra_cap/elytra_cap"},{"predicate":{"trim_type":0.7,"custom_model_data":2200555},"model":"slimefun:slimefun/magical_armor/elytra_cap/elytra_cap"},{"predicate":{"trim_type":0.8,"custom_model_data":2200555},"model":"slimefun:slimefun/magical_armor/elytra_cap/elytra_cap"},{"predicate":{"trim_type":0.9,"custom_model_data":2200555},"model":"slimefun:slimefun/magical_armor/elytra_cap/elytra_cap"},{"predicate":{"trim_type":1.0,"custom_model_data":2200555},"model":"slimefun:slimefun/magical_armor/elytra_cap/elytra_cap"},{"predicate":{"custom_model_data":2200556},"model":"slimefun:slimefun/magical_armor/rainbow_armor/rainbow_helmet"},{"predicate":{"trim_type":0.1,"custom_model_data":2200556},"model":"slimefun:slimefun/magical_armor/rainbow_armor/rainbow_helmet"},{"predicate":{"trim_type":0.2,"custom_model_data":2200556},"model":"slimefun:slimefun/magical_armor/rainbow_armor/rainbow_helmet"},{"predicate":{"trim_type":0.3,"custom_model_data":2200556},"model":"slimefun:slimefun/magical_armor/rainbow_armor/rainbow_helmet"},{"predicate":{"trim_type":0.4,"custom_model_data":2200556},"model":"slimefun:slimefun/magical_armor/rainbow_armor/rainbow_helmet"},{"predicate":{"trim_type":0.5,"custom_model_data":2200556},"model":"slimefun:slimefun/magical_armor/rainbow_armor/rainbow_helmet"},{"predicate":{"trim_type":0.6,"custom_model_data":2200556},"model":"slimefun:slimefun/magical_armor/rainbow_armor/rainbow_helmet"},{"predicate":{"trim_type":0.7,"custom_model_data":2200556},"model":"slimefun:slimefun/magical_armor/rainbow_armor/rainbow_helmet"},{"predicate":{"trim_type":0.8,"custom_model_data":2200556},"model":"slimefun:slimefun/magical_armor/rainbow_armor/rainbow_helmet"},{"predicate":{"trim_type":0.9,"custom_model_data":2200556},"model":"slimefun:slimefun/magical_armor/rainbow_armor/rainbow_helmet"},{"predicate":{"trim_type":1.0,"custom_model_data":2200556},"model":"slimefun:slimefun/magical_armor/rainbow_armor/rainbow_helmet"},{"predicate":{"custom_model_data":2201211},"model":"extra_gear:armor/copper/copper_helmet"},{"predicate":{"trim_type":0.1,"custom_model_data":2201211},"model":"extra_gear:armor/copper/copper_helmet"},{"predicate":{"trim_type":0.2,"custom_model_data":2201211},"model":"extra_gear:armor/copper/copper_helmet"},{"predicate":{"trim_type":0.3,"custom_model_data":2201211},"model":"extra_gear:armor/copper/copper_helmet"},{"predicate":{"trim_type":0.4,"custom_model_data":2201211},"model":"extra_gear:armor/copper/copper_helmet"},{"predicate":{"trim_type":0.5,"custom_model_data":2201211},"model":"extra_gear:armor/copper/copper_helmet"},{"predicate":{"trim_type":0.6,"custom_model_data":2201211},"model":"extra_gear:armor/copper/copper_helmet"},{"predicate":{"trim_type":0.7,"custom_model_data":2201211},"model":"extra_gear:armor/copper/copper_helmet"},{"predicate":{"trim_type":0.8,"custom_model_data":2201211},"model":"extra_gear:armor/copper/copper_helmet"},{"predicate":{"trim_type":0.9,"custom_model_data":2201211},"model":"extra_gear:armor/copper/copper_helmet"},{"predicate":{"trim_type":1.0,"custom_model_data":2201211},"model":"extra_gear:armor/copper/copper_helmet"},{"predicate":{"custom_model_data":2201212},"model":"item/leather_helmet"}],"textures":{"layer0":"minecraft:item/leather_helmet","layer1":"minecraft:item/leather_helmet_overlay"}}