{"parent":"minecraft:item/generated","textures":{"layer0":"minecraft:item/melon_seeds"},"overrides":[{"predicate":{"custom_model_data":2203045},"model":"gastronomicon:ingredient/gn_turnip_seeds"},{"predicate":{"custom_model_data":2203050},"model":"gastronomicon:ingredient/gn_bok_choy_seeds"},{"predicate":{"custom_model_data":2203052},"model":"gastronomicon:ingredient/gn_broccoli_seeds"},{"predicate":{"custom_model_data":2203056},"model":"gastronomicon:ingredient/gn_basil_seeds"},{"predicate":{"custom_model_data":2203061},"model":"gastronomicon:ingredient/gn_mint_seeds"},{"predicate":{"custom_model_data":2203065},"model":"gastronomicon:ingredient/gn_parsley_seeds"},{"predicate":{"custom_model_data":2203072},"model":"gastronomicon:ingredient/gn_asparagus_seeds"},{"predicate":{"custom_model_data":2203074},"model":"gastronomicon:ingredient/gn_green_onion_seeds"},{"predicate":{"custom_model_data":2300025},"model":"cultivation:products/clt_rapeseed"},{"predicate":{"custom_model_data":2300071},"model":"cultivation:products/clt_black_beans"},{"predicate":{"custom_model_data":2300074},"model":"cultivation:products/clt_soy_beans"},{"predicate":{"custom_model_data":2300075},"model":"cultivation:products/clt_pinto_beans"},{"predicate":{"custom_model_data":2300076},"model":"item/melon_seeds"}]}