{"parent":"minecraft:item/generated","textures":{"layer0":"minecraft:item/nether_star"},"overrides":[{"predicate":{"custom_model_data":2200602},"model":"infinityexpansion:materials/earth_singularity"},{"predicate":{"custom_model_data":2200605},"model":"infinityexpansion:materials/fortune_singularity"},{"predicate":{"custom_model_data":2200607},"model":"infinityexpansion:materials/infinity_matrix"},{"predicate":{"custom_model_data":2200610},"model":"infinityexpansion:materials/magic_singularity"},{"predicate":{"custom_model_data":2200614},"model":"infinityexpansion:materials/metal_singularity"},{"predicate":{"custom_model_data":2300056},"model":"cultivation:products/clt_star_anise"},{"predicate":{"custom_model_data":2300057},"model":"item/nether_star"}]}