{"parent":"minecraft:item/handheld","textures":{"layer0":"minecraft:item/netherite_axe"},"overrides":[{"predicate":{"custom_model_data":2200650},"model":"infinityexpansion:tools/nature_ruin"},{"predicate":{"custom_model_data":2201298},"model":"fluffymachines:wrenches/carbonado_fluffy_wrench"},{"predicate":{"custom_model_data":2201302},"model":"fluffymachines:tools/netherite_paxel"},{"predicate":{"custom_model_data":2201915},"model":"supreme:weapons/supreme_axe_supreme"},{"predicate":{"custom_model_data":2201916},"model":"item/netherite_axe"}]}