{"parent":"minecraft:item/handheld","textures":{"layer0":"minecraft:item/netherite_sword"},"overrides":[

		{"predicate": {"custom_model_data":77001}, "model": "item/hats/ruby_sword"},
		{"predicate": {"custom_model_data":77002}, "model": "item/hats/gold_stick"},

		{"predicate":{"custom_model_data":2200643},"model":"infinityexpansion:tools/infinity_blade"},
		{"predicate":{"custom_model_data":2201355},"model":"foxymachines:weapons/elucidator"},
		{"predicate":{"custom_model_data":2201900},"model":"supreme:weapons/supreme_sword_supreme"},
		{"predicate":{"custom_model_data":2201901},"model":"item/netherite_sword"}
]}