{"parent":"minecraft:item/generated","textures":{"layer0":"minecraft:item/netherite_ingot"},"overrides":[{"predicate":{"custom_model_data":2200619},"model":"infinityexpansion:materials/void_ingot"},{"predicate":{"custom_model_data":2201290},"model":"fluffymachines:portable_chargers/carbonado_portable_charger"},{"predicate":{"custom_model_data":2202067},"model":"slimefunwarfare:resources/neodymium_ingot"},{"predicate":{"custom_model_data":2202070},"model":"slimefunwarfare:resources/dysprosium_ingot"},{"predicate":{"custom_model_data":2202076},"model":"slimefunwarfare:general/ndfeb_alloy"},{"predicate":{"custom_model_data":2202077},"model":"item/netherite_ingot"}]}