{"parent":"minecraft:item/generated","overrides":[{"model":"minecraft:item/netherite_helmet_quartz_trim","predicate":{"trim_type":0.1}},{"model":"minecraft:item/netherite_helmet_iron_trim","predicate":{"trim_type":0.2}},{"model":"minecraft:item/netherite_helmet_netherite_darker_trim","predicate":{"trim_type":0.3}},{"model":"minecraft:item/netherite_helmet_redstone_trim","predicate":{"trim_type":0.4}},{"model":"minecraft:item/netherite_helmet_copper_trim","predicate":{"trim_type":0.5}},{"model":"minecraft:item/netherite_helmet_gold_trim","predicate":{"trim_type":0.6}},{"model":"minecraft:item/netherite_helmet_emerald_trim","predicate":{"trim_type":0.7}},{"model":"minecraft:item/netherite_helmet_diamond_trim","predicate":{"trim_type":0.8}},{"model":"minecraft:item/netherite_helmet_lapis_trim","predicate":{"trim_type":0.9}},{"model":"minecraft:item/netherite_helmet_amethyst_trim","predicate":{"trim_type":1.0}},{"predicate":{"custom_model_data":2200645},"model":"infinityexpansion:armor/infinity_crown"},{"predicate":{"trim_type":0.1,"custom_model_data":2200645},"model":"infinityexpansion:armor/infinity_crown"},{"predicate":{"trim_type":0.2,"custom_model_data":2200645},"model":"infinityexpansion:armor/infinity_crown"},{"predicate":{"trim_type":0.3,"custom_model_data":2200645},"model":"infinityexpansion:armor/infinity_crown"},{"predicate":{"trim_type":0.4,"custom_model_data":2200645},"model":"infinityexpansion:armor/infinity_crown"},{"predicate":{"trim_type":0.5,"custom_model_data":2200645},"model":"infinityexpansion:armor/infinity_crown"},{"predicate":{"trim_type":0.6,"custom_model_data":2200645},"model":"infinityexpansion:armor/infinity_crown"},{"predicate":{"trim_type":0.7,"custom_model_data":2200645},"model":"infinityexpansion:armor/infinity_crown"},{"predicate":{"trim_type":0.8,"custom_model_data":2200645},"model":"infinityexpansion:armor/infinity_crown"},{"predicate":{"trim_type":0.9,"custom_model_data":2200645},"model":"infinityexpansion:armor/infinity_crown"},{"predicate":{"trim_type":1.0,"custom_model_data":2200645},"model":"infinityexpansion:armor/infinity_crown"},{"predicate":{"custom_model_data":2201945},"model":"supreme:armor/helmet/supreme_helmet_supreme"},{"predicate":{"trim_type":0.1,"custom_model_data":2201945},"model":"supreme:armor/helmet/supreme_helmet_supreme"},{"predicate":{"trim_type":0.2,"custom_model_data":2201945},"model":"supreme:armor/helmet/supreme_helmet_supreme"},{"predicate":{"trim_type":0.3,"custom_model_data":2201945},"model":"supreme:armor/helmet/supreme_helmet_supreme"},{"predicate":{"trim_type":0.4,"custom_model_data":2201945},"model":"supreme:armor/helmet/supreme_helmet_supreme"},{"predicate":{"trim_type":0.5,"custom_model_data":2201945},"model":"supreme:armor/helmet/supreme_helmet_supreme"},{"predicate":{"trim_type":0.6,"custom_model_data":2201945},"model":"supreme:armor/helmet/supreme_helmet_supreme"},{"predicate":{"trim_type":0.7,"custom_model_data":2201945},"model":"supreme:armor/helmet/supreme_helmet_supreme"},{"predicate":{"trim_type":0.8,"custom_model_data":2201945},"model":"supreme:armor/helmet/supreme_helmet_supreme"},{"predicate":{"trim_type":0.9,"custom_model_data":2201945},"model":"supreme:armor/helmet/supreme_helmet_supreme"},{"predicate":{"trim_type":1.0,"custom_model_data":2201945},"model":"supreme:armor/helmet/supreme_helmet_supreme"},{"predicate":{"custom_model_data":2201946},"model":"item/netherite_helmet"}],"textures":{"layer0":"minecraft:item/netherite_helmet"}}