{
  "parent": "minecraft:item/generated",
  "textures": {
    "layer0": "minecraft:item/paper"
  },
	"overrides": [
		{"predicate": {"custom_model_data":77001}, "model": "item/decorations/paper/paper_quill"},
		{"predicate": {"custom_model_data":77002}, "model": "item/decorations/paper/paper_1"},
		{"predicate": {"custom_model_data":77003}, "model": "item/decorations/paper/paper_2"},
		{"predicate": {"custom_model_data":77004}, "model": "item/decorations/paper/paper_3"},
		{"predicate": {"custom_model_data":77005}, "model": "item/decorations/paper/paper_4"},
		{"predicate": {"custom_model_data":77006}, "model": "item/decorations/paper/paper_5"},


		{"predicate":{"custom_model_data":2200049},"model":"slimefun:slimefun/magical_items/magical_book_cover"},
		{"predicate":{"custom_model_data":2200115},"model":"slimefun:slimefun/miscellaneous/steel_plate"},
		{"predicate":{"custom_model_data":2200222},"model":"slimefun:slimefun/miscellaneous/cloth"},
		{"predicate":{"custom_model_data":2200223},"model":"slimefun:slimefun/items/rag"},
		{"predicate":{"custom_model_data":2200224},"model":"slimefun:slimefun/items/bandage"},
		{"predicate":{"custom_model_data":2200310},"model":"slimefun:slimefun/magical_gadgets/scroll_of_dimensional_teleposition"},
		{"predicate":{"custom_model_data":2200332},"model":"slimefun:slimefun/miscellaneous/reinforced_plate"},
		{"predicate":{"custom_model_data":2200385},"model":"slimefun:slimefun/technical_components/plastic_sheet"},
		{"predicate":{"custom_model_data":2200609},"model":"infinityexpansion:materials/machine_plate"},
		{"predicate":{"custom_model_data":2200801},"model":"slimy_tree_taps:materials/raw_plastic"},
		{"predicate":{"custom_model_data":2200810},"model":"litexpansion:materials/advanced_alloy"},
		{"predicate":{"custom_model_data":2200816},"model":"litexpansion:materials/iridium_plate"},
		{"predicate":{"custom_model_data":2201414},"model":"bump:magical_items/soul_paper"},
		{"predicate":{"custom_model_data":2201420},"model":"bump:tools/appraisal_paper_armor"},
		{"predicate":{"custom_model_data":2201421},"model":"bump:tools/appraisal_paper_damage"},
		{"predicate":{"custom_model_data":2201422},"model":"item/paper"}		
	]
}