{"parent":"minecraft:item/generated","textures":{"layer0":"minecraft:item/purple_dye"},"overrides":[{"predicate":{"custom_model_data":2200534},"model":"slimefun:slimefun/magical_items/strange_nether_goo"},{"predicate":{"custom_model_data":2200825},"model":"litexpansion:materials/uu_matter"},{"predicate":{"custom_model_data":2202044},"model":"slimefunwarfare:explosives/nitrogen_triiodide"},{"predicate":{"custom_model_data":2300046},"model":"cultivation:products/clt_lavender"},{"predicate":{"custom_model_data":2300047},"model":"item/purple_dye"}]}