{"parent":"minecraft:item/generated","textures":{"layer0":"minecraft:item/sugar"},"overrides":[{"predicate":{"custom_model_data":2200042},"model":"slimefun:slimefun/food/magic_sugar"},{"predicate":{"custom_model_data":2200099},"model":"slimefun:slimefun/resources/dusts/tin_dust"},{"predicate":{"custom_model_data":2200101},"model":"slimefun:slimefun/resources/dusts/silver_dust"},{"predicate":{"custom_model_data":2200102},"model":"slimefun:slimefun/resources/dusts/aluminum_dust"},{"predicate":{"custom_model_data":2200103},"model":"slimefun:slimefun/resources/dusts/zinc_dust"},{"predicate":{"custom_model_data":2200104},"model":"slimefun:slimefun/resources/dusts/magnesium_dust"},{"predicate":{"custom_model_data":2200114},"model":"slimefun:slimefun/miscellaneous/wheat_flour"},{"predicate":{"custom_model_data":2200198},"model":"slimefun:slimefun/miscellaneous/salt"},{"predicate":{"custom_model_data":2200378},"model":"slimefun:slimefun/resources/valuables/magnesium_salt"},{"predicate":{"custom_model_data":2201074},"model":"exotic_garden:misc/cornmeal"},{"predicate":{"custom_model_data":2201406},"model":"bump:foods/kouxiangtang"},{"predicate":{"custom_model_data":2201416},"model":"bump:magical_items/water_sugar"},{"predicate":{"custom_model_data":2202061},"model":"slimefunwarfare:resources/osmium_dust"},{"predicate":{"custom_model_data":2203123},"model":"gastronomicon:food/gn_cooked_rice"},{"predicate":{"custom_model_data":2203124},"model":"gastronomicon:food/gn_barley_flour"},{"predicate":{"custom_model_data":2203125},"model":"gastronomicon:food/gn_sorghum_flour"},{"predicate":{"custom_model_data":2203126},"model":"gastronomicon:food/gn_rye_flour"},{"predicate":{"custom_model_data":2203146},"model":"gastronomicon:food/gn_tapioca_starch"},{"predicate":{"custom_model_data":2203147},"model":"item/sugar"}]}