{
	"credit": "Made with Blockbench",
	"textures": {
		"0": "block/gold_block",
		"1": "block/yellow_terracotta",
		"2": "block/emerald_block",
		"particle": "block/gold_block"
	},
	"elements": [
		{
			"from": [7.95, 4, 8.2],
			"to": [8.1, 26, 8.8],
			"rotation": {"angle": 0, "axis": "y", "origin": [6.1, 24, 7]},
			"faces": {
				"north": {"uv": [2, 0, 2.5, 11], "texture": "#1"},
				"east": {"uv": [2.5, 0, 3, 11], "texture": "#1"},
				"south": {"uv": [3, 0, 3.5, 11], "texture": "#1"},
				"west": {"uv": [3.5, 0, 4, 11], "texture": "#1"},
				"up": {"uv": [9, 11.5, 8.5, 11], "texture": "#1"},
				"down": {"uv": [11.5, 8.5, 11, 9], "texture": "#1"}
			}
		},
		{
			"from": [8.9, 4, 8.2],
			"to": [9.05, 26, 8.8],
			"rotation": {"angle": 0, "axis": "y", "origin": [7.9, 24, 7]},
			"faces": {
				"north": {"uv": [4, 0, 4.5, 11], "texture": "#1"},
				"east": {"uv": [4.5, 0, 5, 11], "texture": "#1"},
				"south": {"uv": [5, 0, 5.5, 11], "texture": "#1"},
				"west": {"uv": [5.5, 0, 6, 11], "texture": "#1"},
				"up": {"uv": [9.5, 11.5, 9, 11], "texture": "#1"},
				"down": {"uv": [11.5, 9, 11, 9.5], "texture": "#1"}
			}
		},
		{
			"from": [8.2, 4, 8.9],
			"to": [8.8, 26, 9.05],
			"rotation": {"angle": 0, "axis": "y", "origin": [7, 24, 7.9]},
			"faces": {
				"north": {"uv": [6, 0, 6.5, 11], "texture": "#1"},
				"east": {"uv": [6.5, 0, 7, 11], "texture": "#1"},
				"south": {"uv": [7, 0, 7.5, 11], "texture": "#1"},
				"west": {"uv": [7.5, 0, 8, 11], "texture": "#1"},
				"up": {"uv": [10, 11.5, 9.5, 11], "texture": "#1"},
				"down": {"uv": [11.5, 9.5, 11, 10], "texture": "#1"}
			}
		},
		{
			"from": [8.1, 4, 8.1],
			"to": [8.9, 26, 8.9],
			"rotation": {"angle": 0, "axis": "y", "origin": [7, 24, 7]},
			"faces": {
				"north": {"uv": [8, 0, 8.5, 11], "texture": "#1"},
				"east": {"uv": [8.5, 0, 9, 11], "texture": "#1"},
				"south": {"uv": [9, 0, 9.5, 11], "texture": "#1"},
				"west": {"uv": [9.5, 0, 10, 11], "texture": "#1"},
				"up": {"uv": [10.5, 11.5, 10, 11], "texture": "#1"},
				"down": {"uv": [11.5, 10, 11, 10.5], "texture": "#1"}
			}
		},
		{
			"from": [8.3, 2, 8.9],
			"to": [8.7, 4, 9.05],
			"rotation": {"angle": 0, "axis": "y", "origin": [7, 4, 7.9]},
			"faces": {
				"north": {"uv": [10.5, 3, 11, 4], "texture": "#1"},
				"east": {"uv": [10.5, 4, 11, 5], "texture": "#1"},
				"south": {"uv": [10.5, 5, 11, 6], "texture": "#1"},
				"west": {"uv": [10.5, 6, 11, 7], "texture": "#1"},
				"up": {"uv": [11, 11.5, 10.5, 11], "texture": "#1"},
				"down": {"uv": [11.5, 10.5, 11, 11], "texture": "#1"}
			}
		},
		{
			"from": [8.9, 2, 8.3],
			"to": [9.05, 4, 8.7],
			"rotation": {"angle": 0, "axis": "y", "origin": [7.9, 4, 7]},
			"faces": {
				"north": {"uv": [10.5, 7, 11, 8], "texture": "#1"},
				"east": {"uv": [10.5, 8, 11, 9], "texture": "#1"},
				"south": {"uv": [10.5, 9, 11, 10], "texture": "#1"},
				"west": {"uv": [10.5, 10, 11, 11], "texture": "#1"},
				"up": {"uv": [11.5, 11.5, 11, 11], "texture": "#1"},
				"down": {"uv": [12, 0, 11.5, 0.5], "texture": "#1"}
			}
		},
		{
			"from": [8.2, -2, 8.2],
			"to": [8.8, 1, 8.8],
			"rotation": {"angle": 0, "axis": "y", "origin": [7, 2, 7]},
			"faces": {
				"north": {"uv": [10, 8, 10.5, 9.5], "texture": "#1"},
				"east": {"uv": [10, 9.5, 10.5, 11], "texture": "#1"},
				"south": {"uv": [10.5, 0, 11, 1.5], "texture": "#1"},
				"west": {"uv": [10.5, 1.5, 11, 3], "texture": "#1"},
				"up": {"uv": [12, 1, 11.5, 0.5], "texture": "#1"},
				"down": {"uv": [12, 1, 11.5, 1.5], "texture": "#1"}
			}
		},
		{
			"from": [8.3, -1, 8.1],
			"to": [8.7, 0.5, 8.2],
			"rotation": {"angle": 0, "axis": "y", "origin": [7, 2, 6.4]},
			"faces": {
				"north": {"uv": [0, 11, 0.5, 12], "texture": "#1"},
				"east": {"uv": [11, 0, 11.5, 1], "texture": "#1"},
				"south": {"uv": [0.5, 11, 1, 12], "texture": "#1"},
				"west": {"uv": [1, 11, 1.5, 12], "texture": "#1"},
				"up": {"uv": [12, 2, 11.5, 1.5], "texture": "#1"},
				"down": {"uv": [12, 2, 11.5, 2.5], "texture": "#1"}
			}
		},
		{
			"from": [8.1, -1, 8.3],
			"to": [8.2, 0.5, 8.7],
			"rotation": {"angle": 0, "axis": "y", "origin": [6.4, 2, 7]},
			"faces": {
				"north": {"uv": [11, 1, 11.5, 2], "texture": "#1"},
				"east": {"uv": [1.5, 11, 2, 12], "texture": "#1"},
				"south": {"uv": [2, 11, 2.5, 12], "texture": "#1"},
				"west": {"uv": [11, 2, 11.5, 3], "texture": "#1"},
				"up": {"uv": [12, 3, 11.5, 2.5], "texture": "#1"},
				"down": {"uv": [12, 3, 11.5, 3.5], "texture": "#1"}
			}
		},
		{
			"from": [8.8, -1, 8.3],
			"to": [8.9, 0.5, 8.7],
			"rotation": {"angle": 0, "axis": "y", "origin": [7.6, 2, 7]},
			"faces": {
				"north": {"uv": [2.5, 11, 3, 12], "texture": "#1"},
				"east": {"uv": [3, 11, 3.5, 12], "texture": "#1"},
				"south": {"uv": [11, 3, 11.5, 4], "texture": "#1"},
				"west": {"uv": [3.5, 11, 4, 12], "texture": "#1"},
				"up": {"uv": [12, 4, 11.5, 3.5], "texture": "#1"},
				"down": {"uv": [12, 4, 11.5, 4.5], "texture": "#1"}
			}
		},
		{
			"from": [8.3, -1, 8.8],
			"to": [8.7, 0.5, 8.9],
			"rotation": {"angle": 0, "axis": "y", "origin": [7, 2, 7.6]},
			"faces": {
				"north": {"uv": [4, 11, 4.5, 12], "texture": "#1"},
				"east": {"uv": [11, 4, 11.5, 5], "texture": "#1"},
				"south": {"uv": [4.5, 11, 5, 12], "texture": "#1"},
				"west": {"uv": [5, 11, 5.5, 12], "texture": "#1"},
				"up": {"uv": [12, 5, 11.5, 4.5], "texture": "#1"},
				"down": {"uv": [12, 5, 11.5, 5.5], "texture": "#1"}
			}
		},
		{
			"from": [7.95, 2, 8.3],
			"to": [8.1, 4, 8.7],
			"rotation": {"angle": 0, "axis": "y", "origin": [6.1, 4, 7]},
			"faces": {
				"north": {"uv": [11, 5, 11.5, 6], "texture": "#1"},
				"east": {"uv": [5.5, 11, 6, 12], "texture": "#1"},
				"south": {"uv": [6, 11, 6.5, 12], "texture": "#1"},
				"west": {"uv": [11, 6, 11.5, 7], "texture": "#1"},
				"up": {"uv": [12, 6, 11.5, 5.5], "texture": "#1"},
				"down": {"uv": [12, 6, 11.5, 6.5], "texture": "#1"}
			}
		},
		{
			"from": [8.3, 2, 7.95],
			"to": [8.7, 4, 8.1],
			"rotation": {"angle": 0, "axis": "y", "origin": [7, 4, 6.1]},
			"faces": {
				"north": {"uv": [6.5, 11, 7, 12], "texture": "#1"},
				"east": {"uv": [7, 11, 7.5, 12], "texture": "#1"},
				"south": {"uv": [11, 7, 11.5, 8], "texture": "#1"},
				"west": {"uv": [7.5, 11, 8, 12], "texture": "#1"},
				"up": {"uv": [12, 7, 11.5, 6.5], "texture": "#1"},
				"down": {"uv": [12, 7, 11.5, 7.5], "texture": "#1"}
			}
		},
		{
			"from": [8.1, 0.5, 8.1],
			"to": [8.9, 4, 8.9],
			"rotation": {"angle": 0, "axis": "y", "origin": [7, 4, 7]},
			"faces": {
				"north": {"uv": [10, 0, 10.5, 2], "texture": "#1"},
				"east": {"uv": [10, 2, 10.5, 4], "texture": "#1"},
				"south": {"uv": [10, 4, 10.5, 6], "texture": "#1"},
				"west": {"uv": [10, 6, 10.5, 8], "texture": "#1"},
				"up": {"uv": [12, 8, 11.5, 7.5], "texture": "#1"},
				"down": {"uv": [8.5, 11.5, 8, 12], "texture": "#1"}
			}
		},
		{
			"from": [8.2, 4, 7.95],
			"to": [8.8, 26, 8.1],
			"rotation": {"angle": 0, "axis": "y", "origin": [7, 24, 6.1]},
			"faces": {
				"north": {"uv": [0, 0, 0.5, 11], "texture": "#1"},
				"east": {"uv": [0.5, 0, 1, 11], "texture": "#1"},
				"south": {"uv": [1, 0, 1.5, 11], "texture": "#1"},
				"west": {"uv": [1.5, 0, 2, 11], "texture": "#1"},
				"up": {"uv": [8.5, 11.5, 8, 11], "texture": "#1"},
				"down": {"uv": [11.5, 8, 11, 8.5], "texture": "#1"}
			}
		},
		{
			"from": [7, 29.1, 8.3],
			"to": [7.15, 29.4, 8.7],
			"rotation": {"angle": 0, "axis": "y", "origin": [4.6, 29, 7]},
			"faces": {
				"north": {"uv": [4, 2, 5, 3], "texture": "#0"},
				"east": {"uv": [3, 4, 4, 5], "texture": "#0"},
				"south": {"uv": [4, 3, 5, 4], "texture": "#0"},
				"west": {"uv": [4, 4, 5, 5], "texture": "#0"},
				"up": {"uv": [6, 1, 5, 0], "texture": "#0"},
				"down": {"uv": [6, 1, 5, 2], "texture": "#0"}
			}
		},
		{
			"from": [7.1, 29, 8.2],
			"to": [7.45, 29.5, 8.8],
			"rotation": {"angle": 0, "axis": "y", "origin": [4.9, 29, 7]},
			"faces": {
				"north": {"uv": [5, 2, 6, 3], "texture": "#0"},
				"east": {"uv": [3, 5, 4, 6], "texture": "#0"},
				"south": {"uv": [5, 3, 6, 4], "texture": "#0"},
				"west": {"uv": [4, 5, 5, 6], "texture": "#0"},
				"up": {"uv": [6, 5, 5, 4], "texture": "#0"},
				"down": {"uv": [6, 5, 5, 6], "texture": "#0"}
			}
		},
		{
			"from": [7.45, 29.1, 8.3],
			"to": [9.55, 29.4, 8.7],
			"rotation": {"angle": 0, "axis": "y", "origin": [7, 29, 7]},
			"faces": {
				"north": {"uv": [0, 0, 2, 1], "texture": "#0"},
				"east": {"uv": [0, 6, 1, 7], "texture": "#0"},
				"south": {"uv": [0, 1, 2, 2], "texture": "#0"},
				"west": {"uv": [6, 0, 7, 1], "texture": "#0"},
				"up": {"uv": [2, 3, 0, 2], "texture": "#0"},
				"down": {"uv": [4, 0, 2, 1], "texture": "#0"}
			}
		},
		{
			"from": [7.75, 29, 8.2],
			"to": [9.25, 29.5, 8.8],
			"rotation": {"angle": 0, "axis": "y", "origin": [7, 29, 7]},
			"faces": {
				"north": {"uv": [2, 1, 4, 2], "texture": "#0"},
				"east": {"uv": [1, 6, 2, 7], "texture": "#0"},
				"south": {"uv": [2, 2, 4, 3], "texture": "#0"},
				"west": {"uv": [6, 1, 7, 2], "texture": "#0"},
				"up": {"uv": [2, 4, 0, 3], "texture": "#0"},
				"down": {"uv": [4, 3, 2, 4], "texture": "#0"}
			}
		},
		{
			"from": [7.85, 29, 8.1],
			"to": [9.15, 29.5, 8.9],
			"rotation": {"angle": 0, "axis": "y", "origin": [7, 29, 7]},
			"faces": {
				"north": {"uv": [2, 6, 3, 7], "texture": "#0"},
				"east": {"uv": [6, 2, 7, 3], "texture": "#0"},
				"south": {"uv": [3, 6, 4, 7], "texture": "#0"},
				"west": {"uv": [6, 3, 7, 4], "texture": "#0"},
				"up": {"uv": [5, 7, 4, 6], "texture": "#0"},
				"down": {"uv": [7, 4, 6, 5], "texture": "#0"}
			}
		},
		{
			"from": [7.85, 29.5, 8.2],
			"to": [9.15, 29.6, 8.8],
			"rotation": {"angle": 0, "axis": "y", "origin": [7, 29.5, 7]},
			"faces": {
				"north": {"uv": [5, 6, 6, 7], "texture": "#0"},
				"east": {"uv": [6, 5, 7, 6], "texture": "#0"},
				"south": {"uv": [6, 6, 7, 7], "texture": "#0"},
				"west": {"uv": [0, 7, 1, 8], "texture": "#0"},
				"up": {"uv": [8, 1, 7, 0], "texture": "#0"},
				"down": {"uv": [2, 7, 1, 8], "texture": "#0"}
			}
		},
		{
			"from": [9.5, 29, 8.2],
			"to": [9.85, 29.5, 8.8],
			"rotation": {"angle": 0, "axis": "y", "origin": [7.3, 29, 7]},
			"faces": {
				"north": {"uv": [7, 1, 8, 2], "texture": "#0"},
				"east": {"uv": [2, 7, 3, 8], "texture": "#0"},
				"south": {"uv": [7, 2, 8, 3], "texture": "#0"},
				"west": {"uv": [3, 7, 4, 8], "texture": "#0"},
				"up": {"uv": [8, 4, 7, 3], "texture": "#0"},
				"down": {"uv": [5, 7, 4, 8], "texture": "#0"}
			}
		},
		{
			"from": [9.85, 29.1, 8.3],
			"to": [9.95, 29.4, 8.7],
			"rotation": {"angle": 0, "axis": "y", "origin": [12.4, 29, 7]},
			"faces": {
				"north": {"uv": [7, 4, 8, 5], "texture": "#0"},
				"east": {"uv": [5, 7, 6, 8], "texture": "#0"},
				"south": {"uv": [7, 5, 8, 6], "texture": "#0"},
				"west": {"uv": [6, 7, 7, 8], "texture": "#0"},
				"up": {"uv": [8, 7, 7, 6], "texture": "#0"},
				"down": {"uv": [8, 7, 7, 8], "texture": "#0"}
			}
		},
		{
			"from": [7.85, 28.9, 8.3],
			"to": [9.15, 29, 8.7],
			"rotation": {"angle": 0, "axis": "y", "origin": [7, 28.9, 7]},
			"faces": {
				"north": {"uv": [0, 8, 1, 9], "texture": "#0"},
				"east": {"uv": [8, 0, 9, 1], "texture": "#0"},
				"south": {"uv": [1, 8, 2, 9], "texture": "#0"},
				"west": {"uv": [8, 1, 9, 2], "texture": "#0"},
				"up": {"uv": [3, 9, 2, 8], "texture": "#0"},
				"down": {"uv": [9, 2, 8, 3], "texture": "#0"}
			}
		},
		{
			"from": [8.1, 28.75, 8.1],
			"to": [8.9, 29, 8.9],
			"rotation": {"angle": 0, "axis": "y", "origin": [7, 28.75, 7]},
			"faces": {
				"north": {"uv": [3, 8, 4, 9], "texture": "#0"},
				"east": {"uv": [8, 3, 9, 4], "texture": "#0"},
				"south": {"uv": [4, 8, 5, 9], "texture": "#0"},
				"west": {"uv": [8, 4, 9, 5], "texture": "#0"},
				"up": {"uv": [6, 9, 5, 8], "texture": "#0"},
				"down": {"uv": [9, 5, 8, 6], "texture": "#0"}
			}
		},
		{
			"from": [8.35, 28.5, 8.75],
			"to": [8.65, 29, 8.85],
			"rotation": {"angle": 0, "axis": "y", "origin": [7, 27, 7.5]},
			"faces": {
				"north": {"uv": [6, 8, 7, 9], "texture": "#0"},
				"east": {"uv": [8, 6, 9, 7], "texture": "#0"},
				"south": {"uv": [7, 8, 8, 9], "texture": "#0"},
				"west": {"uv": [8, 7, 9, 8], "texture": "#0"},
				"up": {"uv": [9, 9, 8, 8], "texture": "#0"},
				"down": {"uv": [1, 9, 0, 10], "texture": "#0"}
			}
		},
		{
			"from": [8.25, 27, 8.25],
			"to": [8.75, 29, 8.75],
			"rotation": {"angle": 0, "axis": "y", "origin": [7, 27, 7]},
			"faces": {
				"north": {"uv": [0, 4, 1, 6], "texture": "#0"},
				"east": {"uv": [4, 0, 5, 2], "texture": "#0"},
				"south": {"uv": [1, 4, 2, 6], "texture": "#0"},
				"west": {"uv": [2, 4, 3, 6], "texture": "#0"},
				"up": {"uv": [10, 1, 9, 0], "texture": "#0"},
				"down": {"uv": [2, 9, 1, 10], "texture": "#0"}
			}
		},
		{
			"from": [8.75, 28.5, 8.35],
			"to": [8.85, 28.75, 8.65],
			"rotation": {"angle": 0, "axis": "y", "origin": [7.25, 27, 7]},
			"faces": {
				"north": {"uv": [9, 1, 10, 2], "texture": "#0"},
				"east": {"uv": [2, 9, 3, 10], "texture": "#0"},
				"south": {"uv": [9, 2, 10, 3], "texture": "#0"},
				"west": {"uv": [3, 9, 4, 10], "texture": "#0"},
				"up": {"uv": [10, 4, 9, 3], "texture": "#0"},
				"down": {"uv": [5, 9, 4, 10], "texture": "#0"}
			}
		},
		{
			"from": [8.15, 28.5, 8.35],
			"to": [8.3, 28.75, 8.65],
			"rotation": {"angle": 0, "axis": "y", "origin": [6.65, 27, 7]},
			"faces": {
				"north": {"uv": [9, 4, 10, 5], "texture": "#0"},
				"east": {"uv": [5, 9, 6, 10], "texture": "#0"},
				"south": {"uv": [9, 5, 10, 6], "texture": "#0"},
				"west": {"uv": [6, 9, 7, 10], "texture": "#0"},
				"up": {"uv": [10, 7, 9, 6], "texture": "#0"},
				"down": {"uv": [8, 9, 7, 10], "texture": "#0"}
			}
		},
		{
			"from": [8.15, 27.25, 8.15],
			"to": [8.85, 27.75, 8.85],
			"rotation": {"angle": 0, "axis": "y", "origin": [7, 27, 7]},
			"faces": {
				"north": {"uv": [9, 7, 10, 8], "texture": "#0"},
				"east": {"uv": [8, 9, 9, 10], "texture": "#0"},
				"south": {"uv": [9, 8, 10, 9], "texture": "#0"},
				"west": {"uv": [9, 9, 10, 10], "texture": "#0"},
				"up": {"uv": [1, 11, 0, 10], "texture": "#0"},
				"down": {"uv": [11, 0, 10, 1], "texture": "#0"}
			}
		},
		{
			"from": [8, 27, 8],
			"to": [9, 27.25, 9],
			"rotation": {"angle": 0, "axis": "y", "origin": [7, 27, 7]},
			"faces": {
				"north": {"uv": [1, 10, 2, 11], "texture": "#0"},
				"east": {"uv": [10, 1, 11, 2], "texture": "#0"},
				"south": {"uv": [2, 10, 3, 11], "texture": "#0"},
				"west": {"uv": [10, 2, 11, 3], "texture": "#0"},
				"up": {"uv": [4, 11, 3, 10], "texture": "#0"},
				"down": {"uv": [11, 3, 10, 4], "texture": "#0"}
			}
		},
		{
			"from": [8.35, 28.5, 8.15],
			"to": [8.65, 29, 8.25],
			"rotation": {"angle": 0, "axis": "y", "origin": [7, 27, 6.9]},
			"faces": {
				"north": {"uv": [4, 10, 5, 11], "texture": "#0"},
				"east": {"uv": [10, 4, 11, 5], "texture": "#0"},
				"south": {"uv": [5, 10, 6, 11], "texture": "#0"},
				"west": {"uv": [10, 5, 11, 6], "texture": "#0"},
				"up": {"uv": [7, 11, 6, 10], "texture": "#0"},
				"down": {"uv": [11, 6, 10, 7], "texture": "#0"}
			}
		},
		{
			"from": [8.6, 29.5, 8.25],
			"to": [8.75, 29.75, 8.75],
			"rotation": {"angle": 0, "axis": "y", "origin": [10, 29, 7]},
			"faces": {
				"north": {"uv": [7, 10, 8, 11], "texture": "#0"},
				"east": {"uv": [10, 7, 11, 8], "texture": "#0"},
				"south": {"uv": [8, 10, 9, 11], "texture": "#0"},
				"west": {"uv": [10, 8, 11, 9], "texture": "#0"},
				"up": {"uv": [10, 11, 9, 10], "texture": "#0"},
				"down": {"uv": [11, 9, 10, 10], "texture": "#0"}
			}
		},
		{
			"from": [8.25, 29.5, 8.25],
			"to": [8.4, 29.75, 8.75],
			"rotation": {"angle": 0, "axis": "y", "origin": [7, 29, 7]},
			"faces": {
				"north": {"uv": [10, 10, 11, 11], "texture": "#0"},
				"east": {"uv": [0, 11, 1, 12], "texture": "#0"},
				"south": {"uv": [11, 0, 12, 1], "texture": "#0"},
				"west": {"uv": [1, 11, 2, 12], "texture": "#0"},
				"up": {"uv": [12, 2, 11, 1], "texture": "#0"},
				"down": {"uv": [3, 11, 2, 12], "texture": "#0"}
			}
		},
		{
			"from": [8.15, 29.75, 8.25],
			"to": [8.3, 29.9, 8.75],
			"rotation": {"angle": 0, "axis": "y", "origin": [6.9, 29.25, 7]},
			"faces": {
				"north": {"uv": [11, 2, 12, 3], "texture": "#0"},
				"east": {"uv": [3, 11, 4, 12], "texture": "#0"},
				"south": {"uv": [11, 3, 12, 4], "texture": "#0"},
				"west": {"uv": [4, 11, 5, 12], "texture": "#0"},
				"up": {"uv": [12, 5, 11, 4], "texture": "#0"},
				"down": {"uv": [6, 11, 5, 12], "texture": "#0"}
			}
		},
		{
			"from": [8.05, 29.9, 8.25],
			"to": [8.2, 30.05, 8.75],
			"rotation": {"angle": 0, "axis": "y", "origin": [6.8, 29.4, 7]},
			"faces": {
				"north": {"uv": [11, 5, 12, 6], "texture": "#0"},
				"east": {"uv": [6, 11, 7, 12], "texture": "#0"},
				"south": {"uv": [11, 6, 12, 7], "texture": "#0"},
				"west": {"uv": [7, 11, 8, 12], "texture": "#0"},
				"up": {"uv": [12, 8, 11, 7], "texture": "#0"},
				"down": {"uv": [9, 11, 8, 12], "texture": "#0"}
			}
		},
		{
			"from": [7.95, 30.05, 8.25],
			"to": [8.1, 30.3, 8.75],
			"rotation": {"angle": 0, "axis": "y", "origin": [6.7, 29.55, 7]},
			"faces": {
				"north": {"uv": [11, 8, 12, 9], "texture": "#0"},
				"east": {"uv": [9, 11, 10, 12], "texture": "#0"},
				"south": {"uv": [11, 9, 12, 10], "texture": "#0"},
				"west": {"uv": [10, 11, 11, 12], "texture": "#0"},
				"up": {"uv": [12, 11, 11, 10], "texture": "#0"},
				"down": {"uv": [12, 11, 11, 12], "texture": "#0"}
			}
		},
		{
			"from": [7.85, 30.3, 8.25],
			"to": [8, 30.8, 8.75],
			"rotation": {"angle": 0, "axis": "y", "origin": [6.6, 29.8, 7]},
			"faces": {
				"north": {"uv": [0, 12, 1, 13], "texture": "#0"},
				"east": {"uv": [12, 0, 13, 1], "texture": "#0"},
				"south": {"uv": [1, 12, 2, 13], "texture": "#0"},
				"west": {"uv": [12, 1, 13, 2], "texture": "#0"},
				"up": {"uv": [3, 13, 2, 12], "texture": "#0"},
				"down": {"uv": [13, 2, 12, 3], "texture": "#0"}
			}
		},
		{
			"from": [7.95, 30.8, 8.25],
			"to": [8.1, 31.05, 8.75],
			"rotation": {"angle": 0, "axis": "y", "origin": [6.7, 30.3, 7]},
			"faces": {
				"north": {"uv": [3, 12, 4, 13], "texture": "#0"},
				"east": {"uv": [12, 3, 13, 4], "texture": "#0"},
				"south": {"uv": [4, 12, 5, 13], "texture": "#0"},
				"west": {"uv": [12, 4, 13, 5], "texture": "#0"},
				"up": {"uv": [6, 13, 5, 12], "texture": "#0"},
				"down": {"uv": [13, 5, 12, 6], "texture": "#0"}
			}
		},
		{
			"from": [8.05, 31.05, 8.25],
			"to": [8.2, 31.2, 8.75],
			"rotation": {"angle": 0, "axis": "y", "origin": [6.8, 30.55, 7]},
			"faces": {
				"north": {"uv": [6, 12, 7, 13], "texture": "#0"},
				"east": {"uv": [12, 6, 13, 7], "texture": "#0"},
				"south": {"uv": [7, 12, 8, 13], "texture": "#0"},
				"west": {"uv": [12, 7, 13, 8], "texture": "#0"},
				"up": {"uv": [9, 13, 8, 12], "texture": "#0"},
				"down": {"uv": [13, 8, 12, 9], "texture": "#0"}
			}
		},
		{
			"from": [8.15, 31.2, 8.25],
			"to": [8.85, 31.35, 8.75],
			"rotation": {"angle": 0, "axis": "y", "origin": [10.1, 30.7, 7]},
			"faces": {
				"north": {"uv": [9, 12, 10, 13], "texture": "#0"},
				"east": {"uv": [12, 9, 13, 10], "texture": "#0"},
				"south": {"uv": [10, 12, 11, 13], "texture": "#0"},
				"west": {"uv": [12, 10, 13, 11], "texture": "#0"},
				"up": {"uv": [12, 13, 11, 12], "texture": "#0"},
				"down": {"uv": [13, 11, 12, 12], "texture": "#0"}
			}
		},
		{
			"from": [8.8, 31.05, 8.25],
			"to": [8.95, 31.2, 8.75],
			"rotation": {"angle": 0, "axis": "y", "origin": [10.2, 30.55, 7]},
			"faces": {
				"north": {"uv": [12, 12, 13, 13], "texture": "#0"},
				"east": {"uv": [0, 13, 1, 14], "texture": "#0"},
				"south": {"uv": [13, 0, 14, 1], "texture": "#0"},
				"west": {"uv": [1, 13, 2, 14], "texture": "#0"},
				"up": {"uv": [14, 2, 13, 1], "texture": "#0"},
				"down": {"uv": [3, 13, 2, 14], "texture": "#0"}
			}
		},
		{
			"from": [8.9, 30.8, 8.25],
			"to": [9.05, 31.05, 8.75],
			"rotation": {"angle": 0, "axis": "y", "origin": [10.3, 30.3, 7]},
			"faces": {
				"north": {"uv": [13, 2, 14, 3], "texture": "#0"},
				"east": {"uv": [3, 13, 4, 14], "texture": "#0"},
				"south": {"uv": [13, 3, 14, 4], "texture": "#0"},
				"west": {"uv": [4, 13, 5, 14], "texture": "#0"},
				"up": {"uv": [14, 5, 13, 4], "texture": "#0"},
				"down": {"uv": [6, 13, 5, 14], "texture": "#0"}
			}
		},
		{
			"from": [9, 30.3, 8.25],
			"to": [9.15, 30.8, 8.75],
			"rotation": {"angle": 0, "axis": "y", "origin": [10.4, 29.8, 7]},
			"faces": {
				"north": {"uv": [13, 5, 14, 6], "texture": "#0"},
				"east": {"uv": [6, 13, 7, 14], "texture": "#0"},
				"south": {"uv": [13, 6, 14, 7], "texture": "#0"},
				"west": {"uv": [7, 13, 8, 14], "texture": "#0"},
				"up": {"uv": [14, 8, 13, 7], "texture": "#0"},
				"down": {"uv": [9, 13, 8, 14], "texture": "#0"}
			}
		},
		{
			"from": [8.9, 30.05, 8.25],
			"to": [9.05, 30.3, 8.75],
			"rotation": {"angle": 0, "axis": "y", "origin": [10.3, 29.55, 7]},
			"faces": {
				"north": {"uv": [13, 8, 14, 9], "texture": "#0"},
				"east": {"uv": [9, 13, 10, 14], "texture": "#0"},
				"south": {"uv": [13, 9, 14, 10], "texture": "#0"},
				"west": {"uv": [10, 13, 11, 14], "texture": "#0"},
				"up": {"uv": [14, 11, 13, 10], "texture": "#0"},
				"down": {"uv": [12, 13, 11, 14], "texture": "#0"}
			}
		},
		{
			"from": [8.8, 29.9, 8.25],
			"to": [8.95, 30.05, 8.75],
			"rotation": {"angle": 0, "axis": "y", "origin": [10.2, 29.4, 7]},
			"faces": {
				"north": {"uv": [13, 11, 14, 12], "texture": "#0"},
				"east": {"uv": [12, 13, 13, 14], "texture": "#0"},
				"south": {"uv": [13, 12, 14, 13], "texture": "#0"},
				"west": {"uv": [13, 13, 14, 14], "texture": "#0"},
				"up": {"uv": [1, 15, 0, 14], "texture": "#0"},
				"down": {"uv": [15, 0, 14, 1], "texture": "#0"}
			}
		},
		{
			"from": [8.7, 29.75, 8.25],
			"to": [8.85, 29.9, 8.75],
			"rotation": {"angle": 0, "axis": "y", "origin": [10.1, 29.25, 7]},
			"faces": {
				"north": {"uv": [1, 14, 2, 15], "texture": "#0"},
				"east": {"uv": [14, 1, 15, 2], "texture": "#0"},
				"south": {"uv": [2, 14, 3, 15], "texture": "#0"},
				"west": {"uv": [14, 2, 15, 3], "texture": "#0"},
				"up": {"uv": [4, 15, 3, 14], "texture": "#0"},
				"down": {"uv": [15, 3, 14, 4], "texture": "#0"}
			}
		},
		{
			"from": [7.75, 26, 7.75],
			"to": [9.25, 27, 9.25],
			"rotation": {"angle": 0, "axis": "y", "origin": [7, 26, 7]},
			"faces": {
				"north": {"uv": [0, 0, 0.75, 0.5], "texture": "#1"},
				"east": {"uv": [0, 0, 0.75, 0.5], "texture": "#1"},
				"south": {"uv": [0, 0, 0.75, 0.5], "texture": "#1"},
				"west": {"uv": [0, 0, 0.75, 0.5], "texture": "#1"},
				"up": {"uv": [0, 0, 0.75, 0.75], "texture": "#1"},
				"down": {"uv": [0, 0, 0.75, 0.75], "texture": "#1"}
			}
		},
		{
			"from": [8.25, 26.25, 7.6],
			"to": [8.75, 26.75, 8],
			"rotation": {"angle": 0, "axis": "y", "origin": [7, 26, 6]},
			"faces": {
				"north": {"uv": [0, 0, 1, 1], "texture": "#2"},
				"east": {"uv": [0, 1, 1, 2], "texture": "#2"},
				"south": {"uv": [1, 0, 2, 1], "texture": "#2"},
				"west": {"uv": [1, 1, 2, 2], "texture": "#2"},
				"up": {"uv": [1, 3, 0, 2], "texture": "#2"},
				"down": {"uv": [3, 0, 2, 1], "texture": "#2"}
			}
		},
		{
			"from": [8.35, 26.35, 7.5],
			"to": [8.65, 26.65, 7.9],
			"rotation": {"angle": 0, "axis": "y", "origin": [7, 26, 5.9]},
			"faces": {
				"north": {"uv": [1, 2, 2, 3], "texture": "#2"},
				"east": {"uv": [2, 1, 3, 2], "texture": "#2"},
				"south": {"uv": [2, 2, 3, 3], "texture": "#2"},
				"west": {"uv": [0, 3, 1, 4], "texture": "#2"},
				"up": {"uv": [4, 1, 3, 0], "texture": "#2"},
				"down": {"uv": [2, 3, 1, 4], "texture": "#2"}
			}
		},
		{
			"from": [8.75, 26.25, 7.6],
			"to": [8.85, 26.75, 8],
			"rotation": {"angle": 0, "axis": "y", "origin": [7.1, 26, 6]},
			"faces": {
				"north": {"uv": [3, 1, 4, 2], "texture": "#2"},
				"east": {"uv": [2, 3, 3, 4], "texture": "#2"},
				"south": {"uv": [3, 2, 4, 3], "texture": "#2"},
				"west": {"uv": [3, 3, 4, 4], "texture": "#2"},
				"up": {"uv": [1, 5, 0, 4], "texture": "#2"},
				"down": {"uv": [5, 0, 4, 1], "texture": "#2"}
			}
		},
		{
			"from": [8.15, 26.25, 7.6],
			"to": [8.25, 26.75, 8],
			"rotation": {"angle": 0, "axis": "y", "origin": [6.9, 26, 6]},
			"faces": {
				"north": {"uv": [1, 4, 2, 5], "texture": "#2"},
				"east": {"uv": [4, 1, 5, 2], "texture": "#2"},
				"south": {"uv": [2, 4, 3, 5], "texture": "#2"},
				"west": {"uv": [4, 2, 5, 3], "texture": "#2"},
				"up": {"uv": [4, 5, 3, 4], "texture": "#2"},
				"down": {"uv": [5, 3, 4, 4], "texture": "#2"}
			}
		},
		{
			"from": [8.35, 26.35, 9.1],
			"to": [8.65, 26.65, 9.5],
			"rotation": {"angle": 0, "axis": "y", "origin": [7, 26, 11.1]},
			"faces": {
				"north": {"uv": [4, 4, 5, 5], "texture": "#2"},
				"east": {"uv": [0, 5, 1, 6], "texture": "#2"},
				"south": {"uv": [5, 0, 6, 1], "texture": "#2"},
				"west": {"uv": [1, 5, 2, 6], "texture": "#2"},
				"up": {"uv": [6, 2, 5, 1], "texture": "#2"},
				"down": {"uv": [3, 5, 2, 6], "texture": "#2"}
			}
		},
		{
			"from": [8.25, 26.75, 9],
			"to": [8.75, 26.85, 9.4],
			"rotation": {"angle": 0, "axis": "y", "origin": [7, 26.5, 11]},
			"faces": {
				"north": {"uv": [5, 2, 6, 3], "texture": "#2"},
				"east": {"uv": [3, 5, 4, 6], "texture": "#2"},
				"south": {"uv": [5, 3, 6, 4], "texture": "#2"},
				"west": {"uv": [4, 5, 5, 6], "texture": "#2"},
				"up": {"uv": [6, 5, 5, 4], "texture": "#2"},
				"down": {"uv": [6, 5, 5, 6], "texture": "#2"}
			}
		},
		{
			"from": [8.75, 26.25, 9],
			"to": [8.85, 26.75, 9.4],
			"rotation": {"angle": 0, "axis": "y", "origin": [7.1, 26, 11]},
			"faces": {
				"north": {"uv": [0, 6, 1, 7], "texture": "#2"},
				"east": {"uv": [6, 0, 7, 1], "texture": "#2"},
				"south": {"uv": [1, 6, 2, 7], "texture": "#2"},
				"west": {"uv": [6, 1, 7, 2], "texture": "#2"},
				"up": {"uv": [3, 7, 2, 6], "texture": "#2"},
				"down": {"uv": [7, 2, 6, 3], "texture": "#2"}
			}
		},
		{
			"from": [8.25, 26.15, 9],
			"to": [8.75, 26.25, 9.4],
			"rotation": {"angle": 0, "axis": "y", "origin": [7, 25.9, 11]},
			"faces": {
				"north": {"uv": [3, 6, 4, 7], "texture": "#2"},
				"east": {"uv": [6, 3, 7, 4], "texture": "#2"},
				"south": {"uv": [4, 6, 5, 7], "texture": "#2"},
				"west": {"uv": [6, 4, 7, 5], "texture": "#2"},
				"up": {"uv": [6, 7, 5, 6], "texture": "#2"},
				"down": {"uv": [7, 5, 6, 6], "texture": "#2"}
			}
		},
		{
			"from": [8.25, 26.25, 9],
			"to": [8.75, 26.75, 9.4],
			"rotation": {"angle": 0, "axis": "y", "origin": [7, 26, 11]},
			"faces": {
				"north": {"uv": [6, 6, 7, 7], "texture": "#2"},
				"east": {"uv": [0, 7, 1, 8], "texture": "#2"},
				"south": {"uv": [7, 0, 8, 1], "texture": "#2"},
				"west": {"uv": [1, 7, 2, 8], "texture": "#2"},
				"up": {"uv": [8, 2, 7, 1], "texture": "#2"},
				"down": {"uv": [3, 7, 2, 8], "texture": "#2"}
			}
		},
		{
			"from": [8.15, 26.25, 9],
			"to": [8.25, 26.75, 9.4],
			"rotation": {"angle": 0, "axis": "y", "origin": [6.9, 26, 11]},
			"faces": {
				"north": {"uv": [7, 2, 8, 3], "texture": "#2"},
				"east": {"uv": [3, 7, 4, 8], "texture": "#2"},
				"south": {"uv": [7, 3, 8, 4], "texture": "#2"},
				"west": {"uv": [4, 7, 5, 8], "texture": "#2"},
				"up": {"uv": [8, 5, 7, 4], "texture": "#2"},
				"down": {"uv": [6, 7, 5, 8], "texture": "#2"}
			}
		},
		{
			"from": [8.25, 26.75, 7.6],
			"to": [8.75, 26.85, 8],
			"rotation": {"angle": 0, "axis": "y", "origin": [7, 26.5, 6]},
			"faces": {
				"north": {"uv": [7, 5, 8, 6], "texture": "#2"},
				"east": {"uv": [6, 7, 7, 8], "texture": "#2"},
				"south": {"uv": [7, 6, 8, 7], "texture": "#2"},
				"west": {"uv": [7, 7, 8, 8], "texture": "#2"},
				"up": {"uv": [1, 9, 0, 8], "texture": "#2"},
				"down": {"uv": [9, 0, 8, 1], "texture": "#2"}
			}
		},
		{
			"from": [8.25, 26.15, 7.6],
			"to": [8.75, 26.25, 8],
			"rotation": {"angle": 0, "axis": "y", "origin": [7, 25.9, 6]},
			"faces": {
				"north": {"uv": [1, 8, 2, 9], "texture": "#2"},
				"east": {"uv": [8, 1, 9, 2], "texture": "#2"},
				"south": {"uv": [2, 8, 3, 9], "texture": "#2"},
				"west": {"uv": [8, 2, 9, 3], "texture": "#2"},
				"up": {"uv": [4, 9, 3, 8], "texture": "#2"},
				"down": {"uv": [9, 3, 8, 4], "texture": "#2"}
			}
		}
	],
	"display": {
		"firstperson_righthand": {
			"translation": [0, -6, 0],
			"scale": [0.9, 0.9, 0.9]
		},
		"firstperson_lefthand": {
			"translation": [0, -6, 0],
			"scale": [0.9, 0.9, 0.9]
		},
		"ground": {
			"translation": [0, 9, 0]
		},
		"gui": {
			"rotation": [0, -18, -24],
			"translation": [-1.25, -2.5, 0],
			"scale": [0.65, 0.44, 0.6]
		},
		"head": {
			"translation": [-1, -16, -2],
			"scale": [2, 2, 2]
		},
		"fixed": {
			"translation": [-1.5, -22, -3.25],
			"scale": [3.39, 3.39, 3.39]
		}
	},
	"groups": [
		0,
		1,
		2,
		3,
		4,
		5,
		6,
		7,
		8,
		9,
		10,
		11,
		12,
		13,
		14,
		{
			"name": "group",
			"origin": [10.1, 29.25, 7],
			"color": 0,
			"children": [15, 16, 17, 18, 19, 20, 21, 22, 23, 24, 25, 26, 27, 28, 29, 30, 31, 32, 33, 34, 35, 36, 37, 38, 39, 40, 41, 42, 43, 44, 45, 46]
		},
		47,
		48,
		49,
		50,
		51,
		52,
		53,
		54,
		55,
		56,
		57,
		58,
		59
	]
}