{
	"credit": "Made with Blockbench",
	"textures": {
		"0": "block/decoplan_3",
		"particle": "block/decoplan_3"
	},
	"elements": [
		{
			"from": [-5.5, 1, 11.75],
			"to": [1.5, 1, 22.75],
			"rotation": {"angle": 45, "axis": "y", "origin": [-2, 0, -2]},
			"faces": {
				"north": {"uv": [0, 0, 4, 0], "rotation": 180, "texture": "#0"},
				"east": {"uv": [0, 0, 0, 8], "rotation": 270, "texture": "#0"},
				"south": {"uv": [0, 0, 4, 0], "texture": "#0"},
				"west": {"uv": [0, 0, 0, 8], "rotation": 90, "texture": "#0"},
				"up": {"uv": [1.5, 2, 6, 10], "rotation": 180, "texture": "#0"},
				"down": {"uv": [1.5, 2, 6, 10], "texture": "#0"}
			}
		},
		{
			"from": [-13.5, 1, 8],
			"to": [-2.5, 1, 15],
			"rotation": {"angle": 45, "axis": "y", "origin": [-2, 0, -2]},
			"faces": {
				"north": {"uv": [0, 0, 0, 8], "rotation": 90, "texture": "#0"},
				"east": {"uv": [0, 0, 4, 0], "rotation": 180, "texture": "#0"},
				"south": {"uv": [0, 0, 0, 8], "rotation": 270, "texture": "#0"},
				"west": {"uv": [0, 0, 4, 0], "texture": "#0"},
				"up": {"uv": [1.5, 2, 6, 10], "rotation": 270, "texture": "#0"},
				"down": {"uv": [1.5, 2, 6, 10], "rotation": 270, "texture": "#0"}
			}
		},
		{
			"from": [-1.5, 1, 8],
			"to": [9.5, 1, 15],
			"rotation": {"angle": 45, "axis": "y", "origin": [-2, 0, -2]},
			"faces": {
				"north": {"uv": [0, 0, 0, 8], "rotation": 270, "texture": "#0"},
				"east": {"uv": [0, 0, 4, 0], "texture": "#0"},
				"south": {"uv": [0, 0, 0, 8], "rotation": 90, "texture": "#0"},
				"west": {"uv": [0, 0, 4, 0], "rotation": 180, "texture": "#0"},
				"up": {"uv": [1.5, 2, 6, 10], "rotation": 90, "texture": "#0"},
				"down": {"uv": [1.5, 2, 6, 10], "rotation": 90, "texture": "#0"}
			}
		},
		{
			"from": [-5.5, 1, 0],
			"to": [1.5, 1, 11],
			"rotation": {"angle": 45, "axis": "y", "origin": [-2, 0, -2]},
			"faces": {
				"north": {"uv": [0, 0, 4, 0], "texture": "#0"},
				"east": {"uv": [0, 0, 0, 8], "rotation": 90, "texture": "#0"},
				"south": {"uv": [0, 0, 4, 0], "rotation": 180, "texture": "#0"},
				"west": {"uv": [0, 0, 0, 8], "rotation": 270, "texture": "#0"},
				"up": {"uv": [1.5, 2, 6, 10], "texture": "#0"},
				"down": {"uv": [1.5, 2, 6, 10], "rotation": 180, "texture": "#0"}
			}
		},
		{
			"from": [-3.1, 7.75, 4],
			"to": [3.9, 7.75, 11],
			"rotation": {"angle": -45, "axis": "z", "origin": [-2.75, -0.25, -2]},
			"faces": {
				"north": {"uv": [0, 0, 0, 4], "rotation": 90, "texture": "#0"},
				"east": {"uv": [0, 0, 0, 4], "rotation": 270, "texture": "#0"},
				"south": {"uv": [0, 0, 0, 4], "rotation": 270, "texture": "#0"},
				"west": {"uv": [0, 0, 0, 4], "rotation": 270, "texture": "#0"},
				"up": {"uv": [1.5, 6, 6, 10], "rotation": 270, "texture": "#0"},
				"down": {"uv": [1.5, 6, 6, 10], "rotation": 270, "texture": "#0"}
			}
		},
		{
			"from": [4, 3.65, -7.15],
			"to": [11, 3.65, 0.85],
			"rotation": {"angle": 0, "axis": "y", "origin": [14, -0.25, -2.75]},
			"faces": {
				"north": {"uv": [0, 0, 0, 4], "rotation": 270, "texture": "#0"},
				"east": {"uv": [0, 0, 0, 5], "rotation": 90, "texture": "#0"},
				"south": {"uv": [0, 0, 0, 4], "rotation": 270, "texture": "#0"},
				"west": {"uv": [0, 0, 0, 5], "rotation": 270, "texture": "#0"},
				"up": {"uv": [1.5, 2, 6, 7], "texture": "#0"},
				"down": {"uv": [1.5, 2, 6, 7], "rotation": 180, "texture": "#0"}
			}
		},
		{
			"from": [4, 4.75, -1],
			"to": [11, 4.75, 6],
			"rotation": {"angle": 22.5, "axis": "x", "origin": [14, -0.25, -2.75]},
			"faces": {
				"north": {"uv": [0, 0, 0, 4], "rotation": 270, "texture": "#0"},
				"east": {"uv": [0, 0, 0, 4], "rotation": 90, "texture": "#0"},
				"south": {"uv": [0, 0, 0, 4], "rotation": 270, "texture": "#0"},
				"west": {"uv": [0, 0, 0, 4], "rotation": 270, "texture": "#0"},
				"up": {"uv": [1.5, 6, 6, 10], "texture": "#0"},
				"down": {"uv": [1.5, 6, 6, 10], "rotation": 180, "texture": "#0"}
			}
		},
		{
			"from": [14.7, 6, 4],
			"to": [22.7, 6, 11],
			"rotation": {"angle": 22.5, "axis": "z", "origin": [15, -0.25, 14]},
			"faces": {
				"north": {"uv": [0, 0, 0, 5], "rotation": 270, "texture": "#0"},
				"east": {"uv": [0, 0, 0, 4], "rotation": 270, "texture": "#0"},
				"south": {"uv": [0, 0, 0, 5], "rotation": 90, "texture": "#0"},
				"west": {"uv": [0, 0, 0, 4], "rotation": 270, "texture": "#0"},
				"up": {"uv": [1.5, 2, 6, 7], "rotation": 90, "texture": "#0"},
				"down": {"uv": [1.5, 2, 6, 7], "rotation": 90, "texture": "#0"}
			}
		},
		{
			"from": [4, 3.75, 8.25],
			"to": [11, 3.75, 15.25],
			"rotation": {"angle": -22.5, "axis": "x", "origin": [-2, -0.25, 15]},
			"faces": {
				"north": {"uv": [0, 0, 0, 4], "rotation": 270, "texture": "#0"},
				"east": {"uv": [0, 0, 0, 4], "rotation": 270, "texture": "#0"},
				"south": {"uv": [0, 0, 0, 4], "rotation": 270, "texture": "#0"},
				"west": {"uv": [0, 0, 0, 4], "rotation": 90, "texture": "#0"},
				"up": {"uv": [1.5, 6, 6, 10], "rotation": 180, "texture": "#0"},
				"down": {"uv": [1.5, 6, 6, 10], "texture": "#0"}
			}
		},
		{
			"from": [4, 3.5, 13.65],
			"to": [11, 3.5, 21.65],
			"rotation": {"angle": 0, "axis": "y", "origin": [-2, -0.25, 15]},
			"faces": {
				"north": {"uv": [0, 0, 0, 4], "rotation": 270, "texture": "#0"},
				"east": {"uv": [0, 0, 0, 5], "rotation": 270, "texture": "#0"},
				"south": {"uv": [0, 0, 0, 4], "rotation": 270, "texture": "#0"},
				"west": {"uv": [0, 0, 0, 5], "rotation": 90, "texture": "#0"},
				"up": {"uv": [1.5, 2, 6, 7], "rotation": 180, "texture": "#0"},
				"down": {"uv": [1.5, 2, 6, 7], "texture": "#0"}
			}
		},
		{
			"from": [10.15, 5.65, 4],
			"to": [17.15, 5.65, 11],
			"rotation": {"angle": 45, "axis": "z", "origin": [15, -0.25, 14]},
			"faces": {
				"north": {"uv": [0, 0, 0, 4], "rotation": 270, "texture": "#0"},
				"east": {"uv": [0, 0, 0, 4], "rotation": 270, "texture": "#0"},
				"south": {"uv": [0, 0, 0, 4], "rotation": 90, "texture": "#0"},
				"west": {"uv": [0, 0, 0, 4], "rotation": 270, "texture": "#0"},
				"up": {"uv": [1.5, 6, 6, 10], "rotation": 90, "texture": "#0"},
				"down": {"uv": [1.5, 6, 6, 10], "rotation": 90, "texture": "#0"}
			}
		},
		{
			"from": [-8, 7.3, 4],
			"to": [0, 7.3, 11],
			"rotation": {"angle": -22.5, "axis": "z", "origin": [-2.75, -0.25, -2]},
			"faces": {
				"north": {"uv": [0, 0, 0, 5], "rotation": 90, "texture": "#0"},
				"east": {"uv": [0, 0, 0, 4], "rotation": 270, "texture": "#0"},
				"south": {"uv": [0, 0, 0, 5], "rotation": 270, "texture": "#0"},
				"west": {"uv": [0, 0, 0, 4], "rotation": 270, "texture": "#0"},
				"up": {"uv": [1.5, 2, 6, 7], "rotation": 270, "texture": "#0"},
				"down": {"uv": [1.5, 2, 6, 7], "rotation": 270, "texture": "#0"}
			}
		},
		{
			"from": [5, 1.35, 8.25],
			"to": [10, 1.35, 16.25],
			"rotation": {"angle": 0, "axis": "x", "origin": [-2, 0, -2]},
			"faces": {
				"north": {"uv": [0, 0, 2, 0], "rotation": 180, "texture": "#0"},
				"east": {"uv": [0, 0, 0, 5], "rotation": 270, "texture": "#0"},
				"south": {"uv": [0, 0, 2, 0], "texture": "#0"},
				"west": {"uv": [0, 0, 0, 5], "rotation": 90, "texture": "#0"},
				"up": {"uv": [2, 2, 5.5, 10], "rotation": 180, "texture": "#0"},
				"down": {"uv": [2, 2, 5.5, 10], "texture": "#0"}
			}
		},
		{
			"from": [-1.5, 1.35, 5],
			"to": [6.5, 1.35, 10],
			"rotation": {"angle": 0, "axis": "y", "origin": [-2, 0, -2]},
			"faces": {
				"north": {"uv": [0, 0, 0, 5], "rotation": 90, "texture": "#0"},
				"east": {"uv": [0, 0, 2, 0], "rotation": 180, "texture": "#0"},
				"south": {"uv": [0, 0, 0, 5], "rotation": 270, "texture": "#0"},
				"west": {"uv": [0, 0, 2, 0], "texture": "#0"},
				"up": {"uv": [2, 2, 5.5, 10], "rotation": 270, "texture": "#0"},
				"down": {"uv": [2, 2, 5.5, 10], "rotation": 270, "texture": "#0"}
			}
		},
		{
			"from": [5, 1.35, -1.75],
			"to": [10, 1.35, 6.25],
			"rotation": {"angle": 0, "axis": "y", "origin": [-2, 0, -2]},
			"faces": {
				"north": {"uv": [0, 0, 2, 0], "texture": "#0"},
				"east": {"uv": [0, 0, 0, 5], "rotation": 90, "texture": "#0"},
				"south": {"uv": [0, 0, 2, 0], "rotation": 180, "texture": "#0"},
				"west": {"uv": [0, 0, 0, 5], "rotation": 270, "texture": "#0"},
				"up": {"uv": [2, 2, 5.5, 10], "texture": "#0"},
				"down": {"uv": [2, 2, 5.5, 10], "rotation": 180, "texture": "#0"}
			}
		},
		{
			"from": [8.75, 1.35, 5],
			"to": [16.75, 1.35, 10],
			"rotation": {"angle": 0, "axis": "y", "origin": [-2, 0, -2]},
			"faces": {
				"north": {"uv": [0, 0, 0, 5], "rotation": 270, "texture": "#0"},
				"east": {"uv": [0, 0, 2, 0], "texture": "#0"},
				"south": {"uv": [0, 0, 0, 5], "rotation": 90, "texture": "#0"},
				"west": {"uv": [0, 0, 2, 0], "rotation": 180, "texture": "#0"},
				"up": {"uv": [2, 2, 5.5, 10], "rotation": 90, "texture": "#0"},
				"down": {"uv": [2, 2, 5.5, 10], "rotation": 90, "texture": "#0"}
			}
		}
	],
	"display": {
		"thirdperson_righthand": {
			"translation": [0, 7.25, 0]
		},
		"thirdperson_lefthand": {
			"translation": [0, 7.25, 0]
		},
		"firstperson_righthand": {
			"translation": [0, 7, 0]
		},
		"firstperson_lefthand": {
			"translation": [0, 7, 0]
		},
		"ground": {
			"translation": [0, 7.75, 0],
			"scale": [1.47, 1.47, 1.47]
		},
		"gui": {
			"rotation": [22, 0, 0],
			"translation": [0.25, 0, 0],
			"scale": [0.49, 0.67, 0.73]
		},
		"head": {
			"translation": [0, 21, 0],
			"scale": [2, 2, 2]
		},
		"fixed": {
			"rotation": [-90, 0, 0],
			"translation": [0, 0, -28.75],
			"scale": [4, 4, 4]
		}
	}
}