{
	"credit": "Made with Blockbench",
	"texture_size": [32, 32],
	"textures": {
		"0": "block/decoplan_1",
		"particle": "block/decoplan_1"
	},
	"elements": [
		{
			"from": [3, 0, 8],
			"to": [13, 16, 8],
			"faces": {
				"north": {"uv": [0, 0, 7.5, 16], "texture": "#0"},
				"east": {"uv": [0, 4, 4, 8], "texture": "#0"},
				"south": {"uv": [0, 0, 7.5, 16], "texture": "#0"},
				"west": {"uv": [4, 4, 8, 8], "texture": "#0"},
				"up": {"uv": [4, 12, 0, 8], "texture": "#0"},
				"down": {"uv": [12, 0, 8, 4], "texture": "#0"}
			}
		},
		{
			"from": [8, 0, 3],
			"to": [8, 16, 13],
			"faces": {
				"north": {"uv": [0, 4, 4, 8], "texture": "#0"},
				"east": {"uv": [0, 0, 7.5, 16], "texture": "#0"},
				"south": {"uv": [4, 4, 8, 8], "texture": "#0"},
				"west": {"uv": [0, 0, 7.5, 16], "texture": "#0"},
				"up": {"uv": [4, 12, 0, 8], "rotation": 270, "texture": "#0"},
				"down": {"uv": [12, 0, 8, 4], "rotation": 90, "texture": "#0"}
			}
		},
		{
			"from": [4, -3, 7.5],
			"to": [12, 4, 7.5],
			"rotation": {"angle": -22.5, "axis": "x", "origin": [16, -1, 0.5]},
			"faces": {
				"north": {"uv": [0, 7.5, 7.5, 16], "texture": "#0"},
				"east": {"uv": [0, 7.5, 0, 16], "texture": "#0"},
				"south": {"uv": [0, 7.5, 7, 16], "texture": "#0"},
				"west": {"uv": [0, 7.5, 0, 16], "texture": "#0"},
				"up": {"uv": [0, 0, 0, 16], "rotation": 90, "texture": "#0"},
				"down": {"uv": [0, 0, 0, 16], "rotation": 270, "texture": "#0"}
			}
		},
		{
			"from": [8.5, -3, 4],
			"to": [8.5, 4, 12],
			"rotation": {"angle": -22.5, "axis": "z", "origin": [15.5, -1, 0]},
			"faces": {
				"north": {"uv": [0, 7.5, 0, 16], "texture": "#0"},
				"east": {"uv": [0, 7.5, 7.5, 16], "texture": "#0"},
				"south": {"uv": [0, 7.5, 0.5, 16], "texture": "#0"},
				"west": {"uv": [0, 7.5, 7.5, 16], "texture": "#0"},
				"up": {"uv": [0, 0, 0, 16], "texture": "#0"},
				"down": {"uv": [0, 0, 0, 16], "texture": "#0"}
			}
		},
		{
			"from": [4, -3, 8.5],
			"to": [12, 4, 8.5],
			"rotation": {"angle": 22.5, "axis": "x", "origin": [16, -1, 15.5]},
			"faces": {
				"north": {"uv": [0, 7.5, 7.5, 16], "texture": "#0"},
				"east": {"uv": [0, 7.5, 0, 16], "texture": "#0"},
				"south": {"uv": [0, 7.5, 7, 16], "texture": "#0"},
				"west": {"uv": [0, 7.5, 0, 16], "texture": "#0"},
				"up": {"uv": [0, 0, 0, 16], "rotation": 90, "texture": "#0"},
				"down": {"uv": [0, 0, 0, 16], "rotation": 270, "texture": "#0"}
			}
		},
		{
			"from": [7.5, -3, 4],
			"to": [7.5, 4, 12],
			"rotation": {"angle": 22.5, "axis": "z", "origin": [0.5, -1, 0]},
			"faces": {
				"north": {"uv": [0, 7.5, 0, 16], "texture": "#0"},
				"east": {"uv": [0, 7.5, 7.5, 16], "texture": "#0"},
				"south": {"uv": [0, 7.5, 0.5, 16], "texture": "#0"},
				"west": {"uv": [0, 7.5, 7.5, 16], "texture": "#0"},
				"up": {"uv": [0, 0, 0, 16], "texture": "#0"},
				"down": {"uv": [0, 0, 0, 16], "texture": "#0"}
			}
		},
		{
			"from": [8.9, 0.75, 4],
			"to": [8.9, 7.75, 12],
			"rotation": {"angle": 45, "axis": "z", "origin": [0.5, -1, 0]},
			"faces": {
				"north": {"uv": [0, 0, 0, 7.5], "texture": "#0"},
				"east": {"uv": [0, 0, 7.5, 7.5], "texture": "#0"},
				"south": {"uv": [0, 0, 0, 7.5], "texture": "#0"},
				"west": {"uv": [0, 0, 7.5, 7.5], "texture": "#0"},
				"up": {"uv": [0, 0, 0, 16], "texture": "#0"},
				"down": {"uv": [0, 0, 0, 16], "texture": "#0"}
			}
		},
		{
			"from": [4, 0.75, 7.1],
			"to": [12, 7.75, 7.1],
			"rotation": {"angle": 45, "axis": "x", "origin": [16, -1, 15.5]},
			"faces": {
				"north": {"uv": [0, 0, 7.5, 7.5], "texture": "#0"},
				"east": {"uv": [0, 0, 0.5, 7.5], "texture": "#0"},
				"south": {"uv": [0, 0, 7.5, 7.5], "texture": "#0"},
				"west": {"uv": [0, 0, 0, 7.5], "texture": "#0"},
				"up": {"uv": [0, 0, 0, 16], "rotation": 90, "texture": "#0"},
				"down": {"uv": [0, 0, 0, 16], "rotation": 270, "texture": "#0"}
			}
		},
		{
			"from": [4, 0.75, 8.9],
			"to": [12, 7.75, 8.9],
			"rotation": {"angle": -45, "axis": "x", "origin": [16, -1, 0.5]},
			"faces": {
				"north": {"uv": [0, 0, 7.5, 7.5], "texture": "#0"},
				"east": {"uv": [0, 0, 0.5, 7.5], "texture": "#0"},
				"south": {"uv": [0, 0, 7.5, 7.5], "texture": "#0"},
				"west": {"uv": [0, 0, 0, 7.5], "texture": "#0"},
				"up": {"uv": [0, 0, 0, 16], "rotation": 90, "texture": "#0"},
				"down": {"uv": [0, 0, 0, 16], "rotation": 270, "texture": "#0"}
			}
		},
		{
			"from": [7.1, 0.75, 4],
			"to": [7.1, 7.75, 12],
			"rotation": {"angle": -45, "axis": "z", "origin": [15.5, -1, 0]},
			"faces": {
				"north": {"uv": [0, 0, 0, 7.5], "texture": "#0"},
				"east": {"uv": [0, 0, 7.5, 7.5], "texture": "#0"},
				"south": {"uv": [0, 0, 0, 7.5], "texture": "#0"},
				"west": {"uv": [0, 0, 7.5, 7.5], "texture": "#0"},
				"up": {"uv": [0, 0, 0, 16], "texture": "#0"},
				"down": {"uv": [0, 0, 0, 16], "texture": "#0"}
			}
		}
	],
	"display": {
		"thirdperson_righthand": {
			"translation": [0, 7.25, 0]
		},
		"thirdperson_lefthand": {
			"translation": [0, 7.25, 0]
		},
		"firstperson_righthand": {
			"translation": [0, 7, 0]
		},
		"firstperson_lefthand": {
			"translation": [0, 7, 0]
		},
		"ground": {
			"translation": [0, 11, 0],
			"scale": [2, 2, 2]
		},
		"gui": {
			"rotation": [0, 4, 0],
			"scale": [0.94, 1, 1]
		},
		"head": {
			"translation": [0, 11.25, 0],
			"scale": [1.82, 1.82, 1.82]
		},
		"fixed": {
			"rotation": [-90, 0, 0],
			"translation": [0, 0, -32.25],
			"scale": [4, 4, 4]
		}
	},
	"groups": [
		0,
		1,
		{
			"name": "group",
			"origin": [0, 0, 0],
			"color": 0,
			"children": [2, 3, 4, 5]
		},
		{
			"name": "group",
			"origin": [16, 0, 0],
			"color": 0,
			"children": [6, 7, 8, 9]
		}
	]
}