{
	"credit": "Made with Blockbench",
	"textures": {
		"0": "block/vine_1",
		"particle": "block/vine_1"
	},
	"elements": [
		{
			"from": [4, 0, 8],
			"to": [12, 30, 8],
			"faces": {
				"north": {"uv": [4.5, 0, 8.75, 16], "texture": "#0"},
				"east": {"uv": [0, 0, 0, 16], "texture": "#0"},
				"south": {"uv": [0, 0, 4.25, 16], "texture": "#0"},
				"west": {"uv": [0, 0, 0, 16], "texture": "#0"},
				"up": {"uv": [0, 0, 6, 0], "texture": "#0"},
				"down": {"uv": [0, 0, 6, 0], "texture": "#0"}
			}
		},
		{
			"from": [8, 0, 4],
			"to": [8, 30, 12],
			"faces": {
				"north": {"uv": [0, 0, 0, 16], "texture": "#0"},
				"east": {"uv": [4.5, 0, 8.75, 16], "texture": "#0"},
				"south": {"uv": [0, 0, 0, 16], "texture": "#0"},
				"west": {"uv": [0, 0, 4.25, 16], "texture": "#0"},
				"up": {"uv": [0, 0, 6, 0], "rotation": 90, "texture": "#0"},
				"down": {"uv": [0, 0, 6, 0], "rotation": 270, "texture": "#0"}
			}
		}
	],
	"display": {
		"ground": {
			"translation": [0, 3, 0]
		},
		"gui": {
			"rotation": [0, -24, 0],
			"translation": [0, -4.25, 0],
			"scale": [0.98, 0.54, 0.95]
		},
		"fixed": {
			"rotation": [90, 0, 0],
			"translation": [0, 0, -80],
			"scale": [4, 3.98, 4]
		}
	}
}