{
	"credit": "Made with Blockbench",
	"texture_size": [64, 64],
	"textures": {
		"1": "block/deco_pot_1"
	},
	"elements": [
		{
			"from": [1, 0, 1],
			"to": [15, 16, 15],
			"faces": {
				"north": {"uv": [0, 0, 3.5, 4], "texture": "#1"},
				"east": {"uv": [3.5, 0, 7, 4], "texture": "#1"},
				"south": {"uv": [0, 4, 3.5, 8], "texture": "#1"},
				"west": {"uv": [3.5, 4, 7, 8], "texture": "#1"},
				"up": {"uv": [10.5, 3.5, 7, 0], "texture": "#1"},
				"down": {"uv": [10.5, 3.5, 7, 7], "texture": "#1"}
			}
		},
		{
			"from": [4.75, 16, 4.75],
			"to": [11.25, 17, 11.25],
			"faces": {
				"north": {"uv": [2.5, 13, 4, 13.25], "texture": "#1"},
				"east": {"uv": [1, 13, 2.5, 13.25], "texture": "#1"},
				"south": {"uv": [2.5, 12.25, 4, 12.5], "texture": "#1"},
				"west": {"uv": [1, 12.25, 2.5, 12.5], "texture": "#1"},
				"up": {"uv": [1, 10.75, 2.5, 12.25], "texture": "#1"},
				"down": {"uv": [2.5, 10.75, 4, 12.25], "texture": "#1"}
			}
		},
		{
			"from": [4, 17, 4],
			"to": [12, 20, 12],
			"faces": {
				"north": {"uv": [6.75, 11.25, 8.75, 12], "texture": "#1"},
				"east": {"uv": [6.75, 12.75, 8.75, 13.5], "texture": "#1"},
				"south": {"uv": [6.75, 10.5, 8.75, 11.25], "texture": "#1"},
				"west": {"uv": [6.75, 12, 8.75, 12.75], "texture": "#1"},
				"up": {"uv": [10.75, 11.25, 12.75, 13.25], "texture": "#1"},
				"down": {"uv": [8.75, 11.25, 10.75, 13.25], "texture": "#1"}
			}
		}
	],
	"display": {
		"fixed": {
			"translation": [0, -0.5, 16.25],
			"scale": [2.1, 2.1, 2.1]
		}
	}
}