{
	"credit": "Made with Blockbench",
	"textures": {
		"0": "block/b",
		"particle": "block/b"
	},
	"elements": [
		{
			"from": [8.5, 6.5, 7.5],
			"to": [11, 7, 8],
			"rotation": {"angle": 0, "axis": "y", "origin": [9, 6, 6]},
			"faces": {
				"north": {"uv": [1.5, 2.5, 2.75, 2.75], "texture": "#0"},
				"east": {"uv": [0, 0, 0.5, 0.5], "texture": "#0"},
				"south": {"uv": [1.5, 2.5, 2.75, 2.75], "texture": "#0"},
				"west": {"uv": [0, 0, 0.5, 0.5], "texture": "#0"},
				"up": {"uv": [0, 0, 2.5, 0.5], "texture": "#0"},
				"down": {"uv": [0, 0, 2.5, 0.5], "texture": "#0"}
			}
		},
		{
			"from": [10, 10, 7.5],
			"to": [10.5, 10.5, 8],
			"rotation": {"angle": 0, "axis": "y", "origin": [9.5, 9.5, 6]},
			"faces": {
				"north": {"uv": [1.75, 0.75, 2, 1], "texture": "#0"},
				"east": {"uv": [0, 0, 0.5, 0.5], "texture": "#0"},
				"south": {"uv": [1.75, 0.75, 2, 1], "texture": "#0"},
				"west": {"uv": [0, 0, 0.5, 0.5], "texture": "#0"},
				"up": {"uv": [0, 0, 0.5, 0.5], "texture": "#0"},
				"down": {"uv": [0, 0, 0.5, 0.5], "texture": "#0"}
			}
		},
		{
			"from": [9, 10, 7.5],
			"to": [9.5, 10.5, 8],
			"rotation": {"angle": 0, "axis": "y", "origin": [8.5, 9.5, 6]},
			"faces": {
				"north": {"uv": [2.25, 0.75, 2.5, 1], "texture": "#0"},
				"east": {"uv": [0, 0, 0.5, 0.5], "texture": "#0"},
				"south": {"uv": [2.25, 0.75, 2.5, 1], "texture": "#0"},
				"west": {"uv": [0, 0, 0.5, 0.5], "texture": "#0"},
				"up": {"uv": [0, 0, 0.5, 0.5], "texture": "#0"},
				"down": {"uv": [0, 0, 0.5, 0.5], "texture": "#0"}
			}
		},
		{
			"from": [7.5, 8.5, 7.5],
			"to": [8, 9, 8],
			"rotation": {"angle": 0, "axis": "y", "origin": [7, 8, 6]},
			"faces": {
				"north": {"uv": [3, 1.5, 3.25, 1.75], "texture": "#0"},
				"east": {"uv": [0, 0, 0.5, 0.5], "texture": "#0"},
				"south": {"uv": [3, 1.5, 3.25, 1.75], "texture": "#0"},
				"west": {"uv": [0, 0, 0.5, 0.5], "texture": "#0"},
				"up": {"uv": [0, 0, 0.5, 0.5], "texture": "#0"},
				"down": {"uv": [0, 0, 0.5, 0.5], "texture": "#0"}
			}
		},
		{
			"from": [7, 8, 7.5],
			"to": [7.5, 8.5, 8],
			"rotation": {"angle": 0, "axis": "y", "origin": [6.5, 7.5, 6]},
			"faces": {
				"north": {"uv": [3.25, 1.75, 3.5, 2], "texture": "#0"},
				"east": {"uv": [0, 0, 0.5, 0.5], "texture": "#0"},
				"south": {"uv": [3.25, 1.75, 3.5, 2], "texture": "#0"},
				"west": {"uv": [0, 0, 0.5, 0.5], "texture": "#0"},
				"up": {"uv": [0, 0, 0.5, 0.5], "texture": "#0"},
				"down": {"uv": [0, 0, 0.5, 0.5], "texture": "#0"}
			}
		},
		{
			"from": [7, 6, 7.5],
			"to": [7.5, 6.5, 8],
			"rotation": {"angle": 0, "axis": "y", "origin": [6.5, 5.5, 6]},
			"faces": {
				"north": {"uv": [3.25, 2.75, 3.5, 3], "texture": "#0"},
				"east": {"uv": [0, 0, 0.5, 0.5], "texture": "#0"},
				"south": {"uv": [3.25, 2.75, 3.5, 3], "texture": "#0"},
				"west": {"uv": [0, 0, 0.5, 0.5], "texture": "#0"},
				"up": {"uv": [0, 0, 0.5, 0.5], "texture": "#0"},
				"down": {"uv": [0, 0, 0.5, 0.5], "texture": "#0"}
			}
		},
		{
			"from": [6, 5, 7.5],
			"to": [6.5, 5.5, 8],
			"rotation": {"angle": 0, "axis": "y", "origin": [5.5, 4.5, 6]},
			"faces": {
				"north": {"uv": [3.75, 3.25, 4, 3.5], "texture": "#0"},
				"east": {"uv": [0, 0, 0.5, 0.5], "texture": "#0"},
				"south": {"uv": [3.75, 3.25, 4, 3.5], "texture": "#0"},
				"west": {"uv": [0, 0, 0.5, 0.5], "texture": "#0"},
				"up": {"uv": [0, 0, 0.5, 0.5], "texture": "#0"},
				"down": {"uv": [0, 0, 0.5, 0.5], "texture": "#0"}
			}
		},
		{
			"from": [5, 4, 7.5],
			"to": [5.5, 4.5, 8],
			"rotation": {"angle": 0, "axis": "y", "origin": [4.5, 3.5, 6]},
			"faces": {
				"north": {"uv": [4.25, 3.75, 4.5, 4], "texture": "#0"},
				"east": {"uv": [0, 0, 0.5, 0.5], "texture": "#0"},
				"south": {"uv": [4.25, 3.75, 4.5, 4], "texture": "#0"},
				"west": {"uv": [0, 0, 0.5, 0.5], "texture": "#0"},
				"up": {"uv": [0, 0, 0.5, 0.5], "texture": "#0"},
				"down": {"uv": [0, 0, 0.5, 0.5], "texture": "#0"}
			}
		},
		{
			"from": [6.5, 4.5, 7.5],
			"to": [7, 5, 8],
			"rotation": {"angle": 0, "axis": "y", "origin": [6, 4, 6]},
			"faces": {
				"north": {"uv": [3.5, 3.5, 3.75, 3.75], "texture": "#0"},
				"east": {"uv": [0, 0, 0.5, 0.5], "texture": "#0"},
				"south": {"uv": [0, 0, 0.5, 0.5], "texture": "#0"},
				"west": {"uv": [0, 0, 0.5, 0.5], "texture": "#0"},
				"up": {"uv": [0, 0, 0.5, 0.5], "texture": "#0"},
				"down": {"uv": [3.5, 3.5, 3.75, 3.75], "texture": "#0"}
			}
		},
		{
			"from": [7.5, 5.5, 7.5],
			"to": [8, 6, 8],
			"rotation": {"angle": 0, "axis": "y", "origin": [7, 5, 6]},
			"faces": {
				"north": {"uv": [3, 3, 3.25, 3.25], "texture": "#0"},
				"east": {"uv": [0, 0, 0.5, 0.5], "texture": "#0"},
				"south": {"uv": [3, 3, 3.25, 3.25], "texture": "#0"},
				"west": {"uv": [0, 0, 0.5, 0.5], "texture": "#0"},
				"up": {"uv": [0, 0, 0.5, 0.5], "texture": "#0"},
				"down": {"uv": [0, 0, 0.5, 0.5], "texture": "#0"}
			}
		},
		{
			"from": [5, 2, 7.5],
			"to": [5.5, 2.5, 8],
			"rotation": {"angle": 0, "axis": "y", "origin": [4.5, 1.5, 6]},
			"faces": {
				"north": {"uv": [4.25, 4.75, 4.5, 5], "texture": "#0"},
				"east": {"uv": [0, 0, 0.5, 0.5], "texture": "#0"},
				"south": {"uv": [4.25, 4.75, 4.5, 5], "texture": "#0"},
				"west": {"uv": [0, 0, 0.5, 0.5], "texture": "#0"},
				"up": {"uv": [0, 0, 0.5, 0.5], "texture": "#0"},
				"down": {"uv": [0, 0, 0.5, 0.5], "texture": "#0"}
			}
		},
		{
			"from": [4, 2.5, 7.5],
			"to": [4.5, 3.5, 8],
			"rotation": {"angle": 0, "axis": "y", "origin": [3.5, 2, 6]},
			"faces": {
				"north": {"uv": [4.75, 4.25, 5, 4.75], "texture": "#0"},
				"east": {"uv": [0, 0, 0.5, 1], "texture": "#0"},
				"south": {"uv": [4.75, 4.25, 5, 4.75], "texture": "#0"},
				"west": {"uv": [0, 0, 0.5, 1], "texture": "#0"},
				"up": {"uv": [0, 0, 0.5, 0.5], "texture": "#0"},
				"down": {"uv": [0, 0, 0.5, 0.5], "texture": "#0"}
			}
		},
		{
			"from": [7.5, 7.5, 7.5],
			"to": [8, 8, 8],
			"rotation": {"angle": 0, "axis": "y", "origin": [7, 7, 6]},
			"faces": {
				"north": {"uv": [3, 2, 3.25, 2.25], "texture": "#0"},
				"east": {"uv": [0, 0, 0.5, 0.5], "texture": "#0"},
				"south": {"uv": [3, 2, 3.25, 2.25], "texture": "#0"},
				"west": {"uv": [0, 0, 0.5, 0.5], "texture": "#0"},
				"up": {"uv": [0, 0, 0.5, 0.5], "texture": "#0"},
				"down": {"uv": [0, 0, 0.5, 0.5], "texture": "#0"}
			}
		},
		{
			"from": [11.5, 7.5, 7.5],
			"to": [12, 8, 8],
			"rotation": {"angle": 0, "axis": "y", "origin": [11, 7, 6]},
			"faces": {
				"north": {"uv": [1, 2, 1.25, 2.25], "texture": "#0"},
				"east": {"uv": [0, 0, 0.5, 0.5], "texture": "#0"},
				"south": {"uv": [1, 2, 1.25, 2.25], "texture": "#0"},
				"west": {"uv": [0, 0, 0.5, 0.5], "texture": "#0"},
				"up": {"uv": [0, 0, 0.5, 0.5], "texture": "#0"},
				"down": {"uv": [0, 0, 0.5, 0.5], "texture": "#0"}
			}
		},
		{
			"from": [11.5, 8.5, 7.5],
			"to": [12, 9, 8],
			"rotation": {"angle": 0, "axis": "y", "origin": [11, 8, 6]},
			"faces": {
				"north": {"uv": [1, 1.5, 1.25, 1.75], "texture": "#0"},
				"east": {"uv": [0, 0, 0.5, 0.5], "texture": "#0"},
				"south": {"uv": [1, 1.5, 1.25, 1.75], "texture": "#0"},
				"west": {"uv": [0, 0, 0.5, 0.5], "texture": "#0"},
				"up": {"uv": [0, 0, 0.5, 0.5], "texture": "#0"},
				"down": {"uv": [0, 0, 0.5, 0.5], "texture": "#0"}
			}
		},
		{
			"from": [12, 8, 7.5],
			"to": [12.5, 8.5, 8],
			"rotation": {"angle": 0, "axis": "y", "origin": [11.5, 7.5, 6]},
			"faces": {
				"north": {"uv": [0.75, 1.75, 1, 2], "texture": "#0"},
				"east": {"uv": [0, 0, 0.5, 0.5], "texture": "#0"},
				"south": {"uv": [0.75, 1.75, 1, 2], "texture": "#0"},
				"west": {"uv": [0, 0, 0.5, 0.5], "texture": "#0"},
				"up": {"uv": [0, 0, 0.5, 0.5], "texture": "#0"},
				"down": {"uv": [0, 0, 0.5, 0.5], "texture": "#0"}
			}
		},
		{
			"from": [9.5, 5.5, 7.5],
			"to": [10, 6, 8],
			"rotation": {"angle": 0, "axis": "y", "origin": [9, 5, 6]},
			"faces": {
				"north": {"uv": [2, 3, 2.25, 3.25], "texture": "#0"},
				"east": {"uv": [0, 0, 0.5, 0.5], "texture": "#0"},
				"south": {"uv": [2, 3, 2.25, 3.25], "texture": "#0"},
				"west": {"uv": [0, 0, 0.5, 0.5], "texture": "#0"},
				"up": {"uv": [0, 0, 0.5, 0.5], "texture": "#0"},
				"down": {"uv": [0, 0, 0.5, 0.5], "texture": "#0"}
			}
		},
		{
			"from": [7.5, 6, 7.5],
			"to": [8.5, 7, 8],
			"rotation": {"angle": 0, "axis": "y", "origin": [7.5, 6, 6]},
			"faces": {
				"north": {"uv": [2.75, 2.5, 3.25, 3], "texture": "#0"},
				"east": {"uv": [0, 0, 0.5, 1], "texture": "#0"},
				"south": {"uv": [2.75, 2.5, 3.25, 3], "texture": "#0"},
				"west": {"uv": [0, 0, 0.5, 1], "texture": "#0"},
				"up": {"uv": [0, 0, 1, 0.5], "texture": "#0"},
				"down": {"uv": [0, 0, 1, 0.5], "texture": "#0"}
			}
		},
		{
			"from": [6.5, 5, 7.5],
			"to": [7.5, 6, 8],
			"rotation": {"angle": 0, "axis": "y", "origin": [6.5, 5, 6]},
			"faces": {
				"north": {"uv": [3.25, 3, 3.75, 3.5], "texture": "#0"},
				"east": {"uv": [0, 0, 0.5, 1], "texture": "#0"},
				"south": {"uv": [3.25, 3, 3.75, 3.5], "texture": "#0"},
				"west": {"uv": [0, 0, 0.5, 1], "texture": "#0"},
				"up": {"uv": [0, 0, 1, 0.5], "texture": "#0"},
				"down": {"uv": [0, 0, 1, 0.5], "texture": "#0"}
			}
		},
		{
			"from": [5.5, 1.5, 7.5],
			"to": [6.5, 2.5, 8],
			"rotation": {"angle": 0, "axis": "y", "origin": [5.5, 1.5, 6]},
			"faces": {
				"north": {"uv": [3.75, 4.75, 4.25, 5.25], "texture": "#0"},
				"east": {"uv": [0, 0, 0.5, 1], "texture": "#0"},
				"south": {"uv": [3.75, 4.75, 4.25, 5.25], "texture": "#0"},
				"west": {"uv": [0, 0, 0.5, 1], "texture": "#0"},
				"up": {"uv": [0, 0, 1, 0.5], "texture": "#0"},
				"down": {"uv": [0, 0, 1, 0.5], "texture": "#0"}
			}
		},
		{
			"from": [5.5, 4, 7.5],
			"to": [6.5, 5, 8],
			"rotation": {"angle": 0, "axis": "y", "origin": [5.5, 4, 6]},
			"faces": {
				"north": {"uv": [3.75, 3.5, 4.25, 4], "texture": "#0"},
				"east": {"uv": [0, 0, 0.5, 1], "texture": "#0"},
				"south": {"uv": [3.75, 3.5, 4.25, 4], "texture": "#0"},
				"west": {"uv": [0, 0, 0.5, 1], "texture": "#0"},
				"up": {"uv": [0, 0, 1, 0.5], "texture": "#0"},
				"down": {"uv": [0, 0, 1, 0.5], "texture": "#0"}
			}
		},
		{
			"from": [4.5, 2.5, 7.5],
			"to": [6, 4, 8],
			"rotation": {"angle": 0, "axis": "y", "origin": [4.5, 3, 6]},
			"faces": {
				"north": {"uv": [4, 4, 4.75, 4.75], "texture": "#0"},
				"east": {"uv": [0, 0, 0.5, 1.5], "texture": "#0"},
				"south": {"uv": [4, 4, 4.75, 4.75], "texture": "#0"},
				"west": {"uv": [0, 0, 0.5, 1.5], "texture": "#0"},
				"up": {"uv": [0, 0, 1.5, 0.5], "texture": "#0"},
				"down": {"uv": [0, 0, 1.5, 0.5], "texture": "#0"}
			}
		},
		{
			"from": [9, 6, 7.5],
			"to": [9.5, 6.5, 8],
			"rotation": {"angle": 0, "axis": "y", "origin": [8.5, 5.5, 6]},
			"faces": {
				"north": {"uv": [2.25, 2.75, 2.5, 3], "texture": "#0"},
				"east": {"uv": [0, 0, 0.5, 0.5], "texture": "#0"},
				"south": {"uv": [2.25, 2.75, 2.5, 3], "texture": "#0"},
				"west": {"uv": [0, 0, 0.5, 0.5], "texture": "#0"},
				"up": {"uv": [0, 0, 0.5, 0.5], "texture": "#0"},
				"down": {"uv": [0, 0, 0.5, 0.5], "texture": "#0"}
			}
		},
		{
			"from": [10, 6, 7.5],
			"to": [10.5, 6.5, 8],
			"rotation": {"angle": 0, "axis": "y", "origin": [9.5, 5.5, 6]},
			"faces": {
				"north": {"uv": [1.75, 2.75, 2, 3], "texture": "#0"},
				"east": {"uv": [0, 0, 0.5, 0.5], "texture": "#0"},
				"south": {"uv": [1.75, 2.75, 2, 3], "texture": "#0"},
				"west": {"uv": [0, 0, 0.5, 0.5], "texture": "#0"},
				"up": {"uv": [0, 0, 0.5, 0.5], "texture": "#0"},
				"down": {"uv": [0, 0, 0.5, 0.5], "texture": "#0"}
			}
		},
		{
			"from": [9.5, 10.5, 7.5],
			"to": [10, 11, 8],
			"rotation": {"angle": 0, "axis": "y", "origin": [9, 10, 6]},
			"faces": {
				"north": {"uv": [2, 0.5, 2.25, 0.75], "texture": "#0"},
				"east": {"uv": [0, 0, 0.5, 0.5], "texture": "#0"},
				"south": {"uv": [2, 0.5, 2.25, 0.75], "texture": "#0"},
				"west": {"uv": [0, 0, 0.5, 0.5], "texture": "#0"},
				"up": {"uv": [0, 0, 0.5, 0.5], "texture": "#0"},
				"down": {"uv": [0, 0, 0.5, 0.5], "texture": "#0"}
			}
		},
		{
			"from": [8.5, 9.5, 7.5],
			"to": [11, 10, 8],
			"rotation": {"angle": 0, "axis": "y", "origin": [9, 9, 6]},
			"faces": {
				"north": {"uv": [1.5, 1, 2.75, 1.25], "texture": "#0"},
				"east": {"uv": [0, 0, 0.5, 0.5], "texture": "#0"},
				"south": {"uv": [1.5, 1, 2.75, 1.25], "texture": "#0"},
				"west": {"uv": [0, 0, 0.5, 0.5], "texture": "#0"},
				"up": {"uv": [0, 0, 2.5, 0.5], "texture": "#0"},
				"down": {"uv": [0, 0, 2.5, 0.5], "texture": "#0"}
			}
		},
		{
			"from": [8, 7, 7.5],
			"to": [11.5, 9.5, 8],
			"rotation": {"angle": 0, "axis": "y", "origin": [9, 7, 6]},
			"faces": {
				"north": {"uv": [1.25, 1.25, 3, 2.5], "texture": "#0"},
				"east": {"uv": [0, 0, 0.5, 1.5], "texture": "#0"},
				"south": {"uv": [1.25, 1.25, 3, 2.5], "texture": "#0"},
				"west": {"uv": [0, 0, 0.5, 1.5], "texture": "#0"},
				"up": {"uv": [0, 0, 3, 0.5], "texture": "#0"},
				"down": {"uv": [0, 0, 1, 0.5], "texture": "#0"}
			}
		}
	],
	"display": {
		"thirdperson_righthand": {
			"translation": [-0.25, 3.5, 0],
			"scale": [0.69, 0.69, 0.69]
		},
		"thirdperson_lefthand": {
			"translation": [-0.25, 3.5, 0],
			"scale": [0.69, 0.69, 0.69]
		},
		"firstperson_righthand": {
			"rotation": [0, -180, 180],
			"translation": [-0.5, 0, -0.25]
		},
		"firstperson_lefthand": {
			"rotation": [0, 0, -180],
			"translation": [-0.5, -0.75, -0.25]
		},
		"ground": {
			"translation": [0, 7, 0]
		},
		"gui": {
			"translation": [0, 2.5, 0],
			"scale": [1.43, 1.43, 1.43]
		},
		"fixed": {
			"translation": [0, 2.5, 0],
			"scale": [1.45, 1.45, 1.47]
		}
	},
	"groups": [
		{
			"name": "group",
			"origin": [9, 7, 6],
			"color": 0,
			"children": [0, 1, 2, 3, 4, 5, 6, 7, 8, 9, 10, 11, 12, 13, 14, 15, 16, 17, 18, 19, 20, 21, 22, 23, 24, 25, 26]
		}
	]
}