{
	"credit": "Made with Blockbench",
	"texture_size": [64, 64],
	"textures": {
		"1": "block/a",
		"particle": "block/a"
	},
	"elements": [
		{
			"from": [4, 15, 7],
			"to": [5, 20, 8],
			"rotation": {"angle": 0, "axis": "y", "origin": [3, 5, 6]},
			"faces": {
				"north": {"uv": [3, 0.75, 3.25, 2], "texture": "#1"},
				"east": {"uv": [0, 0, 0.25, 1.25], "texture": "#1"},
				"south": {"uv": [3, 0.75, 3.25, 2], "texture": "#1"},
				"west": {"uv": [0, 0, 0.25, 1.25], "texture": "#1"},
				"up": {"uv": [0, 0, 0.25, 0.25], "texture": "#1"},
				"down": {"uv": [0, 0, 0.25, 0.25], "texture": "#1"}
			}
		},
		{
			"from": [4, 7, 7],
			"to": [5, 10, 8],
			"rotation": {"angle": 0, "axis": "y", "origin": [3, -4, 6]},
			"faces": {
				"north": {"uv": [3, 3.25, 3.25, 4], "texture": "#1"},
				"east": {"uv": [0, 0, 0.25, 0.75], "texture": "#1"},
				"south": {"uv": [3, 3.25, 3.25, 4], "texture": "#1"},
				"west": {"uv": [0, 0, 0.25, 0.75], "texture": "#1"},
				"up": {"uv": [0, 0, 0.25, 0.25], "texture": "#1"},
				"down": {"uv": [0, 0, 0.25, 0.25], "texture": "#1"}
			}
		},
		{
			"from": [0, 11, 7],
			"to": [1, 14, 8],
			"rotation": {"angle": 0, "axis": "y", "origin": [-1, 0, 6]},
			"faces": {
				"north": {"uv": [4, 2.25, 4.25, 3], "texture": "#1"},
				"east": {"uv": [0, 0, 0.25, 0.75], "texture": "#1"},
				"south": {"uv": [4, 2.25, 4.25, 3], "texture": "#1"},
				"west": {"uv": [0, 0, 0.25, 0.75], "texture": "#1"},
				"up": {"uv": [0, 0, 0.25, 0.25], "texture": "#1"},
				"down": {"uv": [0, 0, 0.25, 0.25], "texture": "#1"}
			}
		},
		{
			"from": [11, 7, 7],
			"to": [12, 9, 8],
			"rotation": {"angle": 0, "axis": "y", "origin": [10, -4, 6]},
			"faces": {
				"north": {"uv": [1.25, 3.5, 1.5, 4], "texture": "#1"},
				"east": {"uv": [0, 0, 0.25, 0.5], "texture": "#1"},
				"south": {"uv": [1.25, 3.5, 1.5, 4], "texture": "#1"},
				"west": {"uv": [0, 0, 0.25, 0.5], "texture": "#1"},
				"up": {"uv": [0, 0, 0.25, 0.25], "texture": "#1"},
				"down": {"uv": [0, 0, 0.25, 0.25], "texture": "#1"}
			}
		},
		{
			"from": [1, 14, 7],
			"to": [2, 15, 8],
			"rotation": {"angle": 0, "axis": "y", "origin": [0, 3, 6]},
			"faces": {
				"north": {"uv": [3.75, 2, 4, 2.25], "texture": "#1"},
				"east": {"uv": [0, 0, 0.25, 0.25], "texture": "#1"},
				"south": {"uv": [3.75, 2, 4, 2.25], "texture": "#1"},
				"west": {"uv": [0, 0, 0.25, 0.25], "texture": "#1"},
				"up": {"uv": [0, 0, 0.25, 0.25], "texture": "#1"},
				"down": {"uv": [0, 0, 0.25, 0.25], "texture": "#1"}
			}
		},
		{
			"from": [2, 13, 7],
			"to": [3, 14, 8],
			"rotation": {"angle": 0, "axis": "y", "origin": [1, 2, 6]},
			"faces": {
				"north": {"uv": [3.5, 2.25, 3.75, 2.5], "texture": "#1"},
				"east": {"uv": [0, 0, 0.25, 0.25], "texture": "#1"},
				"south": {"uv": [3.5, 2.25, 3.75, 2.5], "texture": "#1"},
				"west": {"uv": [0, 0, 0.25, 0.25], "texture": "#1"},
				"up": {"uv": [0, 0, 0.25, 0.25], "texture": "#1"},
				"down": {"uv": [0, 0, 0.25, 0.25], "texture": "#1"}
			}
		},
		{
			"from": [2, 9, 7],
			"to": [4, 10, 8],
			"rotation": {"angle": 0, "axis": "y", "origin": [1, -2, 6]},
			"faces": {
				"north": {"uv": [3.25, 3.25, 3.75, 3.5], "texture": "#1"},
				"east": {"uv": [0, 0, 0.25, 0.25], "texture": "#1"},
				"south": {"uv": [3.25, 3.25, 3.75, 3.5], "texture": "#1"},
				"west": {"uv": [0, 0, 0.25, 0.25], "texture": "#1"},
				"up": {"uv": [0, 0, 0.5, 0.25], "texture": "#1"},
				"down": {"uv": [0, 0, 0.5, 0.25], "texture": "#1"}
			}
		},
		{
			"from": [1, 10, 7],
			"to": [2, 11, 8],
			"rotation": {"angle": 0, "axis": "y", "origin": [0, -1, 6]},
			"faces": {
				"north": {"uv": [3.75, 3, 4, 3.25], "texture": "#1"},
				"east": {"uv": [0, 0, 0.25, 0.25], "texture": "#1"},
				"south": {"uv": [3.75, 3, 4, 3.25], "texture": "#1"},
				"west": {"uv": [0, 0, 0.25, 0.25], "texture": "#1"},
				"up": {"uv": [0, 0, 0.25, 0.25], "texture": "#1"},
				"down": {"uv": [0, 0, 0.25, 0.25], "texture": "#1"}
			}
		},
		{
			"from": [7, 21, 7],
			"to": [9, 22, 8],
			"rotation": {"angle": 0, "axis": "y", "origin": [6, 10, 6]},
			"faces": {
				"north": {"uv": [2, 0.25, 2.5, 0.5], "texture": "#1"},
				"east": {"uv": [0, 0, 0.25, 0.25], "texture": "#1"},
				"south": {"uv": [2, 0.25, 2.5, 0.5], "texture": "#1"},
				"west": {"uv": [0, 0, 0.25, 0.25], "texture": "#1"},
				"up": {"uv": [0, 0, 0.5, 0.25], "texture": "#1"},
				"down": {"uv": [0, 0, 0.5, 0.25], "texture": "#1"}
			}
		},
		{
			"from": [6, 5, 7],
			"to": [10, 6, 8],
			"rotation": {"angle": 0, "axis": "y", "origin": [5, -6, 6]},
			"faces": {
				"north": {"uv": [1.75, 4.25, 2.75, 4.5], "texture": "#1"},
				"east": {"uv": [0, 0, 0.25, 0.25], "texture": "#1"},
				"south": {"uv": [1.75, 4.25, 2.75, 4.5], "texture": "#1"},
				"west": {"uv": [0, 0, 0.25, 0.25], "texture": "#1"},
				"up": {"uv": [0, 0, 1, 0.25], "texture": "#1"},
				"down": {"uv": [0, 0, 1, 0.25], "texture": "#1"}
			}
		},
		{
			"from": [11, 16, 7],
			"to": [12, 20, 8],
			"rotation": {"angle": 0, "axis": "y", "origin": [10, 5, 6]},
			"faces": {
				"north": {"uv": [1.25, 0.75, 1.5, 1.75], "texture": "#1"},
				"east": {"uv": [0, 0, 0.25, 1], "texture": "#1"},
				"south": {"uv": [1.25, 0.75, 1.5, 1.75], "texture": "#1"},
				"west": {"uv": [0, 1, 0.25, 2], "texture": "#1"},
				"up": {"uv": [0, 0, 0.25, 0.25], "texture": "#1"},
				"down": {"uv": [0, 0, 0.25, 0.25], "texture": "#1"}
			}
		},
		{
			"from": [5, 6, 7],
			"to": [11, 21, 8],
			"rotation": {"angle": 0, "axis": "y", "origin": [9, 6, 6]},
			"faces": {
				"north": {"uv": [1.5, 0.5, 3, 4.25], "texture": "#1"},
				"east": {"uv": [0, 0.25, 0.25, 4], "texture": "#1"},
				"south": {"uv": [1.5, 0.5, 3, 4.25], "texture": "#1"},
				"west": {"uv": [0, 0.25, 0.25, 4], "texture": "#1"},
				"up": {"uv": [0, 0, 1, 0.25], "texture": "#1"},
				"down": {"uv": [0, 0, 1, 0.25], "texture": "#1"}
			}
		}
	],
	"display": {
		"thirdperson_righthand": {
			"translation": [-1, 0, 0],
			"scale": [0.25, 0.25, 0.25]
		},
		"thirdperson_lefthand": {
			"scale": [0.25, 0.25, 0.25]
		},
		"firstperson_righthand": {
			"rotation": [-15, -180, 0],
			"scale": [0.34, 0.34, 0.34]
		},
		"firstperson_lefthand": {
			"rotation": [-15, 180, 0],
			"scale": [0.34, 0.34, 0.34]
		},
		"ground": {
			"translation": [0, -0.25, 0],
			"scale": [0.44, 0.44, 0.44]
		},
		"gui": {
			"rotation": [-180, 0, -180],
			"translation": [-1.5, -4.25, 0],
			"scale": [0.92164, 0.77883, 0.6]
		},
		"head": {
			"scale": [0.3, 0.41, 1]
		},
		"fixed": {
			"translation": [1.25, -4.25, -0.5],
			"scale": [1.21383, 0.91, 0.62]
		}
	},
	"groups": [
		{
			"name": "group",
			"origin": [9, 6, 6],
			"color": 0,
			"children": [0, 1, 2, 3, 4, 5, 6, 7, 8, 9, 10, 11]
		}
	]
}