{
	"credit": "Made with Blockbench",
	"textures": {
		"1": "kolonie:block/paper_1",
		"particle": "kolonie:block/envelope"
	},
	"elements": [
		{
			"from": [5.5, 0, 6],
			"to": [11.5, 0, 15],
			"rotation": {"angle": 0, "axis": "y", "origin": [0, 0, 16]},
			"faces": {
				"north": {"uv": [6, 0, 0, 0], "texture": "#1"},
				"east": {"uv": [9, 0, 0, 0], "texture": "#1"},
				"south": {"uv": [6, 0, 0, 0], "texture": "#1"},
				"west": {"uv": [9, 0, 0, 0], "texture": "#1"},
				"up": {"uv": [4, 5, 8, 0], "texture": "#1"},
				"down": {"uv": [12, 10, 16, 5], "texture": "#1"}
			}
		},
		{
			"from": [4.75, 0, 6],
			"to": [10.75, 0.1, 10],
			"rotation": {"angle": 22.5, "axis": "y", "origin": [0, 0, 16]},
			"faces": {
				"north": {"uv": [4, 5.25, 0, 5.35], "texture": "#particle"},
				"east": {"uv": [4, 2.25, 0, 2.35], "texture": "#particle"},
				"south": {"uv": [4, 5.25, 0, 5.35], "texture": "#particle"},
				"west": {"uv": [4, 2.5, 0, 2.6], "texture": "#particle"},
				"up": {"uv": [4, 8.5, 8, 5.75], "texture": "#particle"},
				"down": {"uv": [12, 5.5, 16, 2.75], "texture": "#particle"}
			}
		},
		{
			"from": [8, 0, 1.25],
			"to": [14, 0.1, 5.25],
			"rotation": {"angle": 0, "axis": "y", "origin": [-1, 0, 16.25]},
			"faces": {
				"north": {"uv": [4, 5.25, 0, 5.35], "texture": "#particle"},
				"east": {"uv": [4, 2.25, 0, 2.35], "texture": "#particle"},
				"south": {"uv": [4, 5.25, 0, 5.35], "texture": "#particle"},
				"west": {"uv": [4, 2.5, 0, 2.6], "texture": "#particle"},
				"up": {"uv": [0, 8.25, 4, 5.5], "texture": "#particle"},
				"down": {"uv": [12, 5.5, 16, 2.75], "texture": "#particle"}
			}
		},
		{
			"from": [7.5, 0.1, 1.5],
			"to": [13.5, 0.2, 5.5],
			"rotation": {"angle": 0, "axis": "y", "origin": [-1, 0, 16.25]},
			"faces": {
				"north": {"uv": [4, 5.25, 0, 5.35], "texture": "#particle"},
				"east": {"uv": [4, 2.25, 0, 2.35], "texture": "#particle"},
				"south": {"uv": [4, 5.25, 0, 5.35], "texture": "#particle"},
				"west": {"uv": [4, 2.5, 0, 2.6], "texture": "#particle"},
				"up": {"uv": [0, 8.25, 4, 5.5], "texture": "#particle"},
				"down": {"uv": [12, 5.5, 16, 2.75], "texture": "#particle"}
			}
		},
		{
			"from": [2.75, 0.2, -2.75],
			"to": [8.75, 0.3, 1.25],
			"rotation": {"angle": -22.5, "axis": "y", "origin": [-1, 0, 16.25]},
			"faces": {
				"north": {"uv": [4, 5.25, 0, 5.35], "texture": "#particle"},
				"east": {"uv": [4, 2.25, 0, 2.35], "texture": "#particle"},
				"south": {"uv": [4, 5.25, 0, 5.35], "texture": "#particle"},
				"west": {"uv": [4, 2.5, 0, 2.6], "texture": "#particle"},
				"up": {"uv": [0, 8.25, 4, 5.5], "texture": "#particle"},
				"down": {"uv": [12, 5.5, 16, 2.75], "texture": "#particle"}
			}
		},
		{
			"from": [4.75, 0, 2],
			"to": [10.75, 0, 6],
			"rotation": {"angle": 22.5, "axis": "y", "origin": [0, 0, 16]},
			"faces": {
				"north": {"uv": [6, 0, 0, 0], "texture": "#particle"},
				"east": {"uv": [4, 0, 0, 0], "texture": "#particle"},
				"south": {"uv": [6, 0, 0, 0], "texture": "#particle"},
				"west": {"uv": [4, 0, 0, 0], "texture": "#particle"},
				"up": {"uv": [8, 11.25, 12, 8.5], "texture": "#particle"},
				"down": {"uv": [12, 2.75, 16, 0], "texture": "#particle"}
			}
		}
	],
	"display": {
		"thirdperson_righthand": {
			"translation": [0, 5.75, 0],
			"scale": [0.7, 0.7, 0.7]
		},
		"thirdperson_lefthand": {
			"translation": [0, 5.75, 0],
			"scale": [0.7, 0.7, 0.7]
		},
		"firstperson_righthand": {
			"translation": [0, 8, 0]
		},
		"firstperson_lefthand": {
			"translation": [0, 8, 0]
		},
		"ground": {
			"translation": [0, 5.25, 0]
		},
		"gui": {
			"rotation": [23, 0, 0],
			"translation": [0, 5.75, 0]
		},
		"head": {
			"translation": [0, 14.75, 0]
		},
		"fixed": {
			"rotation": [-90, 0, 0],
			"translation": [0, 0, -16.25],
			"scale": [2, 2, 2]
		}
	},
	"groups": [
		0,
		{
			"name": "group",
			"origin": [0, 0, 0],
			"color": 0,
			"children": [1, 2, 3, 4, 5]
		}
	]
}