{
	"credit": "Made with Blockbench",
	"texture_size": [8, 8],
	"textures": {
		"0": "kolonie:block/paper_1",
		"particle": "kolonie:block/paper_1"
	},
	"elements": [
		{
			"from": [4.5, 0, 2],
			"to": [11.5, 0, 12],
			"rotation": {"angle": 0, "axis": "y", "origin": [16, 0, 15]},
			"faces": {
				"north": {"uv": [0, 0, 7, 0], "texture": "#0"},
				"east": {"uv": [0, 0, 10, 0], "texture": "#0"},
				"south": {"uv": [0, 0, 7, 0], "texture": "#0"},
				"west": {"uv": [0, 0, 10, 0], "texture": "#0"},
				"up": {"uv": [4, 0, 8, 5], "rotation": 180, "texture": "#0"},
				"down": {"uv": [12, 0, 16, 5], "rotation": 180, "texture": "#0"}
			}
		},
		{
			"from": [5, 0.1, 3],
			"to": [12, 0.1, 13],
			"rotation": {"angle": 0, "axis": "y", "origin": [16, 0, 15]},
			"faces": {
				"north": {"uv": [0, 0, 7, 0], "texture": "#0"},
				"east": {"uv": [0, 0, 10, 0], "texture": "#0"},
				"south": {"uv": [0, 0, 7, 0], "texture": "#0"},
				"west": {"uv": [0, 0, 10, 0], "texture": "#0"},
				"up": {"uv": [4, 10, 8, 15], "rotation": 180, "texture": "#0"},
				"down": {"uv": [12, 10, 16, 15], "rotation": 180, "texture": "#0"}
			}
		},
		{
			"from": [7, 0.2, 1],
			"to": [14, 0.2, 11],
			"rotation": {"angle": 22.5, "axis": "y", "origin": [16, 0, 15]},
			"faces": {
				"north": {"uv": [0, 0, 7, 0], "texture": "#0"},
				"east": {"uv": [0, 0, 10, 0], "texture": "#0"},
				"south": {"uv": [0, 0, 7, 0], "texture": "#0"},
				"west": {"uv": [0, 0, 10, 0], "texture": "#0"},
				"up": {"uv": [0, 0, 4, 5], "rotation": 180, "texture": "#0"},
				"down": {"uv": [12, 0, 16, 5], "rotation": 180, "texture": "#0"}
			}
		}
	],
	"display": {
		"thirdperson_righthand": {
			"translation": [0, 8, 0]
		},
		"thirdperson_lefthand": {
			"translation": [0, 8, 0]
		},
		"firstperson_righthand": {
			"translation": [0, 8, 0]
		},
		"firstperson_lefthand": {
			"translation": [0, 8, 0]
		},
		"ground": {
			"translation": [0, 5.25, 0]
		},
		"gui": {
			"rotation": [37, 0, 0],
			"translation": [0.75, 4.25, 0]
		},
		"head": {
			"translation": [0, 14.5, 0]
		},
		"fixed": {
			"rotation": [-90, 0, 0],
			"translation": [0, 0.5, -18],
			"scale": [2.2, 2.2, 2.2]
		}
	}
}