{
	"credit": "Made with Blockbench",
	"texture_size": [32, 32],
	"textures": {
		"0": "kolonie:block/map",
		"particle": "kolonie:block/map"
	},
	"elements": [
		{
			"from": [1, 0, 3],
			"to": [15, 0, 13],
			"faces": {
				"north": {"uv": [0, 0, 5, 0], "texture": "#0"},
				"east": {"uv": [0, 0, 7, 0], "texture": "#0"},
				"south": {"uv": [0, 0, 5, 0], "texture": "#0"},
				"west": {"uv": [0, 0, 7, 0], "texture": "#0"},
				"up": {"uv": [15.5, 10.25, 0.5, 0.25], "texture": "#0"},
				"down": {"uv": [15.5, 9, 0.5, 16], "texture": "#0"}
			}
		},
		{
			"from": [0, 0.35, 3],
			"to": [1, 0.35, 13],
			"rotation": {"angle": -22.5, "axis": "z", "origin": [0, 0, 0]},
			"faces": {
				"north": {"uv": [0, 0, 0.5, 0], "texture": "#0"},
				"east": {"uv": [0, 0, 5, 0], "texture": "#0"},
				"south": {"uv": [0, 0, 0.5, 0], "texture": "#0"},
				"west": {"uv": [0, 0, 5, 0], "texture": "#0"},
				"up": {"uv": [15, 1.5, 15.5, 10.5], "texture": "#0"},
				"down": {"uv": [6.25, 3, 6.75, 8], "texture": "#0"}
			}
		},
		{
			"from": [13.75, -5.75, 3],
			"to": [14.75, -5.75, 13],
			"rotation": {"angle": 22.5, "axis": "z", "origin": [0, 0, 0]},
			"faces": {
				"north": {"uv": [0, 0, 0.5, 0], "texture": "#0"},
				"east": {"uv": [0, 0, 5, 0], "texture": "#0"},
				"south": {"uv": [0, 0, 0.5, 0], "texture": "#0"},
				"west": {"uv": [0, 0, 5, 0], "texture": "#0"},
				"up": {"uv": [0.75, 2.75, 1.25, 11.75], "texture": "#0"},
				"down": {"uv": [7.25, 9.5, 7.75, 14.5], "texture": "#0"}
			}
		}
	],
	"display": {
		"thirdperson_righthand": {
			"rotation": [0, 90, 118],
			"translation": [-5.5, 0.75, 9.75]
		},
		"thirdperson_lefthand": {
			"rotation": [0, 90, 110],
			"translation": [-6, 1.5, 10]
		},
		"firstperson_righthand": {
			"rotation": [0, 89, 0],
			"translation": [0, 9.25, 0]
		},
		"firstperson_lefthand": {
			"rotation": [0, 90, 0],
			"translation": [0, 9.75, 0]
		},
		"ground": {
			"translation": [0, 6.75, 0]
		},
		"gui": {
			"rotation": [31, 173, 0],
			"translation": [0, 4.5, 0],
			"scale": [0.88, 0.89, 0.88]
		},
		"head": {
			"translation": [0, 14.5, 0]
		},
		"fixed": {
			"rotation": [0, -90, 90],
			"translation": [0, 0.5, -24.5],
			"scale": [3, 3, 3]
		}
	}
}