{
	"credit": "Made with Blockbench",
	"textures": {
		"0": "kolonie:block/paper_1",
		"particle": "kolonie:block/paper_1"
	},
	"elements": [
		{
			"from": [4, 0, 2],
			"to": [12, 0, 12],
			"faces": {
				"north": {"uv": [0, 0, 8, 0], "texture": "#0"},
				"east": {"uv": [0, 0, 10, 0], "texture": "#0"},
				"south": {"uv": [0, 0, 8, 0], "texture": "#0"},
				"west": {"uv": [0, 0, 10, 0], "texture": "#0"},
				"up": {"uv": [0, 10, 4, 15], "texture": "#0"},
				"down": {"uv": [12, 10, 16, 15], "texture": "#0"}
			}
		}
	],
	"display": {
		"thirdperson_righthand": {
			"translation": [0, 8, 0]
		},
		"thirdperson_lefthand": {
			"translation": [0, 8, 0]
		},
		"firstperson_righthand": {
			"translation": [0, 8, 0]
		},
		"firstperson_lefthand": {
			"translation": [0, 8, 0]
		},
		"ground": {
			"translation": [0, 4.75, 0]
		},
		"gui": {
			"rotation": [45, 0, 0],
			"translation": [0, 4.25, 0]
		},
		"head": {
			"translation": [0, 15.25, 0]
		},
		"fixed": {
			"rotation": [-90, 0, 0],
			"translation": [0, 0, -15.25],
			"scale": [1.9, 1.9, 1.9]
		}
	}
}