{
	"credit": "Made with Blockbench",
	"textures": {
		"1": "kolonie:block/paper_1",
		"2": "kolonie:block/ink",
		"particle": "kolonie:block/paper_1"
	},
	"elements": [
		{
			"from": [4, 0, 1],
			"to": [12, 0, 13],
			"faces": {
				"north": {"uv": [0, 0, 5, 0], "texture": "#1"},
				"east": {"uv": [0, 0, 7, 0], "texture": "#1"},
				"south": {"uv": [0, 0, 5, 0], "texture": "#1"},
				"west": {"uv": [0, 0, 7, 0], "texture": "#1"},
				"up": {"uv": [12, 5, 8, 0], "texture": "#1"},
				"down": {"uv": [16, 0, 12, 5], "texture": "#1"}
			}
		},
		{
			"from": [1, -0.1, 12.05],
			"to": [3.5, 1.9, 14.55],
			"faces": {
				"north": {"uv": [0, 12, 2, 14], "texture": "#2"},
				"east": {"uv": [0, 12.25, 2, 14.25], "texture": "#2"},
				"south": {"uv": [0, 14, 2, 16], "texture": "#2"},
				"west": {"uv": [0, 12, 2, 14], "texture": "#2"},
				"up": {"uv": [2, 14, 0, 12], "texture": "#2"},
				"down": {"uv": [2, 12.25, 0, 14.25], "texture": "#2"}
			}
		},
		{
			"from": [1.25, 1.4, 12.35],
			"to": [3.25, 2.15, 14.35],
			"faces": {
				"north": {"uv": [0, 12.5, 2, 13.5], "texture": "#2"},
				"east": {"uv": [0, 12, 2, 13], "texture": "#2"},
				"south": {"uv": [0, 12.25, 2, 13.25], "texture": "#2"},
				"west": {"uv": [0, 12.25, 2, 13.25], "texture": "#2"},
				"up": {"uv": [2, 14.25, 0, 12.25], "texture": "#2"},
				"down": {"uv": [2, 12.5, 0, 14.5], "texture": "#2"}
			}
		},
		{
			"from": [1.25, 0.15, 14],
			"to": [3.25, 1.65, 14.75],
			"faces": {
				"north": {"uv": [0.75, 12.25, 2.75, 14.25], "texture": "#2"},
				"east": {"uv": [3, 14, 3.5, 15.25], "texture": "#2"},
				"south": {"uv": [2.625, 14.3125, 3.375, 15.0625], "texture": "#2"},
				"west": {"uv": [2.5, 14, 3.25, 15.25], "texture": "#2"},
				"up": {"uv": [3.25, 13.5, 1.25, 12.5], "texture": "#2"},
				"down": {"uv": [3.5, 14.75, 2.5, 15], "texture": "#2"}
			}
		},
		{
			"from": [1.25, 0.15, 11.95],
			"to": [3.25, 1.65, 12.7],
			"rotation": {"angle": 0, "axis": "y", "origin": [0, 0, 16]},
			"faces": {
				"north": {"uv": [3.375, 14.3125, 2.625, 15.0625], "texture": "#2"},
				"east": {"uv": [3.5, 14, 3, 15.25], "texture": "#2"},
				"south": {"uv": [2.75, 12.25, 0.75, 14.25], "texture": "#2"},
				"west": {"uv": [3.25, 14, 2.5, 15.25], "texture": "#2"},
				"up": {"uv": [3.25, 12.5, 1.25, 13.5], "texture": "#2"},
				"down": {"uv": [3.5, 15, 2.5, 14.75], "texture": "#2"}
			}
		},
		{
			"from": [2.85, 0.15, 12.25],
			"to": [3.6, 1.65, 14.35],
			"faces": {
				"north": {"uv": [2.5, 14, 3.5, 15.25], "texture": "#2"},
				"east": {"uv": [2.75, 14, 3.5, 15.25], "texture": "#2"},
				"south": {"uv": [2, 14, 2.75, 15.25], "texture": "#2"},
				"west": {"uv": [1.5, 13, 2.5, 13.5], "texture": "#2"},
				"up": {"uv": [2, 14.25, 1, 12.25], "texture": "#2"},
				"down": {"uv": [3.5, 14.75, 2.5, 15.25], "texture": "#2"}
			}
		},
		{
			"from": [0.9, 0.15, 12.25],
			"to": [1.15, 1.65, 14.35],
			"rotation": {"angle": 0, "axis": "y", "origin": [16, 0, 0]},
			"faces": {
				"north": {"uv": [3.5, 14, 2.5, 15.25], "texture": "#2"},
				"east": {"uv": [2.5, 13, 1.5, 13.5], "texture": "#2"},
				"south": {"uv": [3.25, 14, 2.5, 15.25], "texture": "#2"},
				"west": {"uv": [3.5, 14, 2.75, 15.25], "texture": "#2"},
				"up": {"uv": [1, 14.25, 2, 12.25], "texture": "#2"},
				"down": {"uv": [2.5, 14.75, 3.5, 15.25], "texture": "#2"}
			}
		},
		{
			"from": [1.65, 1.55, 12.85],
			"to": [2.85, 2.5, 13.85],
			"faces": {
				"north": {"uv": [0.75, 13, 1.75, 14], "texture": "#2"},
				"east": {"uv": [1, 13.25, 2, 14.25], "texture": "#2"},
				"south": {"uv": [1.5, 12, 2.5, 13], "texture": "#2"},
				"west": {"uv": [1.5, 12.75, 2.5, 13.75], "texture": "#2"},
				"up": {"uv": [2.5, 13, 1.5, 12], "texture": "#2"},
				"down": {"uv": [1, 12.5, 0, 13.5], "texture": "#2"}
			}
		},
		{
			"from": [-1.55, 2.4, 13.5],
			"to": [5.05, 14.5, 13.5],
			"faces": {
				"north": {"uv": [9, 0, 13.75, 7.5], "texture": "#2"},
				"east": {"uv": [0, 0, 0, 7.5], "texture": "#2"},
				"south": {"uv": [5, 0, 9.75, 7.5], "texture": "#2"},
				"west": {"uv": [0, 0, 0, 7.5], "texture": "#2"},
				"up": {"uv": [4.75, 0, 0, 0], "texture": "#2"},
				"down": {"uv": [4.75, 0, 0, 0], "texture": "#2"}
			}
		}
	],
	"display": {
		"thirdperson_righthand": {
			"rotation": [90, 0, 0],
			"translation": [0, 2.75, 4.75],
			"scale": [0.5, 0.5, 0.5]
		},
		"thirdperson_lefthand": {
			"rotation": [90, 0, 0],
			"translation": [0, 3, 4.75],
			"scale": [0.5, 0.5, 0.5]
		},
		"firstperson_righthand": {
			"translation": [0, 8, 0]
		},
		"firstperson_lefthand": {
			"translation": [0, 9.25, 0]
		},
		"ground": {
			"translation": [0, 5, 0]
		},
		"gui": {
			"rotation": [74, 0, 0],
			"translation": [-0.5, 2, 0],
			"scale": [0.88, 0.88, 0.88]
		},
		"head": {
			"translation": [0, 14.75, 0]
		},
		"fixed": {
			"rotation": [-90, 0, 0],
			"translation": [0, -0.25, -16.25],
			"scale": [2, 2, 2]
		}
	}
}